cliente_id,zona_id,region,tipo_zona,poblacion_zona,edad,sexo,estado_civil,num_lineas,tipo_plan,tipo_dispositivo,ingreso_estimado,antiguedad_meses,descuento_activo
C000001,Z26,Oeste,urbana_premium,107159,18.0,M,Soltero/a,2,Prepago,Gama alta,4335.0,72.0,0
C000002,Z15,Oeste,suburbana,62939,54.0,M,Casado/a,2,Premium,Gama media,4609.0,35.0,1
C000003,Z27,Norte,suburbana,42704,54.0,M,Casado/a,3,Prepago,Gama baja,1836.0,11.0,0
C000004,Z22,Este,suburbana,53534,34.0,M,Soltero/a,1,Prepago,Gama media,2318.0,13.0,0
C000005,Z04,Centro,suburbana,55457,46.0,F,Soltero/a,2,Contrato,Gama media,2184.0,21.0,0
C000006,Z30,Centro,suburbana,33966,37.0,M,Casado/a,3,Prepago,Gama media,2411.0,86.0,0
C000007,Z26,Oeste,urbana_premium,107159,39.0,M,Soltero/a,3,Prepago,Gama media,2369.0,15.0,0
C000008,Z26,Oeste,urbana_premium,107159,22.0,F,Soltero/a,2,Premium,Gama alta,8088.0,64.0,0
C000009,Z05,Este,urbana_premium,94471,43.0,F,Casado/a,5,Premium,Gama media,5191.0,25.0,0
C000010,Z15,Oeste,suburbana,62939,20.0,M,Soltero/a,1,Contrato,Gama baja,2272.0,13.0,1
C000011,Z13,Este,suburbana,37333,18.0,M,Soltero/a,1,Prepago,Gama alta,2997.0,23.0,0
C000012,Z29,Oeste,urbana_premium,67334,35.0,F,Casado/a,4,Prepago,Gama media,3287.0,5.0,0
C000013,Z20,Oeste,suburbana,46953,37.0,NA,Soltero/a,1,Prepago,Gama media,3148.0,38.0,0
C000014,Z26,Oeste,urbana_premium,107159,39.0,F,Casado/a,5,Premium,Gama alta,2926.0,35.0,0
C000015,Z15,Oeste,suburbana,62939,32.0,M,Soltero/a,2,Contrato,Gama baja,1749.0,32.0,0
C000016,Z09,Norte,urbana_premium,102625,59.0,F,Soltero/a,3,Prepago,Gama media,3133.0,63.0,0
C000017,Z17,Sur,suburbana,56619,42.0,M,Soltero/a,2,Contrato,Gama alta,4834.0,21.0,0
C000018,Z04,Centro,suburbana,55457,43.0,M,Soltero/a,2,Contrato,Gama media,1773.0,23.0,1
C000019,Z26,Oeste,urbana_premium,107159,38.0,F,Divorciado/a,3,Premium,Gama media,5619.0,41.0,1
C000020,Z20,Oeste,suburbana,46953,52.0,F,Soltero/a,2,Contrato,Gama media,3626.0,10.0,0
C000021,Z26,Oeste,urbana_premium,107159,43.0,M,Casado/a,2,Prepago,Gama media,3328.0,5.0,0
C000022,Z11,Oeste,suburbana,41163,45.0,M,Casado/a,1,Contrato,Gama media,3876.0,9.0,0
C000023,Z29,Oeste,urbana_premium,67334,45.0,F,Divorciado/a,3,Premium,Gama alta,4118.0,14.0,1
C000024,Z28,Sur,urbana_premium,64486,18.0,M,Soltero/a,3,Premium,Gama media,1811.0,49.0,0
C000025,Z26,Oeste,urbana_premium,107159,18.0,M,Soltero/a,3,Premium,Gama media,3322.0,21.0,1
C000026,Z06,Sur,rural,19752,44.0,M,Casado/a,2,Prepago,Gama media,2036.0,28.0,0
C000027,Z16,Este,urbana_premium,72683,34.0,M,Soltero/a,3,Premium,Gama alta,6347.0,32.0,1
C000028,Z02,Oeste,suburbana,46400,47.0,F,Casado/a,4,Premium,Gama media,2591.0,66.0,0
C000029,Z05,Este,urbana_premium,94471,36.0,M,Divorciado/a,3,Prepago,Gama media,3555.0,26.0,0
C000030,Z22,Este,suburbana,53534,47.0,F,Casado/a,4,Contrato,Gama baja,1985.0,9.0,0
C000031,Z25,Oeste,rural,11763,30.0,F,Soltero/a,1,Contrato,Gama media,2271.0,28.0,0
C000032,Z29,Oeste,urbana_premium,67334,36.0,M,Casado/a,5,Premium,Gama baja,2525.0,-87.0,0
C000033,Z10,Este,suburbana,27514,24.0,F,Casado/a,1,Prepago,Gama alta,4360.0,,0
C000034,Z13,Este,suburbana,37333,45.0,M,Casado/a,2,Prepago,Gama media,2573.0,65.0,0
C000035,Z16,Este,urbana_premium,72683,18.0,F,Soltero/a,2,Premium,Gama media,2523.0,34.0,0
C000036,Z06,Sur,rural,19752,49.0,F,Casado/a,4,Contrato,Gama media,3565.0,66.0,1
C000037,Z05,Este,urbana_premium,94471,18.0,F,Soltero/a,2,Premium,Gama media,2423.0,27.0,1
C000038,Z16,Este,urbana_premium,72683,31.0,M,Casado/a,3,Premium,Gama media,4185.0,25.0,0
C000039,Z09,Norte,urbana_premium,102625,47.0,F,Casado/a,2,Premium,Gama media,2274.0,9.0,1
C000040,Z21,Centro,rural,19103,48.0,F,Casado/a,2,Premium,Gama media,2572.0,,0
C000041,Z15,Oeste,suburbana,62939,20.0,M,Soltero/a,2,Premium,Gama media,4331.0,21.0,1
C000042,Z26,Oeste,urbana_premium,107159,28.0,M,Soltero/a,3,Premium,Gama media,3051.0,18.0,1
C000043,Z22,Este,suburbana,53534,22.0,M,Soltero/a,1,Premium,Gama media,1973.0,39.0,0
C000044,Z10,Este,suburbana,27514,20.0,M,Soltero/a,1,Premium,Gama media,1994.0,9.0,0
C000045,Z26,Oeste,urbana_premium,107159,37.0,M,Soltero/a,3,Premium,Gama media,3754.0,49.0,0
C000046,Z26,Oeste,urbana_premium,107159,43.0,F,desconocido,3,Contrato,Gama alta,7516.0,17.0,1
C000047,Z13,Este,suburbana,37333,45.0,F,Divorciado/a,2,Premium,Gama media,4332.0,62.0,0
C000048,Z09,Norte,urbana_premium,102625,43.0,M,Casado/a,2,Contrato,Gama alta,,54.0,0
C000049,Z22,Este,suburbana,53534,40.0,F,Soltero/a,2,Contrato,Gama media,2050.0,21.0,0
C000050,Z05,Este,urbana_premium,94471,33.0,F,Soltero/a,3,Premium,Gama alta,5619.0,25.0,0
C000051,Z07,Centro,rural,15473,32.0,F,Soltero/a,1,Prepago,Gama alta,3280.0,27.0,1
C000052,Z01,Centro,rural,16625,,F,Divorciado/a,1,Prepago,Gama alta,2583.0,52.0,0
C000053,Z26,Oeste,urbana_premium,107159,20.0,F,Soltero/a,2,Premium,Gama media,3069.0,56.0,1
C000054,Z21,Centro,rural,19103,35.0,F,Casado/a,1,Prepago,Gama baja,3263.0,89.0,0
C000055,Z22,Este,suburbana,53534,41.0,M,n/a,1,Contrato,Gama media,2351.0,14.0,1
C000056,Z26,Oeste,urbana_premium,107159,35.0,M,Soltero/a,3,Contrato,Gama media,4818.0,16.0,0
C000057,Z15,Oeste,suburbana,62939,77.0,F,Casado/a,1,Contrato,Gama media,2609.0,55.0,0
C000058,Z18,Sur,urbana_premium,56342,20.0,M,Soltero/a,2,Premium,Gama alta,2711.0,23.0,1
C000059,Z05,Este,urbana_premium,94471,34.0,M,Soltero/a,3,Premium,Gama media,3321.0,11.0,1
C000060,Z05,Este,urbana_premium,94471,19.0,M,Soltero/a,2,Premium,Gama alta,7622.0,19.0,0
C000061,Z21,Centro,rural,19103,40.0,M,Soltero/a,2,Prepago,Gama baja,1544.0,29.0,1
C000062,Z16,Este,urbana_premium,72683,32.0,M,Soltero/a,3,Premium,Gama alta,5416.0,88.0,0
C000063,Z18,Sur,urbana_premium,56342,46.0,F,Casado/a,5,Premium,Gama alta,5136.0,84.0,1
C000064,Z26,Oeste,urbana_premium,107159,,M,Soltero/a,2,Premium,Gama media,3588.0,53.0,0
C000065,Z20,Oeste,suburbana,46953,38.0,F,Divorciado/a,2,Premium,Gama media,2457.0,34.0,0
C000066,Z17,Sur,suburbana,56619,35.0,F,Casado/a,1,Prepago,Gama media,1926.0,19.0,0
C000067,Z17,Sur,suburbana,56619,23.0,F,Soltero/a,1,Premium,Gama alta,4680.0,81.0,0
C000068,Z09,Norte,urbana_premium,102625,28.0,M,Soltero/a,2,Prepago,Gama media,2524.0,17.0,0
C000069,Z02,Oeste,suburbana,46400,35.0,M,Soltero/a,2,Prepago,Gama baja,1123.0,56.0,0
C000070,Z15,Oeste,suburbana,62939,41.0,F,Soltero/a,2,Contrato,Gama media,3320.0,34.0,0
C000071,Z08,Sur,rural,17023,,F,Casado/a,3,Prepago,Gama baja,1447.0,16.0,0
C000072,Z14,Norte,rural,13074,42.0,M,Casado/a,1,Prepago,Gama media,2234.0,40.0,0
C000073,Z27,Norte,suburbana,42704,37.0,F,Casado/a,3,Contrato,Gama media,,36.0,1
C000074,Z09,Norte,urbana_premium,102625,18.0,F,Soltero/a,2,Premium,Gama media,3123.0,7.0,1
C000075,Z03,Sur,rural,16530,51.0,?,Soltero/a,2,Prepago,Gama media,2379.0,22.0,0
C000076,Z09,Norte,urbana_premium,102625,28.0,F,Soltero/a,3,Premium,Gama alta,4209.0,35.0,0
C000077,Z09,Norte,urbana_premium,102625,45.0,F,Casado/a,5,Premium,Gama alta,6115.0,33.0,0
C000078,Z21,Centro,rural,19103,61.0,F,Soltero/a,1,Prepago,Gama media,2323.0,15.0,0
C000079,Z99,Sur,suburbana,56619,38.0,M,Casado/a,4,Prepago,Gama media,3095.0,23.0,0
C000080,Z26,Oeste,urbana_premium,107159,24.0,M,Soltero/a,2,Premium,Gama media,3519.0,25.0,0
C000081,Z21,Centro,rural,19103,45.0,M,Casado/a,1,Prepago,Gama media,3208.0,20.0,0
C000082,Z14,Norte,rural,13074,49.0,M,Soltero/a,1,Premium,Gama baja,1563.0,83.0,1
C000083,Z26,Oeste,urbana_premium,107159,32.0,M,Soltero/a,3,Prepago,Gama alta,3284.0,68.0,0
C000084,Z05,Este,urbana_premium,94471,29.0,F,Soltero/a,2,Contrato,Gama media,3826.0,9.0,0
C000085,Z02,Oeste,suburbana,46400,47.0,F,Soltero/a,1,Prepago,Gama media,,26.0,0
C000086,Z04,Centro,suburbana,55457,46.0,M,Soltero/a,2,Prepago,Gama media,4859.0,,0
C000087,Z23,Norte,rural,20553,41.0,F,Soltero/a,2,Prepago,Gama media,2595.0,14.0,0
C000088,Z16,Este,urbana_premium,72683,18.0,M,Soltero/a,3,Contrato,Gama media,2492.0,25.0,0
C000089,Z05,Este,urbana_premium,94471,41.0,M,Soltero/a,3,Premium,Gama media,4416.0,24.0,0
C000090,Z16,Este,urbana_premium,72683,27.0,F,Soltero/a,2,Premium,Gama alta,6054.0,11.0,0
C000091,Z05,Este,urbana_premium,94471,39.0,F,Divorciado/a,3,Contrato,Gama baja,2975.0,27.0,0
C000092,Z22,Este,suburbana,53534,42.0,M,Casado/a,4,Prepago,Gama alta,4801.0,9.0,0
C000093,Z15,Oeste,suburbana,62939,18.0,F,Soltero/a,1,Premium,Gama alta,3261.0,39.0,1
C000094,Z13,Este,suburbana,37333,41.0,F,Divorciado/a,2,Prepago,Gama media,3199.0,28.0,0
C000095,Z09,Norte,urbana_premium,102625,42.0,F,Soltero/a,3,Premium,Gama alta,5822.0,37.0,0
C000096,Z20,Oeste,suburbana,46953,48.0,F,Divorciado/a,1,Premium,Gama media,3201.0,15.0,0
C000097,Z12,Norte,rural,11707,46.0,M,Casado/a,3,Premium,Gama alta,2661.0,18.0,0
C000098,Z04,Centro,suburbana,55457,18.0,M,Soltero/a,1,Premium,Gama media,3079.0,102.0,0
C000099,Z05,Este,urbana_premium,94471,51.0,F,Casado/a,2,Contrato,Gama media,2072.0,23.0,0
C000100,Z29,Oeste,urbana_premium,67334,41.0,F,Soltero/a,3,Contrato,Gama alta,4421.0,39.0,0
C000101,Z28,Sur,urbana_premium,64486,22.0,M,Soltero/a,2,Premium,Gama alta,4181.0,,0
C000102,Z22,Este,suburbana,53534,31.0,M,Soltero/a,2,Premium,Gama media,2610.0,26.0,0
C000103,Z09,Norte,urbana_premium,102625,39.0,M,Soltero/a,2,Premium,Gama media,1568.0,36.0,0
C000104,Z29,Oeste,urbana_premium,67334,44.0,M,Casado/a,3,Premium,Gama alta,4759.0,25.0,0
C000105,Z26,Oeste,urbana_premium,107159,30.0,M,Soltero/a,2,Premium,Gama alta,2832.0,35.0,0
C000106,Z23,Norte,rural,20553,55.0,F,Casado/a,2,Prepago,Gama media,,49.0,0
C000107,Z15,Oeste,suburbana,62939,18.0,M,Soltero/a,2,Prepago,Gama media,1944.0,22.0,0
C000108,Z09,Norte,urbana_premium,102625,23.0,F,Soltero/a,3,Premium,Gama alta,1928.0,77.0,0
C000109,Z04,Centro,suburbana,55457,18.0,M,Soltero/a,1,Premium,Gama alta,3504.0,37.0,0
C000110,Z28,Sur,urbana_premium,64486,25.0,M,Casado/a,3,Premium,Gama alta,8731.0,12.0,0
C000111,Z15,Oeste,suburbana,62939,58.0,F,Casado/a,2,Contrato,Gama media,2433.0,40.0,0
C000112,Z07,Centro,rural,15473,70.0,M,Casado/a,1,Prepago,Gama media,3094.0,54.0,0
C000113,Z10,Este,suburbana,27514,43.0,M,Soltero/a,2,Prepago,Gama media,2885.0,19.0,1
C000114,Z18,Sur,urbana_premium,56342,28.0,F,Soltero/a,3,Prepago,Gama alta,4215.0,32.0,0
C000115,Z05,Este,urbana_premium,94471,33.0,M,Soltero/a,2,Contrato,Gama media,3739.0,8.0,0
C000116,Z27,Norte,suburbana,42704,46.0,M,Soltero/a,2,Contrato,Gama alta,3920.0,30.0,0
C000117,Z26,Oeste,urbana_premium,107159,18.0,F,Soltero/a,2,Prepago,Gama baja,2508.0,18.0,0
C000118,Z23,Norte,rural,20553,38.0,M,Soltero/a,1,Premium,Gama media,2404.0,21.0,0
C000119,Z15,Oeste,suburbana,62939,57.0,F,Casado/a,4,Prepago,Gama media,4435.0,19.0,0
C000120,Z20,Oeste,suburbana,46953,27.0,M,Casado/a,1,Prepago,Gama media,3810.0,31.0,0
C000121,Z18,Sur,urbana_premium,56342,27.0,M,Soltero/a,3,Premium,Gama media,4291.0,94.0,0
C000122,Z20,Oeste,suburbana,46953,40.0,M,Soltero/a,2,Premium,Gama baja,3084.0,56.0,0
C000123,Z04,Centro,suburbana,55457,43.0,F,Casado/a,4,Contrato,Gama media,2627.0,,0
C000124,Z15,Oeste,suburbana,62939,32.0,M,Soltero/a,2,Contrato,Gama media,2635.0,55.0,1
C000125,Z02,Oeste,suburbana,46400,41.0,F,Soltero/a,1,Contrato,Gama media,1731.0,42.0,0
C000126,Z16,Este,urbana_premium,72683,43.0,F,Soltero/a,3,Prepago,Gama media,4565.0,20.0,0
C000127,Z11,Oeste,suburbana,41163,64.0,F,Casado/a,2,Premium,Gama media,4806.0,34.0,1
C000128,Z05,Este,urbana_premium,94471,34.0,M,Divorciado/a,2,Prepago,Gama media,4243.0,11.0,0
C000129,Z04,Centro,suburbana,55457,40.0,F,Casado/a,1,Premium,Gama media,2998.0,33.0,0
C000130,Z18,Sur,urbana_premium,56342,54.0,F,Soltero/a,3,Premium,Gama media,4721.0,40.0,0
C000131,Z05,Este,urbana_premium,94471,29.0,M,Soltero/a,2,Prepago,Gama media,1824.0,23.0,0
C000132,Z29,Oeste,urbana_premium,67334,20.0,F,Soltero/a,2,Prepago,Gama media,3205.0,24.0,1
C000133,Z18,Sur,urbana_premium,56342,39.0,M,Soltero/a,2,Premium,Gama media,3730.0,31.0,0
C000134,Z11,Oeste,suburbana,41163,53.0,F,Soltero/a,1,Premium,Gama baja,1640.0,41.0,0
C000135,Z18,Sur,urbana_premium,56342,40.0,F,Soltero/a,2,Premium,Gama media,4049.0,29.0,0
C000136,Z02,Oeste,suburbana,46400,,M,Soltero/a,2,Prepago,Gama baja,1560.0,60.0,0
C000137,Z29,Oeste,urbana_premium,67334,19.0,M,Soltero/a,3,Premium,Gama alta,4875.0,70.0,0
C000138,Z16,Este,urbana_premium,72683,35.0,F,Casado/a,4,Premium,Gama baja,,32.0,0
C000139,Z26,Oeste,urbana_premium,107159,51.0,F,Casado/a,4,Premium,Gama media,3580.0,20.0,0
C000140,Z04,Centro,suburbana,55457,25.0,F,Soltero/a,1,Premium,Gama media,3891.0,24.0,0
C000141,Z16,Este,urbana_premium,72683,33.0,M,Casado/a,3,Premium,Gama alta,4030.0,23.0,1
C000142,Z16,Este,urbana_premium,72683,31.0,F,Soltero/a,2,Premium,Gama alta,4521.0,30.0,1
C000143,Z29,Oeste,urbana_premium,67334,28.0,F,Soltero/a,2,Premium,Gama baja,4227.0,-48.0,0
C000144,Z18,Sur,urbana_premium,56342,39.0,F,Casado/a,2,Prepago,Gama media,,39.0,0
C000145,Z16,Este,urbana_premium,72683,41.0,M,Casado/a,3,Premium,Gama alta,6627.0,30.0,0
C000146,Z09,Norte,urbana_premium,102625,41.0,F,Casado/a,2,Premium,Gama alta,5920.0,60.0,0
C000147,Z11,Oeste,suburbana,41163,28.0,M,Soltero/a,2,Contrato,Gama media,3464.0,26.0,0
C000148,Z17,Sur,suburbana,56619,20.0,F,Soltero/a,2,Contrato,Gama media,3142.0,37.0,0
C000149,Z15,Oeste,suburbana,62939,43.0,M,Divorciado/a,1,Premium,Gama alta,3876.0,15.0,1
C000150,Z02,Oeste,suburbana,46400,34.0,F,Soltero/a,1,Premium,Gama media,4633.0,53.0,0
C000151,Z26,Oeste,urbana_premium,107159,58.0,M,Divorciado/a,3,Premium,Gama alta,7453.0,7.0,0
C000152,Z28,Sur,urbana_premium,64486,59.0,M,Soltero/a,2,Premium,Gama alta,3167.0,30.0,0
C000153,Z05,Este,urbana_premium,94471,60.0,M,Soltero/a,2,Premium,Gama alta,5519.0,38.0,0
C000154,Z17,Sur,suburbana,56619,29.0,F,Casado/a,2,Prepago,Gama alta,2891.0,31.0,0
C000155,Z05,Este,urbana_premium,94471,43.0,F,Casado/a,5,Premium,Gama media,2179.0,87.0,1
C000156,Z22,Este,suburbana,53534,50.0,F,Soltero/a,2,Premium,Gama alta,3997.0,26.0,0
C000157,Z09,Norte,urbana_premium,102625,45.0,F,Soltero/a,3,Premium,Gama alta,6397.0,-37.0,1
C000158,Z21,Centro,rural,19103,41.0,M,Casado/a,1,Prepago,Gama alta,3264.0,41.0,0
C000159,Z23,Norte,rural,20553,60.0,M,Casado/a,3,Prepago,Gama baja,2188.0,43.0,1
C000160,Z26,Oeste,urbana_premium,107159,36.0,M,Casado/a,5,Premium,Gama media,4384.0,31.0,1
C000161,Z05,Este,urbana_premium,94471,38.0,M,Casado/a,4,Premium,Gama media,4888.0,17.0,1
C000162,Z28,Sur,urbana_premium,64486,18.0,F,Soltero/a,2,Premium,Gama media,4678.0,,0
C000163,Z09,Norte,urbana_premium,102625,44.0,M,Soltero/a,3,Premium,Gama media,5887.0,25.0,0
C000164,Z02,Oeste,suburbana,46400,37.0,F,Soltero/a,1,Premium,Gama media,4147.0,48.0,0
C000165,Z17,Sur,suburbana,56619,46.0,F,Casado/a,3,Premium,Gama media,2434.0,21.0,0
C000166,Z13,Este,suburbana,37333,43.0,F,Casado/a,1,Premium,Gama media,3009.0,40.0,0
C000167,Z26,Oeste,urbana_premium,107159,38.0,M,Casado/a,5,Premium,Gama media,3208.0,77.0,0
C000168,Z26,Oeste,urbana_premium,107159,35.0,F,Casado/a,5,Contrato,Gama media,4050.0,15.0,1
C000169,Z10,Este,suburbana,27514,49.0,F,Casado/a,4,Contrato,Gama media,1550.0,36.0,0
C000170,Z29,Oeste,urbana_premium,67334,34.0,F,Soltero/a,3,Premium,Gama alta,7517.0,30.0,1
C000171,Z09,Norte,urbana_premium,102625,19.0,F,Soltero/a,3,Premium,Gama media,2914.0,45.0,0
C000172,Z16,Este,urbana_premium,72683,43.0,M,Divorciado/a,3,Premium,Gama media,3198.0,24.0,1
C000173,Z09,Norte,urbana_premium,102625,26.0,F,Casado/a,2,Premium,Gama media,3940.0,13.0,1
C000174,Z29,Oeste,urbana_premium,67334,20.0,F,Soltero/a,3,Prepago,Gama media,2363.0,20.0,0
C000175,Z05,Este,urbana_premium,94471,24.0,F,Soltero/a,3,Premium,Gama media,3404.0,46.0,0
C000176,Z02,Oeste,suburbana,46400,,F,Casado/a,1,Contrato,Gama alta,3162.0,23.0,0
C000177,Z15,Oeste,suburbana,62939,39.0,F,Soltero/a,2,Premium,Gama alta,5308.0,10.0,0
C000178,Z30,Centro,suburbana,33966,18.0,M,Soltero/a,2,Prepago,Gama media,3133.0,,0
C000179,Z28,Sur,urbana_premium,64486,31.0,M,Soltero/a,3,Premium,Gama alta,3321.0,20.0,0
C000180,Z25,Oeste,rural,11763,59.0,F,Casado/a,2,Prepago,Gama media,1566.0,20.0,0
C000181,Z28,Sur,urbana_premium,64486,31.0,F,Soltero/a,2,Prepago,Gama alta,8090.0,29.0,1
C000182,Z28,Sur,urbana_premium,64486,34.0,F,Soltero/a,2,Premium,Gama alta,3932.0,74.0,1
C000183,Z17,Sur,suburbana,56619,53.0,M,Casado/a,4,Prepago,Gama media,3068.0,10.0,0
C000184,Z10,Este,suburbana,27514,50.0,F,Casado/a,2,Contrato,Gama media,1845.0,24.0,0
C000185,Z26,Oeste,urbana_premium,107159,48.0,F,Soltero/a,2,Premium,Gama alta,4599.0,54.0,0
C000186,Z21,Centro,rural,19103,18.0,F,Soltero/a,2,Premium,Gama media,1890.0,,0
C000187,Z13,Este,suburbana,37333,61.0,M,Soltero/a,2,Premium,Gama media,4989.0,60.0,0
C000188,Z04,Centro,suburbana,55457,48.0,M,Divorciado/a,1,Contrato,Gama media,3507.0,12.0,0
C000189,Z25,Oeste,rural,11763,75.0,F,Casado/a,3,Premium,Gama media,2425.0,28.0,0
C000190,Z09,Norte,urbana_premium,102625,27.0,F,Soltero/a,3,Premium,Gama media,2409.0,27.0,0
C000191,Z29,Oeste,urbana_premium,67334,18.0,M,Soltero/a,3,Premium,Gama alta,3698.0,18.0,0
C000192,Z09,Norte,urbana_premium,102625,36.0,F,Divorciado/a,2,Premium,Gama media,3552.0,28.0,1
C000193,Z05,Este,urbana_premium,94471,33.0,M,Soltero/a,2,Contrato,Gama alta,3996.0,16.0,0
C000194,Z26,Oeste,urbana_premium,107159,44.0,M,Divorciado/a,2,Premium,Gama media,1921.0,24.0,1
C000195,Z05,Este,urbana_premium,94471,49.0,M,Casado/a,5,Premium,Gama media,2784.0,120.0,0
C000196,Z05,Este,urbana_premium,94471,35.0,M,Soltero/a,3,Premium,Gama media,3218.0,23.0,0
C000197,Z18,Sur,urbana_premium,56342,33.0,F,Soltero/a,3,Prepago,Gama baja,4560.0,38.0,0
C000198,Z28,Sur,urbana_premium,64486,42.0,M,Soltero/a,2,Premium,Gama media,1948.0,19.0,0
C000199,Z06,Sur,rural,19752,42.0,F,Casado/a,1,Premium,Gama media,3765.0,19.0,0
C000200,Z10,Este,suburbana,27514,36.0,M,Casado/a,3,Prepago,Gama media,4604.0,17.0,0
C000201,Z26,Oeste,urbana_premium,107159,48.0,M,Casado/a,4,Premium,Gama alta,2703.0,27.0,0
C000202,Z29,Oeste,urbana_premium,67334,51.0,M,Casado/a,3,Prepago,Gama alta,9083.0,32.0,0
C000203,Z16,Este,urbana_premium,72683,49.0,M,Soltero/a,3,Premium,Gama alta,4161.0,41.0,0
C000204,Z05,Este,urbana_premium,94471,34.0,F,Divorciado/a,2,Premium,Gama media,3684.0,32.0,0
C000205,Z02,Oeste,suburbana,46400,18.0,F,Soltero/a,2,Premium,Gama media,3670.0,9.0,0
C000206,Z09,Norte,urbana_premium,102625,34.0,F,Soltero/a,2,Contrato,Gama media,4431.0,52.0,0
C000207,Z05,Este,urbana_premium,94471,27.0,?,Soltero/a,3,Premium,Gama baja,3988.0,10.0,0
C000208,Z22,Este,suburbana,53534,38.0,F,Casado/a,2,Premium,Gama media,2039.0,50.0,0
C000209,Z05,Este,urbana_premium,94471,,F,Soltero/a,3,Prepago,Gama media,3285.0,29.0,0
C000210,Z16,Este,urbana_premium,72683,36.0,F,Soltero/a,2,Premium,Gama alta,4338.0,44.0,0
C000211,Z22,Este,suburbana,53534,28.0,F,Casado/a,3,Contrato,Gama media,3992.0,63.0,0
C000212,Z18,Sur,urbana_premium,56342,21.0,M,Soltero/a,2,Premium,Gama alta,6335.0,66.0,1
C000213,Z07,Centro,rural,15473,60.0,M,Casado/a,2,Contrato,Gama media,1978.0,28.0,0
C000214,Z26,Oeste,urbana_premium,107159,24.0,F,Soltero/a,2,Prepago,Gama media,3935.0,43.0,0
C000215,Z23,Norte,rural,20553,,F,Soltero/a,2,Contrato,Gama baja,1843.0,25.0,0
C000216,Z24,Centro,rural,12558,56.0,M,Soltero/a,2,Contrato,Gama media,3404.0,25.0,0
C000217,Z05,Este,urbana_premium,94471,47.0,F,Divorciado/a,3,Prepago,Gama media,3432.0,22.0,0
C000218,Z05,Este,urbana_premium,94471,46.0,M,Casado/a,2,Prepago,Gama media,,52.0,0
C000219,Z29,Oeste,urbana_premium,67334,40.0,F,Casado/a,4,Premium,Gama alta,3912.0,48.0,0
C000220,Z13,Este,suburbana,37333,49.0,F,Soltero/a,2,Premium,Gama baja,1660.0,51.0,0
C000221,Z09,Norte,urbana_premium,102625,52.0,M,Casado/a,2,Premium,Gama media,4626.0,25.0,1
C000222,Z16,Este,urbana_premium,72683,41.0,F,Divorciado/a,3,Premium,Gama alta,3434.0,52.0,1
C000223,Z21,Centro,rural,19103,23.0,F,Soltero/a,1,Premium,Gama media,6116.0,53.0,0
C000224,Z29,Oeste,urbana_premium,67334,30.0,F,Soltero/a,2,Premium,Gama media,3083.0,15.0,0
C000225,Z09,Norte,urbana_premium,102625,44.0,F,Casado/a,3,Prepago,Gama alta,3486.0,85.0,0
C000226,Z29,Oeste,urbana_premium,67334,28.0,F,Casado/a,4,Premium,Gama alta,5465.0,28.0,0
C000227,Z02,Oeste,suburbana,46400,59.0,F,Soltero/a,1,Premium,Gama media,3919.0,42.0,0
C000228,Z17,Sur,suburbana,56619,39.0,F,Soltero/a,2,Premium,Gama baja,4284.0,24.0,1
C000229,Z20,Oeste,suburbana,46953,41.0,M,Casado/a,1,Prepago,Gama media,2703.0,,0
C000230,Z04,Centro,suburbana,55457,53.0,M,Casado/a,3,Contrato,Gama baja,1995.0,62.0,0
C000231,Z05,Este,urbana_premium,94471,34.0,M,Casado/a,5,Premium,Gama alta,9739.0,15.0,1
C000232,Z15,Oeste,suburbana,62939,42.0,M,Soltero/a,2,Contrato,Gama media,3571.0,35.0,0
C000233,Z29,Oeste,urbana_premium,67334,47.0,F,Casado/a,5,Premium,Gama alta,4142.0,27.0,0
C000234,Z18,Sur,urbana_premium,56342,18.0,F,Soltero/a,3,Prepago,Gama alta,5075.0,6.0,1
C000235,Z29,Oeste,urbana_premium,67334,33.0,F,Soltero/a,2,Prepago,Gama media,2426.0,-43.0,0
C000236,Z26,Oeste,urbana_premium,107159,46.0,M,Soltero/a,3,Prepago,Gama media,3262.0,,0
C000237,Z16,Este,urbana_premium,72683,37.0,NA,Soltero/a,2,Premium,Gama media,2657.0,35.0,1
C000238,Z26,Oeste,urbana_premium,107159,54.0,F,Divorciado/a,2,Contrato,Gama alta,4058.0,49.0,0
C000239,Z02,Oeste,suburbana,46400,21.0,M,n/a,2,Contrato,Gama media,1840.0,22.0,0
C000240,Z05,Este,urbana_premium,94471,18.0,F,Soltero/a,2,Contrato,Gama media,4846.0,21.0,1
C000241,Z26,Oeste,urbana_premium,107159,45.0,M,Soltero/a,2,Premium,Gama alta,5792.0,61.0,1
C000242,Z26,Oeste,urbana_premium,107159,46.0,F,Soltero/a,2,Premium,Gama media,5718.0,23.0,1
C000243,Z99,Norte,urbana_premium,102625,34.0,M,Soltero/a,3,Premium,Gama alta,4466.0,60.0,0
C000244,Z17,Sur,suburbana,56619,,F,Divorciado/a,1,Prepago,Gama media,3188.0,76.0,0
C000245,Z18,Sur,urbana_premium,56342,45.0,F,Casado/a,5,Prepago,Gama media,3307.0,26.0,0
C000246,Z27,Norte,suburbana,42704,,F,Soltero/a,2,Premium,Gama alta,3488.0,50.0,1
C000247,Z18,Sur,urbana_premium,56342,28.0,M,Soltero/a,2,Premium,Gama media,,67.0,0
C000248,Z15,Oeste,suburbana,62939,42.0,M,Casado/a,2,Contrato,Gama media,1549.0,8.0,0
C000249,Z13,Este,suburbana,37333,51.0,F,Casado/a,2,Premium,Gama media,2402.0,28.0,0
C000250,Z15,Oeste,suburbana,62939,26.0,M,Soltero/a,2,Contrato,Gama alta,3934.0,38.0,0
C000251,Z20,Oeste,suburbana,46953,38.0,M,Soltero/a,1,Prepago,Gama media,2010.0,36.0,0
C000252,Z27,Norte,suburbana,42704,37.0,F,Casado/a,3,Premium,Gama baja,1996.0,41.0,0
C000253,Z15,Oeste,suburbana,62939,45.0,F,Casado/a,3,Prepago,Gama alta,2780.0,26.0,0
C000254,Z09,Norte,urbana_premium,102625,36.0,F,Casado/a,5,Contrato,Gama media,1792.0,26.0,0
C000255,Z09,Norte,urbana_premium,102625,29.0,M,Soltero/a,2,Contrato,Gama alta,4941.0,49.0,1
C000256,Z25,Oeste,rural,11763,60.0,M,Casado/a,3,Contrato,Gama media,2906.0,42.0,1
C000257,Z26,Oeste,urbana_premium,107159,30.0,F,Soltero/a,2,Premium,Gama alta,5332.0,6.0,0
C000258,Z04,Centro,suburbana,55457,36.0,M,Soltero/a,2,Contrato,Gama media,3221.0,46.0,1
C000259,Z04,Centro,suburbana,55457,21.0,M,Soltero/a,1,Contrato,Gama alta,2212.0,26.0,0
C000260,Z18,Sur,urbana_premium,56342,27.0,M,Soltero/a,2,Prepago,Gama media,2489.0,35.0,0
C000261,Z05,Este,urbana_premium,94471,42.0,F,Soltero/a,2,Premium,Gama media,4642.0,12.0,0
C000262,Z26,Oeste,urbana_premium,107159,40.0,?,Divorciado/a,3,Premium,Gama media,4917.0,50.0,1
C000263,Z10,Este,suburbana,27514,47.0,F,n/a,1,Contrato,Gama media,2017.0,104.0,0
C000264,Z05,Este,urbana_premium,94471,43.0,M,Soltero/a,2,Premium,Gama media,2471.0,14.0,1
C000265,Z29,Oeste,urbana_premium,67334,61.0,M,Soltero/a,3,Premium,Gama media,3802.0,59.0,0
C000266,Z05,Este,urbana_premium,94471,27.0,F,Soltero/a,3,Premium,Gama media,4015.0,55.0,0
C000267,Z09,Norte,urbana_premium,102625,18.0,F,Soltero/a,3,Contrato,Gama media,5309.0,13.0,0
C000268,Z05,Este,urbana_premium,94471,23.0,F,Soltero/a,3,Premium,Gama media,4826.0,28.0,0
C000269,Z05,Este,urbana_premium,94471,28.0,F,Soltero/a,3,Premium,Gama alta,3722.0,30.0,0
C000270,Z02,Oeste,suburbana,46400,28.0,M,Soltero/a,2,Prepago,Gama media,4283.0,26.0,0
C000271,Z03,Sur,rural,16530,46.0,M,Soltero/a,1,Prepago,Gama media,2054.0,39.0,0
C000272,Z99,Este,urbana_premium,94471,51.0,M,Soltero/a,2,Premium,Gama alta,3436.0,18.0,0
C000273,Z03,Sur,rural,16530,63.0,M,Casado/a,4,Prepago,Gama media,3124.0,23.0,1
C000274,Z18,Sur,urbana_premium,56342,42.0,F,Soltero/a,2,Prepago,Gama media,5352.0,48.0,0
C000275,Z22,Este,suburbana,53534,66.0,F,Soltero/a,1,Prepago,Gama alta,4206.0,5.0,0
C000276,Z13,Este,suburbana,37333,36.0,M,Soltero/a,2,Premium,Gama media,2799.0,53.0,1
C000277,Z10,Este,suburbana,27514,20.0,M,Soltero/a,1,Contrato,Gama media,3057.0,13.0,0
C000278,Z16,Este,urbana_premium,72683,49.0,F,Divorciado/a,3,Premium,Gama media,2826.0,55.0,0
C000279,Z28,Sur,urbana_premium,64486,18.0,F,Soltero/a,2,Premium,Gama alta,5245.0,24.0,1
C000280,Z27,Norte,suburbana,42704,31.0,M,Soltero/a,1,Premium,Gama media,2424.0,22.0,0
C000281,Z02,Oeste,suburbana,46400,46.0,M,Soltero/a,2,Contrato,Gama alta,1482.0,26.0,0
C000282,Z05,Este,urbana_premium,94471,35.0,M,Soltero/a,3,Prepago,Gama media,3280.0,31.0,0
C000283,Z09,Norte,urbana_premium,102625,34.0,M,Soltero/a,3,Premium,Gama media,2837.0,26.0,1
C000284,Z09,Norte,urbana_premium,102625,22.0,M,Soltero/a,2,Premium,Gama media,1484.0,26.0,0
C000285,Z18,Sur,urbana_premium,56342,36.0,F,Casado/a,5,Premium,Gama alta,3132.0,51.0,1
C000286,Z15,Oeste,suburbana,62939,52.0,M,Casado/a,2,Premium,Gama baja,3920.0,17.0,0
C000287,Z02,Oeste,suburbana,46400,40.0,F,Soltero/a,2,Contrato,Gama media,3445.0,42.0,0
C000288,Z13,Este,suburbana,37333,30.0,M,Soltero/a,1,Prepago,Gama media,3443.0,20.0,0
C000289,Z17,Sur,suburbana,56619,25.0,M,Soltero/a,1,Premium,Gama alta,4910.0,52.0,0
C000290,Z04,Centro,suburbana,55457,30.0,M,Soltero/a,1,Premium,Gama alta,2434.0,17.0,0
C000291,Z26,Oeste,urbana_premium,107159,41.0,F,Soltero/a,2,Premium,Gama media,2563.0,,0
C000292,Z03,Sur,rural,16530,49.0,F,Divorciado/a,1,Premium,Gama media,2760.0,12.0,1
C000293,Z29,Oeste,urbana_premium,67334,26.0,M,Soltero/a,2,Premium,Gama media,4337.0,25.0,0
C000294,Z04,Centro,suburbana,55457,18.0,F,Soltero/a,1,Prepago,Gama media,1914.0,37.0,0
C000295,Z27,Norte,suburbana,42704,45.0,F,Casado/a,2,Prepago,Gama media,2803.0,23.0,0
C000296,Z28,Sur,urbana_premium,64486,25.0,M,Soltero/a,3,Contrato,Gama media,4621.0,67.0,0
C000297,Z30,Centro,suburbana,33966,48.0,F,Soltero/a,2,Contrato,Gama media,3282.0,19.0,0
C000298,Z26,Oeste,urbana_premium,107159,27.0,F,Soltero/a,3,Premium,Gama alta,4945.0,43.0,0
C000299,Z26,Oeste,urbana_premium,107159,24.0,M,Soltero/a,3,Premium,Gama alta,3025.0,20.0,1
C000300,Z20,Oeste,suburbana,46953,42.0,F,Soltero/a,2,Premium,Gama alta,1814.0,68.0,0
C000301,Z26,Oeste,urbana_premium,107159,64.0,F,Soltero/a,2,Contrato,Gama media,2780.0,54.0,0
C000302,Z05,Este,urbana_premium,94471,45.0,F,Casado/a,4,Premium,Gama alta,5180.0,41.0,0
C000303,Z17,Sur,suburbana,56619,42.0,M,Soltero/a,1,Premium,Gama alta,4283.0,33.0,0
C000304,Z16,Este,urbana_premium,72683,40.0,F,Divorciado/a,3,Premium,Gama baja,3610.0,29.0,0
C000305,Z27,Norte,suburbana,42704,19.0,M,Casado/a,2,Prepago,Gama alta,5061.0,38.0,0
C000306,Z16,Este,urbana_premium,72683,23.0,F,Soltero/a,3,Contrato,Gama media,3617.0,49.0,0
C000307,Z13,Este,suburbana,37333,18.0,F,Soltero/a,1,Contrato,Gama media,2492.0,8.0,0
C000308,Z99,Oeste,suburbana,46953,61.0,M,Casado/a,1,Prepago,Gama media,1819.0,33.0,0
C000309,Z09,Norte,urbana_premium,102625,54.0,F,Casado/a,2,Premium,Gama media,3728.0,14.0,0
C000310,Z05,Este,urbana_premium,94471,41.0,F,Soltero/a,3,Premium,Gama alta,5548.0,40.0,0
C000311,Z16,Este,urbana_premium,72683,,F,Divorciado/a,2,Premium,Gama alta,5967.0,40.0,1
C000312,Z15,Oeste,suburbana,62939,21.0,F,Soltero/a,1,Contrato,Gama media,4334.0,9.0,0
C000313,Z09,Norte,urbana_premium,102625,33.0,F,Soltero/a,3,Prepago,Gama media,4559.0,12.0,0
C000314,Z12,Norte,rural,11707,67.0,M,Casado/a,4,Prepago,Gama alta,4060.0,21.0,0
C000315,Z12,Norte,rural,11707,47.0,F,Soltero/a,1,Prepago,Gama media,1654.0,14.0,0
C000316,Z10,Este,suburbana,27514,33.0,F,Soltero/a,1,Contrato,Gama alta,4513.0,7.0,0
C000317,Z13,Este,suburbana,37333,19.0,X,Soltero/a,2,Premium,Gama alta,3289.0,13.0,0
C000318,Z22,Este,suburbana,53534,57.0,F,Casado/a,4,Premium,Gama alta,3209.0,58.0,0
C000319,Z09,Norte,urbana_premium,102625,35.0,F,Soltero/a,3,Premium,Gama alta,2326.0,39.0,1
C000320,Z29,Oeste,urbana_premium,67334,18.0,M,Soltero/a,2,Prepago,Gama alta,4313.0,31.0,1
C000321,Z28,Sur,urbana_premium,64486,25.0,M,Soltero/a,3,Premium,Gama alta,5733.0,32.0,1
C000322,Z16,Este,urbana_premium,72683,21.0,F,Soltero/a,2,Premium,Gama baja,1817.0,23.0,1
C000323,Z11,Oeste,suburbana,41163,38.0,M,Casado/a,1,Prepago,Gama media,3938.0,9.0,0
C000324,Z17,Sur,suburbana,56619,42.0,M,Soltero/a,1,Prepago,Gama baja,1340.0,26.0,1
C000325,Z27,Norte,suburbana,42704,34.0,M,Soltero/a,1,Prepago,Gama media,1815.0,5.0,1
C000326,Z20,Oeste,suburbana,46953,49.0,F,Divorciado/a,2,Prepago,Gama alta,2884.0,23.0,0
C000327,Z26,Oeste,urbana_premium,107159,37.0,M,Casado/a,2,Premium,Gama alta,6660.0,21.0,1
C000328,Z17,Sur,suburbana,56619,53.0,M,Casado/a,4,Contrato,Gama baja,2850.0,12.0,0
C000329,Z20,Oeste,suburbana,46953,36.0,M,Soltero/a,2,Premium,Gama media,3514.0,45.0,0
C000330,Z09,Norte,urbana_premium,102625,73.0,M,Casado/a,3,Premium,Gama media,2784.0,26.0,0
C000331,Z24,Centro,rural,12558,38.0,M,Casado/a,1,Prepago,Gama media,2169.0,106.0,1
C000332,Z07,Centro,rural,15473,34.0,M,Soltero/a,2,Prepago,Gama media,2277.0,38.0,0
C000333,Z22,Este,suburbana,53534,28.0,F,Soltero/a,2,Premium,Gama alta,5272.0,55.0,0
C000334,Z27,Norte,suburbana,42704,37.0,M,Casado/a,3,Prepago,Gama baja,2295.0,50.0,0
C000335,Z05,Este,urbana_premium,94471,18.0,M,Soltero/a,3,Premium,Gama alta,3039.0,18.0,0
C000336,Z19,Este,rural,12655,49.0,F,Casado/a,1,Prepago,Gama alta,3384.0,29.0,0
C000337,Z04,Centro,suburbana,55457,18.0,M,Soltero/a,2,Premium,Gama alta,2734.0,33.0,0
C000338,Z23,Norte,rural,20553,47.0,M,Soltero/a,2,Premium,Gama media,2415.0,15.0,1
C000339,Z04,Centro,suburbana,55457,24.0,M,Soltero/a,2,Premium,Gama media,3471.0,54.0,0
C000340,Z29,Oeste,urbana_premium,67334,31.0,M,Soltero/a,3,Premium,Gama media,3063.0,29.0,0
C000341,Z05,Este,urbana_premium,94471,43.0,F,Casado/a,4,Contrato,Gama media,1866.0,18.0,0
C000342,Z29,Oeste,urbana_premium,67334,64.0,F,Casado/a,5,Prepago,Gama media,5576.0,12.0,0
C000343,Z26,Oeste,urbana_premium,107159,23.0,M,Soltero/a,2,Premium,Gama media,3986.0,82.0,1
C000344,Z18,Sur,urbana_premium,56342,34.0,F,Casado/a,3,Premium,Gama alta,2448.0,37.0,1
C000345,Z26,Oeste,urbana_premium,107159,27.0,F,Soltero/a,2,Prepago,Gama media,5026.0,35.0,0
C000346,Z26,Oeste,urbana_premium,107159,26.0,M,Soltero/a,3,Premium,Gama media,7733.0,,1
C000347,Z29,Oeste,urbana_premium,67334,27.0,F,Soltero/a,3,Contrato,Gama baja,5810.0,27.0,0
C000348,Z09,Norte,urbana_premium,102625,46.0,F,Soltero/a,2,Premium,Gama alta,7929.0,23.0,0
C000349,Z18,Sur,urbana_premium,56342,30.0,F,Casado/a,2,Premium,Gama media,2491.0,20.0,0
C000350,Z04,Centro,suburbana,55457,67.0,F,Divorciado/a,2,Premium,Gama media,3253.0,28.0,1
C000351,Z19,Este,rural,12655,50.0,M,Soltero/a,2,Prepago,Gama media,,64.0,0
C000352,Z05,Este,urbana_premium,94471,24.0,F,Soltero/a,2,Premium,Gama media,3674.0,69.0,0
C000353,Z18,Sur,urbana_premium,56342,32.0,F,Soltero/a,2,Premium,Gama media,3413.0,42.0,1
C000354,Z18,Sur,urbana_premium,56342,26.0,F,Soltero/a,2,Premium,Gama media,1359.0,39.0,0
C000355,Z16,Este,urbana_premium,72683,46.0,M,Casado/a,3,Premium,Gama media,6921.0,15.0,0
C000356,Z17,Sur,suburbana,56619,20.0,M,Soltero/a,2,Prepago,Gama media,1693.0,40.0,0
C000357,Z26,Oeste,urbana_premium,107159,20.0,M,Soltero/a,2,Premium,Gama alta,5252.0,40.0,1
C000358,Z26,Oeste,urbana_premium,107159,29.0,F,Casado/a,4,Prepago,Gama media,3842.0,36.0,1
C000359,Z16,Este,urbana_premium,72683,44.0,F,Casado/a,3,Premium,Gama media,3787.0,18.0,1
C000360,Z18,Sur,urbana_premium,56342,51.0,F,Soltero/a,3,Premium,Gama alta,3562.0,85.0,0
C000361,Z29,Oeste,urbana_premium,67334,53.0,M,Soltero/a,3,Premium,Gama alta,4104.0,33.0,1
C000362,Z05,Este,urbana_premium,94471,42.0,M,Casado/a,3,Premium,Gama alta,4790.0,19.0,0
C000363,Z05,Este,urbana_premium,94471,35.0,M,Casado/a,4,Premium,Gama media,5341.0,31.0,1
C000364,Z04,Centro,suburbana,55457,50.0,M,Casado/a,1,Prepago,Gama media,2852.0,17.0,1
C000365,Z21,Centro,rural,19103,31.0,F,Soltero/a,2,Prepago,Gama media,1522.0,27.0,0
C000366,Z15,Oeste,suburbana,62939,18.0,F,Soltero/a,1,Premium,Gama media,1932.0,35.0,0
C000367,Z26,Oeste,urbana_premium,107159,41.0,F,Soltero/a,3,Premium,Gama alta,5506.0,49.0,0
C000368,Z22,Este,suburbana,53534,28.0,F,Soltero/a,1,Prepago,Gama media,2711.0,14.0,0
C000369,Z11,Oeste,suburbana,41163,39.0,M,Casado/a,1,Premium,Gama media,2083.0,31.0,0
C000370,Z28,Sur,urbana_premium,64486,37.0,F,Casado/a,5,Premium,Gama media,2952.0,31.0,1
C000371,Z26,Oeste,urbana_premium,107159,39.0,F,Soltero/a,3,Contrato,Gama media,3704.0,17.0,1
C000372,Z09,Norte,urbana_premium,102625,47.0,F,Casado/a,3,Contrato,Gama media,2443.0,67.0,1
C000373,Z12,Norte,rural,11707,55.0,F,Soltero/a,2,Premium,Gama media,2296.0,31.0,0
C000374,Z10,Este,suburbana,27514,42.0,M,Soltero/a,1,Contrato,Gama media,4622.0,55.0,1
C000375,Z05,Este,urbana_premium,94471,31.0,M,Casado/a,5,Premium,Gama media,3672.0,40.0,0
C000376,Z05,Este,urbana_premium,94471,37.0,F,Soltero/a,2,Premium,Gama media,2062.0,50.0,0
C000377,Z29,Oeste,urbana_premium,67334,29.0,F,Soltero/a,3,Premium,Gama alta,5186.0,29.0,0
C000378,Z15,Oeste,suburbana,62939,38.0,F,Soltero/a,2,Contrato,Gama alta,4397.0,48.0,1
C000379,Z13,Este,suburbana,37333,71.0,M,Soltero/a,2,Premium,Gama alta,4478.0,33.0,0
C000380,Z24,Centro,rural,12558,47.0,F,Soltero/a,2,Prepago,Gama media,2370.0,12.0,1
C000381,Z17,Sur,suburbana,56619,45.0,M,desconocido,2,Premium,Gama alta,6741.0,19.0,0
C000382,Z29,Oeste,urbana_premium,67334,28.0,F,Soltero/a,2,Premium,Gama alta,4952.0,18.0,0
C000383,Z26,Oeste,urbana_premium,107159,48.0,M,Casado/a,2,Premium,Gama alta,10899.0,46.0,1
C000384,Z16,Este,urbana_premium,72683,45.0,F,Casado/a,3,Premium,Gama alta,6143.0,21.0,0
C000385,Z13,Este,suburbana,37333,49.0,M,Casado/a,2,Contrato,Gama alta,4535.0,36.0,0
C000386,Z30,Centro,suburbana,33966,43.0,M,Casado/a,1,Prepago,Gama media,2397.0,53.0,0
C000387,Z23,Norte,rural,20553,57.0,M,Casado/a,1,Prepago,Gama media,1666.0,7.0,1
C000388,Z29,Oeste,urbana_premium,67334,51.0,NA,Soltero/a,3,Contrato,Gama alta,3986.0,21.0,1
C000389,Z05,Este,urbana_premium,94471,39.0,F,Soltero/a,2,Contrato,Gama baja,3578.0,9.0,0
C000390,Z27,Norte,suburbana,42704,39.0,F,Casado/a,3,Contrato,Gama media,2470.0,18.0,0
C000391,Z20,Oeste,suburbana,46953,51.0,F,Soltero/a,2,Contrato,Gama media,2848.0,10.0,0
C000392,Z05,Este,urbana_premium,94471,25.0,F,Soltero/a,3,Prepago,Gama media,3571.0,67.0,0
C000393,Z18,Sur,urbana_premium,56342,27.0,F,Casado/a,2,Contrato,Gama media,3059.0,20.0,0
C000394,Z22,Este,suburbana,53534,39.0,M,Soltero/a,1,Contrato,Gama media,3752.0,78.0,0
C000395,Z01,Centro,rural,16625,24.0,F,Soltero/a,2,Prepago,Gama baja,1785.0,36.0,0
C000396,Z15,Oeste,suburbana,62939,50.0,F,Casado/a,3,Prepago,Gama alta,2936.0,37.0,0
C000397,Z26,Oeste,urbana_premium,107159,24.0,F,Soltero/a,2,Premium,Gama media,2502.0,17.0,1
C000398,Z09,Norte,urbana_premium,102625,30.0,M,Soltero/a,3,Contrato,Gama media,3964.0,17.0,1
C000399,Z15,Oeste,suburbana,62939,37.0,M,Soltero/a,2,Prepago,Gama media,3199.0,21.0,1
C000400,Z15,Oeste,suburbana,62939,40.0,M,n/a,1,Prepago,Gama media,2129.0,37.0,0
C000401,Z09,Norte,urbana_premium,102625,32.0,F,Soltero/a,3,Contrato,Gama alta,3923.0,4.0,0
C000402,Z28,Sur,urbana_premium,64486,35.0,F,Casado/a,5,Premium,Gama baja,3699.0,5.0,0
C000403,Z26,Oeste,urbana_premium,107159,35.0,F,Soltero/a,3,Premium,Gama media,3258.0,33.0,1
C000404,Z05,Este,urbana_premium,94471,31.0,M,Soltero/a,3,Premium,Gama alta,3268.0,12.0,1
C000405,Z30,Centro,suburbana,33966,31.0,F,Soltero/a,2,Prepago,Gama alta,3487.0,32.0,1
C000406,Z28,Sur,urbana_premium,64486,49.0,M,Casado/a,3,Premium,Gama media,,69.0,0
C000407,Z09,Norte,urbana_premium,102625,18.0,M,Soltero/a,2,Premium,Gama alta,,22.0,0
C000408,Z27,Norte,suburbana,42704,38.0,F,Divorciado/a,1,Premium,Gama media,2074.0,49.0,1
C000409,Z04,Centro,suburbana,55457,34.0,M,Soltero/a,2,Premium,Gama media,,43.0,1
C000410,Z30,Centro,suburbana,33966,45.0,M,Casado/a,2,Premium,Gama media,2404.0,12.0,1
C000411,Z21,Centro,rural,19103,28.0,M,Soltero/a,2,Prepago,Gama alta,2371.0,4.0,0
C000412,Z20,Oeste,suburbana,46953,34.0,M,Soltero/a,2,Prepago,Gama media,3275.0,25.0,0
C000413,Z04,Centro,suburbana,55457,39.0,F,Casado/a,1,Prepago,Gama media,1971.0,69.0,0
C000414,Z28,Sur,urbana_premium,64486,49.0,F,Divorciado/a,3,Premium,Gama alta,4711.0,34.0,0
C000415,Z02,Oeste,suburbana,46400,44.0,F,Casado/a,4,Premium,Gama media,6355.0,68.0,0
C000416,Z09,Norte,urbana_premium,102625,22.0,F,Soltero/a,2,Premium,Gama media,4063.0,89.0,0
C000417,Z05,Este,urbana_premium,94471,30.0,M,Casado/a,2,Contrato,Gama media,2825.0,33.0,0
C000418,Z26,Oeste,urbana_premium,107159,47.0,M,Casado/a,3,Premium,Gama baja,3456.0,57.0,0
C000419,Z06,Sur,rural,19752,31.0,F,Soltero/a,2,Prepago,Gama baja,2073.0,9.0,0
C000420,Z28,Sur,urbana_premium,64486,35.0,M,Casado/a,3,Prepago,Gama alta,3030.0,42.0,1
C000421,Z21,Centro,rural,19103,45.0,F,Soltero/a,2,Contrato,Gama alta,2990.0,53.0,0
C000422,Z02,Oeste,suburbana,46400,35.0,M,Casado/a,1,Prepago,Gama baja,1575.0,22.0,0
C000423,Z01,Centro,rural,16625,77.0,F,Divorciado/a,2,Contrato,Gama media,2554.0,24.0,0
C000424,Z03,Sur,rural,16530,40.0,F,Soltero/a,1,Premium,Gama media,3647.0,59.0,0
C000425,Z18,Sur,urbana_premium,56342,41.0,F,Soltero/a,3,Premium,Gama alta,5879.0,27.0,0
C000426,Z26,Oeste,urbana_premium,107159,27.0,F,Soltero/a,2,Premium,Gama media,5478.0,41.0,0
C000427,Z09,Norte,urbana_premium,102625,42.0,F,Soltero/a,2,Premium,Gama alta,3038.0,34.0,0
C000428,Z27,Norte,suburbana,42704,50.0,M,Casado/a,2,Premium,Gama alta,4965.0,84.0,1
C000429,Z03,Sur,rural,16530,38.0,F,Casado/a,3,Prepago,Gama media,2639.0,42.0,1
C000430,Z26,Oeste,urbana_premium,107159,35.0,F,Casado/a,5,Premium,Gama alta,6299.0,33.0,0
C000431,Z29,Oeste,urbana_premium,67334,,F,Soltero/a,2,Prepago,Gama alta,5589.0,28.0,0
C000432,Z26,Oeste,urbana_premium,107159,22.0,F,Soltero/a,3,Premium,Gama media,4273.0,17.0,0
C000433,Z22,Este,suburbana,53534,52.0,M,Casado/a,2,Premium,Gama media,2736.0,64.0,1
C000434,Z27,Norte,suburbana,42704,33.0,M,Casado/a,3,Contrato,Gama alta,6819.0,36.0,1
C000435,Z02,Oeste,suburbana,46400,18.0,F,Soltero/a,1,Contrato,Gama media,1599.0,20.0,1
C000436,Z07,Centro,rural,15473,66.0,M,Soltero/a,1,Contrato,Gama media,2185.0,37.0,0
C000437,Z05,Este,urbana_premium,94471,,F,Soltero/a,3,Prepago,Gama media,2340.0,42.0,0
C000438,Z16,Este,urbana_premium,72683,33.0,F,Soltero/a,3,Premium,Gama alta,3988.0,38.0,0
C000439,Z25,Oeste,rural,11763,65.0,F,Casado/a,1,Premium,Gama media,2630.0,42.0,0
C000440,Z20,Oeste,suburbana,46953,38.0,M,Soltero/a,2,Prepago,Gama media,,7.0,1
C000441,Z27,Norte,suburbana,42704,38.0,M,Casado/a,4,Premium,Gama media,2444.0,45.0,1
C000442,Z05,Este,urbana_premium,94471,21.0,F,Soltero/a,3,Premium,Gama media,2411.0,44.0,0
C000443,Z24,Centro,rural,12558,25.0,F,Soltero/a,1,Premium,Gama media,2719.0,61.0,0
C000444,Z06,Sur,rural,19752,43.0,F,Casado/a,4,Contrato,Gama baja,1972.0,48.0,1
C000445,Z09,Norte,urbana_premium,102625,40.0,M,Soltero/a,3,Contrato,Gama media,4437.0,20.0,0
C000446,Z22,Este,suburbana,53534,44.0,M,Soltero/a,2,Prepago,Gama media,2482.0,34.0,0
C000447,Z30,Centro,suburbana,33966,34.0,F,Soltero/a,1,Prepago,Gama media,3250.0,34.0,0
C000448,Z19,Este,rural,12655,45.0,F,Casado/a,2,Contrato,Gama media,3007.0,43.0,1
C000449,Z03,Sur,rural,16530,23.0,F,Soltero/a,2,Premium,Gama media,2745.0,28.0,0
C000450,Z19,Este,rural,12655,51.0,F,Casado/a,3,Prepago,Gama media,2499.0,,0
C000451,Z02,Oeste,suburbana,46400,42.0,F,Casado/a,4,Prepago,Gama media,2875.0,55.0,0
C000452,Z28,Sur,urbana_premium,64486,60.0,F,Divorciado/a,2,Contrato,Gama alta,4523.0,29.0,1
C000453,Z22,Este,suburbana,53534,40.0,F,Casado/a,3,Contrato,Gama media,2414.0,29.0,0
C000454,Z05,Este,urbana_premium,94471,25.0,F,Soltero/a,3,Premium,Gama alta,3574.0,20.0,0
C000455,Z04,Centro,suburbana,55457,39.0,F,Divorciado/a,2,Premium,Gama media,3365.0,57.0,0
C000456,Z06,Sur,rural,19752,41.0,M,Soltero/a,2,Prepago,Gama media,3976.0,25.0,0
C000457,Z99,Centro,suburbana,33966,45.0,F,Soltero/a,2,Premium,Gama media,2406.0,30.0,1
C000458,Z15,Oeste,suburbana,62939,40.0,F,Casado/a,2,Contrato,Gama media,2187.0,28.0,0
C000459,Z26,Oeste,urbana_premium,107159,21.0,F,Soltero/a,3,Premium,Gama baja,4229.0,21.0,1
C000460,Z20,Oeste,suburbana,46953,20.0,M,Soltero/a,1,Premium,Gama media,4548.0,56.0,1
C000461,Z18,Sur,urbana_premium,56342,39.0,M,Soltero/a,3,Contrato,Gama alta,5085.0,40.0,0
C000462,Z05,Este,urbana_premium,94471,53.0,F,Casado/a,4,Contrato,Gama media,3857.0,30.0,0
C000463,Z29,Oeste,urbana_premium,67334,37.0,F,Casado/a,2,Premium,Gama baja,5878.0,29.0,0
C000464,Z09,Norte,urbana_premium,102625,46.0,M,Casado/a,2,Premium,Gama media,2031.0,42.0,0
C000465,Z18,Sur,urbana_premium,56342,48.0,M,Soltero/a,3,Premium,Gama alta,5453.0,,0
C000466,Z22,Este,suburbana,53534,43.0,F,Soltero/a,2,Prepago,Gama media,2671.0,68.0,0
C000467,Z20,Oeste,suburbana,46953,30.0,F,Casado/a,1,Contrato,Gama alta,3716.0,70.0,0
C000468,Z29,Oeste,urbana_premium,67334,38.0,M,Soltero/a,2,Premium,Gama alta,5447.0,21.0,1
C000469,Z05,Este,urbana_premium,94471,50.0,M,Casado/a,2,Prepago,Gama alta,4096.0,19.0,0
C000470,Z16,Este,urbana_premium,72683,42.0,M,Casado/a,2,Premium,Gama media,3923.0,62.0,1
C000471,Z14,Norte,rural,13074,54.0,M,Casado/a,3,Prepago,Gama alta,2024.0,18.0,0
C000472,Z16,Este,urbana_premium,72683,30.0,M,Soltero/a,2,Premium,Gama alta,6919.0,48.0,0
C000473,Z05,Este,urbana_premium,94471,34.0,F,Soltero/a,3,Premium,Gama alta,4318.0,47.0,0
C000474,Z05,Este,urbana_premium,94471,35.0,F,Soltero/a,2,Contrato,Gama alta,4137.0,19.0,0
C000475,Z09,Norte,urbana_premium,102625,35.0,M,Casado/a,4,Premium,Gama alta,6492.0,34.0,1
C000476,Z09,Norte,urbana_premium,102625,50.0,M,Casado/a,5,Premium,Gama media,3210.0,15.0,0
C000477,Z15,Oeste,suburbana,62939,18.0,F,Soltero/a,1,Premium,Gama media,2731.0,43.0,0
C000478,Z19,Este,rural,12655,45.0,M,Casado/a,4,Contrato,Gama media,3223.0,35.0,1
C000479,Z20,Oeste,suburbana,46953,39.0,F,Soltero/a,1,Prepago,Gama alta,5547.0,30.0,0
C000480,Z15,Oeste,suburbana,62939,24.0,M,Soltero/a,2,Prepago,Gama media,3028.0,21.0,0
C000481,Z14,Norte,rural,13074,53.0,F,Casado/a,3,Contrato,Gama media,2658.0,5.0,0
C000482,Z08,Sur,rural,17023,36.0,F,Casado/a,4,Contrato,Gama media,1331.0,57.0,0
C000483,Z18,Sur,urbana_premium,56342,32.0,M,Casado/a,5,Premium,Gama alta,5996.0,20.0,1
C000484,Z10,Este,suburbana,27514,62.0,F,Casado/a,1,Premium,Gama baja,2040.0,38.0,0
C000485,Z02,Oeste,suburbana,46400,52.0,F,Casado/a,1,Premium,Gama alta,2468.0,28.0,1
C000486,Z15,Oeste,suburbana,62939,47.0,M,Soltero/a,1,Premium,Gama alta,3184.0,28.0,1
C000487,Z16,Este,urbana_premium,72683,41.0,F,Casado/a,5,Premium,Gama media,3050.0,44.0,0
C000488,Z09,Norte,urbana_premium,102625,34.0,M,Soltero/a,3,Prepago,Gama media,1941.0,70.0,0
C000489,Z18,Sur,urbana_premium,56342,,M,Divorciado/a,3,Premium,Gama media,2484.0,9.0,0
C000490,Z18,Sur,urbana_premium,56342,46.0,F,Casado/a,3,Contrato,Gama media,3962.0,28.0,1
C000491,Z22,Este,suburbana,53534,31.0,M,Soltero/a,2,Premium,Gama media,5033.0,50.0,1
C000492,Z20,Oeste,suburbana,46953,23.0,M,Soltero/a,2,Prepago,Gama alta,4893.0,13.0,1
C000493,Z20,Oeste,suburbana,46953,47.0,M,Divorciado/a,1,Premium,Gama media,3407.0,72.0,1
C000494,Z10,Este,suburbana,27514,39.0,F,Casado/a,4,Premium,Gama media,3149.0,17.0,0
C000495,Z26,Oeste,urbana_premium,107159,19.0,M,Soltero/a,2,Premium,Gama alta,5060.0,,0
C000496,Z17,Sur,suburbana,56619,45.0,M,Soltero/a,2,Contrato,Gama alta,4741.0,12.0,1
C000497,Z15,Oeste,suburbana,62939,37.0,F,Soltero/a,1,Prepago,Gama media,3106.0,17.0,0
C000498,Z20,Oeste,suburbana,46953,46.0,F,Casado/a,1,Contrato,Gama media,3143.0,61.0,0
C000499,Z12,Norte,rural,11707,50.0,F,Casado/a,3,Prepago,Gama media,2493.0,12.0,0
C000500,Z16,Este,urbana_premium,72683,29.0,F,Soltero/a,3,Premium,Gama alta,5450.0,41.0,1
C000501,Z24,Centro,rural,12558,53.0,M,Casado/a,2,Prepago,Gama baja,1438.0,17.0,1
C000502,Z28,Sur,urbana_premium,64486,30.0,F,Soltero/a,3,Prepago,Gama media,3850.0,39.0,0
C000503,Z29,Oeste,urbana_premium,67334,31.0,F,Casado/a,4,Premium,Gama media,4404.0,34.0,1
C000504,Z16,Este,urbana_premium,72683,30.0,M,Casado/a,5,Premium,Gama media,1973.0,30.0,1
C000505,Z17,Sur,suburbana,56619,54.0,F,Divorciado/a,1,Premium,Gama alta,4109.0,15.0,0
C000506,Z26,Oeste,urbana_premium,107159,33.0,F,Soltero/a,3,Contrato,Gama alta,5578.0,62.0,0
C000507,Z99,Este,suburbana,27514,56.0,M,Casado/a,2,Premium,Gama media,1508.0,39.0,1
C000508,Z27,Norte,suburbana,42704,61.0,M,Soltero/a,2,Premium,Gama alta,2579.0,47.0,1
C000509,Z16,Este,urbana_premium,72683,27.0,M,Soltero/a,3,Premium,Gama alta,3351.0,,1
C000510,Z05,Este,urbana_premium,94471,18.0,F,Soltero/a,3,Contrato,Gama alta,2804.0,17.0,0
C000511,Z04,Centro,suburbana,55457,53.0,M,Casado/a,1,Contrato,Gama media,2292.0,49.0,0
C000512,Z27,Norte,suburbana,42704,36.0,F,Casado/a,3,Contrato,Gama media,2483.0,36.0,1
C000513,Z03,Sur,rural,16530,35.0,?,Soltero/a,2,Premium,Gama media,2874.0,44.0,0
C000514,Z09,Norte,urbana_premium,102625,29.0,F,Soltero/a,2,Prepago,Gama alta,5923.0,1.0,0
C000515,Z11,Oeste,suburbana,41163,35.0,F,Soltero/a,1,Contrato,Gama media,3616.0,24.0,0
C000516,Z05,Este,urbana_premium,94471,,M,Soltero/a,3,Premium,Gama alta,2780.0,26.0,1
C000517,Z10,Este,suburbana,27514,42.0,M,Casado/a,4,Premium,Gama media,3932.0,48.0,0
C000518,Z25,Oeste,rural,11763,60.0,F,Casado/a,3,Premium,Gama alta,2868.0,63.0,0
C000519,Z02,Oeste,suburbana,46400,46.0,M,desconocido,2,Premium,Gama media,1068.0,24.0,0
C000520,Z26,Oeste,urbana_premium,107159,32.0,M,Soltero/a,2,Premium,Gama alta,5907.0,42.0,0
C000521,Z27,Norte,suburbana,42704,35.0,F,Casado/a,4,Prepago,Gama alta,3124.0,38.0,0
C000522,Z13,Este,suburbana,37333,47.0,F,Soltero/a,2,Contrato,Gama media,3164.0,30.0,0
C000523,Z05,Este,urbana_premium,94471,46.0,F,Casado/a,5,Premium,Gama media,2080.0,27.0,0
C000524,Z18,Sur,urbana_premium,56342,48.0,F,Divorciado/a,2,Contrato,Gama media,6734.0,10.0,0
C000525,Z05,Este,urbana_premium,94471,33.0,F,Divorciado/a,3,Premium,Gama media,4307.0,2.0,1
C000526,Z12,Norte,rural,11707,47.0,F,Soltero/a,1,Prepago,Gama media,3045.0,21.0,1
C000527,Z29,Oeste,urbana_premium,67334,43.0,M,Soltero/a,2,Prepago,Gama media,2408.0,19.0,0
C000528,Z30,Centro,suburbana,33966,,F,Casado/a,1,Contrato,Gama baja,3566.0,30.0,0
C000529,Z26,Oeste,urbana_premium,107159,22.0,F,Soltero/a,3,Premium,Gama alta,4611.0,68.0,0
C000530,Z10,Este,suburbana,27514,30.0,F,Soltero/a,1,Contrato,Gama media,2823.0,23.0,0
C000531,Z22,Este,suburbana,53534,37.0,F,Divorciado/a,2,Prepago,Gama media,1896.0,7.0,0
C000532,Z22,Este,suburbana,53534,48.0,M,Soltero/a,2,Premium,Gama media,2918.0,38.0,0
C000533,Z13,Este,suburbana,37333,55.0,F,Casado/a,2,Prepago,Gama media,2134.0,4.0,0
C000534,Z20,Oeste,suburbana,46953,24.0,F,Soltero/a,1,Premium,Gama alta,2335.0,8.0,0
C000535,Z01,Centro,rural,16625,38.0,M,Casado/a,1,Prepago,Gama alta,3484.0,12.0,1
C000536,Z07,Centro,rural,15473,41.0,M,Soltero/a,2,Contrato,Gama media,2393.0,14.0,1
C000537,Z17,Sur,suburbana,56619,50.0,F,Soltero/a,2,Contrato,Gama media,2898.0,22.0,0
C000538,Z05,Este,urbana_premium,94471,30.0,M,Soltero/a,2,Prepago,Gama baja,2537.0,41.0,0
C000539,Z05,Este,urbana_premium,94471,31.0,F,Soltero/a,3,Premium,Gama alta,3767.0,28.0,0
C000540,Z27,Norte,suburbana,42704,23.0,F,Soltero/a,2,Prepago,Gama alta,2828.0,28.0,1
C000541,Z30,Centro,suburbana,33966,46.0,F,Soltero/a,1,Prepago,Gama media,2114.0,47.0,0
C000542,Z17,Sur,suburbana,56619,38.0,F,Casado/a,2,Premium,Gama alta,4358.0,99.0,1
C000543,Z27,Norte,suburbana,42704,32.0,M,Soltero/a,2,Premium,Gama alta,,20.0,1
C000544,Z30,Centro,suburbana,33966,37.0,M,Soltero/a,1,Premium,Gama alta,2273.0,27.0,0
C000545,Z05,Este,urbana_premium,94471,50.0,F,Soltero/a,2,Premium,Gama alta,4396.0,39.0,0
C000546,Z15,Oeste,suburbana,62939,28.0,M,Soltero/a,1,Premium,Gama media,1559.0,25.0,1
C000547,Z13,Este,suburbana,37333,30.0,F,Soltero/a,2,Prepago,Gama media,,25.0,1
C000548,Z04,Centro,suburbana,55457,,M,Divorciado/a,1,Premium,Gama media,3919.0,25.0,0
C000549,Z26,Oeste,urbana_premium,107159,37.0,M,Soltero/a,3,Prepago,Gama baja,2584.0,7.0,0
C000550,Z99,Oeste,suburbana,62939,48.0,F,Soltero/a,2,Prepago,Gama alta,2997.0,25.0,1
C000551,Z16,Este,urbana_premium,72683,41.0,F,Casado/a,2,Premium,Gama media,4002.0,20.0,0
C000552,Z05,Este,urbana_premium,94471,36.0,F,Soltero/a,3,Premium,Gama media,10522.0,31.0,0
C000553,Z05,Este,urbana_premium,94471,32.0,M,Soltero/a,3,Premium,Gama alta,9445.0,42.0,0
C000554,Z28,Sur,urbana_premium,64486,46.0,F,Soltero/a,2,Premium,Gama media,4284.0,65.0,1
C000555,Z02,Oeste,suburbana,46400,54.0,F,Casado/a,3,Contrato,Gama media,2363.0,10.0,0
C000556,Z09,Norte,urbana_premium,102625,49.0,F,Soltero/a,3,Premium,Gama alta,4170.0,31.0,1
C000557,Z09,Norte,urbana_premium,102625,22.0,M,Soltero/a,3,Premium,Gama alta,5677.0,18.0,0
C000558,Z16,Este,urbana_premium,72683,52.0,M,Casado/a,2,Prepago,Gama baja,2131.0,49.0,0
C000559,Z99,Sur,urbana_premium,56342,32.0,F,Soltero/a,2,Premium,Gama baja,1841.0,48.0,0
C000560,Z16,Este,urbana_premium,72683,27.0,F,Soltero/a,3,Premium,Gama media,2563.0,61.0,0
C000561,Z04,Centro,suburbana,55457,38.0,M,Soltero/a,2,Contrato,Gama media,3893.0,35.0,0
C000562,Z09,Norte,urbana_premium,102625,46.0,M,Casado/a,3,Premium,Gama baja,5101.0,5.0,0
C000563,Z27,Norte,suburbana,42704,46.0,F,Soltero/a,1,Contrato,Gama media,3480.0,32.0,0
C000564,Z20,Oeste,suburbana,46953,37.0,F,Divorciado/a,2,Prepago,Gama media,4397.0,89.0,0
C000565,Z20,Oeste,suburbana,46953,50.0,F,Soltero/a,2,Premium,Gama alta,2797.0,22.0,0
C000566,Z21,Centro,rural,19103,47.0,F,Casado/a,1,Premium,Gama media,2112.0,18.0,0
C000567,Z26,Oeste,urbana_premium,107159,29.0,F,Soltero/a,2,Prepago,Gama media,4380.0,18.0,0
C000568,Z03,Sur,rural,16530,37.0,F,Divorciado/a,2,Premium,Gama alta,4226.0,,0
C000569,Z12,Norte,rural,11707,50.0,F,Soltero/a,1,Contrato,Gama media,2681.0,14.0,0
C000570,Z17,Sur,suburbana,56619,39.0,M,Soltero/a,1,Premium,Gama media,2883.0,53.0,1
C000571,Z11,Oeste,suburbana,41163,23.0,F,Soltero/a,2,Contrato,Gama media,3432.0,4.0,1
C000572,Z27,Norte,suburbana,42704,50.0,F,Divorciado/a,1,Contrato,Gama alta,4905.0,63.0,0
C000573,Z16,Este,urbana_premium,72683,30.0,M,Casado/a,2,Contrato,Gama media,3375.0,20.0,0
C000574,Z26,Oeste,urbana_premium,107159,55.0,M,Soltero/a,3,Prepago,Gama media,,45.0,0
C000575,Z27,Norte,suburbana,42704,23.0,F,Soltero/a,1,Prepago,Gama media,2525.0,19.0,0
C000576,Z16,Este,urbana_premium,72683,34.0,F,Soltero/a,2,Prepago,Gama alta,5092.0,17.0,0
C000577,Z28,Sur,urbana_premium,64486,28.0,M,n/a,3,Premium,Gama media,2914.0,26.0,0
C000578,Z18,Sur,urbana_premium,56342,24.0,F,Soltero/a,2,Premium,Gama media,4790.0,49.0,0
C000579,Z27,Norte,suburbana,42704,34.0,M,Soltero/a,2,Prepago,Gama baja,1781.0,-18.0,0
C000580,Z11,Oeste,suburbana,41163,61.0,M,Casado/a,2,Prepago,Gama media,2722.0,39.0,0
C000581,Z16,Este,urbana_premium,72683,38.0,M,Soltero/a,3,Premium,Gama media,3750.0,46.0,0
C000582,Z17,Sur,suburbana,56619,30.0,F,Soltero/a,1,Premium,Gama alta,5573.0,70.0,0
C000583,Z04,Centro,suburbana,55457,18.0,M,Soltero/a,1,Prepago,Gama alta,4186.0,43.0,0
C000584,Z13,Este,suburbana,37333,19.0,F,Soltero/a,1,Prepago,Gama media,2632.0,9.0,0
C000585,Z28,Sur,urbana_premium,64486,30.0,F,Soltero/a,3,Premium,Gama media,3192.0,-25.0,0
C000586,Z20,Oeste,suburbana,46953,32.0,F,Casado/a,1,Prepago,Gama media,2354.0,38.0,0
C000587,Z05,Este,urbana_premium,94471,33.0,F,Soltero/a,2,Premium,Gama alta,2584.0,20.0,1
C000588,Z11,Oeste,suburbana,41163,18.0,F,Soltero/a,1,Premium,Gama alta,5247.0,,0
C000589,Z06,Sur,rural,19752,44.0,M,Soltero/a,1,Premium,Gama baja,1782.0,55.0,0
C000590,Z02,Oeste,suburbana,46400,52.0,M,Casado/a,4,Premium,Gama alta,5444.0,24.0,0
C000591,Z29,Oeste,urbana_premium,67334,55.0,M,Divorciado/a,2,Premium,Gama media,3963.0,48.0,1
C000592,Z15,Oeste,suburbana,62939,18.0,F,Soltero/a,1,Premium,Gama media,2896.0,120.0,0
C000593,Z10,Este,suburbana,27514,30.0,M,Soltero/a,1,Premium,Gama media,3085.0,34.0,1
C000594,Z18,Sur,urbana_premium,56342,26.0,F,Casado/a,3,Premium,Gama alta,5846.0,-42.0,0
C000595,Z01,Centro,rural,16625,47.0,F,Casado/a,4,Premium,Gama media,1722.0,37.0,0
C000596,Z09,Norte,urbana_premium,102625,21.0,F,Soltero/a,3,Premium,Gama alta,4573.0,25.0,0
C000597,Z22,Este,suburbana,53534,60.0,M,Soltero/a,2,Contrato,Gama media,2941.0,18.0,0
C000598,Z20,Oeste,suburbana,46953,41.0,M,Soltero/a,1,Contrato,Gama media,3433.0,16.0,0
C000599,Z30,Centro,suburbana,33966,39.0,M,Soltero/a,2,Contrato,Gama media,2775.0,9.0,0
C000600,Z20,Oeste,suburbana,46953,59.0,F,Casado/a,3,Prepago,Gama baja,2627.0,14.0,1
C000601,Z16,Este,urbana_premium,72683,36.0,F,Soltero/a,2,Premium,Gama media,4600.0,60.0,0
C000602,Z26,Oeste,urbana_premium,107159,41.0,F,Casado/a,3,Premium,Gama media,2361.0,67.0,1
C000603,Z28,Sur,urbana_premium,64486,27.0,F,Soltero/a,2,Premium,Gama alta,6235.0,34.0,0
C000604,Z23,Norte,rural,20553,29.0,F,Soltero/a,2,Premium,Gama media,2411.0,26.0,1
C000605,Z29,Oeste,urbana_premium,67334,29.0,M,Soltero/a,2,Prepago,Gama media,3158.0,10.0,0
C000606,Z26,Oeste,urbana_premium,107159,62.0,M,Casado/a,3,Premium,Gama alta,4355.0,39.0,0
C000607,Z27,Norte,suburbana,42704,48.0,M,Casado/a,1,Prepago,Gama media,2338.0,51.0,0
C000608,Z05,Este,urbana_premium,94471,39.0,M,Soltero/a,3,Contrato,Gama media,3935.0,61.0,0
C000609,Z24,Centro,rural,12558,,M,Casado/a,4,Contrato,Gama media,2392.0,78.0,1
C000610,Z15,Oeste,suburbana,62939,51.0,F,Casado/a,3,Prepago,Gama alta,4630.0,15.0,0
C000611,Z17,Sur,suburbana,56619,24.0,M,Soltero/a,1,Prepago,Gama media,3287.0,70.0,0
C000612,Z99,Oeste,suburbana,46953,21.0,M,Soltero/a,2,Prepago,Gama baja,2015.0,28.0,0
C000613,Z29,Oeste,urbana_premium,67334,29.0,M,Soltero/a,2,Premium,Gama alta,4691.0,36.0,0
C000614,Z30,Centro,suburbana,33966,63.0,M,Divorciado/a,2,Premium,Gama alta,3837.0,36.0,0
C000615,Z09,Norte,urbana_premium,102625,59.0,M,Casado/a,3,Premium,Gama media,2177.0,26.0,0
C000616,Z24,Centro,rural,12558,40.0,M,Soltero/a,1,Prepago,Gama media,1532.0,38.0,0
C000617,Z26,Oeste,urbana_premium,107159,28.0,M,Soltero/a,2,Premium,Gama alta,7734.0,18.0,1
C000618,Z11,Oeste,suburbana,41163,20.0,F,Soltero/a,2,Prepago,Gama baja,2654.0,65.0,0
C000619,Z05,Este,urbana_premium,94471,37.0,M,Casado/a,4,Premium,Gama media,3436.0,40.0,1
C000620,Z02,Oeste,suburbana,46400,42.0,M,Casado/a,3,Premium,Gama media,2945.0,2.0,0
C000621,Z26,Oeste,urbana_premium,107159,45.0,F,Casado/a,5,Premium,Gama media,3059.0,115.0,0
C000622,Z16,Este,urbana_premium,72683,47.0,M,Casado/a,4,Premium,Gama media,2058.0,35.0,0
C000623,Z30,Centro,suburbana,33966,38.0,F,Soltero/a,2,Premium,Gama media,2013.0,18.0,1
C000624,Z16,Este,urbana_premium,72683,43.0,M,Soltero/a,3,Contrato,Gama media,3061.0,47.0,0
C000625,Z30,Centro,suburbana,33966,32.0,F,Soltero/a,1,Prepago,Gama media,2500.0,13.0,0
C000626,Z15,Oeste,suburbana,62939,46.0,F,Casado/a,1,Premium,Gama media,2277.0,20.0,0
C000627,Z26,Oeste,urbana_premium,107159,30.0,F,Soltero/a,3,Prepago,Gama media,2271.0,23.0,1
C000628,Z04,Centro,suburbana,55457,46.0,M,Casado/a,3,Contrato,Gama media,2456.0,11.0,0
C000629,Z17,Sur,suburbana,56619,45.0,M,Casado/a,2,Premium,Gama alta,4404.0,43.0,0
C000630,Z26,Oeste,urbana_premium,107159,37.0,M,Soltero/a,3,Prepago,Gama baja,3025.0,14.0,0
C000631,Z29,Oeste,urbana_premium,67334,46.0,F,Divorciado/a,2,Premium,Gama alta,3591.0,60.0,0
C000632,Z26,Oeste,urbana_premium,107159,18.0,M,Soltero/a,3,Contrato,Gama alta,6345.0,16.0,1
C000633,Z02,Oeste,suburbana,46400,27.0,F,Soltero/a,1,Contrato,Gama baja,2344.0,5.0,0
C000634,Z13,Este,suburbana,37333,37.0,M,Soltero/a,2,Premium,Gama alta,8691.0,37.0,0
C000635,Z02,Oeste,suburbana,46400,23.0,M,Soltero/a,2,Premium,Gama alta,4073.0,26.0,0
C000636,Z05,Este,urbana_premium,94471,31.0,M,Casado/a,2,Premium,Gama media,3933.0,38.0,0
C000637,Z22,Este,suburbana,53534,36.0,M,Soltero/a,2,Contrato,Gama media,2733.0,52.0,0
C000638,Z23,Norte,rural,20553,61.0,F,Soltero/a,1,Premium,Gama alta,3714.0,25.0,0
C000639,Z26,Oeste,urbana_premium,107159,38.0,F,Soltero/a,3,Premium,Gama alta,3003.0,74.0,1
C000640,Z27,Norte,suburbana,42704,52.0,M,Casado/a,1,Prepago,Gama media,2562.0,45.0,0
C000641,Z25,Oeste,rural,11763,49.0,M,Casado/a,4,Premium,Gama media,4075.0,13.0,0
C000642,Z26,Oeste,urbana_premium,107159,30.0,F,Casado/a,4,Premium,Gama media,3356.0,17.0,0
C000643,Z02,Oeste,suburbana,46400,42.0,F,Soltero/a,1,Contrato,Gama media,2532.0,46.0,0
C000644,Z09,Norte,urbana_premium,102625,45.0,F,Divorciado/a,3,Premium,Gama alta,3036.0,69.0,0
C000645,Z20,Oeste,suburbana,46953,54.0,M,Casado/a,1,Contrato,Gama baja,1516.0,22.0,0
C000646,Z27,Norte,suburbana,42704,38.0,F,Casado/a,4,Contrato,Gama alta,4252.0,4.0,0
C000647,Z01,Centro,rural,16625,25.0,F,Soltero/a,1,Contrato,Gama media,2287.0,44.0,0
C000648,Z16,Este,urbana_premium,72683,18.0,M,Soltero/a,3,Premium,Gama alta,5566.0,71.0,0
C000649,Z22,Este,suburbana,53534,36.0,F,Soltero/a,2,Contrato,Gama media,2810.0,9.0,1
C000650,Z02,Oeste,suburbana,46400,18.0,F,Soltero/a,1,Prepago,Gama media,2572.0,13.0,0
C000651,Z14,Norte,rural,13074,67.0,M,Soltero/a,1,Premium,Gama baja,,30.0,1
C000652,Z28,Sur,urbana_premium,64486,43.0,F,Soltero/a,3,Premium,Gama alta,4863.0,43.0,0
C000653,Z22,Este,suburbana,53534,32.0,M,Soltero/a,2,Prepago,Gama media,2250.0,35.0,1
C000654,Z09,Norte,urbana_premium,102625,23.0,M,Casado/a,5,Premium,Gama media,4379.0,8.0,1
C000655,Z27,Norte,suburbana,42704,52.0,F,Casado/a,1,Premium,Gama alta,3021.0,40.0,0
C000656,Z11,Oeste,suburbana,41163,27.0,F,Soltero/a,2,Contrato,Gama media,2070.0,16.0,0
C000657,Z27,Norte,suburbana,42704,,M,Soltero/a,2,Premium,Gama media,2548.0,74.0,0
C000658,Z09,Norte,urbana_premium,102625,,F,desconocido,2,Premium,Gama alta,3841.0,34.0,0
C000659,Z18,Sur,urbana_premium,56342,37.0,M,Soltero/a,2,Premium,Gama media,3433.0,21.0,0
C000660,Z13,Este,suburbana,37333,47.0,F,Divorciado/a,2,Prepago,Gama alta,5787.0,16.0,0
C000661,Z09,Norte,urbana_premium,102625,50.0,M,Soltero/a,2,Premium,Gama media,4156.0,22.0,0
C000662,Z28,Sur,urbana_premium,64486,49.0,F,Divorciado/a,3,Prepago,Gama alta,3574.0,6.0,0
C000663,Z06,Sur,rural,19752,45.0,M,Soltero/a,2,Premium,Gama media,2045.0,24.0,0
C000664,Z04,Centro,suburbana,55457,52.0,M,Soltero/a,1,Contrato,Gama media,2751.0,19.0,0
C000665,Z11,Oeste,suburbana,41163,32.0,F,Soltero/a,2,Premium,Gama media,2410.0,26.0,0
C000666,Z23,Norte,rural,20553,23.0,M,Soltero/a,2,Contrato,Gama media,1740.0,34.0,0
C000667,Z26,Oeste,urbana_premium,107159,28.0,M,Soltero/a,2,Prepago,Gama media,4720.0,22.0,0
C000668,Z30,Centro,suburbana,33966,30.0,M,Soltero/a,2,Premium,Gama media,5110.0,51.0,0
C000669,Z09,Norte,urbana_premium,102625,28.0,F,Soltero/a,3,Premium,Gama media,3269.0,27.0,0
C000670,Z14,Norte,rural,13074,33.0,M,Casado/a,4,Premium,Gama media,2698.0,45.0,0
C000671,Z05,Este,urbana_premium,94471,30.0,F,Soltero/a,3,Prepago,Gama media,3034.0,,0
C000672,Z18,Sur,urbana_premium,56342,43.0,M,Soltero/a,2,Premium,Gama alta,3969.0,57.0,0
C000673,Z30,Centro,suburbana,33966,61.0,F,Casado/a,4,Contrato,Gama baja,1886.0,36.0,0
C000674,Z22,Este,suburbana,53534,19.0,F,Soltero/a,2,Premium,Gama alta,2211.0,20.0,0
C000675,Z18,Sur,urbana_premium,56342,21.0,M,Soltero/a,3,Prepago,Gama media,2804.0,26.0,1
C000676,Z13,Este,suburbana,37333,31.0,F,Soltero/a,1,Contrato,Gama media,2833.0,17.0,1
C000677,Z28,Sur,urbana_premium,64486,45.0,M,Casado/a,2,Prepago,Gama media,2542.0,23.0,0
C000678,Z16,Este,urbana_premium,72683,34.0,M,Soltero/a,3,Prepago,Gama baja,1747.0,14.0,1
C000679,Z05,Este,urbana_premium,94471,27.0,F,Soltero/a,2,Premium,Gama media,2370.0,72.0,1
C000680,Z12,Norte,rural,11707,54.0,F,Casado/a,1,Prepago,Gama media,2184.0,64.0,0
C000681,Z04,Centro,suburbana,55457,51.0,F,Casado/a,1,Contrato,Gama alta,2259.0,48.0,0
C000682,Z07,Centro,rural,15473,45.0,F,Soltero/a,1,Contrato,Gama baja,1896.0,18.0,0
C000683,Z02,Oeste,suburbana,46400,30.0,M,Soltero/a,2,Premium,Gama alta,3270.0,29.0,0
C000684,Z15,Oeste,suburbana,62939,43.0,F,Soltero/a,2,Prepago,Gama media,2236.0,-5.0,0
C000685,Z20,Oeste,suburbana,46953,37.0,M,Divorciado/a,2,Prepago,Gama media,2899.0,11.0,1
C000686,Z11,Oeste,suburbana,41163,37.0,F,desconocido,2,Premium,Gama alta,6297.0,82.0,0
C000687,Z15,Oeste,suburbana,62939,34.0,F,Soltero/a,2,Premium,Gama media,2609.0,77.0,1
C000688,Z29,Oeste,urbana_premium,67334,47.0,M,Casado/a,4,Premium,Gama media,3562.0,60.0,0
C000689,Z26,Oeste,urbana_premium,107159,39.0,F,Soltero/a,2,Contrato,Gama media,4373.0,61.0,1
C000690,Z17,Sur,suburbana,56619,52.0,F,Casado/a,1,Prepago,Gama media,2239.0,-10.0,0
C000691,Z09,Norte,urbana_premium,102625,52.0,F,Casado/a,2,Prepago,Gama media,3112.0,45.0,0
C000692,Z28,Sur,urbana_premium,64486,42.0,X,Casado/a,2,Premium,Gama alta,3702.0,50.0,0
C000693,Z09,Norte,urbana_premium,102625,30.0,F,Soltero/a,2,Premium,Gama alta,4097.0,42.0,0
C000694,Z10,Este,suburbana,27514,52.0,F,Casado/a,4,Contrato,Gama baja,2152.0,84.0,1
C000695,Z28,Sur,urbana_premium,64486,42.0,F,Soltero/a,3,Premium,Gama alta,4653.0,11.0,0
C000696,Z17,Sur,suburbana,56619,71.0,F,Casado/a,1,Prepago,Gama media,5122.0,5.0,0
C000697,Z25,Oeste,rural,11763,49.0,M,Soltero/a,2,Contrato,Gama media,1188.0,12.0,0
C000698,Z18,Sur,urbana_premium,56342,44.0,M,Casado/a,5,Premium,Gama alta,4390.0,15.0,0
C000699,Z20,Oeste,suburbana,46953,43.0,F,Soltero/a,1,Premium,Gama alta,2887.0,24.0,0
C000700,Z09,Norte,urbana_premium,102625,35.0,F,Soltero/a,3,Premium,Gama alta,3450.0,40.0,0
C000701,Z09,Norte,urbana_premium,102625,33.0,F,Soltero/a,2,Premium,Gama media,4291.0,44.0,0
C000702,Z10,Este,suburbana,27514,44.0,M,Soltero/a,1,Contrato,Gama alta,4831.0,6.0,0
C000703,Z05,Este,urbana_premium,94471,42.0,M,Casado/a,3,Premium,Gama media,4188.0,14.0,1
C000704,Z99,Sur,urbana_premium,64486,50.0,F,Divorciado/a,2,Premium,Gama alta,,42.0,0
C000705,Z09,Norte,urbana_premium,102625,40.0,M,Soltero/a,3,Premium,Gama media,3776.0,29.0,0
C000706,Z17,Sur,suburbana,56619,34.0,M,Soltero/a,2,Prepago,Gama media,3387.0,21.0,0
C000707,Z26,Oeste,urbana_premium,107159,32.0,M,Soltero/a,2,Prepago,Gama media,3164.0,55.0,0
C000708,Z26,Oeste,urbana_premium,107159,20.0,F,Soltero/a,3,Premium,Gama alta,3879.0,21.0,1
C000709,Z15,Oeste,suburbana,62939,60.0,F,Casado/a,1,Premium,Gama media,2710.0,75.0,1
C000710,Z16,Este,urbana_premium,72683,30.0,M,Casado/a,3,Premium,Gama media,3973.0,12.0,1
C000711,Z30,Centro,suburbana,33966,52.0,F,Casado/a,4,Contrato,Gama media,1670.0,13.0,1
C000712,Z22,Este,suburbana,53534,43.0,M,Soltero/a,2,Contrato,Gama media,2018.0,35.0,0
C000713,Z26,Oeste,urbana_premium,107159,40.0,F,Soltero/a,3,Contrato,Gama alta,5801.0,19.0,0
C000714,Z28,Sur,urbana_premium,64486,35.0,F,Soltero/a,3,Premium,Gama media,6235.0,28.0,0
C000715,Z26,Oeste,urbana_premium,107159,27.0,F,Soltero/a,2,Premium,Gama media,2088.0,25.0,0
C000716,Z06,Sur,rural,19752,33.0,M,Divorciado/a,2,Prepago,Gama media,1904.0,33.0,1
C000717,Z17,Sur,suburbana,56619,61.0,M,Casado/a,3,Prepago,Gama media,2294.0,,0
C000718,Z04,Centro,suburbana,55457,41.0,M,Casado/a,3,Prepago,Gama media,3257.0,13.0,0
C000719,Z20,Oeste,suburbana,46953,54.0,F,Soltero/a,1,Prepago,Gama media,2895.0,20.0,0
C000720,Z29,Oeste,urbana_premium,67334,53.0,M,Casado/a,2,Prepago,Gama media,4857.0,37.0,0
C000721,Z16,Este,urbana_premium,72683,31.0,F,Soltero/a,2,Premium,Gama media,2385.0,19.0,0
C000722,Z15,Oeste,suburbana,62939,45.0,M,Casado/a,3,Contrato,Gama media,3369.0,86.0,0
C000723,Z02,Oeste,suburbana,46400,41.0,F,Casado/a,2,Contrato,Gama media,2652.0,41.0,0
C000724,Z29,Oeste,urbana_premium,67334,22.0,F,Soltero/a,3,Premium,Gama media,2957.0,40.0,0
C000725,Z04,Centro,suburbana,55457,,M,Divorciado/a,1,Contrato,Gama media,3479.0,26.0,1
C000726,Z02,Oeste,suburbana,46400,47.0,F,Casado/a,1,Prepago,Gama media,2734.0,31.0,1
C000727,Z09,Norte,urbana_premium,102625,30.0,M,Soltero/a,3,Contrato,Gama media,3695.0,22.0,0
C000728,Z04,Centro,suburbana,55457,36.0,F,Soltero/a,2,Prepago,Gama alta,4759.0,40.0,0
C000729,Z15,Oeste,suburbana,62939,38.0,F,Casado/a,4,Prepago,Gama media,3056.0,49.0,0
C000730,Z16,Este,urbana_premium,72683,61.0,F,Soltero/a,2,Premium,Gama alta,7561.0,37.0,0
C000731,Z10,Este,suburbana,27514,18.0,F,Soltero/a,1,Contrato,Gama media,1319.0,87.0,0
C000732,Z03,Sur,rural,16530,51.0,F,Casado/a,1,Contrato,Gama media,2314.0,17.0,0
C000733,Z05,Este,urbana_premium,94471,33.0,M,Soltero/a,2,Contrato,Gama media,2594.0,72.0,0
C000734,Z13,Este,suburbana,37333,32.0,F,Casado/a,1,Contrato,Gama media,2154.0,41.0,0
C000735,Z03,Sur,rural,16530,42.0,F,Soltero/a,1,Contrato,Gama media,1846.0,22.0,0
C000736,Z22,Este,suburbana,53534,48.0,M,Casado/a,2,Premium,Gama alta,4117.0,23.0,0
C000737,Z07,Centro,rural,15473,54.0,F,Casado/a,3,Contrato,Gama alta,2014.0,5.0,1
C000738,Z09,Norte,urbana_premium,102625,38.0,M,Soltero/a,3,Contrato,Gama media,2567.0,54.0,0
C000739,Z13,Este,suburbana,37333,53.0,M,Casado/a,1,Prepago,Gama media,,71.0,0
C000740,Z15,Oeste,suburbana,62939,55.0,F,Casado/a,3,Contrato,Gama media,,34.0,1
C000741,Z01,Centro,rural,16625,55.0,M,Casado/a,4,Prepago,Gama media,4168.0,16.0,0
C000742,Z05,Este,urbana_premium,94471,29.0,F,Soltero/a,2,Prepago,Gama media,2436.0,11.0,0
C000743,Z27,Norte,suburbana,42704,46.0,M,Casado/a,2,Contrato,Gama media,2696.0,35.0,0
C000744,Z01,Centro,rural,16625,51.0,F,Casado/a,1,Premium,Gama alta,4553.0,37.0,1
C000745,Z16,Este,urbana_premium,72683,26.0,F,Soltero/a,3,Contrato,Gama media,3417.0,25.0,0
C000746,Z16,Este,urbana_premium,72683,18.0,F,Soltero/a,3,Prepago,Gama alta,4439.0,27.0,0
C000747,Z11,Oeste,suburbana,41163,18.0,F,Soltero/a,2,Premium,Gama alta,2869.0,47.0,1
C000748,Z15,Oeste,suburbana,62939,41.0,M,Soltero/a,1,Prepago,Gama media,2980.0,30.0,0
C000749,Z26,Oeste,urbana_premium,107159,40.0,M,Soltero/a,2,Contrato,Gama media,2874.0,28.0,0
C000750,Z27,Norte,suburbana,42704,26.0,F,Soltero/a,1,Contrato,Gama media,3493.0,38.0,0
C000751,Z09,Norte,urbana_premium,102625,49.0,F,Soltero/a,2,Premium,Gama alta,,82.0,1
C000752,Z10,Este,suburbana,27514,42.0,F,Divorciado/a,2,Contrato,Gama media,1511.0,9.0,0
C000753,Z09,Norte,urbana_premium,102625,52.0,F,Divorciado/a,3,Contrato,Gama media,2770.0,25.0,0
C000754,Z16,Este,urbana_premium,72683,40.0,M,Soltero/a,3,Premium,Gama media,3154.0,11.0,0
C000755,Z22,Este,suburbana,53534,27.0,M,Soltero/a,1,Prepago,Gama baja,2185.0,7.0,0
C000756,Z09,Norte,urbana_premium,102625,41.0,F,Soltero/a,3,Premium,Gama media,4793.0,41.0,0
C000757,Z11,Oeste,suburbana,41163,48.0,F,Soltero/a,1,Contrato,Gama media,2411.0,47.0,1
C000758,Z29,Oeste,urbana_premium,67334,29.0,F,Soltero/a,3,Premium,Gama alta,3938.0,22.0,0
C000759,Z02,Oeste,suburbana,46400,23.0,F,Soltero/a,1,Premium,Gama alta,,31.0,0
C000760,Z16,Este,urbana_premium,72683,37.0,F,Soltero/a,2,Premium,Gama baja,2042.0,,0
C000761,Z22,Este,suburbana,53534,28.0,F,n/a,4,Premium,Gama media,3331.0,67.0,0
C000762,Z05,Este,urbana_premium,94471,49.0,M,Casado/a,3,Premium,Gama media,3667.0,8.0,0
C000763,Z02,Oeste,suburbana,46400,35.0,F,Soltero/a,2,Prepago,Gama media,2859.0,33.0,0
C000764,Z05,Este,urbana_premium,94471,57.0,M,Casado/a,5,Premium,Gama media,2788.0,50.0,0
C000765,Z28,Sur,urbana_premium,64486,18.0,M,Soltero/a,2,Contrato,Gama alta,3350.0,36.0,1
C000766,Z01,Centro,rural,16625,47.0,F,Casado/a,1,Prepago,Gama media,2315.0,11.0,0
C000767,Z06,Sur,rural,19752,62.0,M,Casado/a,4,Contrato,Gama media,2177.0,17.0,1
C000768,Z02,Oeste,suburbana,46400,29.0,M,Casado/a,1,Premium,Gama media,3805.0,31.0,0
C000769,Z05,Este,urbana_premium,94471,34.0,F,Soltero/a,3,Premium,Gama media,2610.0,10.0,0
C000770,Z20,Oeste,suburbana,46953,35.0,F,Soltero/a,1,Contrato,Gama media,1828.0,68.0,0
C000771,Z09,Norte,urbana_premium,102625,28.0,M,Soltero/a,2,Premium,Gama media,1897.0,15.0,0
C000772,Z18,Sur,urbana_premium,56342,39.0,F,Soltero/a,3,Contrato,Gama media,4022.0,,0
C000773,Z18,Sur,urbana_premium,56342,20.0,F,Soltero/a,2,Premium,Gama media,4988.0,42.0,1
C000774,Z27,Norte,suburbana,42704,39.0,M,Soltero/a,1,Prepago,Gama baja,1977.0,12.0,0
C000775,Z01,Centro,rural,16625,51.0,F,Soltero/a,1,Prepago,Gama media,1492.0,19.0,1
C000776,Z27,Norte,suburbana,42704,37.0,F,Casado/a,1,Prepago,Gama alta,5773.0,60.0,0
C000777,Z20,Oeste,suburbana,46953,28.0,F,Casado/a,2,Premium,Gama alta,4661.0,79.0,0
C000778,Z05,Este,urbana_premium,94471,48.0,F,Casado/a,3,Premium,Gama alta,6105.0,24.0,1
C000779,Z26,Oeste,urbana_premium,107159,45.0,F,Soltero/a,2,Premium,Gama alta,4325.0,30.0,0
C000780,Z27,Norte,suburbana,42704,28.0,F,Soltero/a,2,Prepago,Gama media,3816.0,7.0,1
C000781,Z09,Norte,urbana_premium,102625,20.0,M,Soltero/a,3,Premium,Gama alta,3462.0,15.0,0
C000782,Z28,Sur,urbana_premium,64486,25.0,F,Soltero/a,3,Contrato,Gama media,2326.0,34.0,0
C000783,Z15,Oeste,suburbana,62939,47.0,F,Soltero/a,2,Premium,Gama media,1843.0,38.0,0
C000784,Z18,Sur,urbana_premium,56342,39.0,M,Casado/a,5,Premium,Gama media,3832.0,48.0,1
C000785,Z30,Centro,suburbana,33966,49.0,F,Casado/a,2,Premium,Gama alta,4121.0,30.0,1
C000786,Z12,Norte,rural,11707,41.0,F,Casado/a,1,Contrato,Gama media,2189.0,45.0,0
C000787,Z26,Oeste,urbana_premium,107159,25.0,M,Soltero/a,2,Premium,Gama alta,4737.0,43.0,0
C000788,Z10,Este,suburbana,27514,51.0,M,Casado/a,1,Premium,Gama media,,19.0,1
C000789,Z26,Oeste,urbana_premium,107159,29.0,F,Soltero/a,3,Premium,Gama alta,4258.0,39.0,1
C000790,Z18,Sur,urbana_premium,56342,38.0,M,Soltero/a,2,Premium,Gama media,5013.0,62.0,1
C000791,Z08,Sur,rural,17023,,F,Casado/a,4,Premium,Gama media,3699.0,1.0,0
C000792,Z15,Oeste,suburbana,62939,33.0,M,Soltero/a,1,Prepago,Gama media,3294.0,23.0,1
C000793,Z10,Este,suburbana,27514,52.0,F,Divorciado/a,2,Prepago,Gama baja,5877.0,13.0,0
C000794,Z04,Centro,suburbana,55457,31.0,F,Casado/a,1,Prepago,Gama media,2747.0,32.0,0
C000795,Z02,Oeste,suburbana,46400,50.0,M,Casado/a,2,Prepago,Gama media,4738.0,19.0,0
C000796,Z11,Oeste,suburbana,41163,18.0,F,Soltero/a,1,Contrato,Gama alta,3655.0,35.0,1
C000797,Z02,Oeste,suburbana,46400,33.0,M,Soltero/a,2,Prepago,Gama media,1571.0,46.0,0
C000798,Z05,Este,urbana_premium,94471,34.0,M,Soltero/a,2,Premium,Gama alta,6278.0,36.0,1
C000799,Z23,Norte,rural,20553,66.0,F,Casado/a,4,Prepago,Gama media,1684.0,32.0,0
C000800,Z22,Este,suburbana,53534,26.0,M,Soltero/a,2,Contrato,Gama media,2732.0,58.0,0
C000801,Z24,Centro,rural,12558,53.0,F,Soltero/a,1,Contrato,Gama media,3151.0,32.0,0
C000802,Z10,Este,suburbana,27514,53.0,F,Casado/a,4,Prepago,Gama media,2297.0,9.0,0
C000803,Z28,Sur,urbana_premium,64486,27.0,M,Soltero/a,3,Prepago,Gama media,3734.0,9.0,1
C000804,Z18,Sur,urbana_premium,56342,32.0,M,Soltero/a,2,Premium,Gama media,4818.0,30.0,0
C000805,Z05,Este,urbana_premium,94471,38.0,F,Casado/a,4,Premium,Gama media,2870.0,30.0,0
C000806,Z05,Este,urbana_premium,94471,18.0,M,Soltero/a,3,Premium,Gama media,3524.0,-46.0,0
C000807,Z22,Este,suburbana,53534,35.0,F,Casado/a,3,Premium,Gama alta,2634.0,23.0,0
C000808,Z05,Este,urbana_premium,94471,51.0,M,n/a,2,Premium,Gama alta,5364.0,19.0,0
C000809,Z16,Este,urbana_premium,72683,42.0,F,Soltero/a,3,Premium,Gama alta,6627.0,48.0,1
C000810,Z30,Centro,suburbana,33966,38.0,M,Casado/a,3,Premium,Gama media,2028.0,38.0,0
C000811,Z01,Centro,rural,16625,46.0,F,Soltero/a,1,Prepago,Gama media,2386.0,10.0,1
C000812,Z02,Oeste,suburbana,46400,47.0,F,Casado/a,1,Premium,Gama alta,2481.0,13.0,0
C000813,Z30,Centro,suburbana,33966,49.0,M,Casado/a,1,Prepago,Gama media,3014.0,34.0,0
C000814,Z18,Sur,urbana_premium,56342,29.0,F,Soltero/a,3,Premium,Gama alta,7104.0,35.0,1
C000815,Z05,Este,urbana_premium,94471,54.0,M,Divorciado/a,3,Premium,Gama alta,4372.0,39.0,1
C000816,Z28,Sur,urbana_premium,64486,52.0,M,Divorciado/a,3,Premium,Gama alta,3143.0,24.0,0
C000817,Z28,Sur,urbana_premium,64486,44.0,M,Casado/a,5,Prepago,Gama media,2371.0,44.0,0
C000818,Z17,Sur,suburbana,56619,30.0,F,Soltero/a,1,Premium,Gama alta,4229.0,,0
C000819,Z20,Oeste,suburbana,46953,28.0,F,Soltero/a,1,Premium,Gama alta,2538.0,36.0,0
C000820,Z09,Norte,urbana_premium,102625,32.0,M,Soltero/a,2,Premium,Gama baja,2917.0,50.0,0
C000821,Z03,Sur,rural,16530,46.0,F,Casado/a,3,Premium,Gama media,2582.0,37.0,1
C000822,Z18,Sur,urbana_premium,56342,18.0,F,Soltero/a,2,Premium,Gama media,4687.0,11.0,0
C000823,Z09,Norte,urbana_premium,102625,42.0,M,n/a,2,Premium,Gama alta,3364.0,57.0,0
C000824,Z21,Centro,rural,19103,60.0,M,Casado/a,3,Prepago,Gama baja,1667.0,31.0,0
C000825,Z27,Norte,suburbana,42704,,M,Casado/a,1,Premium,Gama alta,4813.0,48.0,0
C000826,Z02,Oeste,suburbana,46400,32.0,M,Soltero/a,1,Premium,Gama alta,3787.0,13.0,0
C000827,Z18,Sur,urbana_premium,56342,26.0,F,Soltero/a,3,Prepago,Gama media,5407.0,38.0,0
C000828,Z09,Norte,urbana_premium,102625,40.0,F,Casado/a,5,Premium,Gama alta,3378.0,16.0,1
C000829,Z28,Sur,urbana_premium,64486,34.0,M,Soltero/a,3,Premium,Gama media,2863.0,45.0,1
C000830,Z09,Norte,urbana_premium,102625,41.0,F,Soltero/a,3,Premium,Gama baja,,32.0,1
C000831,Z19,Este,rural,12655,52.0,M,Divorciado/a,1,Prepago,Gama media,1362.0,16.0,0
C000832,Z17,Sur,suburbana,56619,53.0,F,Divorciado/a,2,Prepago,Gama baja,2652.0,27.0,0
C000833,Z13,Este,suburbana,37333,26.0,F,Soltero/a,2,Premium,Gama alta,2353.0,13.0,1
C000834,Z22,Este,suburbana,53534,43.0,M,Casado/a,2,Premium,Gama media,2901.0,22.0,1
C000835,Z23,Norte,rural,20553,41.0,F,Divorciado/a,1,Prepago,Gama media,2362.0,21.0,0
C000836,Z18,Sur,urbana_premium,56342,35.0,M,Soltero/a,2,Contrato,Gama alta,3951.0,33.0,0
C000837,Z26,Oeste,urbana_premium,107159,46.0,F,Casado/a,2,Contrato,Gama alta,3119.0,14.0,0
C000838,Z30,Centro,suburbana,33966,52.0,M,Casado/a,4,Prepago,Gama media,1967.0,24.0,1
C000839,Z15,Oeste,suburbana,62939,57.0,F,Casado/a,3,Contrato,Gama media,1799.0,47.0,0
C000840,Z16,Este,urbana_premium,72683,41.0,F,Soltero/a,2,Prepago,Gama media,4099.0,23.0,0
C000841,Z01,Centro,rural,16625,44.0,F,Soltero/a,2,Premium,Gama media,2434.0,28.0,0
C000842,Z26,Oeste,urbana_premium,107159,33.0,F,Soltero/a,2,Contrato,Gama alta,2351.0,50.0,1
C000843,Z17,Sur,suburbana,56619,19.0,F,Soltero/a,1,Prepago,Gama alta,4911.0,18.0,1
C000844,Z14,Norte,rural,13074,61.0,M,Soltero/a,1,Prepago,Gama baja,3109.0,17.0,0
C000845,Z04,Centro,suburbana,55457,36.0,F,Casado/a,4,Contrato,Gama media,2085.0,52.0,0
C000846,Z28,Sur,urbana_premium,64486,42.0,M,Soltero/a,2,Premium,Gama media,4200.0,39.0,1
C000847,Z13,Este,suburbana,37333,48.0,F,Divorciado/a,2,Contrato,Gama media,2842.0,21.0,0
C000848,Z22,Este,suburbana,53534,25.0,F,Soltero/a,1,Premium,Gama media,,39.0,0
C000849,Z05,Este,urbana_premium,94471,25.0,M,Soltero/a,3,Premium,Gama alta,4065.0,26.0,0
C000850,Z29,Oeste,urbana_premium,67334,55.0,M,Casado/a,3,Prepago,Gama media,4842.0,18.0,0
C000851,Z05,Este,urbana_premium,94471,39.0,M,Casado/a,3,Premium,Gama alta,6423.0,12.0,1
C000852,Z07,Centro,rural,15473,38.0,M,Casado/a,1,Contrato,Gama media,2578.0,32.0,0
C000853,Z27,Norte,suburbana,42704,38.0,F,Soltero/a,2,Contrato,Gama baja,3592.0,48.0,0
C000854,Z28,Sur,urbana_premium,64486,49.0,M,Casado/a,2,Premium,Gama alta,6391.0,25.0,1
C000855,Z08,Sur,rural,17023,56.0,F,Soltero/a,1,Prepago,Gama media,1923.0,68.0,0
C000856,Z16,Este,urbana_premium,72683,18.0,M,Casado/a,4,Premium,Gama alta,2761.0,35.0,1
C000857,Z24,Centro,rural,12558,65.0,M,Casado/a,3,Contrato,Gama alta,2937.0,13.0,0
C000858,Z28,Sur,urbana_premium,64486,48.0,M,Casado/a,4,Contrato,Gama media,2495.0,10.0,0
C000859,Z13,Este,suburbana,37333,38.0,M,Soltero/a,2,Prepago,Gama media,2247.0,42.0,0
C000860,Z16,Este,urbana_premium,72683,22.0,F,Soltero/a,3,Premium,Gama alta,6482.0,27.0,0
C000861,Z25,Oeste,rural,11763,58.0,M,Divorciado/a,1,Contrato,Gama media,1273.0,8.0,1
C000862,Z24,Centro,rural,12558,51.0,F,Casado/a,3,Premium,Gama media,2581.0,18.0,1
C000863,Z26,Oeste,urbana_premium,107159,19.0,F,Soltero/a,2,Prepago,Gama media,2311.0,27.0,0
C000864,Z18,Sur,urbana_premium,56342,33.0,M,Soltero/a,3,Premium,Gama media,4419.0,55.0,0
C000865,Z04,Centro,suburbana,55457,78.0,M,Casado/a,3,Contrato,Gama alta,5661.0,15.0,0
C000866,Z28,Sur,urbana_premium,64486,36.0,M,Casado/a,2,Premium,Gama media,2685.0,38.0,0
C000867,Z27,Norte,suburbana,42704,31.0,M,Soltero/a,1,Prepago,Gama media,1428.0,49.0,0
C000868,Z26,Oeste,urbana_premium,107159,24.0,F,Soltero/a,2,Contrato,Gama alta,4336.0,87.0,0
C000869,Z04,Centro,suburbana,55457,61.0,M,Casado/a,2,Premium,Gama media,2393.0,29.0,0
C000870,Z07,Centro,rural,15473,55.0,M,Soltero/a,2,Contrato,Gama media,2177.0,18.0,0
C000871,Z25,Oeste,rural,11763,62.0,F,Casado/a,1,Prepago,Gama media,2638.0,27.0,1
C000872,Z02,Oeste,suburbana,46400,43.0,M,Casado/a,2,Premium,Gama alta,3630.0,26.0,1
C000873,Z30,Centro,suburbana,33966,55.0,F,Divorciado/a,1,Premium,Gama media,3643.0,47.0,0
C000874,Z13,Este,suburbana,37333,30.0,F,Soltero/a,2,Contrato,Gama media,2952.0,29.0,1
C000875,Z23,Norte,rural,20553,47.0,F,Casado/a,3,Prepago,Gama alta,2704.0,17.0,1
C000876,Z28,Sur,urbana_premium,64486,39.0,F,Soltero/a,3,Premium,Gama media,3584.0,,0
C000877,Z13,Este,suburbana,37333,57.0,M,Casado/a,3,Premium,Gama media,2657.0,39.0,0
C000878,Z10,Este,suburbana,27514,44.0,M,Soltero/a,1,Prepago,Gama media,2964.0,35.0,0
C000879,Z19,Este,rural,12655,37.0,F,Casado/a,2,Contrato,Gama media,2841.0,7.0,0
C000880,Z18,Sur,urbana_premium,56342,37.0,M,Casado/a,3,Premium,Gama alta,3052.0,47.0,1
C000881,Z14,Norte,rural,13074,25.0,M,Soltero/a,1,Premium,Gama media,2503.0,14.0,0
C000882,Z18,Sur,urbana_premium,56342,18.0,F,Soltero/a,2,Contrato,Gama media,3260.0,11.0,0
C000883,Z29,Oeste,urbana_premium,67334,46.0,F,Casado/a,3,Premium,Gama media,2958.0,12.0,0
C000884,Z16,Este,urbana_premium,72683,32.0,F,Soltero/a,3,Premium,Gama baja,5530.0,65.0,0
C000885,Z06,Sur,rural,19752,42.0,M,Divorciado/a,2,Contrato,Gama media,2644.0,28.0,0
C000886,Z13,Este,suburbana,37333,50.0,F,Soltero/a,1,Prepago,Gama alta,3405.0,33.0,0
C000887,Z13,Este,suburbana,37333,57.0,M,Casado/a,3,Prepago,Gama baja,2141.0,9.0,0
C000888,Z05,Este,urbana_premium,94471,42.0,F,Soltero/a,3,Premium,Gama media,3511.0,37.0,1
C000889,Z05,Este,urbana_premium,94471,59.0,M,Casado/a,5,Premium,Gama alta,4723.0,32.0,0
C000890,Z22,Este,suburbana,53534,46.0,F,Casado/a,4,Premium,Gama alta,3396.0,24.0,0
C000891,Z11,Oeste,suburbana,41163,44.0,F,Casado/a,4,Premium,Gama alta,7314.0,,1
C000892,Z29,Oeste,urbana_premium,67334,39.0,M,Casado/a,5,Premium,Gama alta,4134.0,45.0,0
C000893,Z09,Norte,urbana_premium,102625,21.0,F,Soltero/a,2,Premium,Gama alta,3033.0,32.0,0
C000894,Z04,Centro,suburbana,55457,51.0,M,Casado/a,1,Premium,Gama media,2560.0,37.0,0
C000895,Z26,Oeste,urbana_premium,107159,18.0,M,Soltero/a,3,Premium,Gama media,2836.0,,1
C000896,Z28,Sur,urbana_premium,64486,29.0,M,Casado/a,3,Premium,Gama media,3053.0,46.0,1
C000897,Z09,Norte,urbana_premium,102625,36.0,F,Soltero/a,3,Premium,Gama alta,3964.0,21.0,0
C000898,Z07,Centro,rural,15473,36.0,M,Soltero/a,2,Contrato,Gama baja,1974.0,60.0,1
C000899,Z06,Sur,rural,19752,40.0,F,Casado/a,4,Prepago,Gama alta,3706.0,22.0,0
C000900,Z17,Sur,suburbana,56619,62.0,F,Casado/a,1,Premium,Gama alta,4058.0,34.0,1
C000901,Z16,Este,urbana_premium,72683,49.0,F,Divorciado/a,2,Premium,Gama alta,5179.0,23.0,0
C000902,Z09,Norte,urbana_premium,102625,28.0,M,Casado/a,5,Contrato,Gama alta,3505.0,13.0,0
C000903,Z02,Oeste,suburbana,46400,34.0,F,Soltero/a,2,Premium,Gama alta,4104.0,33.0,1
C000904,Z16,Este,urbana_premium,72683,21.0,M,Soltero/a,3,Premium,Gama media,5476.0,38.0,0
C000905,Z29,Oeste,urbana_premium,67334,44.0,M,Casado/a,4,Premium,Gama media,6691.0,48.0,0
C000906,Z20,Oeste,suburbana,46953,37.0,F,Soltero/a,1,Premium,Gama media,2467.0,13.0,0
C000907,Z16,Este,urbana_premium,72683,18.0,F,Soltero/a,2,Premium,Gama alta,3843.0,21.0,0
C000908,Z05,Este,urbana_premium,94471,37.0,M,Divorciado/a,2,Prepago,Gama media,2943.0,12.0,0
C000909,Z09,Norte,urbana_premium,102625,41.0,M,Divorciado/a,2,Prepago,Gama alta,9641.0,19.0,0
C000910,Z09,Norte,urbana_premium,102625,48.0,M,Casado/a,3,Prepago,Gama media,3567.0,29.0,0
C000911,Z26,Oeste,urbana_premium,107159,35.0,M,Soltero/a,2,Premium,Gama alta,5982.0,44.0,1
C000912,Z28,Sur,urbana_premium,64486,32.0,M,Casado/a,5,Prepago,Gama media,4043.0,77.0,0
C000913,Z28,Sur,urbana_premium,64486,60.0,M,Divorciado/a,3,Premium,Gama media,5207.0,23.0,0
C000914,Z30,Centro,suburbana,33966,40.0,M,Soltero/a,1,Contrato,Gama media,2966.0,24.0,0
C000915,Z30,Centro,suburbana,33966,49.0,M,Casado/a,1,Premium,Gama media,4118.0,51.0,0
C000916,Z29,Oeste,urbana_premium,67334,30.0,F,Casado/a,3,Premium,Gama media,4216.0,22.0,0
C000917,Z04,Centro,suburbana,55457,48.0,F,Soltero/a,1,Prepago,Gama alta,5414.0,68.0,0
C000918,Z05,Este,urbana_premium,94471,,F,Soltero/a,3,Premium,Gama media,4261.0,21.0,0
C000919,Z09,Norte,urbana_premium,102625,30.0,M,Soltero/a,3,Premium,Gama alta,2972.0,29.0,1
C000920,Z17,Sur,suburbana,56619,26.0,F,Casado/a,3,Premium,Gama alta,3574.0,45.0,0
C000921,Z04,Centro,suburbana,55457,33.0,M,Casado/a,2,Prepago,Gama media,2991.0,40.0,0
C000922,Z27,Norte,suburbana,42704,55.0,F,Casado/a,3,Contrato,Gama media,2111.0,24.0,1
C000923,Z19,Este,rural,12655,38.0,M,Soltero/a,1,Prepago,Gama media,2651.0,103.0,0
C000924,Z17,Sur,suburbana,56619,49.0,F,Casado/a,2,Contrato,Gama media,2402.0,31.0,0
C000925,Z05,Este,urbana_premium,94471,54.0,M,Casado/a,5,Premium,Gama media,3524.0,,0
C000926,Z09,Norte,urbana_premium,102625,,F,Soltero/a,2,Prepago,Gama media,,23.0,0
C000927,Z05,Este,urbana_premium,94471,48.0,M,Divorciado/a,2,Contrato,Gama media,1883.0,8.0,1
C000928,Z27,Norte,suburbana,42704,46.0,F,Divorciado/a,1,Premium,Gama media,2563.0,23.0,1
C000929,Z18,Sur,urbana_premium,56342,37.0,F,Divorciado/a,2,Premium,Gama alta,5289.0,21.0,1
C000930,Z99,Centro,rural,12558,54.0,M,Divorciado/a,2,Premium,Gama media,2170.0,34.0,0
C000931,Z09,Norte,urbana_premium,102625,58.0,F,Soltero/a,3,Contrato,Gama media,1967.0,20.0,0
C000932,Z13,Este,suburbana,37333,32.0,M,Soltero/a,1,Premium,Gama media,2897.0,43.0,0
C000933,Z14,Norte,rural,13074,33.0,F,Soltero/a,1,Contrato,Gama alta,2749.0,14.0,0
C000934,Z26,Oeste,urbana_premium,107159,24.0,M,Soltero/a,2,Premium,Gama alta,3449.0,36.0,0
C000935,Z26,Oeste,urbana_premium,107159,48.0,F,Casado/a,2,Prepago,Gama media,3488.0,57.0,0
C000936,Z07,Centro,rural,15473,59.0,F,Casado/a,4,Prepago,Gama media,1986.0,46.0,0
C000937,Z29,Oeste,urbana_premium,67334,30.0,M,Soltero/a,3,Contrato,Gama media,4756.0,16.0,0
C000938,Z05,Este,urbana_premium,94471,18.0,F,Soltero/a,3,Premium,Gama media,2871.0,64.0,0
C000939,Z28,Sur,urbana_premium,64486,28.0,F,Soltero/a,3,Premium,Gama alta,4634.0,16.0,0
C000940,Z04,Centro,suburbana,55457,47.0,F,Casado/a,1,Contrato,Gama alta,2714.0,40.0,1
C000941,Z09,Norte,urbana_premium,102625,35.0,M,Soltero/a,3,Prepago,Gama media,5935.0,26.0,0
C000942,Z27,Norte,suburbana,42704,42.0,M,Divorciado/a,2,Premium,Gama media,2515.0,26.0,0
C000943,Z05,Este,urbana_premium,94471,30.0,M,Soltero/a,3,Premium,Gama media,2595.0,22.0,1
C000944,Z15,Oeste,suburbana,62939,52.0,M,Soltero/a,2,Contrato,Gama alta,3702.0,40.0,1
C000945,Z15,Oeste,suburbana,62939,44.0,M,Divorciado/a,1,Prepago,Gama media,3542.0,14.0,0
C000946,Z09,Norte,urbana_premium,102625,43.0,F,Casado/a,4,Premium,Gama alta,4421.0,84.0,1
C000947,Z22,Este,suburbana,53534,42.0,F,Casado/a,1,Contrato,Gama media,4009.0,31.0,0
C000948,Z27,Norte,suburbana,42704,46.0,F,Casado/a,1,Prepago,Gama media,2099.0,57.0,0
C000949,Z28,Sur,urbana_premium,64486,42.0,X,Soltero/a,3,Premium,Gama media,2905.0,33.0,0
C000950,Z11,Oeste,suburbana,41163,29.0,M,Casado/a,1,Premium,Gama alta,4731.0,30.0,0
C000951,Z17,Sur,suburbana,56619,44.0,F,Soltero/a,2,Prepago,Gama alta,3472.0,61.0,0
C000952,Z09,Norte,urbana_premium,102625,45.0,F,Soltero/a,2,Premium,Gama alta,3263.0,30.0,0
C000953,Z09,Norte,urbana_premium,102625,50.0,F,Casado/a,4,Contrato,Gama baja,2065.0,60.0,0
C000954,Z05,Este,urbana_premium,94471,41.0,F,Divorciado/a,3,Contrato,Gama media,2476.0,15.0,1
C000955,Z29,Oeste,urbana_premium,67334,24.0,M,Soltero/a,2,Premium,Gama alta,2738.0,30.0,0
C000956,Z28,Sur,urbana_premium,64486,26.0,F,Soltero/a,3,Prepago,Gama alta,3145.0,4.0,0
C000957,Z26,Oeste,urbana_premium,107159,31.0,F,Casado/a,4,Premium,Gama media,4260.0,39.0,1
C000958,Z16,Este,urbana_premium,72683,38.0,M,Casado/a,4,Premium,Gama media,2373.0,36.0,0
C000959,Z16,Este,urbana_premium,72683,35.0,F,Soltero/a,2,Premium,Gama media,3182.0,22.0,0
C000960,Z17,Sur,suburbana,56619,27.0,M,Soltero/a,1,Prepago,Gama alta,1916.0,18.0,0
C000961,Z17,Sur,suburbana,56619,26.0,X,Soltero/a,2,Premium,Gama media,2572.0,42.0,0
C000962,Z15,Oeste,suburbana,62939,18.0,M,Soltero/a,2,Premium,Gama alta,6868.0,36.0,0
C000963,Z05,Este,urbana_premium,94471,18.0,F,Soltero/a,3,Premium,Gama alta,5804.0,17.0,0
C000964,Z05,Este,urbana_premium,94471,34.0,F,Soltero/a,3,Premium,Gama media,4679.0,50.0,1
C000965,Z99,Oeste,urbana_premium,67334,64.0,M,Casado/a,3,Premium,Gama media,3188.0,32.0,1
C000966,Z16,Este,urbana_premium,72683,58.0,F,Casado/a,5,Prepago,Gama media,2626.0,72.0,0
C000967,Z29,Oeste,urbana_premium,67334,24.0,F,desconocido,3,Premium,Gama media,3713.0,69.0,0
C000968,Z05,Este,urbana_premium,94471,38.0,M,Soltero/a,3,Premium,Gama media,2222.0,26.0,1
C000969,Z17,Sur,suburbana,56619,22.0,M,Soltero/a,1,Contrato,Gama baja,3740.0,,0
C000970,Z07,Centro,rural,15473,29.0,M,Soltero/a,1,Prepago,Gama media,2166.0,52.0,0
C000971,Z09,Norte,urbana_premium,102625,22.0,M,Soltero/a,2,Premium,Gama alta,3791.0,22.0,0
C000972,Z02,Oeste,suburbana,46400,37.0,F,Casado/a,2,Prepago,Gama baja,1665.0,40.0,0
C000973,Z05,Este,urbana_premium,94471,34.0,F,Divorciado/a,2,Premium,Gama media,3895.0,62.0,0
C000974,Z28,Sur,urbana_premium,64486,39.0,M,Soltero/a,2,Premium,Gama alta,3520.0,49.0,0
C000975,Z10,Este,suburbana,27514,48.0,F,Divorciado/a,2,Prepago,Gama media,2133.0,17.0,0
C000976,Z19,Este,rural,12655,41.0,M,Casado/a,4,Prepago,Gama baja,2511.0,18.0,0
C000977,Z16,Este,urbana_premium,72683,36.0,M,Casado/a,5,Premium,Gama media,3329.0,23.0,0
C000978,Z14,Norte,rural,13074,32.0,M,Soltero/a,2,Prepago,Gama media,2574.0,62.0,0
C000979,Z17,Sur,suburbana,56619,24.0,M,Soltero/a,1,Contrato,Gama media,3701.0,27.0,1
C000980,Z06,Sur,rural,19752,27.0,M,Soltero/a,1,Prepago,Gama media,1588.0,20.0,0
C000981,Z30,Centro,suburbana,33966,48.0,M,Casado/a,4,Premium,Gama media,3095.0,33.0,1
C000982,Z26,Oeste,urbana_premium,107159,32.0,M,Soltero/a,3,Contrato,Gama media,3948.0,20.0,0
C000983,Z25,Oeste,rural,11763,23.0,M,Soltero/a,1,Premium,Gama media,3588.0,,0
C000984,Z16,Este,urbana_premium,72683,,F,Soltero/a,3,Contrato,Gama alta,5138.0,36.0,0
C000985,Z05,Este,urbana_premium,94471,21.0,M,Soltero/a,2,Premium,Gama media,3388.0,27.0,0
C000986,Z29,Oeste,urbana_premium,67334,56.0,F,Casado/a,3,Premium,Gama media,3298.0,18.0,0
C000987,Z11,Oeste,suburbana,41163,33.0,M,Soltero/a,1,Premium,Gama media,3141.0,,0
C000988,Z02,Oeste,suburbana,46400,48.0,F,Casado/a,2,Prepago,Gama media,2012.0,4.0,0
C000989,Z11,Oeste,suburbana,41163,53.0,M,Divorciado/a,1,Contrato,Gama media,2120.0,13.0,0
C000990,Z26,Oeste,urbana_premium,107159,25.0,F,Soltero/a,3,Premium,Gama alta,3249.0,26.0,0
C000991,Z20,Oeste,suburbana,46953,41.0,M,Casado/a,2,Premium,Gama media,1295.0,19.0,1
C000992,Z26,Oeste,urbana_premium,107159,43.0,M,Casado/a,5,Premium,Gama alta,2707.0,9.0,1
C000993,Z26,Oeste,urbana_premium,107159,37.0,F,Divorciado/a,2,Premium,Gama media,3407.0,15.0,0
C000994,Z08,Sur,rural,17023,49.0,F,Soltero/a,1,Premium,Gama alta,6091.0,31.0,0
C000995,Z29,Oeste,urbana_premium,67334,20.0,F,Soltero/a,2,Prepago,Gama alta,3055.0,11.0,0
C000996,Z15,Oeste,suburbana,62939,47.0,F,Casado/a,2,Prepago,Gama media,3756.0,7.0,1
C000997,Z20,Oeste,suburbana,46953,34.0,M,Soltero/a,1,Premium,Gama media,2781.0,78.0,0
C000998,Z01,Centro,rural,16625,49.0,F,Casado/a,3,Premium,Gama media,2708.0,17.0,0
C000999,Z30,Centro,suburbana,33966,51.0,M,Casado/a,3,Prepago,Gama media,2041.0,6.0,0
C001000,Z09,Norte,urbana_premium,102625,44.0,F,Casado/a,3,Premium,Gama media,2228.0,22.0,1
C001001,Z03,Sur,rural,16530,49.0,F,Casado/a,1,Contrato,Gama alta,3760.0,46.0,0
C001002,Z15,Oeste,suburbana,62939,48.0,M,Divorciado/a,1,Contrato,Gama baja,1871.0,46.0,0
C001003,Z05,Este,urbana_premium,94471,44.0,F,Soltero/a,2,Premium,Gama media,6433.0,28.0,1
C001004,Z05,Este,urbana_premium,94471,54.0,M,n/a,4,Premium,Gama media,3362.0,42.0,1
C001005,Z20,Oeste,suburbana,46953,40.0,M,Soltero/a,1,Contrato,Gama media,2232.0,9.0,0
C001006,Z13,Este,suburbana,37333,42.0,F,Soltero/a,2,Prepago,Gama media,2488.0,25.0,1
C001007,Z29,Oeste,urbana_premium,67334,47.0,M,Casado/a,4,Premium,Gama media,6706.0,9.0,1
C001008,Z10,Este,suburbana,27514,34.0,M,Soltero/a,1,Premium,Gama alta,2334.0,71.0,0
C001009,Z23,Norte,rural,20553,,F,Soltero/a,1,Contrato,Gama media,2031.0,10.0,0
C001010,Z16,Este,urbana_premium,72683,42.0,M,Casado/a,4,Premium,Gama alta,5385.0,33.0,0
C001011,Z21,Centro,rural,19103,43.0,M,Casado/a,2,Prepago,Gama media,2740.0,6.0,0
C001012,Z18,Sur,urbana_premium,56342,22.0,M,Soltero/a,3,Premium,Gama media,7920.0,59.0,0
C001013,Z16,Este,urbana_premium,72683,42.0,F,Casado/a,2,Premium,Gama alta,5755.0,71.0,0
C001014,Z29,Oeste,urbana_premium,67334,53.0,M,Soltero/a,3,Premium,Gama media,3000.0,47.0,0
C001015,Z11,Oeste,suburbana,41163,20.0,F,Soltero/a,2,Prepago,Gama baja,4703.0,40.0,0
C001016,Z05,Este,urbana_premium,94471,48.0,M,Soltero/a,3,Prepago,Gama media,1953.0,56.0,0
C001017,Z22,Este,suburbana,53534,18.0,F,Soltero/a,2,Contrato,Gama media,3903.0,4.0,0
C001018,Z27,Norte,suburbana,42704,35.0,M,Soltero/a,1,Contrato,Gama media,2371.0,36.0,0
C001019,Z02,Oeste,suburbana,46400,62.0,M,Casado/a,3,Premium,Gama alta,3672.0,25.0,1
C001020,Z15,Oeste,suburbana,62939,36.0,F,Soltero/a,2,Premium,Gama alta,5927.0,44.0,0
C001021,Z28,Sur,urbana_premium,64486,37.0,F,Soltero/a,2,Premium,Gama media,2133.0,29.0,0
C001022,Z26,Oeste,urbana_premium,107159,45.0,M,Casado/a,3,Premium,Gama alta,5287.0,45.0,0
C001023,Z30,Centro,suburbana,33966,19.0,M,Soltero/a,2,Contrato,Gama alta,4000.0,32.0,0
C001024,Z17,Sur,suburbana,56619,41.0,F,Soltero/a,2,Premium,Gama alta,3756.0,7.0,0
C001025,Z21,Centro,rural,19103,46.0,M,Casado/a,1,Prepago,Gama baja,1647.0,26.0,0
C001026,Z09,Norte,urbana_premium,102625,58.0,M,n/a,2,Premium,Gama alta,3710.0,88.0,0
C001027,Z29,Oeste,urbana_premium,67334,21.0,F,Soltero/a,3,Contrato,Gama media,2732.0,22.0,0
C001028,Z99,Norte,rural,11707,40.0,F,Divorciado/a,1,Prepago,Gama media,2699.0,28.0,0
C001029,Z24,Centro,rural,12558,34.0,F,Soltero/a,2,Prepago,Gama baja,1471.0,61.0,0
C001030,Z14,Norte,rural,13074,33.0,M,Soltero/a,2,Prepago,Gama media,1992.0,8.0,0
C001031,Z17,Sur,suburbana,56619,54.0,F,Casado/a,3,Premium,Gama alta,3716.0,34.0,0
C001032,Z23,Norte,rural,20553,45.0,M,n/a,4,Contrato,Gama media,1796.0,32.0,0
C001033,Z16,Este,urbana_premium,72683,29.0,F,Soltero/a,3,Premium,Gama alta,3332.0,,0
C001034,Z28,Sur,urbana_premium,64486,30.0,M,Soltero/a,2,Prepago,Gama media,2787.0,13.0,1
C001035,Z15,Oeste,suburbana,62939,33.0,F,Casado/a,2,Prepago,Gama baja,3261.0,44.0,0
C001036,Z20,Oeste,suburbana,46953,34.0,F,Soltero/a,2,Prepago,Gama media,2841.0,53.0,0
C001037,Z11,Oeste,suburbana,41163,25.0,M,Soltero/a,2,Prepago,Gama media,2307.0,54.0,0
C001038,Z14,Norte,rural,13074,,F,Divorciado/a,1,Prepago,Gama media,1862.0,12.0,0
C001039,Z15,Oeste,suburbana,62939,36.0,?,Soltero/a,2,Contrato,Gama media,3151.0,38.0,0
C001040,Z05,Este,urbana_premium,94471,27.0,M,Soltero/a,3,Prepago,Gama media,2643.0,25.0,0
C001041,Z04,Centro,suburbana,55457,42.0,M,Divorciado/a,2,Contrato,Gama media,,26.0,0
C001042,Z21,Centro,rural,19103,48.0,M,Casado/a,3,Contrato,Gama media,2349.0,16.0,0
C001043,Z21,Centro,rural,19103,38.0,F,Soltero/a,1,Prepago,Gama media,2452.0,42.0,0
C001044,Z21,Centro,rural,19103,43.0,F,Divorciado/a,1,Premium,Gama media,1928.0,1.0,1
C001045,Z02,Oeste,suburbana,46400,66.0,M,Casado/a,3,Premium,Gama alta,3684.0,43.0,1
C001046,Z10,Este,suburbana,27514,65.0,M,Soltero/a,2,Premium,Gama alta,4174.0,46.0,0
C001047,Z06,Sur,rural,19752,32.0,F,Casado/a,4,Prepago,Gama media,2912.0,17.0,0
C001048,Z26,Oeste,urbana_premium,107159,25.0,M,Soltero/a,2,Prepago,Gama media,4119.0,11.0,0
C001049,Z27,Norte,suburbana,42704,27.0,M,Casado/a,3,Prepago,Gama media,1809.0,,0
C001050,Z09,Norte,urbana_premium,102625,49.0,M,Casado/a,2,Premium,Gama alta,6881.0,31.0,0
C001051,Z21,Centro,rural,19103,40.0,F,Casado/a,3,Prepago,Gama media,2370.0,12.0,1
C001052,Z05,Este,urbana_premium,94471,39.0,F,Casado/a,3,Contrato,Gama alta,4269.0,54.0,0
C001053,Z09,Norte,urbana_premium,102625,60.0,F,Soltero/a,3,Contrato,Gama media,2991.0,35.0,0
C001054,Z05,Este,urbana_premium,94471,36.0,M,Soltero/a,3,Prepago,Gama media,3550.0,59.0,0
C001055,Z09,Norte,urbana_premium,102625,44.0,F,Soltero/a,3,Premium,Gama media,5784.0,18.0,0
C001056,Z22,Este,suburbana,53534,46.0,NA,Divorciado/a,2,Contrato,Gama alta,3920.0,66.0,0
C001057,Z28,Sur,urbana_premium,64486,29.0,F,Soltero/a,2,Premium,Gama alta,3433.0,14.0,0
C001058,Z07,Centro,rural,15473,58.0,M,Soltero/a,2,Premium,Gama alta,3963.0,19.0,1
C001059,Z17,Sur,suburbana,56619,30.0,F,Soltero/a,2,Premium,Gama media,2094.0,48.0,1
C001060,Z22,Este,suburbana,53534,,F,Soltero/a,2,Contrato,Gama media,1655.0,30.0,1
C001061,Z29,Oeste,urbana_premium,67334,29.0,F,Soltero/a,2,Contrato,Gama media,1948.0,26.0,0
C001062,Z19,Este,rural,12655,39.0,M,Soltero/a,2,Premium,Gama alta,3066.0,50.0,0
C001063,Z09,Norte,urbana_premium,102625,23.0,F,Soltero/a,3,Premium,Gama baja,3000.0,11.0,0
C001064,Z20,Oeste,suburbana,46953,29.0,F,Soltero/a,2,Premium,Gama media,2838.0,30.0,0
C001065,Z10,Este,suburbana,27514,35.0,M,Soltero/a,1,Premium,Gama alta,4372.0,13.0,0
C001066,Z30,Centro,suburbana,33966,18.0,F,Soltero/a,1,Prepago,Gama media,3344.0,22.0,0
C001067,Z14,Norte,rural,13074,42.0,F,Casado/a,2,Contrato,Gama media,1533.0,,1
C001068,Z22,Este,suburbana,53534,34.0,F,Divorciado/a,1,Prepago,Gama media,5263.0,62.0,0
C001069,Z02,Oeste,suburbana,46400,49.0,F,Casado/a,2,Prepago,Gama media,2692.0,9.0,1
C001070,Z14,Norte,rural,13074,50.0,M,Soltero/a,2,Prepago,Gama media,,23.0,0
C001071,Z28,Sur,urbana_premium,64486,28.0,F,Soltero/a,3,Premium,Gama alta,2982.0,55.0,0
C001072,Z19,Este,rural,12655,,M,Soltero/a,2,Prepago,Gama baja,1571.0,18.0,0
C001073,Z15,Oeste,suburbana,62939,37.0,M,Casado/a,2,Contrato,Gama media,3231.0,20.0,0
C001074,Z29,Oeste,urbana_premium,67334,54.0,F,Soltero/a,3,Prepago,Gama media,2311.0,10.0,0
C001075,Z27,Norte,suburbana,42704,30.0,F,Soltero/a,2,Contrato,Gama alta,2896.0,14.0,1
C001076,Z10,Este,suburbana,27514,31.0,F,Soltero/a,1,Contrato,Gama alta,5192.0,20.0,0
C001077,Z17,Sur,suburbana,56619,26.0,F,Soltero/a,1,Premium,Gama media,3877.0,-23.0,1
C001078,Z99,Este,urbana_premium,72683,18.0,M,Soltero/a,3,Premium,Gama alta,4109.0,34.0,0
C001079,Z20,Oeste,suburbana,46953,44.0,F,Casado/a,2,Contrato,Gama media,2030.0,33.0,1
C001080,Z11,Oeste,suburbana,41163,42.0,M,Soltero/a,1,Premium,Gama alta,2918.0,75.0,0
C001081,Z09,Norte,urbana_premium,102625,51.0,F,Soltero/a,2,Premium,Gama media,2897.0,-24.0,0
C001082,Z28,Sur,urbana_premium,64486,48.0,F,Casado/a,4,Premium,Gama alta,6341.0,34.0,0
C001083,Z29,Oeste,urbana_premium,67334,65.0,F,Soltero/a,2,Premium,Gama media,3243.0,31.0,0
C001084,Z27,Norte,suburbana,42704,39.0,F,Soltero/a,2,Premium,Gama media,2264.0,33.0,0
C001085,Z30,Centro,suburbana,33966,37.0,F,Casado/a,4,Contrato,Gama media,2762.0,20.0,1
C001086,Z25,Oeste,rural,11763,29.0,F,Casado/a,2,Prepago,Gama media,1766.0,38.0,0
C001087,Z26,Oeste,urbana_premium,107159,44.0,F,Soltero/a,3,Premium,Gama alta,4157.0,26.0,1
C001088,Z26,Oeste,urbana_premium,107159,37.0,M,Soltero/a,3,Premium,Gama media,7240.0,48.0,0
C001089,Z16,Este,urbana_premium,72683,44.0,F,Divorciado/a,3,Premium,Gama media,3837.0,41.0,1
C001090,Z15,Oeste,suburbana,62939,26.0,M,Soltero/a,1,Contrato,Gama baja,2158.0,30.0,1
C001091,Z09,Norte,urbana_premium,102625,40.0,F,Casado/a,4,Contrato,Gama media,3622.0,25.0,0
C001092,Z20,Oeste,suburbana,46953,42.0,F,Casado/a,2,Contrato,Gama media,1911.0,50.0,0
C001093,Z09,Norte,urbana_premium,102625,38.0,F,Divorciado/a,3,Premium,Gama alta,10464.0,57.0,0
C001094,Z09,Norte,urbana_premium,102625,28.0,F,Casado/a,2,Premium,Gama alta,7189.0,67.0,1
C001095,Z18,Sur,urbana_premium,56342,50.0,F,Casado/a,5,Premium,Gama alta,5922.0,38.0,0
C001096,Z14,Norte,rural,13074,70.0,F,Soltero/a,2,Prepago,Gama media,3020.0,19.0,0
C001097,Z08,Sur,rural,17023,32.0,M,Divorciado/a,1,Premium,Gama media,2191.0,43.0,0
C001098,Z26,Oeste,urbana_premium,107159,45.0,M,Casado/a,5,Premium,Gama media,3640.0,22.0,0
C001099,Z27,Norte,suburbana,42704,18.0,M,Soltero/a,1,Premium,Gama media,2760.0,,1
C001100,Z05,Este,urbana_premium,94471,44.0,F,Soltero/a,2,Premium,Gama alta,8795.0,14.0,1
C001101,Z01,Centro,rural,16625,23.0,F,Soltero/a,2,Premium,Gama media,2171.0,35.0,0
C001102,Z11,Oeste,suburbana,41163,34.0,F,Soltero/a,1,Contrato,Gama alta,2447.0,16.0,0
C001103,Z26,Oeste,urbana_premium,107159,20.0,M,Soltero/a,3,Premium,Gama alta,3690.0,,1
C001104,Z27,Norte,suburbana,42704,37.0,M,Soltero/a,1,Premium,Gama alta,3572.0,41.0,0
C001105,Z05,Este,urbana_premium,94471,46.0,F,Soltero/a,3,Premium,Gama media,1131.0,32.0,0
C001106,Z26,Oeste,urbana_premium,107159,18.0,F,Soltero/a,2,Contrato,Gama media,4393.0,10.0,0
C001107,Z05,Este,urbana_premium,94471,32.0,M,Casado/a,4,Premium,Gama media,1572.0,50.0,0
C001108,Z13,Este,suburbana,37333,34.0,M,Casado/a,1,Premium,Gama alta,4990.0,45.0,0
C001109,Z30,Centro,suburbana,33966,59.0,M,Casado/a,3,Premium,Gama media,1630.0,34.0,0
C001110,Z06,Sur,rural,19752,50.0,F,Soltero/a,2,Prepago,Gama media,1753.0,30.0,0
C001111,Z05,Este,urbana_premium,94471,22.0,F,Soltero/a,3,Premium,Gama baja,1957.0,17.0,0
C001112,Z15,Oeste,suburbana,62939,34.0,?,Soltero/a,1,Premium,Gama alta,5599.0,32.0,0
C001113,Z20,Oeste,suburbana,46953,59.0,F,Soltero/a,1,Contrato,Gama media,2968.0,31.0,0
C001114,Z29,Oeste,urbana_premium,67334,45.0,F,Soltero/a,3,Premium,Gama alta,8344.0,26.0,0
C001115,Z30,Centro,suburbana,33966,29.0,M,Soltero/a,2,Contrato,Gama baja,5978.0,31.0,0
C001116,Z04,Centro,suburbana,55457,37.0,M,Casado/a,1,Premium,Gama alta,4616.0,40.0,0
C001117,Z05,Este,urbana_premium,94471,33.0,M,Soltero/a,3,Contrato,Gama media,2343.0,4.0,1
C001118,Z26,Oeste,urbana_premium,107159,30.0,F,Casado/a,2,Premium,Gama alta,4056.0,24.0,0
C001119,Z09,Norte,urbana_premium,102625,18.0,F,Soltero/a,2,Premium,Gama alta,6174.0,37.0,0
C001120,Z28,Sur,urbana_premium,64486,,F,Soltero/a,2,Contrato,Gama alta,4386.0,53.0,1
C001121,Z21,Centro,rural,19103,62.0,F,Casado/a,2,Contrato,Gama media,2040.0,34.0,0
C001122,Z05,Este,urbana_premium,94471,31.0,M,Casado/a,2,Premium,Gama alta,4329.0,35.0,0
C001123,Z26,Oeste,urbana_premium,107159,35.0,M,Casado/a,2,Contrato,Gama media,4477.0,26.0,0
C001124,Z05,Este,urbana_premium,94471,38.0,F,Soltero/a,2,Prepago,Gama media,2282.0,42.0,1
C001125,Z15,Oeste,suburbana,62939,67.0,F,Divorciado/a,1,Prepago,Gama alta,2445.0,12.0,0
C001126,Z17,Sur,suburbana,56619,,M,Divorciado/a,1,Premium,Gama alta,3747.0,44.0,1
C001127,Z16,Este,urbana_premium,72683,49.0,M,Casado/a,3,Contrato,Gama media,5198.0,49.0,1
C001128,Z22,Este,suburbana,53534,33.0,F,Soltero/a,2,Prepago,Gama alta,3246.0,6.0,0
C001129,Z20,Oeste,suburbana,46953,37.0,F,Casado/a,3,Contrato,Gama media,2584.0,11.0,0
C001130,Z30,Centro,suburbana,33966,40.0,F,Soltero/a,2,Premium,Gama media,2787.0,24.0,1
C001131,Z30,Centro,suburbana,33966,31.0,M,Casado/a,4,Contrato,Gama media,,91.0,0
C001132,Z16,Este,urbana_premium,72683,34.0,M,Soltero/a,3,Prepago,Gama alta,3691.0,27.0,1
C001133,Z04,Centro,suburbana,55457,51.0,M,desconocido,2,Premium,Gama media,4014.0,20.0,0
C001134,Z23,Norte,rural,20553,35.0,M,Soltero/a,2,Premium,Gama alta,5431.0,16.0,1
C001135,Z30,Centro,suburbana,33966,40.0,F,Soltero/a,1,Contrato,Gama media,1956.0,16.0,0
C001136,Z10,Este,suburbana,27514,49.0,F,Divorciado/a,2,Premium,Gama alta,4644.0,48.0,1
C001137,Z16,Este,urbana_premium,72683,26.0,F,Soltero/a,2,Prepago,Gama alta,,17.0,0
C001138,Z15,Oeste,suburbana,62939,53.0,M,Casado/a,3,Prepago,Gama media,1702.0,16.0,0
C001139,Z03,Sur,rural,16530,46.0,M,Casado/a,3,Contrato,Gama media,2244.0,17.0,0
C001140,Z22,Este,suburbana,53534,38.0,F,Soltero/a,2,Contrato,Gama media,2797.0,49.0,1
C001141,Z11,Oeste,suburbana,41163,,M,Soltero/a,2,Prepago,Gama media,2979.0,16.0,0
C001142,Z26,Oeste,urbana_premium,107159,32.0,M,Soltero/a,2,Premium,Gama alta,5523.0,15.0,1
C001143,Z26,Oeste,urbana_premium,107159,40.0,NA,Soltero/a,3,Premium,Gama media,7640.0,39.0,1
C001144,Z26,Oeste,urbana_premium,107159,57.0,M,Casado/a,3,Premium,Gama media,6023.0,20.0,0
C001145,Z15,Oeste,suburbana,62939,47.0,M,Soltero/a,2,Premium,Gama media,3211.0,23.0,1
C001146,Z10,Este,suburbana,27514,54.0,M,Casado/a,4,Prepago,Gama alta,3339.0,32.0,0
C001147,Z26,Oeste,urbana_premium,107159,21.0,X,Soltero/a,2,Premium,Gama alta,7924.0,20.0,0
C001148,Z26,Oeste,urbana_premium,107159,34.0,M,Soltero/a,3,Premium,Gama media,2642.0,19.0,1
C001149,Z16,Este,urbana_premium,72683,51.0,F,Soltero/a,3,Premium,Gama alta,5912.0,54.0,0
C001150,Z28,Sur,urbana_premium,64486,25.0,F,Soltero/a,3,Prepago,Gama media,2562.0,41.0,0
C001151,Z05,Este,urbana_premium,94471,48.0,F,Casado/a,2,Prepago,Gama media,2244.0,20.0,0
C001152,Z28,Sur,urbana_premium,64486,45.0,F,Casado/a,4,Premium,Gama media,4774.0,52.0,1
C001153,Z04,Centro,suburbana,55457,43.0,M,Soltero/a,1,Prepago,Gama media,1669.0,36.0,0
C001154,Z05,Este,urbana_premium,94471,32.0,M,Divorciado/a,3,Premium,Gama media,3336.0,43.0,0
C001155,Z17,Sur,suburbana,56619,28.0,F,Soltero/a,2,Premium,Gama media,4822.0,34.0,0
C001156,Z04,Centro,suburbana,55457,61.0,F,Casado/a,1,Premium,Gama media,2165.0,33.0,0
C001157,Z03,Sur,rural,16530,53.0,M,Soltero/a,2,Prepago,Gama media,4354.0,38.0,0
C001158,Z01,Centro,rural,16625,49.0,M,Casado/a,2,Prepago,Gama baja,1053.0,16.0,0
C001159,Z15,Oeste,suburbana,62939,35.0,F,Soltero/a,1,Prepago,Gama media,4296.0,66.0,0
C001160,Z26,Oeste,urbana_premium,107159,36.0,F,Divorciado/a,3,Contrato,Gama media,2358.0,38.0,1
C001161,Z02,Oeste,suburbana,46400,42.0,F,Casado/a,3,Contrato,Gama alta,2785.0,36.0,1
C001162,Z20,Oeste,suburbana,46953,45.0,F,Casado/a,2,Contrato,Gama media,3215.0,16.0,0
C001163,Z99,Oeste,urbana_premium,107159,45.0,F,Casado/a,3,Contrato,Gama media,3468.0,12.0,1
C001164,Z05,Este,urbana_premium,94471,27.0,F,Casado/a,2,Prepago,Gama media,3498.0,17.0,0
C001165,Z05,Este,urbana_premium,94471,18.0,F,n/a,3,Contrato,Gama media,2304.0,61.0,0
C001166,Z27,Norte,suburbana,42704,41.0,F,Casado/a,2,Prepago,Gama alta,4891.0,19.0,0
C001167,Z26,Oeste,urbana_premium,107159,18.0,M,Soltero/a,3,Prepago,Gama media,2489.0,17.0,0
C001168,Z17,Sur,suburbana,56619,36.0,F,Casado/a,2,Contrato,Gama media,1938.0,79.0,0
C001169,Z26,Oeste,urbana_premium,107159,30.0,F,Soltero/a,2,Premium,Gama media,3700.0,56.0,0
C001170,Z04,Centro,suburbana,55457,,F,Soltero/a,1,Premium,Gama media,2336.0,32.0,0
C001171,Z13,Este,suburbana,37333,64.0,M,Soltero/a,2,Contrato,Gama alta,3998.0,22.0,0
C001172,Z24,Centro,rural,12558,22.0,F,Soltero/a,1,Prepago,Gama alta,,23.0,0
C001173,Z09,Norte,urbana_premium,102625,63.0,M,Soltero/a,2,Premium,Gama alta,3826.0,74.0,0
C001174,Z26,Oeste,urbana_premium,107159,33.0,F,Casado/a,3,Premium,Gama alta,3984.0,31.0,1
C001175,Z16,Este,urbana_premium,72683,40.0,M,Soltero/a,2,Premium,Gama media,5382.0,19.0,0
C001176,Z26,Oeste,urbana_premium,107159,19.0,F,Soltero/a,3,Contrato,Gama media,3182.0,26.0,0
C001177,Z16,Este,urbana_premium,72683,48.0,F,Soltero/a,2,Premium,Gama baja,2132.0,27.0,0
C001178,Z12,Norte,rural,11707,45.0,?,desconocido,1,Prepago,Gama media,1749.0,43.0,1
C001179,Z08,Sur,rural,17023,44.0,F,Casado/a,1,Premium,Gama alta,3457.0,30.0,0
C001180,Z07,Centro,rural,15473,22.0,F,Soltero/a,2,Contrato,Gama media,2622.0,17.0,0
C001181,Z26,Oeste,urbana_premium,107159,37.0,M,Soltero/a,3,Premium,Gama media,3362.0,-24.0,0
C001182,Z05,Este,urbana_premium,94471,46.0,M,Casado/a,4,Prepago,Gama media,3910.0,23.0,0
C001183,Z04,Centro,suburbana,55457,37.0,M,Soltero/a,1,Prepago,Gama alta,2716.0,10.0,0
C001184,Z05,Este,urbana_premium,94471,50.0,F,Casado/a,3,Premium,Gama media,5043.0,41.0,0
C001185,Z05,Este,urbana_premium,94471,50.0,F,Casado/a,5,Prepago,Gama alta,4308.0,,0
C001186,Z26,Oeste,urbana_premium,107159,28.0,M,Soltero/a,2,Premium,Gama alta,3472.0,6.0,0
C001187,Z13,Este,suburbana,37333,59.0,M,Divorciado/a,1,Contrato,Gama alta,4110.0,19.0,0
C001188,Z30,Centro,suburbana,33966,41.0,M,Soltero/a,2,Premium,Gama alta,4500.0,41.0,0
C001189,Z05,Este,urbana_premium,94471,,M,Soltero/a,2,Premium,Gama media,2775.0,32.0,0
C001190,Z20,Oeste,suburbana,46953,41.0,F,Soltero/a,1,Contrato,Gama media,,39.0,1
C001191,Z15,Oeste,suburbana,62939,41.0,M,Casado/a,2,Premium,Gama alta,6907.0,25.0,0
C001192,Z13,Este,suburbana,37333,18.0,F,Soltero/a,2,Contrato,Gama media,3711.0,51.0,0
C001193,Z28,Sur,urbana_premium,64486,34.0,F,Casado/a,4,Premium,Gama alta,6866.0,33.0,1
C001194,Z30,Centro,suburbana,33966,,F,Soltero/a,2,Premium,Gama media,4074.0,42.0,0
C001195,Z28,Sur,urbana_premium,64486,56.0,M,Casado/a,3,Premium,Gama media,4495.0,99.0,0
C001196,Z06,Sur,rural,19752,64.0,F,Casado/a,1,Contrato,Gama media,1099.0,63.0,0
C001197,Z08,Sur,rural,17023,55.0,F,Casado/a,2,Prepago,Gama media,1514.0,65.0,0
C001198,Z21,Centro,rural,19103,42.0,F,Soltero/a,1,Contrato,Gama media,2915.0,42.0,0
C001199,Z09,Norte,urbana_premium,102625,24.0,M,Soltero/a,3,Contrato,Gama media,2789.0,25.0,0
C001200,Z24,Centro,rural,12558,37.0,M,Soltero/a,2,Contrato,Gama baja,2204.0,30.0,0
C001201,Z18,Sur,urbana_premium,56342,59.0,F,Casado/a,5,Premium,Gama alta,5264.0,22.0,0
C001202,Z17,Sur,suburbana,56619,32.0,F,Soltero/a,1,Prepago,Gama media,3126.0,45.0,0
C001203,Z26,Oeste,urbana_premium,107159,18.0,F,Soltero/a,3,Prepago,Gama alta,4401.0,40.0,0
C001204,Z22,Este,suburbana,53534,52.0,F,Soltero/a,1,Premium,Gama media,4845.0,13.0,1
C001205,Z02,Oeste,suburbana,46400,58.0,F,Soltero/a,2,Premium,Gama alta,5016.0,56.0,1
C001206,Z02,Oeste,suburbana,46400,60.0,F,Soltero/a,1,Premium,Gama media,2923.0,45.0,1
C001207,Z18,Sur,urbana_premium,56342,48.0,F,Casado/a,5,Premium,Gama alta,5978.0,41.0,0
C001208,Z16,Este,urbana_premium,72683,50.0,M,Casado/a,4,Contrato,Gama media,2735.0,25.0,0
C001209,Z09,Norte,urbana_premium,102625,37.0,M,Soltero/a,3,Premium,Gama alta,4144.0,31.0,0
C001210,Z15,Oeste,suburbana,62939,,F,Soltero/a,2,Premium,Gama alta,3634.0,25.0,0
C001211,Z26,Oeste,urbana_premium,107159,36.0,M,Soltero/a,3,Premium,Gama media,3689.0,,0
C001212,Z26,Oeste,urbana_premium,107159,43.0,F,Casado/a,4,Premium,Gama media,3541.0,49.0,1
C001213,Z17,Sur,suburbana,56619,38.0,M,Soltero/a,2,Premium,Gama baja,2015.0,33.0,1
C001214,Z13,Este,suburbana,37333,38.0,M,Soltero/a,1,Premium,Gama media,2944.0,81.0,0
C001215,Z09,Norte,urbana_premium,102625,24.0,F,Soltero/a,3,Premium,Gama alta,2180.0,30.0,1
C001216,Z17,Sur,suburbana,56619,28.0,F,Soltero/a,2,Prepago,Gama alta,2845.0,8.0,0
C001217,Z10,Este,suburbana,27514,62.0,F,Divorciado/a,1,Premium,Gama media,3045.0,67.0,0
C001218,Z18,Sur,urbana_premium,56342,58.0,M,Soltero/a,3,Premium,Gama media,4968.0,27.0,1
C001219,Z22,Este,suburbana,53534,40.0,M,Casado/a,3,Premium,Gama media,1975.0,86.0,1
C001220,Z04,Centro,suburbana,55457,43.0,F,Soltero/a,1,Contrato,Gama media,3358.0,60.0,0
C001221,Z01,Centro,rural,16625,33.0,F,Casado/a,4,Prepago,Gama media,2834.0,38.0,0
C001222,Z08,Sur,rural,17023,53.0,M,Soltero/a,2,Contrato,Gama media,2304.0,16.0,0
C001223,Z28,Sur,urbana_premium,64486,57.0,F,Casado/a,3,Premium,Gama media,4477.0,37.0,0
C001224,Z20,Oeste,suburbana,46953,22.0,M,Soltero/a,1,Premium,Gama media,3276.0,38.0,1
C001225,Z05,Este,urbana_premium,94471,42.0,F,Casado/a,5,Premium,Gama media,1540.0,8.0,0
C001226,Z28,Sur,urbana_premium,64486,42.0,M,Divorciado/a,2,Contrato,Gama media,2772.0,19.0,0
C001227,Z16,Este,urbana_premium,72683,42.0,F,Soltero/a,3,Premium,Gama alta,8103.0,12.0,0
C001228,Z16,Este,urbana_premium,72683,56.0,M,Casado/a,3,Premium,Gama media,4816.0,21.0,0
C001229,Z29,Oeste,urbana_premium,67334,60.0,F,Soltero/a,2,Premium,Gama media,3101.0,40.0,0
C001230,Z03,Sur,rural,16530,42.0,F,Divorciado/a,2,Contrato,Gama media,2639.0,,0
C001231,Z99,Sur,rural,17023,53.0,M,Soltero/a,2,Contrato,Gama media,2978.0,17.0,0
C001232,Z18,Sur,urbana_premium,56342,37.0,M,Soltero/a,3,Premium,Gama alta,6564.0,48.0,0
C001233,Z06,Sur,rural,19752,37.0,F,Soltero/a,2,Premium,Gama media,2026.0,53.0,1
C001234,Z22,Este,suburbana,53534,43.0,F,Soltero/a,2,Prepago,Gama baja,2420.0,24.0,0
C001235,Z08,Sur,rural,17023,53.0,F,Divorciado/a,1,Prepago,Gama media,1950.0,14.0,0
C001236,Z04,Centro,suburbana,55457,43.0,F,Casado/a,4,Contrato,Gama media,2441.0,30.0,0
C001237,Z07,Centro,rural,15473,34.0,M,Soltero/a,2,Contrato,Gama baja,,35.0,0
C001238,Z15,Oeste,suburbana,62939,34.0,F,Soltero/a,2,Premium,Gama baja,3183.0,10.0,0
C001239,Z05,Este,urbana_premium,94471,31.0,M,Soltero/a,3,Contrato,Gama media,3303.0,18.0,0
C001240,Z05,Este,urbana_premium,94471,26.0,F,Soltero/a,3,Premium,Gama media,3745.0,13.0,1
C001241,Z27,Norte,suburbana,42704,44.0,F,Soltero/a,2,Premium,Gama alta,5741.0,,1
C001242,Z10,Este,suburbana,27514,45.0,F,Divorciado/a,2,Contrato,Gama media,2132.0,10.0,0
C001243,Z12,Norte,rural,11707,57.0,M,Casado/a,2,Prepago,Gama media,2612.0,60.0,0
C001244,Z03,Sur,rural,16530,35.0,M,Soltero/a,2,Contrato,Gama baja,1560.0,27.0,1
C001245,Z11,Oeste,suburbana,41163,33.0,F,Casado/a,2,Contrato,Gama media,4123.0,14.0,0
C001246,Z09,Norte,urbana_premium,102625,55.0,M,Soltero/a,2,Premium,Gama alta,5663.0,24.0,0
C001247,Z19,Este,rural,12655,43.0,F,Casado/a,4,Prepago,Gama baja,1714.0,22.0,1
C001248,Z07,Centro,rural,15473,45.0,F,Soltero/a,1,Contrato,Gama media,1820.0,39.0,1
C001249,Z28,Sur,urbana_premium,64486,34.0,M,Soltero/a,3,Premium,Gama alta,4834.0,19.0,1
C001250,Z29,Oeste,urbana_premium,67334,50.0,M,Soltero/a,3,Contrato,Gama media,3477.0,2.0,0
C001251,Z04,Centro,suburbana,55457,54.0,F,Casado/a,1,Premium,Gama alta,,18.0,0
C001252,Z04,Centro,suburbana,55457,53.0,F,Casado/a,4,Contrato,Gama media,1957.0,21.0,0
C001253,Z05,Este,urbana_premium,94471,36.0,M,Casado/a,3,Premium,Gama alta,5580.0,29.0,0
C001254,Z20,Oeste,suburbana,46953,30.0,M,Soltero/a,2,Contrato,Gama media,6523.0,60.0,1
C001255,Z05,Este,urbana_premium,94471,59.0,M,Casado/a,4,Premium,Gama alta,4391.0,-16.0,0
C001256,Z27,Norte,suburbana,42704,50.0,F,Casado/a,2,Contrato,Gama media,2385.0,32.0,0
C001257,Z26,Oeste,urbana_premium,107159,31.0,F,Soltero/a,2,Contrato,Gama media,2916.0,78.0,0
C001258,Z26,Oeste,urbana_premium,107159,53.0,F,Divorciado/a,2,Premium,Gama media,3617.0,68.0,0
C001259,Z17,Sur,suburbana,56619,34.0,F,Casado/a,1,Prepago,Gama media,3777.0,27.0,0
C001260,Z30,Centro,suburbana,33966,57.0,F,Casado/a,4,Prepago,Gama baja,1767.0,27.0,1
C001261,Z02,Oeste,suburbana,46400,58.0,F,Casado/a,4,Prepago,Gama alta,2675.0,20.0,0
C001262,Z14,Norte,rural,13074,34.0,M,Casado/a,3,Premium,Gama media,2431.0,14.0,1
C001263,Z10,Este,suburbana,27514,47.0,F,Casado/a,2,Contrato,Gama media,5136.0,39.0,0
C001264,Z29,Oeste,urbana_premium,67334,45.0,F,Casado/a,2,Contrato,Gama media,7344.0,44.0,0
C001265,Z18,Sur,urbana_premium,56342,67.0,F,Casado/a,3,Premium,Gama media,3655.0,43.0,1
C001266,Z26,Oeste,urbana_premium,107159,27.0,F,Soltero/a,3,Contrato,Gama media,2597.0,32.0,0
C001267,Z05,Este,urbana_premium,94471,53.0,M,Divorciado/a,3,Premium,Gama media,4020.0,18.0,0
C001268,Z30,Centro,suburbana,33966,40.0,F,Divorciado/a,2,Contrato,Gama media,3170.0,20.0,1
C001269,Z16,Este,urbana_premium,72683,21.0,F,Soltero/a,2,Contrato,Gama media,5797.0,41.0,0
C001270,Z16,Este,urbana_premium,72683,35.0,F,Soltero/a,3,Premium,Gama alta,3277.0,18.0,0
C001271,Z29,Oeste,urbana_premium,67334,36.0,M,desconocido,3,Prepago,Gama alta,2708.0,23.0,0
C001272,Z13,Este,suburbana,37333,27.0,F,Soltero/a,1,Prepago,Gama baja,2969.0,3.0,0
C001273,Z13,Este,suburbana,37333,44.0,F,Divorciado/a,2,Contrato,Gama media,2646.0,,0
C001274,Z18,Sur,urbana_premium,56342,47.0,F,Divorciado/a,2,Contrato,Gama media,3367.0,7.0,1
C001275,Z05,Este,urbana_premium,94471,39.0,M,Casado/a,3,Premium,Gama media,2825.0,28.0,0
C001276,Z10,Este,suburbana,27514,33.0,F,Soltero/a,1,Contrato,Gama baja,1921.0,41.0,0
C001277,Z06,Sur,rural,19752,43.0,F,Casado/a,4,Premium,Gama media,2874.0,-38.0,0
C001278,Z04,Centro,suburbana,55457,40.0,F,Soltero/a,2,Prepago,Gama media,3270.0,26.0,0
C001279,Z27,Norte,suburbana,42704,43.0,F,Soltero/a,2,Prepago,Gama alta,2250.0,31.0,0
C001280,Z18,Sur,urbana_premium,56342,49.0,M,Casado/a,3,Premium,Gama media,5100.0,29.0,0
C001281,Z11,Oeste,suburbana,41163,,F,n/a,1,Prepago,Gama baja,1564.0,35.0,0
C001282,Z14,Norte,rural,13074,28.0,M,Soltero/a,1,Premium,Gama baja,2013.0,12.0,0
C001283,Z15,Oeste,suburbana,62939,33.0,M,Casado/a,4,Prepago,Gama media,3214.0,35.0,0
C001284,Z20,Oeste,suburbana,46953,42.0,M,Divorciado/a,2,Premium,Gama alta,4393.0,10.0,1
C001285,Z29,Oeste,urbana_premium,67334,49.0,M,Divorciado/a,2,Premium,Gama alta,3151.0,17.0,0
C001286,Z29,Oeste,urbana_premium,67334,,M,Casado/a,5,Premium,Gama alta,5673.0,63.0,0
C001287,Z13,Este,suburbana,37333,61.0,M,Casado/a,4,Contrato,Gama media,2373.0,22.0,0
C001288,Z11,Oeste,suburbana,41163,42.0,M,Casado/a,4,Contrato,Gama alta,3974.0,40.0,0
C001289,Z15,Oeste,suburbana,62939,49.0,F,Divorciado/a,2,Prepago,Gama media,5371.0,11.0,0
C001290,Z18,Sur,urbana_premium,56342,19.0,M,Soltero/a,2,Premium,Gama alta,2697.0,43.0,0
C001291,Z16,Este,urbana_premium,72683,41.0,M,Soltero/a,2,Premium,Gama alta,4036.0,42.0,0
C001292,Z21,Centro,rural,19103,32.0,M,Soltero/a,2,Prepago,Gama media,2805.0,77.0,0
C001293,Z17,Sur,suburbana,56619,39.0,M,Divorciado/a,2,Contrato,Gama media,1929.0,,0
C001294,Z10,Este,suburbana,27514,,M,Casado/a,1,Contrato,Gama media,3468.0,5.0,0
C001295,Z11,Oeste,suburbana,41163,44.0,F,Casado/a,1,Premium,Gama alta,2445.0,13.0,0
C001296,Z13,Este,suburbana,37333,30.0,F,Soltero/a,2,Premium,Gama media,2219.0,-35.0,0
C001297,Z04,Centro,suburbana,55457,45.0,M,Divorciado/a,1,Contrato,Gama media,2570.0,31.0,1
C001298,Z05,Este,urbana_premium,94471,30.0,F,Soltero/a,3,Premium,Gama media,3218.0,34.0,1
C001299,Z23,Norte,rural,20553,33.0,M,Soltero/a,1,Contrato,Gama media,3072.0,42.0,0
C001300,Z13,Este,suburbana,37333,65.0,F,Casado/a,3,Prepago,Gama alta,2980.0,37.0,0
C001301,Z08,Sur,rural,17023,58.0,F,Soltero/a,1,Prepago,Gama alta,5212.0,,1
C001302,Z17,Sur,suburbana,56619,44.0,M,Soltero/a,1,Contrato,Gama media,2471.0,32.0,0
C001303,Z26,Oeste,urbana_premium,107159,31.0,M,Soltero/a,2,Contrato,Gama baja,4518.0,9.0,0
C001304,Z09,Norte,urbana_premium,102625,32.0,F,Soltero/a,2,Premium,Gama media,3631.0,23.0,0
C001305,Z26,Oeste,urbana_premium,107159,55.0,M,Soltero/a,3,Premium,Gama media,2449.0,43.0,0
C001306,Z29,Oeste,urbana_premium,67334,40.0,M,Divorciado/a,2,Premium,Gama media,6679.0,53.0,0
C001307,Z18,Sur,urbana_premium,56342,18.0,F,Soltero/a,2,Premium,Gama media,3991.0,48.0,0
C001308,Z21,Centro,rural,19103,74.0,F,Casado/a,3,Prepago,Gama media,1766.0,9.0,0
C001309,Z03,Sur,rural,16530,47.0,M,Casado/a,4,Premium,Gama media,2670.0,32.0,1
C001310,Z29,Oeste,urbana_premium,67334,40.0,F,Soltero/a,3,Premium,Gama alta,5496.0,24.0,1
C001311,Z13,Este,suburbana,37333,53.0,M,Casado/a,3,Premium,Gama media,2215.0,36.0,0
C001312,Z29,Oeste,urbana_premium,67334,42.0,M,Casado/a,2,Premium,Gama media,3896.0,39.0,0
C001313,Z18,Sur,urbana_premium,56342,45.0,F,Soltero/a,2,Premium,Gama alta,5509.0,40.0,0
C001314,Z01,Centro,rural,16625,40.0,F,Soltero/a,1,Contrato,Gama media,2460.0,35.0,0
C001315,Z02,Oeste,suburbana,46400,25.0,F,Casado/a,1,Prepago,Gama media,3619.0,13.0,1
C001316,Z22,Este,suburbana,53534,43.0,F,Divorciado/a,1,Prepago,Gama media,2718.0,64.0,0
C001317,Z17,Sur,suburbana,56619,57.0,F,Casado/a,1,Prepago,Gama media,1719.0,52.0,0
C001318,Z02,Oeste,suburbana,46400,32.0,F,Soltero/a,1,Contrato,Gama media,2730.0,19.0,1
C001319,Z25,Oeste,rural,11763,36.0,F,Soltero/a,1,Prepago,Gama baja,1908.0,30.0,0
C001320,Z27,Norte,suburbana,42704,55.0,M,Casado/a,4,Premium,Gama media,2869.0,73.0,0
C001321,Z16,Este,urbana_premium,72683,31.0,F,Soltero/a,3,Prepago,Gama media,3158.0,35.0,0
C001322,Z16,Este,urbana_premium,72683,31.0,M,Soltero/a,3,Premium,Gama baja,4063.0,32.0,0
C001323,Z01,Centro,rural,16625,41.0,F,Casado/a,1,Contrato,Gama media,2056.0,54.0,0
C001324,Z26,Oeste,urbana_premium,107159,35.0,M,Soltero/a,2,Premium,Gama alta,5080.0,34.0,1
C001325,Z11,Oeste,suburbana,41163,21.0,M,Soltero/a,1,Premium,Gama media,3698.0,23.0,0
C001326,Z28,Sur,urbana_premium,64486,30.0,F,Casado/a,5,Premium,Gama baja,2770.0,29.0,0
C001327,Z13,Este,suburbana,37333,43.0,F,Soltero/a,2,Premium,Gama alta,4628.0,29.0,1
C001328,Z18,Sur,urbana_premium,56342,39.0,M,Casado/a,2,Premium,Gama media,2972.0,50.0,0
C001329,Z09,Norte,urbana_premium,102625,50.0,M,Casado/a,2,Premium,Gama media,2582.0,22.0,1
C001330,Z05,Este,urbana_premium,94471,58.0,NA,Casado/a,3,Prepago,Gama alta,5538.0,45.0,0
C001331,Z26,Oeste,urbana_premium,107159,54.0,F,Casado/a,3,Premium,Gama media,3111.0,37.0,0
C001332,Z16,Este,urbana_premium,72683,47.0,M,Casado/a,5,Premium,Gama alta,3961.0,12.0,0
C001333,Z17,Sur,suburbana,56619,38.0,M,Casado/a,1,Premium,Gama alta,1899.0,48.0,0
C001334,Z29,Oeste,urbana_premium,67334,29.0,M,Soltero/a,3,Prepago,Gama media,3367.0,21.0,1
C001335,Z29,Oeste,urbana_premium,67334,36.0,M,Soltero/a,2,Premium,Gama media,3676.0,12.0,1
C001336,Z27,Norte,suburbana,42704,47.0,M,Casado/a,2,Prepago,Gama media,2598.0,11.0,0
C001337,Z06,Sur,rural,19752,55.0,F,Casado/a,1,Premium,Gama baja,1939.0,80.0,1
C001338,Z18,Sur,urbana_premium,56342,,F,Casado/a,4,Prepago,Gama alta,3883.0,45.0,0
C001339,Z28,Sur,urbana_premium,64486,35.0,M,Soltero/a,3,Premium,Gama alta,5413.0,11.0,0
C001340,Z13,Este,suburbana,37333,49.0,M,Casado/a,2,Prepago,Gama media,2144.0,32.0,0
C001341,Z04,Centro,suburbana,55457,55.0,M,Casado/a,4,Premium,Gama media,1231.0,46.0,1
C001342,Z26,Oeste,urbana_premium,107159,47.0,F,Soltero/a,3,Premium,Gama alta,5907.0,36.0,0
C001343,Z16,Este,urbana_premium,72683,36.0,M,Casado/a,5,Premium,Gama media,3040.0,18.0,1
C001344,Z18,Sur,urbana_premium,56342,26.0,M,Soltero/a,3,Prepago,Gama alta,3132.0,36.0,0
C001345,Z30,Centro,suburbana,33966,30.0,F,Soltero/a,2,Premium,Gama media,2463.0,21.0,1
C001346,Z18,Sur,urbana_premium,56342,28.0,M,Soltero/a,2,Premium,Gama media,2404.0,19.0,0
C001347,Z15,Oeste,suburbana,62939,43.0,F,Casado/a,3,Prepago,Gama media,2596.0,7.0,0
C001348,Z13,Este,suburbana,37333,46.0,F,Divorciado/a,1,Premium,Gama media,2703.0,16.0,1
C001349,Z15,Oeste,suburbana,62939,23.0,M,Soltero/a,1,Prepago,Gama media,3471.0,,0
C001350,Z05,Este,urbana_premium,94471,30.0,M,Casado/a,2,Prepago,Gama media,3160.0,46.0,0
C001351,Z26,Oeste,urbana_premium,107159,39.0,F,Soltero/a,2,Prepago,Gama media,1629.0,15.0,0
C001352,Z27,Norte,suburbana,42704,29.0,M,Soltero/a,1,Contrato,Gama baja,1867.0,69.0,0
C001353,Z09,Norte,urbana_premium,102625,41.0,M,Casado/a,2,Premium,Gama alta,5656.0,55.0,0
C001354,Z09,Norte,urbana_premium,102625,32.0,F,Soltero/a,2,Contrato,Gama media,2852.0,47.0,0
C001355,Z28,Sur,urbana_premium,64486,27.0,F,Casado/a,5,Premium,Gama media,4633.0,88.0,0
C001356,Z02,Oeste,suburbana,46400,41.0,F,Casado/a,3,Premium,Gama media,2322.0,1.0,0
C001357,Z17,Sur,suburbana,56619,45.0,M,Divorciado/a,1,Premium,Gama alta,3962.0,44.0,0
C001358,Z16,Este,urbana_premium,72683,26.0,M,Soltero/a,2,Premium,Gama media,3963.0,73.0,0
C001359,Z22,Este,suburbana,53534,37.0,M,Soltero/a,1,Prepago,Gama media,1794.0,47.0,1
C001360,Z05,Este,urbana_premium,94471,42.0,M,n/a,2,Premium,Gama baja,2541.0,40.0,1
C001361,Z21,Centro,rural,19103,36.0,F,Soltero/a,1,Contrato,Gama media,1378.0,8.0,0
C001362,Z13,Este,suburbana,37333,20.0,M,Soltero/a,1,Premium,Gama alta,4103.0,14.0,1
C001363,Z20,Oeste,suburbana,46953,22.0,M,Soltero/a,1,Prepago,Gama media,1919.0,20.0,1
C001364,Z02,Oeste,suburbana,46400,35.0,M,Soltero/a,2,Contrato,Gama media,2620.0,25.0,1
C001365,Z16,Este,urbana_premium,72683,20.0,M,Soltero/a,2,Prepago,Gama baja,3722.0,15.0,0
C001366,Z17,Sur,suburbana,56619,36.0,M,Soltero/a,1,Prepago,Gama alta,3222.0,88.0,0
C001367,Z08,Sur,rural,17023,65.0,F,Casado/a,2,Contrato,Gama media,1976.0,70.0,1
C001368,Z05,Este,urbana_premium,94471,19.0,M,Soltero/a,3,Premium,Gama alta,2205.0,16.0,0
C001369,Z06,Sur,rural,19752,42.0,F,Divorciado/a,1,Contrato,Gama media,1522.0,10.0,0
C001370,Z11,Oeste,suburbana,41163,66.0,NA,Casado/a,3,Prepago,Gama media,2063.0,38.0,0
C001371,Z04,Centro,suburbana,55457,45.0,M,Casado/a,1,Premium,Gama media,1180.0,26.0,0
C001372,Z29,Oeste,urbana_premium,67334,32.0,F,Soltero/a,2,Premium,Gama media,4452.0,52.0,1
C001373,Z14,Norte,rural,13074,43.0,F,Soltero/a,2,Contrato,Gama media,2771.0,54.0,0
C001374,Z26,Oeste,urbana_premium,107159,41.0,M,Soltero/a,3,Prepago,Gama media,2630.0,7.0,0
C001375,Z30,Centro,suburbana,33966,60.0,M,Soltero/a,2,Premium,Gama alta,4706.0,,0
C001376,Z04,Centro,suburbana,55457,,F,Soltero/a,2,Contrato,Gama media,2872.0,15.0,0
C001377,Z20,Oeste,suburbana,46953,31.0,F,Casado/a,1,Contrato,Gama alta,4010.0,83.0,0
C001378,Z28,Sur,urbana_premium,64486,19.0,M,Soltero/a,3,Premium,Gama alta,5022.0,22.0,1
C001379,Z20,Oeste,suburbana,46953,41.0,M,Soltero/a,2,Contrato,Gama media,2844.0,17.0,0
C001380,Z15,Oeste,suburbana,62939,23.0,M,Soltero/a,2,Premium,Gama media,1465.0,51.0,0
C001381,Z15,Oeste,suburbana,62939,34.0,F,Casado/a,1,Premium,Gama alta,3196.0,23.0,0
C001382,Z02,Oeste,suburbana,46400,29.0,F,Soltero/a,2,Premium,Gama media,3584.0,16.0,1
C001383,Z17,Sur,suburbana,56619,53.0,M,Divorciado/a,2,Contrato,Gama alta,2372.0,71.0,1
C001384,Z30,Centro,suburbana,33966,34.0,M,Soltero/a,2,Contrato,Gama media,3154.0,28.0,1
C001385,Z29,Oeste,urbana_premium,67334,41.0,M,Divorciado/a,2,Contrato,Gama media,3789.0,14.0,0
C001386,Z02,Oeste,suburbana,46400,21.0,F,Soltero/a,1,Premium,Gama media,2135.0,17.0,0
C001387,Z22,Este,suburbana,53534,42.0,F,Soltero/a,2,Contrato,Gama media,2879.0,13.0,0
C001388,Z09,Norte,urbana_premium,102625,22.0,F,Soltero/a,2,Premium,Gama media,3203.0,23.0,0
C001389,Z28,Sur,urbana_premium,64486,31.0,F,Casado/a,2,Prepago,Gama alta,4365.0,23.0,0
C001390,Z02,Oeste,suburbana,46400,67.0,M,Divorciado/a,2,Prepago,Gama media,2425.0,53.0,0
C001391,Z29,Oeste,urbana_premium,67334,47.0,F,Soltero/a,3,Prepago,Gama media,2984.0,35.0,0
C001392,Z27,Norte,suburbana,42704,38.0,M,Casado/a,2,Prepago,Gama baja,1680.0,53.0,1
C001393,Z05,Este,urbana_premium,94471,,M,Casado/a,3,Premium,Gama media,,47.0,0
C001394,Z03,Sur,rural,16530,34.0,M,desconocido,2,Premium,Gama baja,1981.0,40.0,1
C001395,Z27,Norte,suburbana,42704,54.0,F,Casado/a,4,Premium,Gama baja,2007.0,17.0,0
C001396,Z05,Este,urbana_premium,94471,18.0,M,Soltero/a,3,Premium,Gama alta,4728.0,54.0,0
C001397,Z17,Sur,suburbana,56619,37.0,M,Soltero/a,2,Prepago,Gama media,3183.0,13.0,0
C001398,Z28,Sur,urbana_premium,64486,20.0,F,Soltero/a,3,Premium,Gama media,4637.0,47.0,0
C001399,Z18,Sur,urbana_premium,56342,39.0,F,Casado/a,5,Premium,Gama alta,4812.0,85.0,0
C001400,Z13,Este,suburbana,37333,41.0,F,Soltero/a,2,Premium,Gama alta,4376.0,46.0,0
C001401,Z15,Oeste,suburbana,62939,36.0,M,Soltero/a,2,Contrato,Gama baja,2054.0,-17.0,0
C001402,Z03,Sur,rural,16530,58.0,F,Casado/a,1,Prepago,Gama media,2444.0,,0
C001403,Z29,Oeste,urbana_premium,67334,,M,Soltero/a,2,Contrato,Gama media,2202.0,39.0,1
C001404,Z10,Este,suburbana,27514,44.0,M,Casado/a,1,Contrato,Gama media,2678.0,27.0,0
C001405,Z06,Sur,rural,19752,55.0,M,Casado/a,3,Premium,Gama media,2936.0,11.0,1
C001406,Z09,Norte,urbana_premium,102625,18.0,M,Soltero/a,2,Premium,Gama media,2798.0,35.0,1
C001407,Z29,Oeste,urbana_premium,67334,27.0,F,Casado/a,3,Premium,Gama alta,8357.0,103.0,1
C001408,Z04,Centro,suburbana,55457,41.0,F,Divorciado/a,2,Premium,Gama media,3000.0,14.0,0
C001409,Z27,Norte,suburbana,42704,48.0,M,Casado/a,2,Prepago,Gama baja,1582.0,11.0,0
C001410,Z22,Este,suburbana,53534,57.0,F,Soltero/a,1,Premium,Gama media,3816.0,51.0,1
C001411,Z26,Oeste,urbana_premium,107159,33.0,F,Casado/a,4,Premium,Gama alta,8325.0,31.0,1
C001412,Z30,Centro,suburbana,33966,36.0,F,Soltero/a,2,Premium,Gama media,1363.0,22.0,1
C001413,Z27,Norte,suburbana,42704,30.0,M,Soltero/a,1,Premium,Gama alta,,11.0,1
C001414,Z29,Oeste,urbana_premium,67334,40.0,M,Casado/a,3,Premium,Gama media,,41.0,0
C001415,Z05,Este,urbana_premium,94471,32.0,F,Soltero/a,3,Premium,Gama alta,3756.0,11.0,0
C001416,Z26,Oeste,urbana_premium,107159,33.0,F,Soltero/a,3,Contrato,Gama media,2421.0,35.0,1
C001417,Z17,Sur,suburbana,56619,39.0,M,Soltero/a,2,Contrato,Gama media,4019.0,4.0,1
C001418,Z17,Sur,suburbana,56619,47.0,M,Soltero/a,2,Prepago,Gama media,2667.0,32.0,0
C001419,Z28,Sur,urbana_premium,64486,29.0,M,Soltero/a,3,Premium,Gama media,5745.0,38.0,0
C001420,Z29,Oeste,urbana_premium,67334,,M,Soltero/a,2,Premium,Gama baja,2669.0,89.0,1
C001421,Z22,Este,suburbana,53534,45.0,M,Casado/a,3,Prepago,Gama media,2773.0,16.0,0
C001422,Z16,Este,urbana_premium,72683,18.0,M,Soltero/a,3,Premium,Gama media,1703.0,36.0,0
C001423,Z15,Oeste,suburbana,62939,33.0,M,Soltero/a,2,Premium,Gama alta,7400.0,12.0,0
C001424,Z13,Este,suburbana,37333,26.0,F,Soltero/a,2,Premium,Gama alta,5836.0,41.0,1
C001425,Z12,Norte,rural,11707,59.0,F,Casado/a,4,Premium,Gama alta,4978.0,90.0,0
C001426,Z13,Este,suburbana,37333,35.0,M,Soltero/a,1,Premium,Gama alta,5098.0,37.0,0
C001427,Z04,Centro,suburbana,55457,33.0,M,Soltero/a,1,Prepago,Gama media,2424.0,18.0,1
C001428,Z04,Centro,suburbana,55457,39.0,F,Divorciado/a,1,Contrato,Gama media,2935.0,27.0,0
C001429,Z26,Oeste,urbana_premium,107159,29.0,M,Soltero/a,2,Premium,Gama media,4239.0,20.0,0
C001430,Z15,Oeste,suburbana,62939,35.0,F,Casado/a,4,Contrato,Gama alta,3398.0,37.0,0
C001431,Z29,Oeste,urbana_premium,67334,37.0,M,Casado/a,2,Premium,Gama media,2609.0,21.0,0
C001432,Z19,Este,rural,12655,40.0,F,Divorciado/a,2,Contrato,Gama media,1555.0,35.0,0
C001433,Z02,Oeste,suburbana,46400,35.0,M,Soltero/a,2,Prepago,Gama baja,1867.0,5.0,1
C001434,Z05,Este,urbana_premium,94471,24.0,F,Soltero/a,2,Prepago,Gama media,3297.0,17.0,0
C001435,Z07,Centro,rural,15473,31.0,F,Soltero/a,1,Prepago,Gama media,2076.0,15.0,1
C001436,Z30,Centro,suburbana,33966,41.0,F,Soltero/a,1,Prepago,Gama media,2544.0,23.0,1
C001437,Z08,Sur,rural,17023,49.0,F,Soltero/a,1,Premium,Gama media,2535.0,25.0,0
C001438,Z16,Este,urbana_premium,72683,19.0,M,Soltero/a,3,Prepago,Gama media,,40.0,0
C001439,Z29,Oeste,urbana_premium,67334,45.0,X,Casado/a,2,Premium,Gama media,2838.0,23.0,0
C001440,Z30,Centro,suburbana,33966,49.0,F,Soltero/a,1,Contrato,Gama media,2284.0,19.0,0
C001441,Z09,Norte,urbana_premium,102625,48.0,F,Casado/a,2,Premium,Gama baja,5098.0,41.0,1
C001442,Z02,Oeste,suburbana,46400,,F,Casado/a,2,Premium,Gama media,3194.0,33.0,1
C001443,Z05,Este,urbana_premium,94471,44.0,M,Soltero/a,3,Contrato,Gama media,4309.0,,1
C001444,Z04,Centro,suburbana,55457,66.0,F,Casado/a,4,Prepago,Gama media,2150.0,38.0,0
C001445,Z06,Sur,rural,19752,41.0,M,Casado/a,2,Prepago,Gama alta,2355.0,43.0,0
C001446,Z18,Sur,urbana_premium,56342,23.0,M,Soltero/a,2,Premium,Gama media,2919.0,47.0,1
C001447,Z28,Sur,urbana_premium,64486,18.0,F,Soltero/a,2,Premium,Gama media,2954.0,30.0,1
C001448,Z17,Sur,suburbana,56619,61.0,M,Casado/a,4,Contrato,Gama alta,3393.0,88.0,0
C001449,Z20,Oeste,suburbana,46953,61.0,M,Divorciado/a,1,Premium,Gama media,2377.0,19.0,1
C001450,Z07,Centro,rural,15473,34.0,F,Soltero/a,1,Contrato,Gama media,2237.0,20.0,0
C001451,Z26,Oeste,urbana_premium,107159,27.0,F,Soltero/a,2,Contrato,Gama media,3483.0,21.0,1
C001452,Z19,Este,rural,12655,,F,Casado/a,2,Premium,Gama media,1539.0,46.0,1
C001453,Z27,Norte,suburbana,42704,55.0,M,Casado/a,2,Contrato,Gama media,2435.0,-2.0,0
C001454,Z29,Oeste,urbana_premium,67334,21.0,M,Soltero/a,3,Premium,Gama media,3145.0,14.0,0
C001455,Z11,Oeste,suburbana,41163,18.0,F,Soltero/a,2,Contrato,Gama media,2608.0,28.0,1
C001456,Z04,Centro,suburbana,55457,66.0,F,Casado/a,3,Prepago,Gama media,1586.0,17.0,0
C001457,Z09,Norte,urbana_premium,102625,40.0,M,Casado/a,3,Premium,Gama alta,2965.0,50.0,0
C001458,Z15,Oeste,suburbana,62939,45.0,F,Casado/a,1,Prepago,Gama media,4102.0,28.0,0
C001459,Z29,Oeste,urbana_premium,67334,34.0,F,Divorciado/a,3,Premium,Gama alta,4461.0,59.0,1
C001460,Z13,Este,suburbana,37333,46.0,F,Casado/a,1,Contrato,Gama media,2592.0,4.0,0
C001461,Z26,Oeste,urbana_premium,107159,18.0,F,Soltero/a,2,Premium,Gama media,2533.0,31.0,1
C001462,Z17,Sur,suburbana,56619,30.0,M,Soltero/a,2,Premium,Gama alta,3088.0,34.0,0
C001463,Z06,Sur,rural,19752,46.0,F,Casado/a,3,Prepago,Gama media,3257.0,35.0,1
C001464,Z10,Este,suburbana,27514,18.0,M,Casado/a,4,Contrato,Gama alta,5069.0,23.0,1
C001465,Z20,Oeste,suburbana,46953,36.0,M,Soltero/a,1,Prepago,Gama baja,2481.0,18.0,1
C001466,Z22,Este,suburbana,53534,36.0,M,Casado/a,1,Prepago,Gama media,2057.0,15.0,0
C001467,Z15,Oeste,suburbana,62939,36.0,M,Soltero/a,2,Prepago,Gama media,3528.0,18.0,1
C001468,Z09,Norte,urbana_premium,102625,29.0,F,Soltero/a,3,Premium,Gama media,4340.0,40.0,0
C001469,Z23,Norte,rural,20553,33.0,F,Casado/a,1,Prepago,Gama media,2330.0,8.0,1
C001470,Z05,Este,urbana_premium,94471,18.0,M,Soltero/a,2,Premium,Gama media,3065.0,,0
C001471,Z29,Oeste,urbana_premium,67334,38.0,M,Divorciado/a,2,Contrato,Gama media,2421.0,,0
C001472,Z06,Sur,rural,19752,41.0,F,Casado/a,4,Premium,Gama alta,2940.0,51.0,0
C001473,Z04,Centro,suburbana,55457,23.0,M,Soltero/a,2,Premium,Gama alta,4080.0,13.0,0
C001474,Z16,Este,urbana_premium,72683,37.0,M,Soltero/a,2,Prepago,Gama media,3375.0,16.0,0
C001475,Z17,Sur,suburbana,56619,36.0,F,Casado/a,2,Prepago,Gama media,5425.0,19.0,0
C001476,Z16,Este,urbana_premium,72683,30.0,F,Soltero/a,2,Premium,Gama alta,4158.0,46.0,0
C001477,Z15,Oeste,suburbana,62939,18.0,F,Casado/a,4,Premium,Gama media,2804.0,11.0,1
C001478,Z30,Centro,suburbana,33966,48.0,M,Casado/a,1,Contrato,Gama media,1970.0,45.0,0
C001479,Z16,Este,urbana_premium,72683,21.0,F,Soltero/a,3,Contrato,Gama media,2111.0,11.0,0
C001480,Z16,Este,urbana_premium,72683,37.0,F,Soltero/a,2,Prepago,Gama alta,3200.0,49.0,0
C001481,Z15,Oeste,suburbana,62939,30.0,F,Casado/a,3,Premium,Gama media,3392.0,88.0,1
C001482,Z04,Centro,suburbana,55457,35.0,M,Soltero/a,2,Contrato,Gama alta,6746.0,21.0,1
C001483,Z18,Sur,urbana_premium,56342,50.0,F,Divorciado/a,3,Contrato,Gama media,3919.0,16.0,0
C001484,Z09,Norte,urbana_premium,102625,42.0,F,n/a,2,Contrato,Gama media,,61.0,1
C001485,Z20,Oeste,suburbana,46953,54.0,M,Casado/a,2,Premium,Gama media,2232.0,22.0,0
C001486,Z03,Sur,rural,16530,49.0,M,Casado/a,3,Contrato,Gama media,2497.0,22.0,0
C001487,Z30,Centro,suburbana,33966,45.0,M,Soltero/a,2,Premium,Gama media,3063.0,19.0,1
C001488,Z16,Este,urbana_premium,72683,18.0,F,Soltero/a,2,Prepago,Gama media,2749.0,26.0,0
C001489,Z28,Sur,urbana_premium,64486,32.0,M,Casado/a,4,Premium,Gama alta,,22.0,1
C001490,Z16,Este,urbana_premium,72683,33.0,F,Soltero/a,2,Premium,Gama alta,3652.0,41.0,0
C001491,Z03,Sur,rural,16530,60.0,M,Divorciado/a,1,Premium,Gama alta,3418.0,30.0,0
C001492,Z26,Oeste,urbana_premium,107159,,F,Soltero/a,3,Contrato,Gama media,3841.0,26.0,1
C001493,Z20,Oeste,suburbana,46953,43.0,M,n/a,1,Contrato,Gama media,2654.0,30.0,0
C001494,Z26,Oeste,urbana_premium,107159,39.0,F,Soltero/a,3,Premium,Gama baja,2912.0,14.0,1
C001495,Z15,Oeste,suburbana,62939,54.0,F,Casado/a,3,Premium,Gama media,2637.0,40.0,0
C001496,Z20,Oeste,suburbana,46953,38.0,F,Soltero/a,2,Premium,Gama alta,4977.0,9.0,1
C001497,Z27,Norte,suburbana,42704,50.0,F,Casado/a,3,Premium,Gama media,2176.0,28.0,1
C001498,Z20,Oeste,suburbana,46953,20.0,F,Soltero/a,1,Prepago,Gama media,3764.0,56.0,0
C001499,Z11,Oeste,suburbana,41163,21.0,F,Soltero/a,1,Prepago,Gama alta,2673.0,9.0,1
C001500,Z21,Centro,rural,19103,18.0,F,Soltero/a,2,Premium,Gama media,2854.0,23.0,1
C001501,Z22,Este,suburbana,53534,49.0,F,Casado/a,3,Premium,Gama media,3205.0,26.0,0
C001502,Z29,Oeste,urbana_premium,67334,44.0,M,Soltero/a,3,Prepago,Gama media,2400.0,23.0,0
C001503,Z13,Este,suburbana,37333,51.0,F,Casado/a,3,Premium,Gama media,3159.0,21.0,0
C001504,Z15,Oeste,suburbana,62939,32.0,F,Soltero/a,2,Contrato,Gama alta,,45.0,0
C001505,Z26,Oeste,urbana_premium,107159,29.0,F,Soltero/a,2,Premium,Gama alta,4263.0,13.0,0
C001506,Z16,Este,urbana_premium,72683,35.0,M,Soltero/a,2,Prepago,Gama alta,5295.0,52.0,0
C001507,Z24,Centro,rural,12558,62.0,M,Casado/a,4,Contrato,Gama media,2576.0,18.0,0
C001508,Z15,Oeste,suburbana,62939,60.0,F,Soltero/a,1,Premium,Gama media,3928.0,45.0,0
C001509,Z08,Sur,rural,17023,55.0,M,Casado/a,3,Contrato,Gama media,1806.0,38.0,0
C001510,Z25,Oeste,rural,11763,49.0,F,Casado/a,3,Prepago,Gama media,2225.0,19.0,0
C001511,Z05,Este,urbana_premium,94471,52.0,M,Casado/a,4,Prepago,Gama alta,5208.0,15.0,0
C001512,Z07,Centro,rural,15473,42.0,M,Soltero/a,2,Contrato,Gama media,2054.0,73.0,0
C001513,Z20,Oeste,suburbana,46953,35.0,F,Soltero/a,2,Premium,Gama media,4338.0,68.0,0
C001514,Z25,Oeste,rural,11763,43.0,M,Soltero/a,2,Contrato,Gama media,1634.0,26.0,0
C001515,Z28,Sur,urbana_premium,64486,24.0,M,Soltero/a,3,Premium,Gama alta,3907.0,60.0,0
C001516,Z09,Norte,urbana_premium,102625,34.0,M,Divorciado/a,2,Contrato,Gama media,3496.0,22.0,0
C001517,Z05,Este,urbana_premium,94471,23.0,F,Soltero/a,2,Contrato,Gama alta,9637.0,18.0,1
C001518,Z29,Oeste,urbana_premium,67334,,F,Casado/a,5,Premium,Gama alta,3339.0,33.0,0
C001519,Z05,Este,urbana_premium,94471,43.0,F,Casado/a,2,Premium,Gama media,4434.0,15.0,0
C001520,Z06,Sur,rural,19752,62.0,M,Divorciado/a,1,Prepago,Gama baja,1156.0,11.0,0
C001521,Z09,Norte,urbana_premium,102625,18.0,M,Soltero/a,3,Premium,Gama media,2543.0,66.0,0
C001522,Z17,Sur,suburbana,56619,63.0,M,Casado/a,2,Contrato,Gama media,3318.0,36.0,1
C001523,Z28,Sur,urbana_premium,64486,18.0,M,Soltero/a,2,Premium,Gama media,3490.0,16.0,1
C001524,Z26,Oeste,urbana_premium,107159,22.0,M,Soltero/a,3,Premium,Gama media,3514.0,45.0,0
C001525,Z22,Este,suburbana,53534,33.0,M,Casado/a,1,Prepago,Gama media,2660.0,19.0,0
C001526,Z05,Este,urbana_premium,94471,52.0,M,Soltero/a,2,Premium,Gama media,3588.0,33.0,1
C001527,Z11,Oeste,suburbana,41163,43.0,?,Soltero/a,2,Contrato,Gama media,1638.0,15.0,1
C001528,Z16,Este,urbana_premium,72683,33.0,M,Soltero/a,3,Premium,Gama alta,3713.0,35.0,0
C001529,Z05,Este,urbana_premium,94471,26.0,F,Soltero/a,3,Premium,Gama alta,3545.0,41.0,1
C001530,Z09,Norte,urbana_premium,102625,19.0,M,Soltero/a,3,Premium,Gama alta,5560.0,28.0,0
C001531,Z10,Este,suburbana,27514,54.0,F,Casado/a,4,Premium,Gama media,3993.0,,0
C001532,Z05,Este,urbana_premium,94471,46.0,F,Soltero/a,2,Prepago,Gama baja,1422.0,39.0,0
C001533,Z17,Sur,suburbana,56619,56.0,F,Soltero/a,2,Premium,Gama media,2305.0,19.0,0
C001534,Z22,Este,suburbana,53534,45.0,F,Casado/a,4,Prepago,Gama baja,5601.0,34.0,0
C001535,Z04,Centro,suburbana,55457,18.0,M,Soltero/a,2,Premium,Gama alta,4093.0,62.0,0
C001536,Z16,Este,urbana_premium,72683,21.0,M,Soltero/a,2,Premium,Gama media,,70.0,0
C001537,Z26,Oeste,urbana_premium,107159,42.0,F,Soltero/a,2,Premium,Gama media,3210.0,15.0,0
C001538,Z25,Oeste,rural,11763,41.0,F,Divorciado/a,2,Prepago,Gama media,3008.0,17.0,0
C001539,Z26,Oeste,urbana_premium,107159,,F,Soltero/a,3,Contrato,Gama media,2252.0,31.0,0
C001540,Z15,Oeste,suburbana,62939,27.0,F,Soltero/a,1,Premium,Gama media,2445.0,54.0,1
C001541,Z26,Oeste,urbana_premium,107159,47.0,F,Casado/a,4,Contrato,Gama media,4319.0,9.0,0
C001542,Z09,Norte,urbana_premium,102625,41.0,F,Casado/a,2,Contrato,Gama media,4735.0,50.0,0
C001543,Z12,Norte,rural,11707,51.0,M,Soltero/a,1,Premium,Gama media,2504.0,38.0,0
C001544,Z05,Este,urbana_premium,94471,28.0,M,Soltero/a,2,Premium,Gama alta,4393.0,58.0,1
C001545,Z16,Este,urbana_premium,72683,38.0,F,Casado/a,4,Contrato,Gama media,4054.0,9.0,0
C001546,Z13,Este,suburbana,37333,24.0,F,Soltero/a,1,Premium,Gama alta,2670.0,29.0,0
C001547,Z09,Norte,urbana_premium,102625,34.0,M,Soltero/a,3,Premium,Gama baja,6120.0,40.0,0
C001548,Z26,Oeste,urbana_premium,107159,18.0,M,Soltero/a,2,Prepago,Gama baja,7317.0,24.0,0
C001549,Z10,Este,suburbana,27514,21.0,?,Soltero/a,2,Premium,Gama alta,2928.0,26.0,1
C001550,Z09,Norte,urbana_premium,102625,32.0,F,Soltero/a,2,Prepago,Gama media,2537.0,6.0,0
C001551,Z05,Este,urbana_premium,94471,65.0,F,Divorciado/a,2,Premium,Gama media,3525.0,20.0,1
C001552,Z99,Oeste,suburbana,62939,18.0,M,Soltero/a,2,Premium,Gama alta,3073.0,10.0,0
C001553,Z09,Norte,urbana_premium,102625,21.0,M,Soltero/a,3,Premium,Gama baja,1766.0,87.0,0
C001554,Z12,Norte,rural,11707,48.0,F,Casado/a,2,Premium,Gama media,3709.0,42.0,1
C001555,Z09,Norte,urbana_premium,102625,57.0,M,Soltero/a,2,Prepago,Gama baja,3061.0,120.0,1
C001556,Z26,Oeste,urbana_premium,107159,38.0,F,Soltero/a,2,Prepago,Gama alta,2866.0,17.0,0
C001557,Z29,Oeste,urbana_premium,67334,44.0,F,Casado/a,5,Contrato,Gama media,3399.0,23.0,1
C001558,Z16,Este,urbana_premium,72683,32.0,M,Soltero/a,2,Premium,Gama media,3244.0,60.0,0
C001559,Z20,Oeste,suburbana,46953,34.0,F,Casado/a,1,Premium,Gama media,3041.0,31.0,0
C001560,Z27,Norte,suburbana,42704,41.0,M,Soltero/a,2,Contrato,Gama media,3930.0,64.0,0
C001561,Z30,Centro,suburbana,33966,32.0,F,Soltero/a,1,Premium,Gama media,4658.0,84.0,1
C001562,Z19,Este,rural,12655,54.0,F,Soltero/a,2,Prepago,Gama alta,3062.0,27.0,0
C001563,Z28,Sur,urbana_premium,64486,18.0,F,Soltero/a,2,Contrato,Gama media,2752.0,57.0,0
C001564,Z28,Sur,urbana_premium,64486,47.0,F,Casado/a,5,Premium,Gama media,3684.0,60.0,0
C001565,Z26,Oeste,urbana_premium,107159,36.0,M,Casado/a,3,Premium,Gama media,3970.0,12.0,0
C001566,Z16,Este,urbana_premium,72683,33.0,F,Casado/a,5,Premium,Gama media,4262.0,71.0,0
C001567,Z04,Centro,suburbana,55457,20.0,M,Soltero/a,1,Contrato,Gama media,3538.0,39.0,0
C001568,Z02,Oeste,suburbana,46400,28.0,F,Soltero/a,2,Premium,Gama media,3063.0,31.0,0
C001569,Z16,Este,urbana_premium,72683,50.0,M,Casado/a,3,Premium,Gama media,3714.0,30.0,1
C001570,Z16,Este,urbana_premium,72683,33.0,F,Casado/a,2,Premium,Gama alta,5265.0,94.0,1
C001571,Z14,Norte,rural,13074,48.0,M,Casado/a,3,Prepago,Gama media,2216.0,26.0,0
C001572,Z18,Sur,urbana_premium,56342,25.0,M,Soltero/a,3,Prepago,Gama baja,5350.0,36.0,0
C001573,Z17,Sur,suburbana,56619,40.0,M,Soltero/a,1,Premium,Gama alta,3963.0,55.0,1
C001574,Z27,Norte,suburbana,42704,24.0,M,Soltero/a,1,Premium,Gama alta,4957.0,52.0,1
C001575,Z05,Este,urbana_premium,94471,37.0,M,Casado/a,4,Contrato,Gama media,4131.0,,0
C001576,Z09,Norte,urbana_premium,102625,40.0,M,Casado/a,4,Premium,Gama alta,6344.0,91.0,1
C001577,Z26,Oeste,urbana_premium,107159,40.0,F,Divorciado/a,3,Premium,Gama media,3442.0,11.0,0
C001578,Z27,Norte,suburbana,42704,29.0,M,Soltero/a,2,Contrato,Gama media,3364.0,41.0,0
C001579,Z30,Centro,suburbana,33966,36.0,M,Soltero/a,2,Premium,Gama alta,3896.0,34.0,0
C001580,Z28,Sur,urbana_premium,64486,42.0,F,Soltero/a,2,Premium,Gama alta,2687.0,39.0,1
C001581,Z28,Sur,urbana_premium,64486,33.0,F,Soltero/a,3,Premium,Gama media,3336.0,40.0,0
C001582,Z10,Este,suburbana,27514,37.0,M,Soltero/a,1,Contrato,Gama media,2360.0,20.0,1
C001583,Z14,Norte,rural,13074,68.0,M,Divorciado/a,2,Prepago,Gama media,2275.0,55.0,0
C001584,Z09,Norte,urbana_premium,102625,25.0,M,Soltero/a,2,Premium,Gama media,3177.0,52.0,0
C001585,Z18,Sur,urbana_premium,56342,49.0,F,Casado/a,3,Contrato,Gama media,3973.0,14.0,0
C001586,Z29,Oeste,urbana_premium,67334,22.0,F,Soltero/a,3,Premium,Gama media,3725.0,95.0,0
C001587,Z11,Oeste,suburbana,41163,48.0,F,Casado/a,3,Contrato,Gama media,2703.0,24.0,0
C001588,Z17,Sur,suburbana,56619,48.0,F,Divorciado/a,1,Contrato,Gama media,3143.0,34.0,0
C001589,Z09,Norte,urbana_premium,102625,30.0,F,Soltero/a,2,Prepago,Gama media,3014.0,9.0,0
C001590,Z05,Este,urbana_premium,94471,21.0,F,Soltero/a,2,Premium,Gama media,2831.0,36.0,1
C001591,Z99,Sur,rural,19752,21.0,F,n/a,1,Prepago,Gama media,1529.0,47.0,0
C001592,Z03,Sur,rural,16530,38.0,F,Soltero/a,2,Premium,Gama media,1242.0,23.0,0
C001593,Z29,Oeste,urbana_premium,67334,42.0,F,Casado/a,3,Prepago,Gama media,3017.0,28.0,0
C001594,Z14,Norte,rural,13074,32.0,F,Casado/a,1,Premium,Gama media,2803.0,46.0,1
C001595,Z27,Norte,suburbana,42704,41.0,M,Casado/a,4,Contrato,Gama media,2782.0,35.0,1
C001596,Z22,Este,suburbana,53534,22.0,M,Soltero/a,2,Prepago,Gama media,2994.0,4.0,0
C001597,Z06,Sur,rural,19752,42.0,M,Soltero/a,1,Prepago,Gama media,2015.0,-16.0,0
C001598,Z05,Este,urbana_premium,94471,22.0,M,Soltero/a,3,Prepago,Gama alta,7527.0,33.0,0
C001599,Z26,Oeste,urbana_premium,107159,35.0,F,Casado/a,4,Premium,Gama media,4056.0,54.0,0
C001600,Z09,Norte,urbana_premium,102625,30.0,F,Soltero/a,3,Premium,Gama media,3137.0,30.0,0
C001601,Z28,Sur,urbana_premium,64486,22.0,M,Soltero/a,2,Premium,Gama media,2644.0,69.0,0
C001602,Z05,Este,urbana_premium,94471,28.0,M,Soltero/a,2,Premium,Gama alta,6972.0,43.0,0
C001603,Z22,Este,suburbana,53534,29.0,M,Casado/a,3,Contrato,Gama media,1825.0,,0
C001604,Z26,Oeste,urbana_premium,107159,20.0,F,Soltero/a,2,Contrato,Gama media,2898.0,24.0,0
C001605,Z09,Norte,urbana_premium,102625,49.0,F,Casado/a,2,Prepago,Gama media,2899.0,29.0,0
C001606,Z09,Norte,urbana_premium,102625,32.0,M,Soltero/a,3,Prepago,Gama media,3781.0,11.0,0
C001607,Z29,Oeste,urbana_premium,67334,18.0,M,Soltero/a,3,Premium,Gama alta,4334.0,32.0,1
C001608,Z09,Norte,urbana_premium,102625,29.0,F,Soltero/a,2,Premium,Gama alta,,27.0,1
C001609,Z15,Oeste,suburbana,62939,51.0,F,Casado/a,3,Prepago,Gama media,2624.0,30.0,0
C001610,Z15,Oeste,suburbana,62939,31.0,F,Soltero/a,2,Prepago,Gama baja,1828.0,20.0,0
C001611,Z09,Norte,urbana_premium,102625,54.0,M,Casado/a,2,Premium,Gama media,7331.0,28.0,0
C001612,Z26,Oeste,urbana_premium,107159,26.0,M,Soltero/a,3,Prepago,Gama alta,4199.0,,0
C001613,Z26,Oeste,urbana_premium,107159,42.0,F,Casado/a,5,Contrato,Gama media,4669.0,15.0,0
C001614,Z13,Este,suburbana,37333,52.0,M,Casado/a,3,Contrato,Gama alta,2353.0,31.0,1
C001615,Z27,Norte,suburbana,42704,45.0,F,Casado/a,3,Premium,Gama media,2687.0,49.0,1
C001616,Z08,Sur,rural,17023,29.0,F,Soltero/a,1,Premium,Gama baja,3500.0,,0
C001617,Z01,Centro,rural,16625,34.0,M,Soltero/a,2,Prepago,Gama baja,1073.0,59.0,0
C001618,Z18,Sur,urbana_premium,56342,50.0,F,Casado/a,2,Premium,Gama baja,5000.0,,1
C001619,Z30,Centro,suburbana,33966,30.0,F,Soltero/a,2,Premium,Gama media,2734.0,43.0,1
C001620,Z02,Oeste,suburbana,46400,52.0,F,Casado/a,4,Premium,Gama alta,3448.0,57.0,1
C001621,Z07,Centro,rural,15473,40.0,M,Casado/a,2,Premium,Gama alta,4158.0,15.0,1
C001622,Z17,Sur,suburbana,56619,42.0,F,Casado/a,1,Premium,Gama media,2522.0,35.0,0
C001623,Z26,Oeste,urbana_premium,107159,19.0,M,Soltero/a,3,Premium,Gama baja,1487.0,53.0,0
C001624,Z04,Centro,suburbana,55457,33.0,F,Divorciado/a,1,Contrato,Gama media,2035.0,30.0,0
C001625,Z13,Este,suburbana,37333,29.0,F,Soltero/a,1,Prepago,Gama media,2994.0,56.0,0
C001626,Z25,Oeste,rural,11763,48.0,M,Soltero/a,1,Prepago,Gama alta,4135.0,36.0,0
C001627,Z13,Este,suburbana,37333,41.0,F,Divorciado/a,2,Prepago,Gama media,2602.0,57.0,0
C001628,Z06,Sur,rural,19752,,F,Casado/a,1,Premium,Gama media,3991.0,63.0,0
C001629,Z06,Sur,rural,19752,39.0,F,n/a,2,Prepago,Gama baja,1029.0,53.0,0
C001630,Z15,Oeste,suburbana,62939,29.0,M,Soltero/a,1,Contrato,Gama media,,32.0,0
C001631,Z16,Este,urbana_premium,72683,38.0,F,Soltero/a,3,Prepago,Gama baja,5504.0,40.0,0
C001632,Z27,Norte,suburbana,42704,28.0,F,Soltero/a,1,Contrato,Gama media,4148.0,32.0,1
C001633,Z20,Oeste,suburbana,46953,53.0,M,Soltero/a,2,Contrato,Gama media,1504.0,12.0,0
C001634,Z22,Este,suburbana,53534,39.0,M,Soltero/a,1,Premium,Gama media,2222.0,18.0,1
C001635,Z30,Centro,suburbana,33966,,F,Casado/a,3,Prepago,Gama media,2840.0,45.0,0
C001636,Z15,Oeste,suburbana,62939,46.0,F,Casado/a,2,Prepago,Gama media,2363.0,100.0,0
C001637,Z14,Norte,rural,13074,44.0,M,Divorciado/a,2,Premium,Gama media,3496.0,16.0,1
C001638,Z29,Oeste,urbana_premium,67334,18.0,F,Soltero/a,3,Prepago,Gama alta,3845.0,29.0,0
C001639,Z09,Norte,urbana_premium,102625,23.0,M,Soltero/a,3,Premium,Gama media,2309.0,39.0,0
C001640,Z24,Centro,rural,12558,58.0,F,Divorciado/a,2,Premium,Gama media,2728.0,23.0,0
C001641,Z26,Oeste,urbana_premium,107159,37.0,F,Casado/a,4,Premium,Gama alta,4582.0,36.0,0
C001642,Z04,Centro,suburbana,55457,20.0,M,Soltero/a,2,Contrato,Gama media,1994.0,38.0,0
C001643,Z16,Este,urbana_premium,72683,40.0,F,Casado/a,4,Contrato,Gama media,2802.0,47.0,0
C001644,Z07,Centro,rural,15473,38.0,F,Casado/a,2,Premium,Gama media,1810.0,43.0,1
C001645,Z06,Sur,rural,19752,35.0,M,Soltero/a,1,Premium,Gama media,3745.0,12.0,1
C001646,Z16,Este,urbana_premium,72683,,F,Soltero/a,2,Premium,Gama media,3711.0,74.0,0
C001647,Z09,Norte,urbana_premium,102625,48.0,F,Divorciado/a,3,Premium,Gama baja,1766.0,32.0,0
C001648,Z26,Oeste,urbana_premium,107159,18.0,F,Soltero/a,3,Prepago,Gama media,2512.0,22.0,0
C001649,Z28,Sur,urbana_premium,64486,26.0,M,Soltero/a,2,Premium,Gama alta,4917.0,26.0,1
C001650,Z26,Oeste,urbana_premium,107159,37.0,M,Soltero/a,2,Premium,Gama media,3318.0,12.0,0
C001651,Z09,Norte,urbana_premium,102625,55.0,F,Soltero/a,3,Premium,Gama media,2491.0,28.0,0
C001652,Z09,Norte,urbana_premium,102625,43.0,F,Casado/a,5,Prepago,Gama alta,3353.0,,0
C001653,Z09,Norte,urbana_premium,102625,26.0,M,Soltero/a,2,Premium,Gama alta,5396.0,62.0,0
C001654,Z05,Este,urbana_premium,94471,54.0,M,Casado/a,4,Prepago,Gama alta,8198.0,14.0,0
C001655,Z29,Oeste,urbana_premium,67334,20.0,M,Casado/a,5,Prepago,Gama media,3751.0,17.0,0
C001656,Z14,Norte,rural,13074,48.0,M,Soltero/a,1,Prepago,Gama media,2756.0,37.0,1
C001657,Z09,Norte,urbana_premium,102625,42.0,F,Casado/a,4,Prepago,Gama baja,3696.0,24.0,1
C001658,Z27,Norte,suburbana,42704,29.0,M,Soltero/a,1,Contrato,Gama media,3218.0,71.0,1
C001659,Z13,Este,suburbana,37333,48.0,F,Casado/a,3,Premium,Gama media,2157.0,31.0,0
C001660,Z02,Oeste,suburbana,46400,34.0,NA,Soltero/a,2,Prepago,Gama alta,4943.0,41.0,0
C001661,Z05,Este,urbana_premium,94471,44.0,M,Soltero/a,3,Prepago,Gama media,3260.0,44.0,0
C001662,Z20,Oeste,suburbana,46953,18.0,F,Soltero/a,2,Contrato,Gama media,2029.0,10.0,0
C001663,Z26,Oeste,urbana_premium,107159,40.0,M,Soltero/a,2,Contrato,Gama media,2924.0,27.0,1
C001664,Z08,Sur,rural,17023,40.0,M,Casado/a,1,Contrato,Gama media,2930.0,11.0,0
C001665,Z28,Sur,urbana_premium,64486,50.0,F,Casado/a,2,Premium,Gama alta,2997.0,29.0,0
C001666,Z27,Norte,suburbana,42704,39.0,F,Soltero/a,2,Premium,Gama media,5069.0,8.0,0
C001667,Z27,Norte,suburbana,42704,55.0,M,Casado/a,2,Contrato,Gama alta,3729.0,17.0,0
C001668,Z09,Norte,urbana_premium,102625,42.0,F,Soltero/a,3,Premium,Gama baja,5175.0,39.0,0
C001669,Z03,Sur,rural,16530,43.0,M,Soltero/a,2,Premium,Gama media,2005.0,22.0,0
C001670,Z27,Norte,suburbana,42704,49.0,M,Casado/a,1,Contrato,Gama media,2398.0,32.0,0
C001671,Z09,Norte,urbana_premium,102625,46.0,F,Soltero/a,3,Prepago,Gama alta,3872.0,86.0,0
C001672,Z20,Oeste,suburbana,46953,46.0,F,Casado/a,1,Prepago,Gama baja,1967.0,42.0,0
C001673,Z26,Oeste,urbana_premium,107159,18.0,NA,Soltero/a,2,Premium,Gama media,4516.0,61.0,0
C001674,Z05,Este,urbana_premium,94471,24.0,M,Soltero/a,2,Contrato,Gama media,5277.0,8.0,1
C001675,Z26,Oeste,urbana_premium,107159,53.0,M,Casado/a,4,Premium,Gama media,3004.0,15.0,0
C001676,Z29,Oeste,urbana_premium,67334,21.0,M,Soltero/a,3,Prepago,Gama media,4873.0,17.0,1
C001677,Z23,Norte,rural,20553,56.0,F,Casado/a,2,Contrato,Gama media,2538.0,9.0,1
C001678,Z15,Oeste,suburbana,62939,48.0,F,Soltero/a,1,Contrato,Gama media,4406.0,4.0,0
C001679,Z28,Sur,urbana_premium,64486,27.0,M,Soltero/a,3,Premium,Gama alta,6804.0,20.0,0
C001680,Z17,Sur,suburbana,56619,18.0,F,Soltero/a,1,Prepago,Gama media,3919.0,32.0,0
C001681,Z25,Oeste,rural,11763,38.0,F,Casado/a,3,Premium,Gama alta,2276.0,20.0,1
C001682,Z26,Oeste,urbana_premium,107159,61.0,M,Casado/a,5,Premium,Gama media,5837.0,34.0,0
C001683,Z26,Oeste,urbana_premium,107159,26.0,M,Soltero/a,2,Premium,Gama alta,3892.0,27.0,0
C001684,Z09,Norte,urbana_premium,102625,26.0,F,Soltero/a,3,Premium,Gama media,3488.0,18.0,0
C001685,Z05,Este,urbana_premium,94471,24.0,M,Soltero/a,2,Prepago,Gama media,3092.0,12.0,0
C001686,Z09,Norte,urbana_premium,102625,51.0,M,Soltero/a,2,Contrato,Gama alta,3961.0,32.0,0
C001687,Z16,Este,urbana_premium,72683,33.0,M,Soltero/a,3,Prepago,Gama media,5441.0,20.0,0
C001688,Z16,Este,urbana_premium,72683,28.0,F,Soltero/a,3,Contrato,Gama alta,2668.0,,0
C001689,Z18,Sur,urbana_premium,56342,53.0,F,Casado/a,5,Prepago,Gama media,2480.0,71.0,0
C001690,Z13,Este,suburbana,37333,47.0,F,Soltero/a,2,Premium,Gama media,1945.0,26.0,0
C001691,Z26,Oeste,urbana_premium,107159,25.0,M,Soltero/a,3,Premium,Gama alta,,8.0,1
C001692,Z28,Sur,urbana_premium,64486,21.0,F,Soltero/a,3,Contrato,Gama alta,,20.0,0
C001693,Z09,Norte,urbana_premium,102625,50.0,M,Divorciado/a,3,Premium,Gama media,6413.0,46.0,0
C001694,Z24,Centro,rural,12558,45.0,F,Casado/a,3,Prepago,Gama media,1936.0,-20.0,0
C001695,Z22,Este,suburbana,53534,21.0,F,Soltero/a,2,Prepago,Gama media,1943.0,19.0,0
C001696,Z17,Sur,suburbana,56619,19.0,F,Soltero/a,2,Premium,Gama alta,5141.0,26.0,0
C001697,Z06,Sur,rural,19752,32.0,M,Soltero/a,1,Premium,Gama media,1795.0,20.0,0
C001698,Z26,Oeste,urbana_premium,107159,21.0,F,Soltero/a,2,Premium,Gama alta,4849.0,9.0,0
C001699,Z29,Oeste,urbana_premium,67334,18.0,M,Soltero/a,2,Premium,Gama media,2400.0,63.0,0
C001700,Z23,Norte,rural,20553,,M,Soltero/a,1,Prepago,Gama media,2473.0,32.0,0
C001701,Z28,Sur,urbana_premium,64486,25.0,F,Casado/a,5,Premium,Gama media,3615.0,32.0,1
C001702,Z30,Centro,suburbana,33966,34.0,M,Casado/a,1,Contrato,Gama media,1811.0,24.0,0
C001703,Z11,Oeste,suburbana,41163,60.0,M,Soltero/a,1,Premium,Gama alta,5780.0,23.0,0
C001704,Z20,Oeste,suburbana,46953,37.0,F,Casado/a,4,Contrato,Gama media,2184.0,78.0,0
C001705,Z16,Este,urbana_premium,72683,34.0,F,Casado/a,4,Premium,Gama alta,2759.0,22.0,1
C001706,Z30,Centro,suburbana,33966,46.0,F,Divorciado/a,2,Premium,Gama alta,2371.0,59.0,1
C001707,Z04,Centro,suburbana,55457,37.0,M,Casado/a,4,Prepago,Gama media,1390.0,52.0,0
C001708,Z15,Oeste,suburbana,62939,45.0,F,Divorciado/a,1,Prepago,Gama media,2658.0,35.0,0
C001709,Z28,Sur,urbana_premium,64486,39.0,M,Soltero/a,3,Contrato,Gama media,3044.0,51.0,1
C001710,Z09,Norte,urbana_premium,102625,37.0,F,Soltero/a,2,Premium,Gama alta,5417.0,32.0,0
C001711,Z26,Oeste,urbana_premium,107159,69.0,M,Casado/a,3,Premium,Gama media,4275.0,30.0,0
C001712,Z13,Este,suburbana,37333,51.0,M,Divorciado/a,1,Contrato,Gama media,1913.0,33.0,0
C001713,Z30,Centro,suburbana,33966,27.0,F,Soltero/a,1,Premium,Gama alta,2372.0,116.0,0
C001714,Z28,Sur,urbana_premium,64486,40.0,M,Casado/a,4,Premium,Gama alta,8140.0,32.0,0
C001715,Z09,Norte,urbana_premium,102625,26.0,F,Soltero/a,3,Contrato,Gama alta,2782.0,35.0,0
C001716,Z26,Oeste,urbana_premium,107159,41.0,M,Soltero/a,3,Premium,Gama alta,5106.0,8.0,1
C001717,Z11,Oeste,suburbana,41163,23.0,M,Soltero/a,1,Premium,Gama alta,2350.0,15.0,1
C001718,Z18,Sur,urbana_premium,56342,23.0,M,Soltero/a,2,Premium,Gama alta,2694.0,22.0,1
C001719,Z21,Centro,rural,19103,49.0,M,Soltero/a,2,Prepago,Gama media,1921.0,26.0,0
C001720,Z26,Oeste,urbana_premium,107159,48.0,M,Soltero/a,3,Premium,Gama alta,6404.0,48.0,0
C001721,Z02,Oeste,suburbana,46400,46.0,M,Divorciado/a,2,Prepago,Gama media,1784.0,69.0,0
C001722,Z08,Sur,rural,17023,55.0,M,Casado/a,2,Prepago,Gama media,2921.0,12.0,1
C001723,Z22,Este,suburbana,53534,44.0,F,Casado/a,1,Premium,Gama alta,4568.0,27.0,0
C001724,Z18,Sur,urbana_premium,56342,38.0,F,Soltero/a,2,Premium,Gama media,3155.0,44.0,0
C001725,Z16,Este,urbana_premium,72683,30.0,M,Soltero/a,2,Contrato,Gama media,5426.0,15.0,0
C001726,Z03,Sur,rural,16530,55.0,M,Soltero/a,2,Prepago,Gama alta,3117.0,73.0,0
C001727,Z11,Oeste,suburbana,41163,,M,Casado/a,3,Prepago,Gama media,2248.0,28.0,0
C001728,Z27,Norte,suburbana,42704,39.0,M,Casado/a,1,Contrato,Gama baja,2138.0,19.0,0
C001729,Z02,Oeste,suburbana,46400,39.0,M,Soltero/a,2,Premium,Gama media,2825.0,-37.0,0
C001730,Z13,Este,suburbana,37333,59.0,M,Soltero/a,1,Premium,Gama media,3096.0,12.0,0
C001731,Z29,Oeste,urbana_premium,67334,36.0,F,Soltero/a,3,Premium,Gama alta,3363.0,65.0,0
C001732,Z03,Sur,rural,16530,46.0,F,Soltero/a,1,Contrato,Gama media,2829.0,30.0,0
C001733,Z26,Oeste,urbana_premium,107159,42.0,M,Casado/a,3,Premium,Gama baja,2920.0,64.0,1
C001734,Z09,Norte,urbana_premium,102625,35.0,M,Casado/a,2,Premium,Gama media,2782.0,32.0,0
C001735,Z27,Norte,suburbana,42704,30.0,M,Casado/a,2,Premium,Gama media,2985.0,90.0,0
C001736,Z25,Oeste,rural,11763,50.0,M,Casado/a,2,Premium,Gama alta,2515.0,11.0,1
C001737,Z28,Sur,urbana_premium,64486,36.0,F,Soltero/a,3,Premium,Gama alta,6058.0,57.0,0
C001738,Z08,Sur,rural,17023,67.0,M,Casado/a,4,Prepago,Gama alta,2722.0,19.0,0
C001739,Z17,Sur,suburbana,56619,49.0,M,Divorciado/a,1,Premium,Gama baja,3821.0,71.0,0
C001740,Z26,Oeste,urbana_premium,107159,29.0,M,Soltero/a,3,Premium,Gama media,3392.0,20.0,0
C001741,Z09,Norte,urbana_premium,102625,45.0,F,Soltero/a,2,Premium,Gama alta,3400.0,13.0,1
C001742,Z09,Norte,urbana_premium,102625,40.0,M,Soltero/a,2,Contrato,Gama media,3064.0,11.0,1
C001743,Z02,Oeste,suburbana,46400,56.0,F,Casado/a,3,Premium,Gama media,3178.0,-20.0,1
C001744,Z29,Oeste,urbana_premium,67334,30.0,M,Soltero/a,3,Premium,Gama media,4028.0,24.0,0
C001745,Z22,Este,suburbana,53534,,M,Soltero/a,1,Premium,Gama alta,3084.0,14.0,0
C001746,Z20,Oeste,suburbana,46953,39.0,M,Soltero/a,1,Premium,Gama alta,2777.0,58.0,0
C001747,Z25,Oeste,rural,11763,46.0,F,Casado/a,2,Premium,Gama media,2287.0,32.0,0
C001748,Z17,Sur,suburbana,56619,29.0,M,Soltero/a,2,Premium,Gama alta,5324.0,18.0,0
C001749,Z16,Este,urbana_premium,72683,43.0,M,Casado/a,4,Premium,Gama media,4213.0,32.0,0
C001750,Z15,Oeste,suburbana,62939,45.0,M,Casado/a,3,Premium,Gama alta,3656.0,73.0,0
C001751,Z20,Oeste,suburbana,46953,55.0,M,Casado/a,4,Premium,Gama media,3513.0,36.0,0
C001752,Z07,Centro,rural,15473,45.0,M,Soltero/a,1,Contrato,Gama baja,2184.0,19.0,1
C001753,Z28,Sur,urbana_premium,64486,31.0,F,Soltero/a,2,Prepago,Gama alta,4619.0,15.0,0
C001754,Z26,Oeste,urbana_premium,107159,45.0,X,Divorciado/a,3,Prepago,Gama media,3856.0,-65.0,0
C001755,Z11,Oeste,suburbana,41163,30.0,F,Soltero/a,2,Premium,Gama media,1924.0,32.0,1
C001756,Z18,Sur,urbana_premium,56342,49.0,F,Soltero/a,2,Prepago,Gama media,3124.0,4.0,0
C001757,Z05,Este,urbana_premium,94471,49.0,M,Casado/a,2,Premium,Gama alta,7690.0,,0
C001758,Z29,Oeste,urbana_premium,67334,51.0,F,Soltero/a,3,Premium,Gama alta,5758.0,18.0,0
C001759,Z28,Sur,urbana_premium,64486,41.0,M,Soltero/a,2,Premium,Gama alta,3447.0,48.0,0
C001760,Z29,Oeste,urbana_premium,67334,30.0,M,Soltero/a,3,Premium,Gama alta,,23.0,0
C001761,Z11,Oeste,suburbana,41163,41.0,F,Casado/a,4,Premium,Gama media,3218.0,21.0,0
C001762,Z05,Este,urbana_premium,94471,41.0,M,Casado/a,5,Premium,Gama alta,7044.0,10.0,1
C001763,Z08,Sur,rural,17023,38.0,M,Casado/a,1,Prepago,Gama media,2219.0,31.0,0
C001764,Z04,Centro,suburbana,55457,56.0,F,Soltero/a,2,Contrato,Gama media,3225.0,41.0,0
C001765,Z05,Este,urbana_premium,94471,43.0,M,Casado/a,5,Premium,Gama media,2896.0,32.0,1
C001766,Z04,Centro,suburbana,55457,29.0,M,Soltero/a,1,Premium,Gama alta,2844.0,32.0,1
C001767,Z30,Centro,suburbana,33966,63.0,F,Soltero/a,2,Contrato,Gama media,1142.0,16.0,1
C001768,Z04,Centro,suburbana,55457,41.0,M,Soltero/a,1,Prepago,Gama media,3265.0,19.0,0
C001769,Z05,Este,urbana_premium,94471,23.0,M,Soltero/a,3,Premium,Gama alta,5438.0,29.0,0
C001770,Z26,Oeste,urbana_premium,107159,26.0,M,Soltero/a,2,Premium,Gama alta,6921.0,29.0,0
C001771,Z18,Sur,urbana_premium,56342,54.0,F,Soltero/a,2,Contrato,Gama alta,4529.0,19.0,0
C001772,Z26,Oeste,urbana_premium,107159,58.0,F,Soltero/a,3,Premium,Gama media,3368.0,25.0,0
C001773,Z20,Oeste,suburbana,46953,52.0,NA,Casado/a,4,Prepago,Gama media,2236.0,53.0,0
C001774,Z28,Sur,urbana_premium,64486,52.0,M,Casado/a,3,Contrato,Gama media,3241.0,8.0,0
C001775,Z20,Oeste,suburbana,46953,55.0,M,Divorciado/a,2,Prepago,Gama media,1704.0,120.0,1
C001776,Z17,Sur,suburbana,56619,47.0,M,Divorciado/a,2,Contrato,Gama alta,2729.0,82.0,0
C001777,Z22,Este,suburbana,53534,44.0,F,Casado/a,1,Prepago,Gama media,1941.0,12.0,0
C001778,Z15,Oeste,suburbana,62939,46.0,F,Casado/a,3,Contrato,Gama media,2419.0,59.0,0
C001779,Z11,Oeste,suburbana,41163,49.0,F,Divorciado/a,1,Premium,Gama media,2775.0,22.0,1
C001780,Z16,Este,urbana_premium,72683,27.0,M,Soltero/a,2,Premium,Gama alta,4295.0,10.0,0
C001781,Z05,Este,urbana_premium,94471,,F,Casado/a,4,Prepago,Gama media,2148.0,35.0,0
C001782,Z26,Oeste,urbana_premium,107159,54.0,M,Casado/a,4,Prepago,Gama media,,19.0,1
C001783,Z09,Norte,urbana_premium,102625,34.0,M,Soltero/a,2,Prepago,Gama media,4866.0,56.0,1
C001784,Z05,Este,urbana_premium,94471,32.0,M,Soltero/a,2,Contrato,Gama alta,6247.0,,0
C001785,Z09,Norte,urbana_premium,102625,42.0,F,Casado/a,4,Premium,Gama alta,3729.0,13.0,1
C001786,Z27,Norte,suburbana,42704,32.0,F,Casado/a,4,Prepago,Gama media,6432.0,15.0,1
C001787,Z11,Oeste,suburbana,41163,24.0,M,Soltero/a,1,Prepago,Gama media,3809.0,23.0,0
C001788,Z22,Este,suburbana,53534,54.0,F,Soltero/a,1,Premium,Gama baja,3046.0,38.0,0
C001789,Z27,Norte,suburbana,42704,35.0,M,desconocido,4,Prepago,Gama alta,4606.0,13.0,0
C001790,Z04,Centro,suburbana,55457,40.0,M,Soltero/a,1,Premium,Gama alta,2496.0,47.0,0
C001791,Z26,Oeste,urbana_premium,107159,29.0,M,Soltero/a,3,Contrato,Gama media,2652.0,9.0,1
C001792,Z10,Este,suburbana,27514,55.0,M,Soltero/a,1,Premium,Gama alta,4126.0,15.0,0
C001793,Z08,Sur,rural,17023,55.0,F,Soltero/a,1,Prepago,Gama alta,2795.0,48.0,0
C001794,Z22,Este,suburbana,53534,37.0,M,Soltero/a,2,Prepago,Gama media,4296.0,23.0,1
C001795,Z28,Sur,urbana_premium,64486,22.0,M,Soltero/a,3,Premium,Gama media,5472.0,38.0,1
C001796,Z09,Norte,urbana_premium,102625,32.0,M,Casado/a,5,Premium,Gama alta,7736.0,-48.0,0
C001797,Z18,Sur,urbana_premium,56342,43.0,F,Casado/a,5,Premium,Gama alta,2303.0,9.0,1
C001798,Z09,Norte,urbana_premium,102625,,F,Soltero/a,3,Contrato,Gama media,3381.0,21.0,0
C001799,Z17,Sur,suburbana,56619,41.0,F,Soltero/a,2,Premium,Gama media,2695.0,43.0,0
C001800,Z20,Oeste,suburbana,46953,43.0,M,Casado/a,3,Premium,Gama media,4484.0,19.0,0
C001801,Z19,Este,rural,12655,54.0,M,Casado/a,2,Premium,Gama media,2645.0,26.0,1
C001802,Z20,Oeste,suburbana,46953,39.0,M,Soltero/a,2,Premium,Gama alta,4490.0,63.0,0
C001803,Z05,Este,urbana_premium,94471,41.0,F,Casado/a,4,Premium,Gama alta,4226.0,37.0,0
C001804,Z22,Este,suburbana,53534,28.0,M,Casado/a,2,Premium,Gama media,2962.0,7.0,0
C001805,Z22,Este,suburbana,53534,71.0,F,Casado/a,3,Premium,Gama alta,3783.0,27.0,0
C001806,Z22,Este,suburbana,53534,37.0,F,Casado/a,2,Premium,Gama media,3266.0,58.0,0
C001807,Z04,Centro,suburbana,55457,42.0,F,Casado/a,2,Premium,Gama media,3417.0,50.0,0
C001808,Z15,Oeste,suburbana,62939,47.0,F,Divorciado/a,1,Prepago,Gama alta,3745.0,21.0,0
C001809,Z14,Norte,rural,13074,40.0,M,Soltero/a,2,Contrato,Gama alta,2702.0,46.0,0
C001810,Z04,Centro,suburbana,55457,40.0,M,Casado/a,2,Premium,Gama alta,4205.0,54.0,0
C001811,Z08,Sur,rural,17023,45.0,M,Soltero/a,2,Premium,Gama media,2364.0,16.0,0
C001812,Z15,Oeste,suburbana,62939,29.0,M,Soltero/a,2,Prepago,Gama media,3163.0,44.0,0
C001813,Z25,Oeste,rural,11763,50.0,F,Casado/a,2,Prepago,Gama media,1635.0,16.0,0
C001814,Z09,Norte,urbana_premium,102625,18.0,M,Casado/a,2,Premium,Gama alta,5400.0,13.0,0
C001815,Z26,Oeste,urbana_premium,107159,57.0,F,Soltero/a,3,Prepago,Gama alta,6967.0,31.0,0
C001816,Z17,Sur,suburbana,56619,50.0,F,Casado/a,4,Premium,Gama media,1586.0,13.0,1
C001817,Z26,Oeste,urbana_premium,107159,44.0,M,Casado/a,3,Premium,Gama media,4790.0,,1
C001818,Z16,Este,urbana_premium,72683,18.0,M,Soltero/a,2,Contrato,Gama alta,3637.0,15.0,0
C001819,Z16,Este,urbana_premium,72683,26.0,M,Soltero/a,2,Premium,Gama media,3588.0,25.0,1
C001820,Z20,Oeste,suburbana,46953,57.0,M,Soltero/a,2,Premium,Gama alta,3713.0,75.0,1
C001821,Z29,Oeste,urbana_premium,67334,80.0,F,Soltero/a,3,Prepago,Gama media,3788.0,94.0,0
C001822,Z16,Este,urbana_premium,72683,50.0,F,Casado/a,5,Premium,Gama media,4391.0,9.0,1
C001823,Z17,Sur,suburbana,56619,52.0,F,Casado/a,4,Contrato,Gama media,2628.0,78.0,0
C001824,Z18,Sur,urbana_premium,56342,42.0,M,Casado/a,5,Premium,Gama alta,6481.0,22.0,0
C001825,Z24,Centro,rural,12558,,F,Soltero/a,2,Premium,Gama alta,2140.0,53.0,0
C001826,Z04,Centro,suburbana,55457,52.0,F,Casado/a,4,Prepago,Gama media,2284.0,14.0,0
C001827,Z16,Este,urbana_premium,72683,23.0,F,Soltero/a,2,Premium,Gama alta,4322.0,39.0,1
C001828,Z16,Este,urbana_premium,72683,21.0,F,Soltero/a,2,Contrato,Gama media,2858.0,39.0,0
C001829,Z29,Oeste,urbana_premium,67334,21.0,F,Soltero/a,3,Premium,Gama alta,4156.0,54.0,0
C001830,Z16,Este,urbana_premium,72683,48.0,M,Soltero/a,2,Premium,Gama media,6812.0,90.0,0
C001831,Z16,Este,urbana_premium,72683,35.0,F,Casado/a,5,Premium,Gama media,3768.0,20.0,0
C001832,Z29,Oeste,urbana_premium,67334,37.0,M,Soltero/a,3,Prepago,Gama media,2383.0,41.0,0
C001833,Z15,Oeste,suburbana,62939,40.0,M,Soltero/a,2,Contrato,Gama media,2578.0,31.0,1
C001834,Z05,Este,urbana_premium,94471,22.0,M,Soltero/a,3,Premium,Gama alta,5087.0,79.0,0
C001835,Z08,Sur,rural,17023,37.0,M,Casado/a,1,Contrato,Gama alta,2410.0,55.0,0
C001836,Z04,Centro,suburbana,55457,33.0,M,Soltero/a,2,Contrato,Gama alta,3810.0,49.0,0
C001837,Z01,Centro,rural,16625,28.0,M,Soltero/a,1,Prepago,Gama media,1860.0,4.0,1
C001838,Z15,Oeste,suburbana,62939,34.0,F,Casado/a,3,Prepago,Gama media,2581.0,91.0,0
C001839,Z26,Oeste,urbana_premium,107159,23.0,F,Soltero/a,2,Prepago,Gama media,4778.0,8.0,1
C001840,Z24,Centro,rural,12558,52.0,F,Divorciado/a,1,Prepago,Gama media,4080.0,9.0,0
C001841,Z02,Oeste,suburbana,46400,48.0,F,Soltero/a,2,Contrato,Gama media,2603.0,19.0,0
C001842,Z18,Sur,urbana_premium,56342,20.0,M,Soltero/a,2,Premium,Gama alta,3878.0,30.0,1
C001843,Z05,Este,urbana_premium,94471,32.0,F,Soltero/a,2,Premium,Gama alta,5625.0,40.0,0
C001844,Z29,Oeste,urbana_premium,67334,58.0,F,Casado/a,2,Premium,Gama alta,4007.0,41.0,0
C001845,Z05,Este,urbana_premium,94471,24.0,M,Soltero/a,2,Premium,Gama alta,4785.0,32.0,1
C001846,Z99,Oeste,suburbana,46953,45.0,F,Casado/a,1,Premium,Gama media,2301.0,49.0,0
C001847,Z10,Este,suburbana,27514,41.0,F,Casado/a,2,Contrato,Gama media,2985.0,,0
C001848,Z20,Oeste,suburbana,46953,53.0,M,Divorciado/a,1,Contrato,Gama media,2398.0,72.0,0
C001849,Z15,Oeste,suburbana,62939,44.0,F,Casado/a,1,Premium,Gama media,1653.0,26.0,1
C001850,Z26,Oeste,urbana_premium,107159,31.0,M,Casado/a,3,Contrato,Gama alta,2809.0,21.0,0
C001851,Z09,Norte,urbana_premium,102625,37.0,F,Soltero/a,3,Premium,Gama media,4478.0,22.0,0
C001852,Z28,Sur,urbana_premium,64486,37.0,F,Soltero/a,2,Premium,Gama media,4643.0,52.0,0
C001853,Z16,Este,urbana_premium,72683,35.0,M,Soltero/a,2,Premium,Gama baja,5009.0,16.0,0
C001854,Z26,Oeste,urbana_premium,107159,20.0,F,Soltero/a,3,Premium,Gama media,4574.0,15.0,0
C001855,Z27,Norte,suburbana,42704,55.0,F,desconocido,2,Prepago,Gama media,2758.0,27.0,0
C001856,Z30,Centro,suburbana,33966,53.0,M,Casado/a,4,Prepago,Gama baja,1569.0,29.0,0
C001857,Z08,Sur,rural,17023,32.0,F,Soltero/a,2,Premium,Gama media,1556.0,39.0,1
C001858,Z09,Norte,urbana_premium,102625,32.0,F,Soltero/a,3,Premium,Gama baja,5634.0,12.0,1
C001859,Z09,Norte,urbana_premium,102625,33.0,M,Divorciado/a,3,Premium,Gama media,2851.0,,0
C001860,Z09,Norte,urbana_premium,102625,22.0,F,Soltero/a,3,Premium,Gama media,3729.0,40.0,1
C001861,Z18,Sur,urbana_premium,56342,18.0,M,desconocido,2,Premium,Gama media,3913.0,70.0,0
C001862,Z30,Centro,suburbana,33966,32.0,M,Soltero/a,1,Prepago,Gama baja,1836.0,21.0,1
C001863,Z30,Centro,suburbana,33966,36.0,F,Casado/a,4,Premium,Gama alta,3349.0,81.0,1
C001864,Z17,Sur,suburbana,56619,23.0,M,Soltero/a,1,Premium,Gama media,5088.0,54.0,0
C001865,Z99,Oeste,suburbana,46953,42.0,M,Soltero/a,2,Contrato,Gama media,2961.0,6.0,0
C001866,Z27,Norte,suburbana,42704,54.0,F,Soltero/a,1,Premium,Gama media,2713.0,56.0,0
C001867,Z29,Oeste,urbana_premium,67334,46.0,F,Divorciado/a,2,Premium,Gama alta,2552.0,24.0,0
C001868,Z07,Centro,rural,15473,43.0,F,Soltero/a,2,Prepago,Gama media,2109.0,35.0,0
C001869,Z17,Sur,suburbana,56619,18.0,F,Soltero/a,1,Prepago,Gama alta,3603.0,13.0,0
C001870,Z26,Oeste,urbana_premium,107159,45.0,F,Casado/a,3,Premium,Gama alta,3819.0,14.0,1
C001871,Z09,Norte,urbana_premium,102625,38.0,F,Soltero/a,3,Contrato,Gama alta,3282.0,11.0,0
C001872,Z15,Oeste,suburbana,62939,45.0,M,Soltero/a,2,Premium,Gama alta,4239.0,34.0,1
C001873,Z30,Centro,suburbana,33966,63.0,M,Soltero/a,2,Prepago,Gama media,2720.0,40.0,0
C001874,Z30,Centro,suburbana,33966,30.0,M,Soltero/a,1,Prepago,Gama media,2566.0,8.0,0
C001875,Z28,Sur,urbana_premium,64486,18.0,M,Soltero/a,3,Contrato,Gama media,4022.0,12.0,0
C001876,Z26,Oeste,urbana_premium,107159,23.0,M,Soltero/a,3,Premium,Gama alta,6048.0,12.0,0
C001877,Z09,Norte,urbana_premium,102625,42.0,F,Soltero/a,3,Contrato,Gama media,3626.0,7.0,1
C001878,Z10,Este,suburbana,27514,40.0,F,Soltero/a,2,Premium,Gama media,2187.0,23.0,0
C001879,Z17,Sur,suburbana,56619,25.0,F,Soltero/a,2,Premium,Gama media,3608.0,96.0,0
C001880,Z17,Sur,suburbana,56619,23.0,M,Soltero/a,1,Prepago,Gama baja,2654.0,31.0,0
C001881,Z16,Este,urbana_premium,72683,32.0,M,Casado/a,2,Contrato,Gama media,4648.0,23.0,1
C001882,Z20,Oeste,suburbana,46953,25.0,M,desconocido,2,Prepago,Gama media,1455.0,42.0,0
C001883,Z14,Norte,rural,13074,51.0,M,Casado/a,3,Contrato,Gama media,2352.0,49.0,1
C001884,Z26,Oeste,urbana_premium,107159,31.0,M,Soltero/a,3,Premium,Gama media,3509.0,21.0,0
C001885,Z11,Oeste,suburbana,41163,32.0,F,Soltero/a,2,Prepago,Gama media,2131.0,14.0,0
C001886,Z11,Oeste,suburbana,41163,31.0,M,Soltero/a,1,Contrato,Gama media,1950.0,19.0,0
C001887,Z05,Este,urbana_premium,94471,39.0,F,Soltero/a,3,Contrato,Gama media,3470.0,7.0,0
C001888,Z06,Sur,rural,19752,46.0,M,Casado/a,2,Prepago,Gama baja,1597.0,11.0,0
C001889,Z27,Norte,suburbana,42704,42.0,F,Casado/a,4,Contrato,Gama baja,1056.0,41.0,0
C001890,Z15,Oeste,suburbana,62939,42.0,F,Soltero/a,2,Prepago,Gama media,1976.0,11.0,0
C001891,Z09,Norte,urbana_premium,102625,35.0,F,Divorciado/a,3,Premium,Gama baja,2499.0,9.0,1
C001892,Z26,Oeste,urbana_premium,107159,24.0,M,Soltero/a,3,Contrato,Gama alta,3867.0,66.0,0
C001893,Z17,Sur,suburbana,56619,31.0,F,Soltero/a,2,Contrato,Gama baja,1966.0,92.0,0
C001894,Z02,Oeste,suburbana,46400,35.0,M,Casado/a,1,Premium,Gama media,2980.0,29.0,1
C001895,Z10,Este,suburbana,27514,65.0,F,Soltero/a,2,Premium,Gama media,2135.0,47.0,0
C001896,Z05,Este,urbana_premium,94471,20.0,M,Soltero/a,2,Premium,Gama media,5034.0,33.0,0
C001897,Z21,Centro,rural,19103,,F,Soltero/a,2,Premium,Gama alta,2647.0,28.0,1
C001898,Z09,Norte,urbana_premium,102625,37.0,F,Divorciado/a,2,Premium,Gama media,,53.0,1
C001899,Z04,Centro,suburbana,55457,36.0,F,Soltero/a,1,Prepago,Gama media,3135.0,10.0,0
C001900,Z03,Sur,rural,16530,58.0,F,Casado/a,3,Contrato,Gama media,2839.0,22.0,0
C001901,Z18,Sur,urbana_premium,56342,32.0,M,Soltero/a,3,Premium,Gama media,,29.0,1
C001902,Z02,Oeste,suburbana,46400,37.0,F,Casado/a,4,Premium,Gama media,3132.0,12.0,0
C001903,Z27,Norte,suburbana,42704,50.0,M,Casado/a,2,Prepago,Gama media,1426.0,24.0,0
C001904,Z05,Este,urbana_premium,94471,58.0,M,Casado/a,3,Premium,Gama alta,3193.0,25.0,1
C001905,Z18,Sur,urbana_premium,56342,53.0,M,Divorciado/a,2,Premium,Gama media,2915.0,38.0,0
C001906,Z15,Oeste,suburbana,62939,38.0,M,Casado/a,1,Prepago,Gama alta,4306.0,33.0,0
C001907,Z15,Oeste,suburbana,62939,39.0,M,Soltero/a,1,Contrato,Gama baja,2600.0,42.0,1
C001908,Z04,Centro,suburbana,55457,41.0,F,Casado/a,1,Contrato,Gama media,2354.0,26.0,0
C001909,Z26,Oeste,urbana_premium,107159,38.0,M,Divorciado/a,3,Prepago,Gama media,4691.0,31.0,0
C001910,Z28,Sur,urbana_premium,64486,26.0,NA,Soltero/a,2,Premium,Gama media,2249.0,48.0,0
C001911,Z01,Centro,rural,16625,56.0,M,Casado/a,1,Contrato,Gama media,2253.0,104.0,0
C001912,Z05,Este,urbana_premium,94471,38.0,F,Soltero/a,3,Contrato,Gama media,1917.0,8.0,1
C001913,Z28,Sur,urbana_premium,64486,,M,Soltero/a,3,Prepago,Gama media,2975.0,77.0,0
C001914,Z17,Sur,suburbana,56619,25.0,M,Soltero/a,2,Contrato,Gama media,2535.0,4.0,0
C001915,Z05,Este,urbana_premium,94471,37.0,F,Casado/a,5,Contrato,Gama alta,6374.0,14.0,0
C001916,Z07,Centro,rural,15473,22.0,F,Soltero/a,2,Premium,Gama media,,44.0,0
C001917,Z21,Centro,rural,19103,38.0,F,Soltero/a,2,Contrato,Gama media,1700.0,14.0,0
C001918,Z23,Norte,rural,20553,38.0,M,Casado/a,2,Prepago,Gama media,,-24.0,0
C001919,Z18,Sur,urbana_premium,56342,39.0,F,Soltero/a,3,Contrato,Gama alta,6337.0,40.0,0
C001920,Z29,Oeste,urbana_premium,67334,59.0,F,Casado/a,3,Premium,Gama media,1865.0,16.0,1
C001921,Z16,Este,urbana_premium,72683,43.0,F,Casado/a,4,Premium,Gama alta,5016.0,58.0,0
C001922,Z09,Norte,urbana_premium,102625,53.0,M,Casado/a,5,Premium,Gama alta,4371.0,23.0,0
C001923,Z16,Este,urbana_premium,72683,44.0,M,Casado/a,3,Premium,Gama alta,3674.0,71.0,1
C001924,Z11,Oeste,suburbana,41163,54.0,M,Soltero/a,2,Prepago,Gama media,2674.0,29.0,0
C001925,Z09,Norte,urbana_premium,102625,58.0,F,Soltero/a,3,Premium,Gama alta,6330.0,27.0,0
C001926,Z02,Oeste,suburbana,46400,,M,Casado/a,3,Premium,Gama alta,3833.0,14.0,1
C001927,Z11,Oeste,suburbana,41163,30.0,M,Casado/a,3,Contrato,Gama media,2073.0,13.0,1
C001928,Z22,Este,suburbana,53534,48.0,F,Soltero/a,1,Premium,Gama alta,3004.0,34.0,0
C001929,Z02,Oeste,suburbana,46400,40.0,F,Divorciado/a,1,Prepago,Gama alta,4609.0,40.0,0
C001930,Z15,Oeste,suburbana,62939,43.0,F,Casado/a,2,Premium,Gama media,3598.0,25.0,1
C001931,Z20,Oeste,suburbana,46953,37.0,F,Soltero/a,2,Contrato,Gama media,3268.0,48.0,0
C001932,Z19,Este,rural,12655,38.0,M,Casado/a,2,Prepago,Gama media,1471.0,47.0,0
C001933,Z26,Oeste,urbana_premium,107159,55.0,F,Casado/a,3,Premium,Gama alta,8601.0,41.0,0
C001934,Z26,Oeste,urbana_premium,107159,23.0,M,Soltero/a,2,Premium,Gama media,4927.0,19.0,1
C001935,Z22,Este,suburbana,53534,48.0,M,Casado/a,3,Premium,Gama alta,5565.0,24.0,0
C001936,Z04,Centro,suburbana,55457,46.0,M,Soltero/a,1,Premium,Gama media,3312.0,64.0,0
C001937,Z16,Este,urbana_premium,72683,18.0,M,Soltero/a,2,Premium,Gama media,3803.0,21.0,0
C001938,Z18,Sur,urbana_premium,56342,26.0,F,Soltero/a,2,Premium,Gama media,3055.0,39.0,0
C001939,Z09,Norte,urbana_premium,102625,28.0,F,Soltero/a,3,Premium,Gama alta,5385.0,23.0,1
C001940,Z02,Oeste,suburbana,46400,47.0,M,Soltero/a,2,Premium,Gama baja,5035.0,29.0,0
C001941,Z08,Sur,rural,17023,41.0,M,Soltero/a,2,Contrato,Gama media,3342.0,18.0,1
C001942,Z15,Oeste,suburbana,62939,39.0,M,Casado/a,3,Premium,Gama alta,6565.0,40.0,0
C001943,Z15,Oeste,suburbana,62939,23.0,M,Soltero/a,2,Prepago,Gama media,3121.0,38.0,0
C001944,Z05,Este,urbana_premium,94471,64.0,F,Divorciado/a,2,Prepago,Gama media,3080.0,10.0,0
C001945,Z26,Oeste,urbana_premium,107159,37.0,F,Soltero/a,3,Premium,Gama media,4188.0,15.0,0
C001946,Z29,Oeste,urbana_premium,67334,42.0,M,Divorciado/a,3,Contrato,Gama media,5072.0,81.0,0
C001947,Z07,Centro,rural,15473,39.0,M,Soltero/a,2,Contrato,Gama media,2118.0,15.0,1
C001948,Z29,Oeste,urbana_premium,67334,28.0,F,Soltero/a,2,Contrato,Gama media,3770.0,-10.0,0
C001949,Z02,Oeste,suburbana,46400,63.0,F,Divorciado/a,1,Contrato,Gama media,3213.0,41.0,0
C001950,Z29,Oeste,urbana_premium,67334,18.0,F,Soltero/a,3,Premium,Gama alta,4549.0,28.0,0
C001951,Z29,Oeste,urbana_premium,67334,39.0,M,Casado/a,5,Premium,Gama media,4013.0,,0
C001952,Z01,Centro,rural,16625,,F,Casado/a,4,Prepago,Gama media,2499.0,7.0,0
C001953,Z26,Oeste,urbana_premium,107159,31.0,M,Soltero/a,2,Premium,Gama alta,4782.0,35.0,0
C001954,Z29,Oeste,urbana_premium,67334,28.0,F,Soltero/a,2,Premium,Gama alta,5009.0,14.0,0
C001955,Z28,Sur,urbana_premium,64486,24.0,M,Soltero/a,3,Contrato,Gama alta,3219.0,13.0,0
C001956,Z29,Oeste,urbana_premium,67334,36.0,F,Casado/a,3,Prepago,Gama baja,2013.0,8.0,0
C001957,Z17,Sur,suburbana,56619,18.0,M,Soltero/a,1,Contrato,Gama media,2073.0,41.0,0
C001958,Z04,Centro,suburbana,55457,36.0,F,Soltero/a,2,Premium,Gama alta,3503.0,-30.0,0
C001959,Z27,Norte,suburbana,42704,39.0,M,Soltero/a,2,Contrato,Gama media,2308.0,17.0,0
C001960,Z19,Este,rural,12655,29.0,F,Soltero/a,2,Contrato,Gama media,2548.0,30.0,0
C001961,Z19,Este,rural,12655,63.0,M,Casado/a,3,Contrato,Gama media,2276.0,37.0,0
C001962,Z15,Oeste,suburbana,62939,33.0,F,Casado/a,4,Premium,Gama media,3052.0,47.0,1
C001963,Z18,Sur,urbana_premium,56342,33.0,M,Soltero/a,3,Contrato,Gama media,4546.0,28.0,0
C001964,Z05,Este,urbana_premium,94471,29.0,F,Soltero/a,3,Premium,Gama alta,5805.0,38.0,0
C001965,Z25,Oeste,rural,11763,44.0,F,Soltero/a,2,Premium,Gama media,2308.0,,0
C001966,Z04,Centro,suburbana,55457,56.0,M,Casado/a,4,Premium,Gama media,2070.0,15.0,1
C001967,Z24,Centro,rural,12558,75.0,M,Casado/a,1,Contrato,Gama media,2589.0,52.0,1
C001968,Z27,Norte,suburbana,42704,49.0,M,Casado/a,2,Premium,Gama alta,3826.0,,0
C001969,Z16,Este,urbana_premium,72683,49.0,M,Soltero/a,3,Contrato,Gama media,1739.0,76.0,0
C001970,Z16,Este,urbana_premium,72683,57.0,F,Soltero/a,3,Premium,Gama baja,,53.0,1
C001971,Z10,Este,suburbana,27514,43.0,M,Casado/a,3,Premium,Gama baja,3012.0,24.0,1
C001972,Z29,Oeste,urbana_premium,67334,55.0,M,Soltero/a,3,Premium,Gama alta,3235.0,63.0,0
C001973,Z24,Centro,rural,12558,55.0,M,Casado/a,1,Premium,Gama media,2433.0,36.0,0
C001974,Z12,Norte,rural,11707,47.0,M,Casado/a,3,Premium,Gama media,1866.0,22.0,0
C001975,Z05,Este,urbana_premium,94471,40.0,M,Soltero/a,2,Premium,Gama media,5313.0,19.0,0
C001976,Z08,Sur,rural,17023,23.0,F,Soltero/a,1,Contrato,Gama media,2364.0,25.0,0
C001977,Z16,Este,urbana_premium,72683,40.0,M,Casado/a,4,Premium,Gama media,2039.0,18.0,0
C001978,Z29,Oeste,urbana_premium,67334,18.0,F,Soltero/a,2,Premium,Gama media,4944.0,47.0,0
C001979,Z24,Centro,rural,12558,25.0,F,Soltero/a,2,Contrato,Gama media,3066.0,37.0,1
C001980,Z08,Sur,rural,17023,47.0,M,Casado/a,4,Premium,Gama media,2291.0,28.0,0
C001981,Z27,Norte,suburbana,42704,27.0,F,Soltero/a,2,Prepago,Gama baja,1566.0,7.0,0
C001982,Z13,Este,suburbana,37333,40.0,F,Casado/a,3,Premium,Gama alta,4087.0,36.0,1
C001983,Z27,Norte,suburbana,42704,42.0,F,Divorciado/a,1,Prepago,Gama baja,2085.0,12.0,0
C001984,Z09,Norte,urbana_premium,102625,38.0,M,Soltero/a,3,Premium,Gama media,3373.0,26.0,1
C001985,Z20,Oeste,suburbana,46953,29.0,F,Soltero/a,2,Prepago,Gama media,2438.0,17.0,1
C001986,Z29,Oeste,urbana_premium,67334,47.0,M,n/a,2,Premium,Gama media,2313.0,75.0,0
C001987,Z09,Norte,urbana_premium,102625,35.0,F,Casado/a,5,Premium,Gama media,3836.0,21.0,0
C001988,Z22,Este,suburbana,53534,45.0,M,Casado/a,3,Premium,Gama media,3200.0,19.0,0
C001989,Z30,Centro,suburbana,33966,26.0,M,Soltero/a,2,Prepago,Gama media,3102.0,36.0,0
C001990,Z05,Este,urbana_premium,94471,34.0,F,Soltero/a,3,Contrato,Gama media,3557.0,49.0,0
C001991,Z04,Centro,suburbana,55457,53.0,M,Casado/a,4,Contrato,Gama media,2297.0,71.0,0
C001992,Z22,Este,suburbana,53534,52.0,M,Casado/a,3,Contrato,Gama alta,4985.0,40.0,0
C001993,Z11,Oeste,suburbana,41163,30.0,F,Soltero/a,1,Prepago,Gama media,3181.0,39.0,0
C001994,Z04,Centro,suburbana,55457,33.0,M,Soltero/a,1,Contrato,Gama media,2149.0,55.0,1
C001995,Z16,Este,urbana_premium,72683,24.0,M,Soltero/a,3,Premium,Gama alta,4466.0,76.0,0
C001996,Z26,Oeste,urbana_premium,107159,28.0,M,Casado/a,5,Premium,Gama alta,4348.0,83.0,1
C001997,Z09,Norte,urbana_premium,102625,19.0,F,Soltero/a,3,Premium,Gama alta,4747.0,82.0,0
C001998,Z11,Oeste,suburbana,41163,38.0,F,Soltero/a,1,Prepago,Gama media,2948.0,35.0,0
C001999,Z27,Norte,suburbana,42704,48.0,F,Casado/a,1,Contrato,Gama media,2397.0,12.0,0
C002000,Z17,Sur,suburbana,56619,31.0,F,Soltero/a,1,Premium,Gama media,1846.0,52.0,0
C002001,Z27,Norte,suburbana,42704,39.0,F,Casado/a,1,Contrato,Gama alta,2476.0,59.0,0
C002002,Z15,Oeste,suburbana,62939,37.0,F,Soltero/a,1,Contrato,Gama baja,1670.0,34.0,0
C002003,Z29,Oeste,urbana_premium,67334,49.0,F,Divorciado/a,2,Premium,Gama media,4253.0,44.0,0
C002004,Z20,Oeste,suburbana,46953,33.0,F,Casado/a,1,Prepago,Gama baja,1699.0,9.0,0
C002005,Z05,Este,urbana_premium,94471,29.0,F,Soltero/a,3,Premium,Gama alta,3380.0,30.0,0
C002006,Z28,Sur,urbana_premium,64486,26.0,M,Soltero/a,2,Contrato,Gama alta,4940.0,17.0,0
C002007,Z16,Este,urbana_premium,72683,22.0,M,Soltero/a,2,Premium,Gama media,3517.0,20.0,1
C002008,Z05,Este,urbana_premium,94471,42.0,M,n/a,2,Premium,Gama alta,3749.0,21.0,1
C002009,Z05,Este,urbana_premium,94471,34.0,F,Divorciado/a,3,Premium,Gama alta,4470.0,,0
C002010,Z22,Este,suburbana,53534,41.0,F,Soltero/a,1,Premium,Gama alta,3568.0,29.0,0
C002011,Z02,Oeste,suburbana,46400,55.0,F,Soltero/a,2,Contrato,Gama alta,4287.0,12.0,0
C002012,Z09,Norte,urbana_premium,102625,52.0,F,Casado/a,5,Premium,Gama media,4662.0,28.0,0
C002013,Z05,Este,urbana_premium,94471,18.0,F,Soltero/a,2,Premium,Gama media,4338.0,55.0,0
C002014,Z15,Oeste,suburbana,62939,48.0,F,Casado/a,4,Contrato,Gama baja,1500.0,52.0,0
C002015,Z15,Oeste,suburbana,62939,43.0,F,Soltero/a,1,Prepago,Gama media,3244.0,19.0,1
C002016,Z99,Sur,suburbana,56619,34.0,M,Casado/a,2,Prepago,Gama alta,5327.0,46.0,0
C002017,Z09,Norte,urbana_premium,102625,40.0,F,Casado/a,3,Premium,Gama alta,4801.0,55.0,0
C002018,Z02,Oeste,suburbana,46400,19.0,M,Casado/a,3,Contrato,Gama media,4185.0,62.0,0
C002019,Z19,Este,rural,12655,63.0,M,Soltero/a,1,Contrato,Gama media,1834.0,26.0,0
C002020,Z13,Este,suburbana,37333,46.0,M,Soltero/a,2,Premium,Gama media,2910.0,,0
C002021,Z20,Oeste,suburbana,46953,30.0,M,Soltero/a,2,Contrato,Gama alta,3632.0,20.0,1
C002022,Z05,Este,urbana_premium,94471,29.0,M,Soltero/a,2,Premium,Gama alta,4470.0,68.0,0
C002023,Z02,Oeste,suburbana,46400,,M,Soltero/a,2,Prepago,Gama alta,3931.0,11.0,0
C002024,Z09,Norte,urbana_premium,102625,32.0,F,Soltero/a,3,Prepago,Gama media,2573.0,29.0,0
C002025,Z15,Oeste,suburbana,62939,34.0,M,Soltero/a,1,Premium,Gama media,2258.0,12.0,0
C002026,Z13,Este,suburbana,37333,24.0,F,Soltero/a,2,Contrato,Gama media,1895.0,17.0,0
C002027,Z26,Oeste,urbana_premium,107159,45.0,M,Soltero/a,2,Contrato,Gama media,4190.0,6.0,0
C002028,Z13,Este,suburbana,37333,55.0,F,Divorciado/a,2,Contrato,Gama media,2792.0,35.0,0
C002029,Z17,Sur,suburbana,56619,40.0,F,Soltero/a,2,Contrato,Gama media,2785.0,23.0,0
C002030,Z18,Sur,urbana_premium,56342,32.0,F,Soltero/a,3,Prepago,Gama media,3016.0,12.0,0
C002031,Z02,Oeste,suburbana,46400,45.0,F,Casado/a,2,Prepago,Gama baja,2219.0,26.0,0
C002032,Z16,Este,urbana_premium,72683,36.0,F,Soltero/a,2,Premium,Gama media,3830.0,33.0,1
C002033,Z11,Oeste,suburbana,41163,27.0,M,Soltero/a,2,Premium,Gama alta,4392.0,15.0,0
C002034,Z15,Oeste,suburbana,62939,32.0,M,Casado/a,4,Contrato,Gama media,5159.0,13.0,0
C002035,Z04,Centro,suburbana,55457,36.0,F,Casado/a,2,Premium,Gama alta,5166.0,-19.0,0
C002036,Z26,Oeste,urbana_premium,107159,39.0,M,Soltero/a,2,Premium,Gama baja,3249.0,3.0,1
C002037,Z29,Oeste,urbana_premium,67334,36.0,M,Casado/a,2,Premium,Gama media,2530.0,52.0,0
C002038,Z02,Oeste,suburbana,46400,43.0,F,Soltero/a,1,Premium,Gama media,4061.0,45.0,0
C002039,Z18,Sur,urbana_premium,56342,18.0,M,Soltero/a,3,Premium,Gama alta,5980.0,19.0,0
C002040,Z26,Oeste,urbana_premium,107159,44.0,F,Casado/a,3,Prepago,Gama media,4430.0,22.0,0
C002041,Z09,Norte,urbana_premium,102625,36.0,M,Soltero/a,3,Prepago,Gama media,3797.0,2.0,0
C002042,Z26,Oeste,urbana_premium,107159,67.0,M,Casado/a,3,Premium,Gama alta,3074.0,103.0,0
C002043,Z20,Oeste,suburbana,46953,35.0,M,Casado/a,4,Prepago,Gama baja,3685.0,17.0,0
C002044,Z29,Oeste,urbana_premium,67334,40.0,F,Casado/a,5,Contrato,Gama media,4682.0,25.0,0
C002045,Z30,Centro,suburbana,33966,74.0,F,Casado/a,2,Prepago,Gama media,3291.0,29.0,0
C002046,Z02,Oeste,suburbana,46400,42.0,F,Casado/a,1,Contrato,Gama media,2024.0,29.0,0
C002047,Z15,Oeste,suburbana,62939,39.0,M,Soltero/a,1,Contrato,Gama media,2105.0,20.0,1
C002048,Z17,Sur,suburbana,56619,28.0,M,Casado/a,3,Prepago,Gama media,2885.0,23.0,0
C002049,Z05,Este,urbana_premium,94471,54.0,F,Casado/a,4,Premium,Gama media,5512.0,23.0,0
C002050,Z11,Oeste,suburbana,41163,26.0,M,Casado/a,4,Premium,Gama media,4099.0,10.0,1
C002051,Z30,Centro,suburbana,33966,45.0,M,Casado/a,3,Prepago,Gama media,2592.0,15.0,0
C002052,Z02,Oeste,suburbana,46400,34.0,M,Soltero/a,1,Prepago,Gama media,,41.0,0
C002053,Z15,Oeste,suburbana,62939,38.0,F,Soltero/a,1,Contrato,Gama media,4757.0,45.0,0
C002054,Z27,Norte,suburbana,42704,23.0,M,Soltero/a,2,Premium,Gama media,4602.0,52.0,1
C002055,Z10,Este,suburbana,27514,56.0,M,Soltero/a,2,Premium,Gama alta,3113.0,41.0,1
C002056,Z16,Este,urbana_premium,72683,33.0,F,Casado/a,5,Premium,Gama media,3293.0,24.0,1
C002057,Z30,Centro,suburbana,33966,25.0,F,Soltero/a,1,Contrato,Gama alta,2677.0,12.0,0
C002058,Z16,Este,urbana_premium,72683,51.0,F,Soltero/a,3,Premium,Gama media,5302.0,18.0,0
C002059,Z05,Este,urbana_premium,94471,30.0,F,Soltero/a,3,Premium,Gama alta,4619.0,5.0,0
C002060,Z03,Sur,rural,16530,49.0,F,Soltero/a,2,Premium,Gama media,1999.0,32.0,0
C002061,Z99,Oeste,urbana_premium,67334,46.0,F,Casado/a,4,Prepago,Gama media,8271.0,51.0,0
C002062,Z09,Norte,urbana_premium,102625,42.0,F,Soltero/a,2,Premium,Gama media,2241.0,44.0,0
C002063,Z16,Este,urbana_premium,72683,18.0,M,Soltero/a,3,Premium,Gama baja,3101.0,32.0,0
C002064,Z04,Centro,suburbana,55457,48.0,M,Divorciado/a,1,Contrato,Gama alta,2434.0,36.0,0
C002065,Z15,Oeste,suburbana,62939,39.0,F,Divorciado/a,1,Contrato,Gama media,3094.0,3.0,0
C002066,Z29,Oeste,urbana_premium,67334,32.0,F,Casado/a,4,Premium,Gama media,5689.0,54.0,0
C002067,Z16,Este,urbana_premium,72683,35.0,M,Soltero/a,3,Premium,Gama alta,5116.0,35.0,0
C002068,Z29,Oeste,urbana_premium,67334,18.0,F,Soltero/a,3,Premium,Gama alta,4001.0,69.0,0
C002069,Z09,Norte,urbana_premium,102625,38.0,F,Casado/a,5,Contrato,Gama alta,2405.0,30.0,1
C002070,Z16,Este,urbana_premium,72683,20.0,M,Soltero/a,2,Premium,Gama baja,5347.0,45.0,0
C002071,Z27,Norte,suburbana,42704,37.0,F,Soltero/a,1,Prepago,Gama alta,2004.0,11.0,0
C002072,Z15,Oeste,suburbana,62939,42.0,M,Casado/a,1,Premium,Gama media,2590.0,26.0,0
C002073,Z09,Norte,urbana_premium,102625,49.0,F,Casado/a,5,Prepago,Gama alta,3728.0,40.0,0
C002074,Z27,Norte,suburbana,42704,30.0,F,Soltero/a,2,Contrato,Gama media,2247.0,34.0,0
C002075,Z13,Este,suburbana,37333,57.0,F,Divorciado/a,1,Prepago,Gama media,2232.0,39.0,0
C002076,Z17,Sur,suburbana,56619,51.0,F,Divorciado/a,1,Prepago,Gama media,4066.0,86.0,1
C002077,Z30,Centro,suburbana,33966,35.0,F,Soltero/a,2,Premium,Gama alta,4959.0,38.0,0
C002078,Z06,Sur,rural,19752,32.0,M,Casado/a,2,Premium,Gama media,2262.0,42.0,0
C002079,Z09,Norte,urbana_premium,102625,19.0,F,Soltero/a,2,Premium,Gama media,2054.0,24.0,1
C002080,Z02,Oeste,suburbana,46400,43.0,M,Soltero/a,2,Premium,Gama alta,3289.0,,0
C002081,Z13,Este,suburbana,37333,31.0,F,Soltero/a,1,Prepago,Gama media,2336.0,5.0,0
C002082,Z07,Centro,rural,15473,59.0,F,Divorciado/a,1,Contrato,Gama media,2634.0,5.0,0
C002083,Z22,Este,suburbana,53534,32.0,F,Soltero/a,2,Contrato,Gama alta,3306.0,31.0,0
C002084,Z05,Este,urbana_premium,94471,25.0,M,Soltero/a,2,Premium,Gama media,1981.0,24.0,0
C002085,Z22,Este,suburbana,53534,43.0,M,Soltero/a,1,Contrato,Gama media,2600.0,30.0,0
C002086,Z09,Norte,urbana_premium,102625,28.0,M,Soltero/a,3,Premium,Gama alta,4749.0,61.0,1
C002087,Z11,Oeste,suburbana,41163,40.0,M,Soltero/a,2,Premium,Gama media,2885.0,46.0,0
C002088,Z11,Oeste,suburbana,41163,52.0,M,Casado/a,4,Prepago,Gama baja,2031.0,22.0,0
C002089,Z23,Norte,rural,20553,46.0,M,Casado/a,2,Premium,Gama media,2921.0,45.0,0
C002090,Z16,Este,urbana_premium,72683,37.0,F,Casado/a,3,Premium,Gama media,2137.0,39.0,0
C002091,Z12,Norte,rural,11707,47.0,M,Casado/a,4,Prepago,Gama media,2520.0,,0
C002092,Z27,Norte,suburbana,42704,20.0,F,Soltero/a,2,Premium,Gama media,2468.0,25.0,0
C002093,Z18,Sur,urbana_premium,56342,41.0,M,Divorciado/a,2,Prepago,Gama baja,4456.0,62.0,0
C002094,Z08,Sur,rural,17023,47.0,?,Casado/a,3,Contrato,Gama media,2143.0,10.0,0
C002095,Z28,Sur,urbana_premium,64486,47.0,F,Casado/a,3,Premium,Gama alta,4538.0,99.0,0
C002096,Z11,Oeste,suburbana,41163,47.0,F,Casado/a,2,Premium,Gama alta,4800.0,40.0,0
C002097,Z02,Oeste,suburbana,46400,38.0,F,Soltero/a,2,Premium,Gama media,3801.0,1.0,0
C002098,Z16,Este,urbana_premium,72683,48.0,F,Divorciado/a,3,Premium,Gama alta,4849.0,25.0,0
C002099,Z05,Este,urbana_premium,94471,32.0,M,Soltero/a,2,Premium,Gama alta,4694.0,24.0,0
C002100,Z09,Norte,urbana_premium,102625,39.0,F,Soltero/a,3,Premium,Gama baja,2099.0,31.0,0
C002101,Z25,Oeste,rural,11763,41.0,M,Divorciado/a,1,Premium,Gama media,2388.0,56.0,0
C002102,Z05,Este,urbana_premium,94471,42.0,F,Soltero/a,2,Contrato,Gama media,4207.0,12.0,1
C002103,Z26,Oeste,urbana_premium,107159,31.0,F,Casado/a,2,Premium,Gama media,4645.0,44.0,1
C002104,Z29,Oeste,urbana_premium,67334,56.0,M,Divorciado/a,2,Premium,Gama media,3716.0,,0
C002105,Z18,Sur,urbana_premium,56342,60.0,F,Casado/a,3,Contrato,Gama media,4917.0,23.0,1
C002106,Z22,Este,suburbana,53534,50.0,M,Casado/a,3,Premium,Gama alta,2131.0,57.0,0
C002107,Z23,Norte,rural,20553,63.0,F,Casado/a,4,Premium,Gama alta,4663.0,15.0,0
C002108,Z30,Centro,suburbana,33966,22.0,F,Soltero/a,2,Prepago,Gama media,3624.0,9.0,0
C002109,Z11,Oeste,suburbana,41163,23.0,F,Soltero/a,1,Premium,Gama media,2160.0,16.0,1
C002110,Z05,Este,urbana_premium,94471,32.0,F,Soltero/a,3,Prepago,Gama baja,6151.0,69.0,0
C002111,Z17,Sur,suburbana,56619,40.0,M,Soltero/a,1,Contrato,Gama media,2017.0,27.0,1
C002112,Z17,Sur,suburbana,56619,38.0,F,Soltero/a,1,Contrato,Gama media,2991.0,25.0,1
C002113,Z05,Este,urbana_premium,94471,18.0,F,Soltero/a,2,Premium,Gama media,,35.0,1
C002114,Z19,Este,rural,12655,59.0,M,Casado/a,2,Prepago,Gama media,2011.0,59.0,0
C002115,Z02,Oeste,suburbana,46400,66.0,M,Soltero/a,2,Premium,Gama media,2856.0,23.0,1
C002116,Z29,Oeste,urbana_premium,67334,51.0,M,Casado/a,2,Premium,Gama alta,3913.0,30.0,1
C002117,Z09,Norte,urbana_premium,102625,49.0,F,Soltero/a,2,Contrato,Gama media,2629.0,19.0,0
C002118,Z02,Oeste,suburbana,46400,43.0,F,Casado/a,3,Premium,Gama media,3280.0,54.0,0
C002119,Z05,Este,urbana_premium,94471,26.0,M,Soltero/a,3,Contrato,Gama media,3832.0,8.0,0
C002120,Z09,Norte,urbana_premium,102625,37.0,M,Casado/a,2,Premium,Gama alta,7558.0,24.0,0
C002121,Z09,Norte,urbana_premium,102625,61.0,M,Casado/a,3,Premium,Gama media,6434.0,30.0,0
C002122,Z02,Oeste,suburbana,46400,36.0,M,Casado/a,1,Contrato,Gama media,2306.0,32.0,1
C002123,Z09,Norte,urbana_premium,102625,31.0,M,Casado/a,3,Premium,Gama alta,3643.0,31.0,0
C002124,Z06,Sur,rural,19752,58.0,F,Casado/a,2,Contrato,Gama media,1821.0,29.0,0
C002125,Z13,Este,suburbana,37333,54.0,M,Soltero/a,2,Premium,Gama alta,2726.0,42.0,0
C002126,Z13,Este,suburbana,37333,30.0,F,Soltero/a,2,Prepago,Gama media,4027.0,17.0,1
C002127,Z11,Oeste,suburbana,41163,37.0,M,Divorciado/a,1,Contrato,Gama alta,2876.0,14.0,1
C002128,Z11,Oeste,suburbana,41163,34.0,F,Casado/a,4,Contrato,Gama media,2503.0,31.0,0
C002129,Z04,Centro,suburbana,55457,41.0,M,Divorciado/a,2,Premium,Gama media,3685.0,23.0,1
C002130,Z02,Oeste,suburbana,46400,53.0,M,n/a,4,Prepago,Gama media,1513.0,46.0,0
C002131,Z07,Centro,rural,15473,35.0,M,Soltero/a,1,Prepago,Gama media,2028.0,77.0,0
C002132,Z26,Oeste,urbana_premium,107159,49.0,F,Casado/a,2,Premium,Gama alta,6183.0,31.0,0
C002133,Z30,Centro,suburbana,33966,41.0,F,Divorciado/a,1,Premium,Gama media,4896.0,24.0,0
C002134,Z29,Oeste,urbana_premium,67334,64.0,M,Casado/a,2,Premium,Gama alta,6044.0,66.0,0
C002135,Z16,Este,urbana_premium,72683,40.0,F,Casado/a,5,Premium,Gama media,2488.0,21.0,0
C002136,Z17,Sur,suburbana,56619,39.0,F,Soltero/a,1,Prepago,Gama media,1932.0,108.0,0
C002137,Z10,Este,suburbana,27514,47.0,M,Casado/a,3,Premium,Gama media,2508.0,14.0,1
C002138,Z26,Oeste,urbana_premium,107159,32.0,F,Casado/a,4,Premium,Gama alta,3844.0,45.0,0
C002139,Z26,Oeste,urbana_premium,107159,18.0,M,n/a,3,Prepago,Gama media,2961.0,30.0,0
C002140,Z27,Norte,suburbana,42704,37.0,F,Soltero/a,2,Contrato,Gama media,1655.0,14.0,0
C002141,Z28,Sur,urbana_premium,64486,33.0,F,Divorciado/a,3,Premium,Gama alta,5296.0,55.0,0
C002142,Z15,Oeste,suburbana,62939,21.0,M,Soltero/a,1,Premium,Gama alta,3891.0,71.0,0
C002143,Z26,Oeste,urbana_premium,107159,35.0,F,Soltero/a,3,Contrato,Gama media,3113.0,33.0,0
C002144,Z26,Oeste,urbana_premium,107159,18.0,M,Soltero/a,2,Premium,Gama media,4911.0,23.0,0
C002145,Z10,Este,suburbana,27514,36.0,F,Soltero/a,1,Contrato,Gama media,4147.0,17.0,0
C002146,Z29,Oeste,urbana_premium,67334,39.0,F,Casado/a,2,Premium,Gama baja,1664.0,13.0,0
C002147,Z04,Centro,suburbana,55457,41.0,F,Soltero/a,1,Premium,Gama media,3734.0,71.0,0
C002148,Z30,Centro,suburbana,33966,35.0,M,Casado/a,3,Contrato,Gama media,2918.0,15.0,0
C002149,Z26,Oeste,urbana_premium,107159,35.0,M,Soltero/a,3,Contrato,Gama baja,1588.0,-9.0,0
C002150,Z04,Centro,suburbana,55457,31.0,F,Soltero/a,1,Prepago,Gama media,4257.0,21.0,0
C002151,Z21,Centro,rural,19103,45.0,F,Soltero/a,1,Contrato,Gama media,2387.0,7.0,0
C002152,Z02,Oeste,suburbana,46400,41.0,F,Casado/a,3,Prepago,Gama media,1705.0,55.0,0
C002153,Z26,Oeste,urbana_premium,107159,25.0,M,Soltero/a,3,Premium,Gama media,4399.0,47.0,1
C002154,Z99,Oeste,urbana_premium,107159,39.0,F,Soltero/a,3,Premium,Gama media,4078.0,35.0,0
C002155,Z18,Sur,urbana_premium,56342,39.0,F,Soltero/a,2,Premium,Gama media,4625.0,17.0,1
C002156,Z27,Norte,suburbana,42704,38.0,F,Soltero/a,1,Premium,Gama media,1515.0,15.0,1
C002157,Z04,Centro,suburbana,55457,69.0,M,Casado/a,1,Prepago,Gama media,2683.0,35.0,0
C002158,Z09,Norte,urbana_premium,102625,34.0,M,Soltero/a,2,Prepago,Gama media,2716.0,31.0,0
C002159,Z15,Oeste,suburbana,62939,37.0,M,Soltero/a,2,Premium,Gama media,2816.0,44.0,0
C002160,Z02,Oeste,suburbana,46400,35.0,F,Casado/a,2,Prepago,Gama baja,1645.0,13.0,0
C002161,Z15,Oeste,suburbana,62939,28.0,F,Soltero/a,1,Contrato,Gama media,2016.0,8.0,0
C002162,Z09,Norte,urbana_premium,102625,44.0,F,Soltero/a,2,Premium,Gama alta,6561.0,45.0,0
C002163,Z13,Este,suburbana,37333,32.0,M,Soltero/a,1,Contrato,Gama alta,4476.0,18.0,1
C002164,Z15,Oeste,suburbana,62939,33.0,NA,Soltero/a,2,Contrato,Gama media,4188.0,8.0,0
C002165,Z28,Sur,urbana_premium,64486,30.0,F,Soltero/a,3,Premium,Gama alta,6404.0,42.0,0
C002166,Z09,Norte,urbana_premium,102625,24.0,M,Soltero/a,2,Contrato,Gama media,1990.0,20.0,1
C002167,Z28,Sur,urbana_premium,64486,18.0,M,Soltero/a,2,Premium,Gama media,3753.0,40.0,0
C002168,Z15,Oeste,suburbana,62939,,M,Soltero/a,2,Premium,Gama media,3247.0,64.0,1
C002169,Z11,Oeste,suburbana,41163,50.0,F,Casado/a,2,Premium,Gama media,2603.0,21.0,0
C002170,Z16,Este,urbana_premium,72683,38.0,M,Casado/a,2,Premium,Gama baja,1996.0,65.0,0
C002171,Z15,Oeste,suburbana,62939,59.0,M,Soltero/a,2,Contrato,Gama media,4061.0,26.0,0
C002172,Z09,Norte,urbana_premium,102625,45.0,F,Divorciado/a,2,Contrato,Gama media,4752.0,14.0,0
C002173,Z16,Este,urbana_premium,72683,42.0,F,Casado/a,3,Premium,Gama alta,3080.0,27.0,0
C002174,Z05,Este,urbana_premium,94471,59.0,F,Casado/a,2,Premium,Gama alta,5146.0,41.0,0
C002175,Z11,Oeste,suburbana,41163,39.0,F,Casado/a,4,Premium,Gama media,3114.0,38.0,0
C002176,Z18,Sur,urbana_premium,56342,37.0,F,Divorciado/a,2,Premium,Gama alta,4778.0,87.0,0
C002177,Z15,Oeste,suburbana,62939,40.0,F,Casado/a,4,Prepago,Gama media,2165.0,9.0,0
C002178,Z26,Oeste,urbana_premium,107159,55.0,F,Soltero/a,2,Premium,Gama baja,4161.0,45.0,0
C002179,Z09,Norte,urbana_premium,102625,36.0,M,Divorciado/a,3,Contrato,Gama alta,4177.0,15.0,0
C002180,Z29,Oeste,urbana_premium,67334,28.0,F,Casado/a,5,Premium,Gama media,3530.0,42.0,1
C002181,Z26,Oeste,urbana_premium,107159,43.0,F,Soltero/a,3,Prepago,Gama media,1501.0,72.0,0
C002182,Z29,Oeste,urbana_premium,67334,26.0,F,Soltero/a,2,Prepago,Gama media,4065.0,21.0,0
C002183,Z27,Norte,suburbana,42704,46.0,M,Soltero/a,2,Contrato,Gama media,3242.0,31.0,0
C002184,Z05,Este,urbana_premium,94471,41.0,M,Soltero/a,2,Premium,Gama media,2749.0,86.0,0
C002185,Z17,Sur,suburbana,56619,38.0,M,Casado/a,4,Premium,Gama media,3642.0,29.0,0
C002186,Z05,Este,urbana_premium,94471,43.0,M,Soltero/a,3,Premium,Gama alta,4170.0,68.0,0
C002187,Z26,Oeste,urbana_premium,107159,18.0,M,Soltero/a,2,Premium,Gama media,4417.0,60.0,1
C002188,Z18,Sur,urbana_premium,56342,38.0,M,Soltero/a,2,Premium,Gama alta,3354.0,55.0,0
C002189,Z99,Norte,urbana_premium,102625,30.0,M,Soltero/a,3,Prepago,Gama media,2105.0,16.0,1
C002190,Z29,Oeste,urbana_premium,67334,70.0,F,Soltero/a,2,Prepago,Gama alta,2121.0,18.0,0
C002191,Z05,Este,urbana_premium,94471,38.0,F,Casado/a,2,Premium,Gama media,4869.0,42.0,0
C002192,Z18,Sur,urbana_premium,56342,29.0,F,Soltero/a,2,Premium,Gama alta,2610.0,39.0,0
C002193,Z23,Norte,rural,20553,28.0,M,Casado/a,4,Premium,Gama media,,41.0,0
C002194,Z03,Sur,rural,16530,61.0,M,Casado/a,1,Contrato,Gama media,3115.0,11.0,1
C002195,Z18,Sur,urbana_premium,56342,32.0,M,Casado/a,4,Prepago,Gama baja,1812.0,19.0,0
C002196,Z26,Oeste,urbana_premium,107159,27.0,F,Casado/a,5,Premium,Gama media,2181.0,23.0,0
C002197,Z04,Centro,suburbana,55457,44.0,M,Divorciado/a,2,Prepago,Gama media,3929.0,18.0,0
C002198,Z16,Este,urbana_premium,72683,44.0,F,Divorciado/a,2,Premium,Gama media,3942.0,54.0,0
C002199,Z09,Norte,urbana_premium,102625,44.0,M,Casado/a,3,Premium,Gama alta,1905.0,45.0,1
C002200,Z21,Centro,rural,19103,45.0,M,Divorciado/a,2,Prepago,Gama media,1990.0,21.0,0
C002201,Z99,Este,urbana_premium,94471,38.0,M,desconocido,4,Premium,Gama alta,4071.0,13.0,0
C002202,Z29,Oeste,urbana_premium,67334,39.0,M,Divorciado/a,2,Prepago,Gama alta,2603.0,52.0,0
C002203,Z28,Sur,urbana_premium,64486,40.0,M,Divorciado/a,2,Prepago,Gama media,2307.0,5.0,0
C002204,Z06,Sur,rural,19752,50.0,F,Casado/a,2,Prepago,Gama media,1286.0,106.0,0
C002205,Z10,Este,suburbana,27514,53.0,M,Casado/a,3,Contrato,Gama alta,4009.0,9.0,0
C002206,Z18,Sur,urbana_premium,56342,37.0,M,Soltero/a,3,Premium,Gama alta,5515.0,36.0,0
C002207,Z23,Norte,rural,20553,35.0,M,Soltero/a,1,Premium,Gama media,3023.0,100.0,0
C002208,Z15,Oeste,suburbana,62939,38.0,F,Soltero/a,1,Prepago,Gama alta,4588.0,43.0,0
C002209,Z05,Este,urbana_premium,94471,45.0,F,Divorciado/a,2,Premium,Gama alta,5992.0,38.0,1
C002210,Z04,Centro,suburbana,55457,19.0,F,Soltero/a,1,Prepago,Gama baja,1754.0,8.0,0
C002211,Z30,Centro,suburbana,33966,19.0,F,Soltero/a,1,Premium,Gama media,4232.0,87.0,0
C002212,Z15,Oeste,suburbana,62939,51.0,F,Casado/a,2,Premium,Gama alta,3100.0,25.0,0
C002213,Z28,Sur,urbana_premium,64486,54.0,M,Soltero/a,3,Premium,Gama media,7442.0,61.0,0
C002214,Z16,Este,urbana_premium,72683,21.0,F,Soltero/a,3,Premium,Gama alta,12000.0,15.0,0
C002215,Z29,Oeste,urbana_premium,67334,37.0,F,Soltero/a,2,Premium,Gama alta,3574.0,37.0,0
C002216,Z04,Centro,suburbana,55457,35.0,M,Casado/a,4,Contrato,Gama media,2679.0,5.0,0
C002217,Z05,Este,urbana_premium,94471,33.0,M,Casado/a,3,Prepago,Gama media,3347.0,21.0,0
C002218,Z29,Oeste,urbana_premium,67334,40.0,NA,Soltero/a,3,Premium,Gama alta,3925.0,23.0,1
C002219,Z29,Oeste,urbana_premium,67334,20.0,M,Soltero/a,2,Premium,Gama baja,,36.0,0
C002220,Z10,Este,suburbana,27514,27.0,M,Soltero/a,1,Premium,Gama alta,7505.0,,1
C002221,Z11,Oeste,suburbana,41163,36.0,M,Soltero/a,1,Contrato,Gama media,3134.0,33.0,0
C002222,Z15,Oeste,suburbana,62939,38.0,?,Soltero/a,2,Prepago,Gama media,2565.0,3.0,0
C002223,Z15,Oeste,suburbana,62939,26.0,F,Soltero/a,2,Prepago,Gama baja,2995.0,18.0,0
C002224,Z06,Sur,rural,19752,54.0,F,Soltero/a,1,Prepago,Gama media,1739.0,13.0,0
C002225,Z28,Sur,urbana_premium,64486,31.0,F,Soltero/a,3,Premium,Gama media,2127.0,25.0,0
C002226,Z99,Norte,urbana_premium,102625,31.0,M,Soltero/a,2,Contrato,Gama alta,3634.0,61.0,1
C002227,Z22,Este,suburbana,53534,43.0,M,Casado/a,1,Premium,Gama alta,6746.0,14.0,0
C002228,Z04,Centro,suburbana,55457,38.0,F,Divorciado/a,1,Premium,Gama alta,4068.0,35.0,1
C002229,Z02,Oeste,suburbana,46400,50.0,F,Casado/a,3,Premium,Gama media,2520.0,23.0,0
C002230,Z20,Oeste,suburbana,46953,29.0,M,Soltero/a,2,Premium,Gama alta,3371.0,44.0,0
C002231,Z11,Oeste,suburbana,41163,23.0,F,Soltero/a,1,Premium,Gama alta,7186.0,-40.0,1
C002232,Z21,Centro,rural,19103,41.0,F,Divorciado/a,1,Prepago,Gama media,2489.0,45.0,0
C002233,Z04,Centro,suburbana,55457,41.0,F,Soltero/a,2,Premium,Gama media,2183.0,51.0,0
C002234,Z29,Oeste,urbana_premium,67334,21.0,M,Soltero/a,3,Premium,Gama media,3921.0,23.0,0
C002235,Z25,Oeste,rural,11763,28.0,M,Soltero/a,1,Contrato,Gama media,2906.0,5.0,0
C002236,Z28,Sur,urbana_premium,64486,38.0,F,Soltero/a,3,Premium,Gama alta,4429.0,50.0,0
C002237,Z05,Este,urbana_premium,94471,27.0,F,Soltero/a,3,Prepago,Gama baja,6364.0,78.0,0
C002238,Z10,Este,suburbana,27514,23.0,F,Soltero/a,1,Prepago,Gama media,3087.0,12.0,0
C002239,Z12,Norte,rural,11707,57.0,F,Soltero/a,2,Prepago,Gama baja,1022.0,38.0,0
C002240,Z17,Sur,suburbana,56619,,M,Casado/a,2,Premium,Gama alta,3516.0,-13.0,0
C002241,Z09,Norte,urbana_premium,102625,50.0,F,Soltero/a,3,Premium,Gama alta,4409.0,39.0,0
C002242,Z03,Sur,rural,16530,45.0,F,Casado/a,3,Prepago,Gama media,2614.0,74.0,0
C002243,Z12,Norte,rural,11707,49.0,F,Casado/a,1,Prepago,Gama media,1725.0,38.0,0
C002244,Z09,Norte,urbana_premium,102625,33.0,F,Soltero/a,3,Contrato,Gama alta,7690.0,11.0,0
C002245,Z13,Este,suburbana,37333,18.0,M,desconocido,1,Premium,Gama media,2037.0,13.0,0
C002246,Z06,Sur,rural,19752,31.0,F,Casado/a,2,Prepago,Gama media,1647.0,48.0,0
C002247,Z09,Norte,urbana_premium,102625,34.0,F,Soltero/a,3,Premium,Gama media,3533.0,22.0,1
C002248,Z20,Oeste,suburbana,46953,44.0,M,Divorciado/a,2,Premium,Gama alta,4742.0,37.0,0
C002249,Z13,Este,suburbana,37333,19.0,F,Soltero/a,2,Premium,Gama media,4815.0,10.0,0
C002250,Z11,Oeste,suburbana,41163,39.0,M,Divorciado/a,2,Prepago,Gama media,3730.0,24.0,0
C002251,Z17,Sur,suburbana,56619,27.0,M,Soltero/a,1,Premium,Gama media,4075.0,66.0,1
C002252,Z26,Oeste,urbana_premium,107159,39.0,F,Divorciado/a,2,Contrato,Gama media,2426.0,44.0,0
C002253,Z13,Este,suburbana,37333,40.0,M,Soltero/a,2,Prepago,Gama media,1644.0,32.0,0
C002254,Z18,Sur,urbana_premium,56342,45.0,F,Soltero/a,3,Contrato,Gama media,3360.0,37.0,0
C002255,Z29,Oeste,urbana_premium,67334,49.0,M,Soltero/a,2,Premium,Gama alta,5219.0,-71.0,0
C002256,Z17,Sur,suburbana,56619,46.0,F,Soltero/a,1,Premium,Gama alta,4101.0,52.0,1
C002257,Z28,Sur,urbana_premium,64486,46.0,F,Divorciado/a,2,Contrato,Gama media,2824.0,42.0,0
C002258,Z26,Oeste,urbana_premium,107159,32.0,F,Casado/a,2,Premium,Gama baja,2719.0,12.0,0
C002259,Z03,Sur,rural,16530,79.0,M,Soltero/a,2,Premium,Gama media,3495.0,49.0,0
C002260,Z15,Oeste,suburbana,62939,,F,Soltero/a,2,Premium,Gama media,3186.0,24.0,1
C002261,Z22,Este,suburbana,53534,34.0,M,Casado/a,3,Prepago,Gama media,1444.0,31.0,0
C002262,Z30,Centro,suburbana,33966,51.0,F,Soltero/a,2,Contrato,Gama media,2011.0,20.0,0
C002263,Z15,Oeste,suburbana,62939,49.0,M,Casado/a,2,Premium,Gama media,3533.0,38.0,1
C002264,Z04,Centro,suburbana,55457,46.0,M,Casado/a,1,Premium,Gama baja,1968.0,57.0,0
C002265,Z17,Sur,suburbana,56619,48.0,F,Soltero/a,2,Contrato,Gama media,2112.0,55.0,0
C002266,Z05,Este,urbana_premium,94471,18.0,M,Soltero/a,2,Contrato,Gama baja,2747.0,15.0,0
C002267,Z26,Oeste,urbana_premium,107159,55.0,M,Divorciado/a,3,Premium,Gama alta,5199.0,,0
C002268,Z16,Este,urbana_premium,72683,34.0,M,Divorciado/a,3,Premium,Gama media,3815.0,29.0,0
C002269,Z23,Norte,rural,20553,60.0,M,Soltero/a,1,Premium,Gama media,4174.0,38.0,0
C002270,Z28,Sur,urbana_premium,64486,18.0,F,Soltero/a,3,Premium,Gama alta,3294.0,20.0,0
C002271,Z20,Oeste,suburbana,46953,43.0,F,Soltero/a,1,Contrato,Gama baja,2769.0,16.0,0
C002272,Z19,Este,rural,12655,38.0,M,Casado/a,1,Premium,Gama media,2610.0,32.0,0
C002273,Z26,Oeste,urbana_premium,107159,43.0,F,Casado/a,3,Premium,Gama alta,3076.0,22.0,0
C002274,Z27,Norte,suburbana,42704,44.0,F,Casado/a,3,Prepago,Gama baja,1704.0,36.0,0
C002275,Z28,Sur,urbana_premium,64486,40.0,F,Casado/a,4,Prepago,Gama alta,3383.0,32.0,0
C002276,Z02,Oeste,suburbana,46400,27.0,F,Soltero/a,1,Premium,Gama media,2294.0,34.0,0
C002277,Z17,Sur,suburbana,56619,39.0,M,Casado/a,1,Premium,Gama alta,2852.0,29.0,1
C002278,Z08,Sur,rural,17023,43.0,M,Casado/a,1,Prepago,Gama baja,1883.0,8.0,0
C002279,Z27,Norte,suburbana,42704,46.0,F,Casado/a,2,Contrato,Gama alta,3490.0,13.0,1
C002280,Z20,Oeste,suburbana,46953,52.0,F,Casado/a,4,Contrato,Gama media,2635.0,8.0,0
C002281,Z15,Oeste,suburbana,62939,42.0,F,Casado/a,2,Prepago,Gama baja,1693.0,40.0,0
C002282,Z06,Sur,rural,19752,30.0,M,Soltero/a,2,Premium,Gama media,1867.0,41.0,0
C002283,Z11,Oeste,suburbana,41163,41.0,F,Divorciado/a,2,Prepago,Gama media,1957.0,4.0,0
C002284,Z22,Este,suburbana,53534,71.0,M,Casado/a,3,Premium,Gama alta,5840.0,71.0,0
C002285,Z07,Centro,rural,15473,65.0,F,Soltero/a,2,Premium,Gama media,2359.0,25.0,0
C002286,Z04,Centro,suburbana,55457,,M,Soltero/a,1,Premium,Gama media,3765.0,9.0,0
C002287,Z28,Sur,urbana_premium,64486,37.0,F,Soltero/a,3,Prepago,Gama baja,3701.0,-37.0,0
C002288,Z26,Oeste,urbana_premium,107159,47.0,F,Soltero/a,2,Contrato,Gama media,7273.0,7.0,0
C002289,Z07,Centro,rural,15473,43.0,M,Soltero/a,2,Prepago,Gama media,1493.0,16.0,0
C002290,Z09,Norte,urbana_premium,102625,30.0,F,Casado/a,3,Prepago,Gama media,2901.0,15.0,0
C002291,Z29,Oeste,urbana_premium,67334,33.0,F,Casado/a,3,Premium,Gama alta,5651.0,40.0,0
C002292,Z22,Este,suburbana,53534,47.0,M,Soltero/a,1,Premium,Gama media,2487.0,62.0,0
C002293,Z19,Este,rural,12655,31.0,M,Soltero/a,2,Prepago,Gama media,1787.0,22.0,1
C002294,Z10,Este,suburbana,27514,54.0,F,Soltero/a,2,Prepago,Gama media,2449.0,16.0,1
C002295,Z09,Norte,urbana_premium,102625,35.0,M,Casado/a,4,Premium,Gama alta,,15.0,0
C002296,Z02,Oeste,suburbana,46400,29.0,M,Soltero/a,1,Prepago,Gama alta,6097.0,37.0,0
C002297,Z23,Norte,rural,20553,58.0,F,Casado/a,4,Prepago,Gama baja,2680.0,14.0,1
C002298,Z02,Oeste,suburbana,46400,21.0,F,Soltero/a,1,Contrato,Gama alta,3193.0,28.0,0
C002299,Z01,Centro,rural,16625,38.0,F,Soltero/a,1,Contrato,Gama media,3054.0,35.0,0
C002300,Z24,Centro,rural,12558,38.0,F,Casado/a,2,Premium,Gama alta,2663.0,73.0,1
C002301,Z29,Oeste,urbana_premium,67334,62.0,NA,Casado/a,5,Premium,Gama alta,4070.0,87.0,0
C002302,Z26,Oeste,urbana_premium,107159,28.0,F,Soltero/a,2,Premium,Gama media,3269.0,24.0,0
C002303,Z99,Este,urbana_premium,72683,18.0,M,Soltero/a,3,Premium,Gama media,3086.0,63.0,0
C002304,Z16,Este,urbana_premium,72683,29.0,M,Soltero/a,3,Premium,Gama baja,4554.0,,0
C002305,Z15,Oeste,suburbana,62939,45.0,F,Divorciado/a,2,Contrato,Gama media,3130.0,21.0,1
C002306,Z10,Este,suburbana,27514,49.0,F,Casado/a,3,Premium,Gama media,4984.0,55.0,0
C002307,Z17,Sur,suburbana,56619,67.0,M,Casado/a,4,Prepago,Gama media,2723.0,31.0,0
C002308,Z15,Oeste,suburbana,62939,57.0,F,Casado/a,2,Premium,Gama media,2156.0,42.0,0
C002309,Z18,Sur,urbana_premium,56342,38.0,F,Casado/a,3,Premium,Gama media,2295.0,82.0,0
C002310,Z28,Sur,urbana_premium,64486,25.0,M,Casado/a,4,Premium,Gama media,2925.0,22.0,0
C002311,Z30,Centro,suburbana,33966,59.0,M,Soltero/a,2,Premium,Gama media,1802.0,32.0,0
C002312,Z04,Centro,suburbana,55457,36.0,M,Casado/a,3,Prepago,Gama alta,4454.0,83.0,0
C002313,Z13,Este,suburbana,37333,32.0,F,Soltero/a,1,Prepago,Gama alta,2569.0,60.0,0
C002314,Z05,Este,urbana_premium,94471,31.0,M,Casado/a,3,Premium,Gama media,2926.0,40.0,0
C002315,Z11,Oeste,suburbana,41163,25.0,M,Soltero/a,2,Premium,Gama alta,3526.0,44.0,0
C002316,Z09,Norte,urbana_premium,102625,30.0,M,Soltero/a,2,Premium,Gama alta,7572.0,55.0,0
C002317,Z05,Este,urbana_premium,94471,33.0,F,Casado/a,3,Premium,Gama media,3297.0,28.0,0
C002318,Z26,Oeste,urbana_premium,107159,,M,Soltero/a,3,Contrato,Gama media,2574.0,67.0,0
C002319,Z16,Este,urbana_premium,72683,31.0,M,Soltero/a,2,Contrato,Gama baja,3333.0,11.0,0
C002320,Z28,Sur,urbana_premium,64486,21.0,M,Soltero/a,2,Prepago,Gama baja,1997.0,28.0,0
C002321,Z02,Oeste,suburbana,46400,21.0,M,Soltero/a,1,Premium,Gama media,3569.0,14.0,0
C002322,Z04,Centro,suburbana,55457,43.0,M,Soltero/a,1,Premium,Gama alta,3648.0,22.0,0
C002323,Z14,Norte,rural,13074,46.0,NA,Casado/a,4,Prepago,Gama baja,1991.0,14.0,0
C002324,Z04,Centro,suburbana,55457,33.0,F,Soltero/a,1,Contrato,Gama media,2014.0,22.0,0
C002325,Z09,Norte,urbana_premium,102625,30.0,M,Casado/a,2,Premium,Gama alta,8867.0,83.0,1
C002326,Z30,Centro,suburbana,33966,45.0,F,Casado/a,1,Premium,Gama media,1939.0,20.0,1
C002327,Z07,Centro,rural,15473,62.0,M,Casado/a,2,Prepago,Gama baja,1785.0,21.0,0
C002328,Z06,Sur,rural,19752,36.0,F,Soltero/a,1,Premium,Gama media,2349.0,31.0,1
C002329,Z18,Sur,urbana_premium,56342,37.0,M,Soltero/a,2,Premium,Gama media,5173.0,28.0,1
C002330,Z16,Este,urbana_premium,72683,47.0,F,Casado/a,2,Premium,Gama media,3631.0,33.0,1
C002331,Z18,Sur,urbana_premium,56342,27.0,F,Soltero/a,3,Premium,Gama media,3875.0,,0
C002332,Z13,Este,suburbana,37333,,F,Soltero/a,1,Premium,Gama alta,3693.0,20.0,0
C002333,Z26,Oeste,urbana_premium,107159,36.0,M,Casado/a,4,Premium,Gama alta,11755.0,19.0,0
C002334,Z05,Este,urbana_premium,94471,20.0,F,Soltero/a,3,Contrato,Gama media,3125.0,9.0,0
C002335,Z15,Oeste,suburbana,62939,42.0,F,Soltero/a,2,Prepago,Gama media,2494.0,34.0,0
C002336,Z22,Este,suburbana,53534,40.0,F,Casado/a,1,Contrato,Gama media,2871.0,15.0,1
C002337,Z28,Sur,urbana_premium,64486,43.0,M,Casado/a,2,Contrato,Gama baja,4854.0,13.0,0
C002338,Z99,Norte,rural,11707,31.0,M,Casado/a,3,Prepago,Gama alta,5618.0,-25.0,0
C002339,Z18,Sur,urbana_premium,56342,36.0,M,Divorciado/a,2,Premium,Gama media,3682.0,48.0,0
C002340,Z04,Centro,suburbana,55457,57.0,F,Divorciado/a,1,Premium,Gama alta,3620.0,32.0,0
C002341,Z05,Este,urbana_premium,94471,61.0,M,Casado/a,2,Prepago,Gama baja,1798.0,22.0,0
C002342,Z04,Centro,suburbana,55457,55.0,F,Soltero/a,1,Contrato,Gama media,3049.0,38.0,0
C002343,Z23,Norte,rural,20553,31.0,M,Soltero/a,2,Premium,Gama baja,2310.0,46.0,1
C002344,Z09,Norte,urbana_premium,102625,,M,Divorciado/a,2,Premium,Gama alta,,58.0,0
C002345,Z23,Norte,rural,20553,39.0,M,Casado/a,4,Premium,Gama baja,1937.0,44.0,0
C002346,Z04,Centro,suburbana,55457,,F,Divorciado/a,2,Contrato,Gama alta,1943.0,28.0,1
C002347,Z27,Norte,suburbana,42704,31.0,F,Casado/a,3,Prepago,Gama media,3230.0,13.0,1
C002348,Z27,Norte,suburbana,42704,19.0,F,Soltero/a,1,Prepago,Gama media,1727.0,38.0,0
C002349,Z04,Centro,suburbana,55457,36.0,X,Soltero/a,1,Prepago,Gama alta,2250.0,36.0,0
C002350,Z02,Oeste,suburbana,46400,,F,Casado/a,2,Contrato,Gama media,3039.0,19.0,1
C002351,Z03,Sur,rural,16530,48.0,M,Soltero/a,2,Prepago,Gama baja,1003.0,22.0,0
C002352,Z99,Norte,suburbana,42704,45.0,F,Casado/a,4,Premium,Gama alta,2726.0,40.0,0
C002353,Z09,Norte,urbana_premium,102625,39.0,M,Soltero/a,2,Premium,Gama media,6655.0,29.0,0
C002354,Z17,Sur,suburbana,56619,45.0,F,Casado/a,2,Prepago,Gama media,1696.0,22.0,0
C002355,Z15,Oeste,suburbana,62939,46.0,M,Casado/a,4,Prepago,Gama media,2347.0,14.0,0
C002356,Z26,Oeste,urbana_premium,107159,33.0,F,Soltero/a,3,Premium,Gama media,4703.0,20.0,1
C002357,Z16,Este,urbana_premium,72683,37.0,F,Soltero/a,3,Prepago,Gama alta,5092.0,38.0,0
C002358,Z16,Este,urbana_premium,72683,57.0,M,Casado/a,3,Contrato,Gama media,3906.0,5.0,0
C002359,Z30,Centro,suburbana,33966,42.0,F,Soltero/a,2,Contrato,Gama alta,2793.0,11.0,0
C002360,Z05,Este,urbana_premium,94471,37.0,M,Soltero/a,3,Premium,Gama media,6827.0,21.0,1
C002361,Z26,Oeste,urbana_premium,107159,37.0,M,Divorciado/a,2,Premium,Gama alta,4124.0,36.0,0
C002362,Z03,Sur,rural,16530,42.0,F,Casado/a,1,Prepago,Gama media,1603.0,14.0,0
C002363,Z16,Este,urbana_premium,72683,31.0,F,Soltero/a,3,Premium,Gama media,3992.0,39.0,0
C002364,Z28,Sur,urbana_premium,64486,39.0,F,Casado/a,3,Premium,Gama media,3651.0,44.0,0
C002365,Z21,Centro,rural,19103,39.0,M,Casado/a,1,Prepago,Gama baja,1991.0,9.0,0
C002366,Z22,Este,suburbana,53534,38.0,M,Casado/a,4,Prepago,Gama baja,1655.0,12.0,0
C002367,Z09,Norte,urbana_premium,102625,27.0,M,Soltero/a,2,Premium,Gama media,3818.0,41.0,0
C002368,Z15,Oeste,suburbana,62939,41.0,F,n/a,2,Premium,Gama media,3655.0,22.0,0
C002369,Z12,Norte,rural,11707,52.0,F,Divorciado/a,1,Premium,Gama media,3019.0,55.0,0
C002370,Z17,Sur,suburbana,56619,37.0,M,Casado/a,4,Premium,Gama baja,2993.0,72.0,0
C002371,Z16,Este,urbana_premium,72683,18.0,M,Soltero/a,3,Premium,Gama alta,3876.0,-106.0,0
C002372,Z10,Este,suburbana,27514,47.0,M,Casado/a,3,Prepago,Gama media,2450.0,69.0,0
C002373,Z09,Norte,urbana_premium,102625,37.0,NA,Soltero/a,3,Premium,Gama alta,5371.0,19.0,0
C002374,Z09,Norte,urbana_premium,102625,24.0,M,Soltero/a,2,Premium,Gama media,2525.0,66.0,0
C002375,Z12,Norte,rural,11707,54.0,M,Soltero/a,1,Contrato,Gama media,1935.0,23.0,0
C002376,Z05,Este,urbana_premium,94471,19.0,M,Soltero/a,2,Prepago,Gama media,2887.0,43.0,0
C002377,Z28,Sur,urbana_premium,64486,49.0,M,Soltero/a,2,Premium,Gama baja,3681.0,32.0,1
C002378,Z18,Sur,urbana_premium,56342,35.0,M,Soltero/a,3,Premium,Gama alta,6060.0,26.0,0
C002379,Z05,Este,urbana_premium,94471,18.0,F,Soltero/a,2,Contrato,Gama alta,2526.0,-36.0,1
C002380,Z22,Este,suburbana,53534,42.0,F,Soltero/a,1,Contrato,Gama media,3287.0,58.0,1
C002381,Z27,Norte,suburbana,42704,35.0,M,Casado/a,4,Contrato,Gama alta,3313.0,24.0,0
C002382,Z09,Norte,urbana_premium,102625,29.0,M,Soltero/a,3,Contrato,Gama media,2731.0,19.0,0
C002383,Z05,Este,urbana_premium,94471,,F,Casado/a,5,Premium,Gama alta,3578.0,-58.0,0
C002384,Z01,Centro,rural,16625,43.0,M,Casado/a,3,Prepago,Gama baja,1696.0,73.0,0
C002385,Z02,Oeste,suburbana,46400,34.0,M,Soltero/a,1,Prepago,Gama media,3088.0,16.0,0
C002386,Z26,Oeste,urbana_premium,107159,18.0,M,desconocido,3,Contrato,Gama media,3672.0,13.0,0
C002387,Z30,Centro,suburbana,33966,55.0,M,Casado/a,4,Premium,Gama alta,5048.0,32.0,0
C002388,Z02,Oeste,suburbana,46400,37.0,F,Soltero/a,2,Premium,Gama media,2280.0,80.0,0
C002389,Z25,Oeste,rural,11763,36.0,F,Casado/a,4,Prepago,Gama media,2186.0,44.0,0
C002390,Z04,Centro,suburbana,55457,26.0,M,Soltero/a,1,Premium,Gama alta,2616.0,28.0,0
C002391,Z18,Sur,urbana_premium,56342,45.0,M,Soltero/a,3,Premium,Gama alta,6154.0,39.0,0
C002392,Z26,Oeste,urbana_premium,107159,20.0,F,Soltero/a,3,Contrato,Gama media,3222.0,8.0,0
C002393,Z11,Oeste,suburbana,41163,42.0,F,Casado/a,1,Premium,Gama media,2182.0,72.0,0
C002394,Z01,Centro,rural,16625,38.0,F,Soltero/a,1,Contrato,Gama media,1769.0,33.0,0
C002395,Z18,Sur,urbana_premium,56342,30.0,F,Casado/a,4,Premium,Gama alta,2900.0,18.0,0
C002396,Z30,Centro,suburbana,33966,27.0,M,Soltero/a,1,Prepago,Gama media,2432.0,10.0,0
C002397,Z09,Norte,urbana_premium,102625,29.0,M,Soltero/a,3,Premium,Gama media,,79.0,1
C002398,Z06,Sur,rural,19752,45.0,M,Casado/a,4,Prepago,Gama media,2334.0,53.0,0
C002399,Z05,Este,urbana_premium,94471,39.0,F,Divorciado/a,3,Premium,Gama media,,40.0,1
C002400,Z17,Sur,suburbana,56619,31.0,M,Soltero/a,1,Contrato,Gama media,3648.0,16.0,1
C002401,Z18,Sur,urbana_premium,56342,35.0,F,Soltero/a,3,Prepago,Gama media,3883.0,28.0,0
C002402,Z26,Oeste,urbana_premium,107159,47.0,F,Soltero/a,2,Premium,Gama alta,6752.0,,1
C002403,Z26,Oeste,urbana_premium,107159,18.0,F,Soltero/a,3,Contrato,Gama alta,4507.0,28.0,1
C002404,Z28,Sur,urbana_premium,64486,36.0,F,Casado/a,3,Premium,Gama alta,,11.0,0
C002405,Z26,Oeste,urbana_premium,107159,25.0,M,Soltero/a,2,Premium,Gama alta,7734.0,69.0,1
C002406,Z09,Norte,urbana_premium,102625,23.0,M,Soltero/a,2,Prepago,Gama baja,4456.0,19.0,0
C002407,Z17,Sur,suburbana,56619,43.0,?,Soltero/a,1,Prepago,Gama media,2765.0,11.0,0
C002408,Z09,Norte,urbana_premium,102625,29.0,F,Soltero/a,3,Contrato,Gama media,2824.0,15.0,0
C002409,Z11,Oeste,suburbana,41163,25.0,F,Soltero/a,2,Contrato,Gama alta,4957.0,39.0,1
C002410,Z29,Oeste,urbana_premium,67334,52.0,F,Casado/a,2,Premium,Gama media,2689.0,17.0,1
C002411,Z22,Este,suburbana,53534,51.0,F,Soltero/a,2,Prepago,Gama media,2001.0,17.0,0
C002412,Z30,Centro,suburbana,33966,18.0,M,Soltero/a,2,Contrato,Gama media,2004.0,,0
C002413,Z15,Oeste,suburbana,62939,22.0,M,Soltero/a,2,Contrato,Gama media,2291.0,27.0,0
C002414,Z17,Sur,suburbana,56619,47.0,F,Soltero/a,1,Contrato,Gama media,3027.0,22.0,0
C002415,Z16,Este,urbana_premium,72683,33.0,F,Soltero/a,3,Premium,Gama media,3492.0,43.0,1
C002416,Z04,Centro,suburbana,55457,58.0,F,Casado/a,3,Contrato,Gama baja,3583.0,76.0,0
C002417,Z09,Norte,urbana_premium,102625,43.0,M,Casado/a,2,Premium,Gama media,2614.0,27.0,0
C002418,Z17,Sur,suburbana,56619,44.0,F,Casado/a,2,Contrato,Gama media,,28.0,1
C002419,Z04,Centro,suburbana,55457,28.0,M,Soltero/a,2,Contrato,Gama media,3146.0,,0
C002420,Z29,Oeste,urbana_premium,67334,42.0,M,Casado/a,5,Premium,Gama alta,2731.0,26.0,1
C002421,Z05,Este,urbana_premium,94471,21.0,M,Soltero/a,2,Prepago,Gama media,2376.0,50.0,0
C002422,Z06,Sur,rural,19752,61.0,F,Casado/a,4,Prepago,Gama media,1359.0,38.0,0
C002423,Z26,Oeste,urbana_premium,107159,41.0,M,Divorciado/a,3,Premium,Gama alta,3763.0,29.0,0
C002424,Z04,Centro,suburbana,55457,30.0,NA,Soltero/a,1,Premium,Gama media,2910.0,14.0,0
C002425,Z28,Sur,urbana_premium,64486,46.0,M,Casado/a,3,Premium,Gama media,3675.0,45.0,1
C002426,Z23,Norte,rural,20553,72.0,M,Divorciado/a,2,Premium,Gama media,3554.0,33.0,0
C002427,Z04,Centro,suburbana,55457,37.0,F,Casado/a,4,Premium,Gama media,3314.0,20.0,0
C002428,Z22,Este,suburbana,53534,47.0,F,n/a,2,Prepago,Gama media,2981.0,12.0,0
C002429,Z20,Oeste,suburbana,46953,35.0,F,Soltero/a,2,Contrato,Gama media,4778.0,23.0,0
C002430,Z26,Oeste,urbana_premium,107159,37.0,M,Divorciado/a,3,Premium,Gama alta,5384.0,44.0,0
C002431,Z26,Oeste,urbana_premium,107159,18.0,M,Soltero/a,2,Prepago,Gama media,2965.0,5.0,0
C002432,Z23,Norte,rural,20553,45.0,M,Soltero/a,1,Premium,Gama media,3109.0,31.0,0
C002433,Z18,Sur,urbana_premium,56342,37.0,F,Casado/a,3,Premium,Gama alta,7119.0,20.0,1
C002434,Z10,Este,suburbana,27514,62.0,F,Divorciado/a,1,Prepago,Gama alta,5552.0,60.0,0
C002435,Z22,Este,suburbana,53534,18.0,M,Soltero/a,1,Premium,Gama media,4196.0,53.0,0
C002436,Z29,Oeste,urbana_premium,67334,33.0,F,Soltero/a,3,Premium,Gama media,4384.0,,0
C002437,Z18,Sur,urbana_premium,56342,51.0,M,Soltero/a,3,Prepago,Gama alta,4237.0,110.0,0
C002438,Z21,Centro,rural,19103,42.0,F,Soltero/a,2,Premium,Gama alta,3866.0,31.0,0
C002439,Z99,Oeste,suburbana,62939,38.0,F,Casado/a,2,Prepago,Gama baja,1866.0,14.0,0
C002440,Z26,Oeste,urbana_premium,107159,26.0,F,Soltero/a,3,Premium,Gama alta,5965.0,43.0,0
C002441,Z30,Centro,suburbana,33966,,F,Casado/a,3,Prepago,Gama media,3120.0,36.0,0
C002442,Z05,Este,urbana_premium,94471,18.0,M,Soltero/a,2,Prepago,Gama media,2771.0,46.0,0
C002443,Z07,Centro,rural,15473,37.0,F,Soltero/a,2,Prepago,Gama baja,1535.0,50.0,0
C002444,Z17,Sur,suburbana,56619,28.0,F,Soltero/a,1,Premium,Gama media,1641.0,50.0,1
C002445,Z16,Este,urbana_premium,72683,37.0,F,Soltero/a,2,Prepago,Gama alta,4664.0,34.0,0
C002446,Z18,Sur,urbana_premium,56342,27.0,M,Soltero/a,2,Contrato,Gama media,7502.0,13.0,1
C002447,Z02,Oeste,suburbana,46400,34.0,M,Soltero/a,2,Premium,Gama alta,2503.0,49.0,0
C002448,Z14,Norte,rural,13074,40.0,F,Casado/a,2,Contrato,Gama media,1722.0,-39.0,0
C002449,Z18,Sur,urbana_premium,56342,35.0,M,Soltero/a,3,Prepago,Gama media,5843.0,15.0,0
C002450,Z18,Sur,urbana_premium,56342,30.0,M,Soltero/a,2,Premium,Gama alta,3983.0,18.0,0
C002451,Z21,Centro,rural,19103,32.0,M,n/a,2,Premium,Gama alta,3601.0,15.0,0
C002452,Z99,Norte,rural,20553,46.0,F,Soltero/a,1,Prepago,Gama baja,1650.0,59.0,0
C002453,Z20,Oeste,suburbana,46953,53.0,F,Casado/a,1,Premium,Gama media,3746.0,84.0,0
C002454,Z26,Oeste,urbana_premium,107159,38.0,F,Soltero/a,2,Premium,Gama alta,7225.0,58.0,1
C002455,Z20,Oeste,suburbana,46953,33.0,F,Casado/a,3,Prepago,Gama baja,2064.0,24.0,0
C002456,Z17,Sur,suburbana,56619,39.0,M,Casado/a,1,Prepago,Gama media,2664.0,50.0,0
C002457,Z18,Sur,urbana_premium,56342,18.0,M,Soltero/a,2,Contrato,Gama media,3373.0,48.0,0
C002458,Z04,Centro,suburbana,55457,38.0,M,Casado/a,2,Premium,Gama media,3875.0,23.0,1
C002459,Z09,Norte,urbana_premium,102625,31.0,F,Casado/a,2,Premium,Gama media,5950.0,15.0,1
C002460,Z17,Sur,suburbana,56619,29.0,F,Soltero/a,2,Premium,Gama media,2348.0,17.0,0
C002461,Z28,Sur,urbana_premium,64486,,M,Soltero/a,3,Premium,Gama alta,9176.0,24.0,1
C002462,Z22,Este,suburbana,53534,35.0,M,Soltero/a,2,Prepago,Gama media,3040.0,28.0,1
C002463,Z04,Centro,suburbana,55457,52.0,F,Soltero/a,2,Premium,Gama media,2444.0,46.0,0
C002464,Z18,Sur,urbana_premium,56342,49.0,F,Casado/a,4,Premium,Gama media,6309.0,38.0,0
C002465,Z08,Sur,rural,17023,34.0,F,Soltero/a,2,Contrato,Gama media,2438.0,47.0,0
C002466,Z24,Centro,rural,12558,39.0,M,Divorciado/a,1,Contrato,Gama media,2035.0,17.0,1
C002467,Z26,Oeste,urbana_premium,107159,30.0,M,Soltero/a,3,Premium,Gama media,3166.0,44.0,0
C002468,Z18,Sur,urbana_premium,56342,46.0,M,Soltero/a,3,Prepago,Gama media,7989.0,,1
C002469,Z18,Sur,urbana_premium,56342,38.0,M,Casado/a,2,Contrato,Gama media,2703.0,92.0,0
C002470,Z11,Oeste,suburbana,41163,41.0,F,Casado/a,1,Prepago,Gama alta,4421.0,12.0,0
C002471,Z15,Oeste,suburbana,62939,,M,Soltero/a,1,Contrato,Gama media,2244.0,92.0,0
C002472,Z27,Norte,suburbana,42704,33.0,F,Soltero/a,2,Premium,Gama media,2397.0,91.0,1
C002473,Z23,Norte,rural,20553,61.0,F,Casado/a,3,Prepago,Gama media,2256.0,12.0,1
C002474,Z17,Sur,suburbana,56619,40.0,F,Casado/a,1,Premium,Gama media,3508.0,34.0,1
C002475,Z12,Norte,rural,11707,35.0,M,Casado/a,1,Prepago,Gama baja,1306.0,63.0,0
C002476,Z03,Sur,rural,16530,42.0,F,Casado/a,1,Prepago,Gama media,1919.0,6.0,0
C002477,Z99,Este,urbana_premium,94471,51.0,?,Casado/a,4,Prepago,Gama alta,5487.0,14.0,0
C002478,Z06,Sur,rural,19752,40.0,F,Soltero/a,1,Prepago,Gama media,3323.0,2.0,0
C002479,Z13,Este,suburbana,37333,51.0,M,Soltero/a,1,Premium,Gama media,2693.0,50.0,1
C002480,Z29,Oeste,urbana_premium,67334,28.0,F,Soltero/a,2,Prepago,Gama media,2537.0,5.0,0
C002481,Z16,Este,urbana_premium,72683,27.0,M,Soltero/a,3,Premium,Gama alta,4128.0,20.0,0
C002482,Z09,Norte,urbana_premium,102625,44.0,M,Casado/a,3,Premium,Gama alta,5124.0,46.0,0
C002483,Z04,Centro,suburbana,55457,30.0,F,Soltero/a,1,Contrato,Gama media,3177.0,9.0,1
C002484,Z11,Oeste,suburbana,41163,50.0,F,Casado/a,1,Premium,Gama alta,4875.0,92.0,0
C002485,Z26,Oeste,urbana_premium,107159,40.0,M,Divorciado/a,2,Premium,Gama media,3483.0,43.0,1
C002486,Z13,Este,suburbana,37333,30.0,M,Soltero/a,1,Contrato,Gama media,1879.0,48.0,0
C002487,Z26,Oeste,urbana_premium,107159,35.0,M,Soltero/a,3,Premium,Gama media,3108.0,,0
C002488,Z26,Oeste,urbana_premium,107159,,M,Soltero/a,3,Contrato,Gama media,3830.0,30.0,0
C002489,Z05,Este,urbana_premium,94471,40.0,F,Casado/a,2,Contrato,Gama media,2992.0,18.0,0
C002490,Z19,Este,rural,12655,68.0,M,Divorciado/a,1,Contrato,Gama media,1936.0,20.0,0
C002491,Z29,Oeste,urbana_premium,67334,32.0,F,Casado/a,2,Premium,Gama alta,5359.0,19.0,0
C002492,Z14,Norte,rural,13074,51.0,F,Soltero/a,1,Premium,Gama media,1747.0,13.0,1
C002493,Z03,Sur,rural,16530,45.0,F,Soltero/a,1,Premium,Gama baja,1456.0,26.0,0
C002494,Z29,Oeste,urbana_premium,67334,36.0,F,Soltero/a,2,Premium,Gama baja,5082.0,16.0,0
C002495,Z28,Sur,urbana_premium,64486,34.0,M,Divorciado/a,2,Premium,Gama media,4798.0,103.0,0
C002496,Z17,Sur,suburbana,56619,30.0,F,Soltero/a,1,Premium,Gama media,2073.0,25.0,0
C002497,Z17,Sur,suburbana,56619,44.0,M,Soltero/a,1,Premium,Gama alta,3818.0,19.0,0
C002498,Z08,Sur,rural,17023,42.0,M,Soltero/a,1,Prepago,Gama baja,1563.0,22.0,0
C002499,Z26,Oeste,urbana_premium,107159,25.0,F,Soltero/a,3,Contrato,Gama media,2971.0,33.0,0
C002500,Z16,Este,urbana_premium,72683,48.0,F,Soltero/a,2,Premium,Gama media,2600.0,24.0,1
C002501,Z02,Oeste,suburbana,46400,41.0,M,Casado/a,1,Contrato,Gama media,2539.0,34.0,0
C002502,Z99,Este,suburbana,53534,37.0,M,Soltero/a,2,Premium,Gama alta,3632.0,5.0,0
C002503,Z29,Oeste,urbana_premium,67334,52.0,M,Casado/a,2,Premium,Gama media,4207.0,18.0,1
C002504,Z26,Oeste,urbana_premium,107159,18.0,F,Soltero/a,2,Premium,Gama media,2879.0,53.0,0
C002505,Z09,Norte,urbana_premium,102625,51.0,M,Casado/a,2,Contrato,Gama media,4090.0,17.0,0
C002506,Z03,Sur,rural,16530,34.0,F,Soltero/a,1,Contrato,Gama alta,2654.0,18.0,0
C002507,Z29,Oeste,urbana_premium,67334,39.0,F,Soltero/a,3,Premium,Gama alta,5348.0,12.0,1
C002508,Z29,Oeste,urbana_premium,67334,29.0,M,Soltero/a,3,Contrato,Gama baja,4341.0,33.0,0
C002509,Z17,Sur,suburbana,56619,29.0,F,Soltero/a,1,Prepago,Gama media,3859.0,19.0,0
C002510,Z20,Oeste,suburbana,46953,56.0,F,Casado/a,4,Prepago,Gama alta,3049.0,47.0,0
C002511,Z16,Este,urbana_premium,72683,58.0,F,Casado/a,5,Premium,Gama media,2878.0,52.0,1
C002512,Z15,Oeste,suburbana,62939,37.0,F,Casado/a,2,Prepago,Gama alta,3155.0,27.0,1
C002513,Z05,Este,urbana_premium,94471,40.0,M,Casado/a,5,Premium,Gama alta,5857.0,23.0,0
C002514,Z04,Centro,suburbana,55457,41.0,F,Soltero/a,2,Premium,Gama alta,4646.0,24.0,1
C002515,Z09,Norte,urbana_premium,102625,57.0,F,Casado/a,2,Prepago,Gama media,1551.0,,0
C002516,Z27,Norte,suburbana,42704,18.0,F,Soltero/a,1,Premium,Gama alta,3715.0,21.0,0
C002517,Z05,Este,urbana_premium,94471,41.0,M,Soltero/a,3,Premium,Gama media,3220.0,66.0,0
C002518,Z09,Norte,urbana_premium,102625,27.0,F,Soltero/a,2,Premium,Gama media,4404.0,32.0,1
C002519,Z17,Sur,suburbana,56619,18.0,M,Soltero/a,1,Prepago,Gama media,1848.0,4.0,0
C002520,Z08,Sur,rural,17023,41.0,M,Casado/a,1,Prepago,Gama media,1997.0,100.0,0
C002521,Z05,Este,urbana_premium,94471,58.0,M,Casado/a,3,Premium,Gama media,2183.0,13.0,0
C002522,Z18,Sur,urbana_premium,56342,28.0,M,Soltero/a,3,Premium,Gama media,3290.0,26.0,1
C002523,Z12,Norte,rural,11707,54.0,F,Casado/a,4,Premium,Gama alta,2872.0,35.0,0
C002524,Z20,Oeste,suburbana,46953,54.0,M,Soltero/a,2,Contrato,Gama media,3483.0,47.0,0
C002525,Z28,Sur,urbana_premium,64486,36.0,F,Divorciado/a,2,Contrato,Gama media,8112.0,33.0,0
C002526,Z05,Este,urbana_premium,94471,37.0,F,Divorciado/a,3,Premium,Gama media,3196.0,29.0,1
C002527,Z28,Sur,urbana_premium,64486,18.0,M,Soltero/a,2,Premium,Gama media,2815.0,30.0,0
C002528,Z28,Sur,urbana_premium,64486,27.0,F,Soltero/a,2,Premium,Gama baja,6217.0,19.0,0
C002529,Z26,Oeste,urbana_premium,107159,47.0,M,Soltero/a,2,Contrato,Gama media,2099.0,27.0,0
C002530,Z20,Oeste,suburbana,46953,41.0,M,Casado/a,1,Contrato,Gama media,3189.0,38.0,1
C002531,Z20,Oeste,suburbana,46953,44.0,F,Soltero/a,2,Premium,Gama alta,3555.0,55.0,1
C002532,Z20,Oeste,suburbana,46953,42.0,M,Soltero/a,1,Prepago,Gama baja,1328.0,,0
C002533,Z22,Este,suburbana,53534,66.0,M,Casado/a,1,Contrato,Gama media,2035.0,24.0,1
C002534,Z02,Oeste,suburbana,46400,35.0,F,Soltero/a,1,Premium,Gama media,1849.0,73.0,1
C002535,Z29,Oeste,urbana_premium,67334,55.0,M,Casado/a,2,Premium,Gama alta,5124.0,23.0,0
C002536,Z18,Sur,urbana_premium,56342,38.0,M,Soltero/a,3,Contrato,Gama media,3057.0,24.0,1
C002537,Z26,Oeste,urbana_premium,107159,56.0,F,desconocido,3,Premium,Gama media,3494.0,25.0,0
C002538,Z13,Este,suburbana,37333,25.0,F,Soltero/a,2,Prepago,Gama media,1695.0,17.0,0
C002539,Z01,Centro,rural,16625,47.0,F,Casado/a,1,Prepago,Gama media,1749.0,35.0,0
C002540,Z16,Este,urbana_premium,72683,31.0,F,Casado/a,4,Prepago,Gama media,2903.0,9.0,0
C002541,Z16,Este,urbana_premium,72683,38.0,M,Casado/a,5,Premium,Gama alta,3546.0,26.0,0
C002542,Z15,Oeste,suburbana,62939,55.0,M,Casado/a,4,Contrato,Gama media,2678.0,17.0,0
C002543,Z11,Oeste,suburbana,41163,45.0,M,Soltero/a,2,Prepago,Gama alta,4987.0,24.0,1
C002544,Z09,Norte,urbana_premium,102625,51.0,M,Casado/a,2,Premium,Gama alta,4876.0,23.0,0
C002545,Z17,Sur,suburbana,56619,32.0,F,Soltero/a,2,Prepago,Gama media,1601.0,68.0,0
C002546,Z13,Este,suburbana,37333,30.0,F,Soltero/a,2,Prepago,Gama media,4256.0,50.0,1
C002547,Z29,Oeste,urbana_premium,67334,36.0,M,Soltero/a,2,Premium,Gama alta,5208.0,67.0,0
C002548,Z05,Este,urbana_premium,94471,36.0,NA,Soltero/a,3,Premium,Gama alta,3920.0,40.0,0
C002549,Z10,Este,suburbana,27514,38.0,M,Soltero/a,1,Premium,Gama alta,4209.0,34.0,1
C002550,Z09,Norte,urbana_premium,102625,24.0,F,Soltero/a,3,Premium,Gama alta,5831.0,38.0,0
C002551,Z17,Sur,suburbana,56619,54.0,M,Casado/a,4,Prepago,Gama media,2515.0,18.0,1
C002552,Z16,Este,urbana_premium,72683,,F,Soltero/a,3,Prepago,Gama media,2498.0,9.0,0
C002553,Z20,Oeste,suburbana,46953,57.0,M,Casado/a,3,Prepago,Gama baja,3633.0,17.0,0
C002554,Z29,Oeste,urbana_premium,67334,36.0,M,Casado/a,3,Premium,Gama media,2877.0,39.0,0
C002555,Z09,Norte,urbana_premium,102625,44.0,F,Divorciado/a,3,Contrato,Gama alta,4199.0,50.0,0
C002556,Z22,Este,suburbana,53534,47.0,F,Soltero/a,1,Premium,Gama media,2073.0,120.0,1
C002557,Z02,Oeste,suburbana,46400,30.0,M,Casado/a,3,Contrato,Gama media,4192.0,7.0,1
C002558,Z09,Norte,urbana_premium,102625,40.0,M,Soltero/a,2,Premium,Gama media,2934.0,52.0,0
C002559,Z16,Este,urbana_premium,72683,59.0,F,Casado/a,5,Premium,Gama media,3555.0,36.0,0
C002560,Z02,Oeste,suburbana,46400,43.0,F,Casado/a,2,Prepago,Gama media,2707.0,82.0,0
C002561,Z19,Este,rural,12655,56.0,F,Casado/a,1,Prepago,Gama baja,1414.0,50.0,0
C002562,Z22,Este,suburbana,53534,48.0,F,Casado/a,1,Contrato,Gama media,4350.0,19.0,0
C002563,Z25,Oeste,rural,11763,49.0,F,Casado/a,3,Prepago,Gama alta,3640.0,17.0,0
C002564,Z16,Este,urbana_premium,72683,38.0,F,Soltero/a,2,Prepago,Gama alta,3640.0,18.0,0
C002565,Z18,Sur,urbana_premium,56342,43.0,M,Casado/a,5,Premium,Gama media,2934.0,18.0,0
C002566,Z13,Este,suburbana,37333,49.0,M,Divorciado/a,2,Contrato,Gama alta,2747.0,6.0,0
C002567,Z99,Oeste,suburbana,46400,24.0,F,Soltero/a,1,Contrato,Gama media,2497.0,13.0,0
C002568,Z04,Centro,suburbana,55457,43.0,F,Casado/a,4,Contrato,Gama media,2957.0,8.0,0
C002569,Z20,Oeste,suburbana,46953,38.0,M,Soltero/a,1,Prepago,Gama media,2673.0,3.0,1
C002570,Z30,Centro,suburbana,33966,35.0,F,Casado/a,1,Premium,Gama media,2170.0,26.0,0
C002571,Z02,Oeste,suburbana,46400,56.0,M,Casado/a,3,Prepago,Gama alta,,27.0,0
C002572,Z17,Sur,suburbana,56619,31.0,F,Soltero/a,2,Prepago,Gama media,2766.0,82.0,0
C002573,Z26,Oeste,urbana_premium,107159,19.0,M,Soltero/a,3,Premium,Gama alta,7526.0,4.0,0
C002574,Z26,Oeste,urbana_premium,107159,46.0,F,Divorciado/a,3,Premium,Gama media,3970.0,28.0,0
C002575,Z17,Sur,suburbana,56619,23.0,F,Soltero/a,1,Prepago,Gama media,2587.0,24.0,0
C002576,Z20,Oeste,suburbana,46953,18.0,M,Soltero/a,1,Premium,Gama alta,2701.0,27.0,1
C002577,Z22,Este,suburbana,53534,51.0,M,Casado/a,4,Premium,Gama media,2621.0,81.0,0
C002578,Z27,Norte,suburbana,42704,42.0,M,Casado/a,2,Prepago,Gama media,2872.0,6.0,0
C002579,Z05,Este,urbana_premium,94471,42.0,F,Soltero/a,3,Prepago,Gama alta,4140.0,21.0,0
C002580,Z29,Oeste,urbana_premium,67334,31.0,F,Soltero/a,3,Premium,Gama media,2585.0,13.0,0
C002581,Z02,Oeste,suburbana,46400,23.0,M,Soltero/a,2,Premium,Gama baja,2085.0,,0
C002582,Z27,Norte,suburbana,42704,26.0,F,Soltero/a,1,Premium,Gama alta,3917.0,29.0,1
C002583,Z04,Centro,suburbana,55457,37.0,F,Soltero/a,2,Prepago,Gama media,3567.0,43.0,0
C002584,Z06,Sur,rural,19752,30.0,M,Soltero/a,1,Prepago,Gama baja,1338.0,24.0,1
C002585,Z01,Centro,rural,16625,49.0,F,Divorciado/a,2,Prepago,Gama media,2788.0,40.0,0
C002586,Z15,Oeste,suburbana,62939,34.0,M,Soltero/a,2,Premium,Gama alta,4000.0,70.0,0
C002587,Z11,Oeste,suburbana,41163,42.0,M,Casado/a,4,Contrato,Gama media,3256.0,44.0,0
C002588,Z05,Este,urbana_premium,94471,38.0,F,Soltero/a,2,Premium,Gama media,2145.0,,0
C002589,Z15,Oeste,suburbana,62939,45.0,M,Soltero/a,2,Prepago,Gama media,1867.0,52.0,0
C002590,Z14,Norte,rural,13074,51.0,F,Soltero/a,2,Contrato,Gama baja,2284.0,24.0,0
C002591,Z26,Oeste,urbana_premium,107159,32.0,F,Soltero/a,2,Premium,Gama media,7397.0,40.0,0
C002592,Z28,Sur,urbana_premium,64486,38.0,F,Soltero/a,2,Contrato,Gama alta,3170.0,56.0,0
C002593,Z20,Oeste,suburbana,46953,43.0,F,Casado/a,2,Prepago,Gama media,3685.0,6.0,0
C002594,Z05,Este,urbana_premium,94471,18.0,F,Soltero/a,3,Premium,Gama media,3055.0,37.0,0
C002595,Z09,Norte,urbana_premium,102625,44.0,F,Casado/a,3,Premium,Gama alta,6939.0,15.0,0
C002596,Z28,Sur,urbana_premium,64486,38.0,F,Casado/a,5,Premium,Gama media,3884.0,27.0,1
C002597,Z04,Centro,suburbana,55457,47.0,F,Casado/a,3,Prepago,Gama baja,1950.0,55.0,0
C002598,Z14,Norte,rural,13074,30.0,F,Soltero/a,1,Prepago,Gama baja,1745.0,16.0,0
C002599,Z29,Oeste,urbana_premium,67334,32.0,M,Soltero/a,3,Prepago,Gama alta,2797.0,25.0,1
C002600,Z29,Oeste,urbana_premium,67334,23.0,M,Soltero/a,2,Contrato,Gama media,3987.0,50.0,0
C002601,Z15,Oeste,suburbana,62939,49.0,M,Divorciado/a,1,Premium,Gama media,2336.0,23.0,1
C002602,Z21,Centro,rural,19103,28.0,M,Casado/a,2,Contrato,Gama media,1952.0,20.0,0
C002603,Z15,Oeste,suburbana,62939,29.0,M,Soltero/a,1,Prepago,Gama media,5891.0,19.0,0
C002604,Z26,Oeste,urbana_premium,107159,42.0,M,Soltero/a,3,Prepago,Gama media,3117.0,10.0,0
C002605,Z02,Oeste,suburbana,46400,32.0,M,Soltero/a,1,Prepago,Gama media,3171.0,39.0,0
C002606,Z05,Este,urbana_premium,94471,25.0,F,Soltero/a,2,Premium,Gama media,3479.0,42.0,0
C002607,Z19,Este,rural,12655,56.0,F,Casado/a,2,Prepago,Gama media,2282.0,70.0,0
C002608,Z09,Norte,urbana_premium,102625,47.0,M,Soltero/a,3,Premium,Gama alta,4834.0,18.0,1
C002609,Z21,Centro,rural,19103,54.0,F,Divorciado/a,1,Prepago,Gama baja,1076.0,33.0,0
C002610,Z11,Oeste,suburbana,41163,50.0,F,Divorciado/a,2,Premium,Gama media,3142.0,25.0,0
C002611,Z28,Sur,urbana_premium,64486,33.0,F,Soltero/a,3,Prepago,Gama baja,3355.0,66.0,0
C002612,Z26,Oeste,urbana_premium,107159,34.0,M,Casado/a,3,Premium,Gama alta,4070.0,38.0,0
C002613,Z16,Este,urbana_premium,72683,28.0,M,Soltero/a,2,Premium,Gama media,3565.0,,0
C002614,Z26,Oeste,urbana_premium,107159,38.0,M,Soltero/a,2,Contrato,Gama alta,3576.0,19.0,0
C002615,Z09,Norte,urbana_premium,102625,30.0,F,Soltero/a,2,Premium,Gama alta,4245.0,36.0,0
C002616,Z16,Este,urbana_premium,72683,31.0,F,Casado/a,3,Premium,Gama alta,3157.0,22.0,1
C002617,Z06,Sur,rural,19752,52.0,F,Casado/a,3,Prepago,Gama media,4622.0,78.0,0
C002618,Z27,Norte,suburbana,42704,54.0,F,Soltero/a,1,Contrato,Gama media,2129.0,49.0,1
C002619,Z26,Oeste,urbana_premium,107159,41.0,F,Soltero/a,2,Prepago,Gama alta,6334.0,43.0,1
C002620,Z28,Sur,urbana_premium,64486,58.0,F,Casado/a,5,Premium,Gama media,2479.0,56.0,0
C002621,Z28,Sur,urbana_premium,64486,28.0,F,Soltero/a,2,Premium,Gama alta,,56.0,0
C002622,Z29,Oeste,urbana_premium,67334,18.0,F,Soltero/a,2,Premium,Gama alta,4267.0,43.0,0
C002623,Z09,Norte,urbana_premium,102625,45.0,M,Casado/a,3,Contrato,Gama media,2761.0,24.0,0
C002624,Z29,Oeste,urbana_premium,67334,27.0,F,Soltero/a,3,Prepago,Gama media,2696.0,12.0,0
C002625,Z18,Sur,urbana_premium,56342,33.0,M,Soltero/a,2,Premium,Gama alta,3469.0,11.0,0
C002626,Z15,Oeste,suburbana,62939,19.0,M,Soltero/a,1,Prepago,Gama media,4079.0,11.0,0
C002627,Z17,Sur,suburbana,56619,29.0,F,Soltero/a,1,Contrato,Gama media,3068.0,42.0,0
C002628,Z11,Oeste,suburbana,41163,22.0,M,Soltero/a,1,Premium,Gama alta,5786.0,,0
C002629,Z09,Norte,urbana_premium,102625,31.0,M,Soltero/a,2,Premium,Gama alta,4664.0,27.0,0
C002630,Z09,Norte,urbana_premium,102625,31.0,F,Soltero/a,2,Premium,Gama media,3261.0,20.0,0
C002631,Z04,Centro,suburbana,55457,41.0,M,Soltero/a,1,Premium,Gama baja,1161.0,5.0,0
C002632,Z16,Este,urbana_premium,72683,51.0,M,Casado/a,2,Premium,Gama media,2224.0,21.0,1
C002633,Z28,Sur,urbana_premium,64486,44.0,M,Casado/a,4,Contrato,Gama media,3488.0,14.0,1
C002634,Z20,Oeste,suburbana,46953,21.0,F,Soltero/a,2,Premium,Gama media,1724.0,20.0,1
C002635,Z17,Sur,suburbana,56619,47.0,M,Casado/a,3,Contrato,Gama media,2787.0,6.0,0
C002636,Z15,Oeste,suburbana,62939,41.0,M,Casado/a,4,Prepago,Gama media,3223.0,14.0,0
C002637,Z16,Este,urbana_premium,72683,35.0,F,Casado/a,2,Premium,Gama media,3455.0,19.0,0
C002638,Z07,Centro,rural,15473,45.0,M,Soltero/a,2,Prepago,Gama media,2111.0,42.0,0
C002639,Z26,Oeste,urbana_premium,107159,38.0,F,Casado/a,4,Contrato,Gama baja,7594.0,23.0,0
C002640,Z07,Centro,rural,15473,37.0,M,Soltero/a,1,Prepago,Gama media,2376.0,39.0,0
C002641,Z23,Norte,rural,20553,43.0,F,Casado/a,3,Prepago,Gama media,2212.0,23.0,0
C002642,Z26,Oeste,urbana_premium,107159,50.0,F,Soltero/a,2,Prepago,Gama media,2703.0,55.0,0
C002643,Z18,Sur,urbana_premium,56342,28.0,M,Soltero/a,3,Premium,Gama alta,3823.0,14.0,0
C002644,Z27,Norte,suburbana,42704,28.0,M,Soltero/a,1,Contrato,Gama alta,2521.0,16.0,0
C002645,Z09,Norte,urbana_premium,102625,35.0,M,Casado/a,2,Premium,Gama alta,7191.0,51.0,0
C002646,Z28,Sur,urbana_premium,64486,22.0,M,Soltero/a,2,Premium,Gama alta,4672.0,-24.0,0
C002647,Z23,Norte,rural,20553,,M,Soltero/a,2,Prepago,Gama media,3817.0,16.0,0
C002648,Z26,Oeste,urbana_premium,107159,32.0,F,Casado/a,2,Premium,Gama media,4117.0,9.0,0
C002649,Z21,Centro,rural,19103,62.0,M,Casado/a,3,Contrato,Gama media,3591.0,16.0,0
C002650,Z27,Norte,suburbana,42704,40.0,M,Soltero/a,1,Prepago,Gama media,2100.0,24.0,0
C002651,Z30,Centro,suburbana,33966,42.0,M,Soltero/a,1,Contrato,Gama media,3253.0,75.0,0
C002652,Z15,Oeste,suburbana,62939,18.0,F,Soltero/a,2,Prepago,Gama media,2199.0,15.0,0
C002653,Z26,Oeste,urbana_premium,107159,41.0,M,Casado/a,2,Premium,Gama media,,38.0,0
C002654,Z25,Oeste,rural,11763,,F,Casado/a,3,Prepago,Gama media,2356.0,110.0,0
C002655,Z15,Oeste,suburbana,62939,32.0,F,Casado/a,3,Prepago,Gama media,2132.0,74.0,0
C002656,Z29,Oeste,urbana_premium,67334,38.0,M,Soltero/a,2,Prepago,Gama media,2294.0,43.0,0
C002657,Z13,Este,suburbana,37333,42.0,M,Casado/a,2,Premium,Gama alta,4206.0,43.0,0
C002658,Z18,Sur,urbana_premium,56342,23.0,M,Soltero/a,3,Premium,Gama media,2126.0,25.0,0
C002659,Z04,Centro,suburbana,55457,44.0,F,Soltero/a,1,Contrato,Gama media,5386.0,41.0,0
C002660,Z09,Norte,urbana_premium,102625,50.0,M,Casado/a,3,Contrato,Gama media,2877.0,26.0,0
C002661,Z27,Norte,suburbana,42704,37.0,M,Divorciado/a,1,Contrato,Gama media,3635.0,3.0,0
C002662,Z13,Este,suburbana,37333,30.0,F,Soltero/a,1,Premium,Gama baja,3710.0,25.0,1
C002663,Z13,Este,suburbana,37333,38.0,F,Soltero/a,1,Premium,Gama media,2024.0,20.0,0
C002664,Z09,Norte,urbana_premium,102625,46.0,M,Casado/a,2,Premium,Gama media,4496.0,17.0,0
C002665,Z16,Este,urbana_premium,72683,21.0,F,Soltero/a,2,Premium,Gama alta,4065.0,30.0,1
C002666,Z26,Oeste,urbana_premium,107159,43.0,M,Casado/a,2,Premium,Gama alta,4774.0,23.0,1
C002667,Z28,Sur,urbana_premium,64486,28.0,M,Soltero/a,2,Premium,Gama alta,5845.0,57.0,1
C002668,Z04,Centro,suburbana,55457,43.0,M,Soltero/a,1,Premium,Gama media,3963.0,66.0,1
C002669,Z18,Sur,urbana_premium,56342,29.0,F,Soltero/a,2,Premium,Gama media,2824.0,58.0,1
C002670,Z16,Este,urbana_premium,72683,29.0,M,Soltero/a,3,Premium,Gama alta,3650.0,14.0,1
C002671,Z19,Este,rural,12655,63.0,F,Soltero/a,1,Prepago,Gama media,1740.0,-60.0,0
C002672,Z15,Oeste,suburbana,62939,23.0,F,Soltero/a,1,Contrato,Gama media,2437.0,21.0,1
C002673,Z13,Este,suburbana,37333,46.0,?,Soltero/a,1,Premium,Gama alta,3536.0,,0
C002674,Z16,Este,urbana_premium,72683,57.0,M,Casado/a,2,Contrato,Gama media,4730.0,86.0,0
C002675,Z18,Sur,urbana_premium,56342,44.0,M,Casado/a,3,Premium,Gama alta,4692.0,18.0,0
C002676,Z16,Este,urbana_premium,72683,20.0,F,Soltero/a,2,Premium,Gama media,4233.0,36.0,1
C002677,Z16,Este,urbana_premium,72683,21.0,M,desconocido,2,Premium,Gama alta,4466.0,19.0,0
C002678,Z26,Oeste,urbana_premium,107159,27.0,F,Soltero/a,2,Prepago,Gama media,3264.0,37.0,0
C002679,Z25,Oeste,rural,11763,47.0,M,Soltero/a,1,Contrato,Gama media,3725.0,38.0,0
C002680,Z11,Oeste,suburbana,41163,43.0,F,Soltero/a,2,Premium,Gama alta,3766.0,70.0,0
C002681,Z26,Oeste,urbana_premium,107159,21.0,F,Soltero/a,3,Contrato,Gama media,3800.0,66.0,0
C002682,Z27,Norte,suburbana,42704,30.0,F,Soltero/a,2,Prepago,Gama alta,4421.0,9.0,0
C002683,Z05,Este,urbana_premium,94471,26.0,F,Soltero/a,2,Contrato,Gama alta,3196.0,79.0,0
C002684,Z18,Sur,urbana_premium,56342,34.0,M,Soltero/a,3,Prepago,Gama media,3991.0,25.0,1
C002685,Z09,Norte,urbana_premium,102625,60.0,M,Casado/a,2,Premium,Gama alta,5235.0,25.0,0
C002686,Z24,Centro,rural,12558,34.0,M,Soltero/a,1,Prepago,Gama media,1516.0,6.0,0
C002687,Z09,Norte,urbana_premium,102625,24.0,F,Soltero/a,2,Premium,Gama alta,8333.0,37.0,0
C002688,Z22,Este,suburbana,53534,26.0,X,Soltero/a,2,Contrato,Gama media,2426.0,17.0,0
C002689,Z09,Norte,urbana_premium,102625,44.0,M,Divorciado/a,3,Contrato,Gama media,3267.0,7.0,0
C002690,Z16,Este,urbana_premium,72683,36.0,M,Divorciado/a,3,Premium,Gama media,3855.0,35.0,1
C002691,Z29,Oeste,urbana_premium,67334,25.0,M,Soltero/a,3,Prepago,Gama alta,4959.0,20.0,0
C002692,Z13,Este,suburbana,37333,36.0,F,Soltero/a,2,Premium,Gama media,3994.0,72.0,0
C002693,Z28,Sur,urbana_premium,64486,27.0,F,Soltero/a,2,Premium,Gama alta,6469.0,65.0,0
C002694,Z30,Centro,suburbana,33966,44.0,M,Divorciado/a,2,Contrato,Gama media,2915.0,19.0,0
C002695,Z28,Sur,urbana_premium,64486,68.0,M,Soltero/a,3,Premium,Gama alta,4296.0,-42.0,0
C002696,Z05,Este,urbana_premium,94471,43.0,F,Soltero/a,3,Prepago,Gama media,2234.0,54.0,0
C002697,Z26,Oeste,urbana_premium,107159,35.0,F,Soltero/a,3,Premium,Gama media,2631.0,9.0,0
C002698,Z02,Oeste,suburbana,46400,32.0,F,Soltero/a,2,Premium,Gama media,2887.0,31.0,0
C002699,Z13,Este,suburbana,37333,,F,Soltero/a,1,Contrato,Gama media,3379.0,20.0,0
C002700,Z28,Sur,urbana_premium,64486,45.0,F,Casado/a,4,Contrato,Gama alta,3766.0,-4.0,0
C002701,Z22,Este,suburbana,53534,48.0,F,Soltero/a,1,Prepago,Gama media,3581.0,17.0,0
C002702,Z17,Sur,suburbana,56619,34.0,F,Soltero/a,1,Contrato,Gama media,2922.0,4.0,0
C002703,Z13,Este,suburbana,37333,55.0,F,Divorciado/a,1,Premium,Gama media,2747.0,11.0,1
C002704,Z26,Oeste,urbana_premium,107159,36.0,F,Casado/a,3,Premium,Gama alta,8867.0,18.0,0
C002705,Z22,Este,suburbana,53534,49.0,F,Divorciado/a,1,Prepago,Gama media,2719.0,39.0,0
C002706,Z16,Este,urbana_premium,72683,40.0,M,Casado/a,2,Prepago,Gama alta,5455.0,8.0,1
C002707,Z28,Sur,urbana_premium,64486,34.0,M,Soltero/a,2,Premium,Gama alta,2424.0,35.0,0
C002708,Z09,Norte,urbana_premium,102625,25.0,F,Soltero/a,3,Prepago,Gama media,3996.0,46.0,0
C002709,Z05,Este,urbana_premium,94471,34.0,F,Casado/a,5,Prepago,Gama alta,3023.0,15.0,0
C002710,Z20,Oeste,suburbana,46953,50.0,M,Casado/a,2,Premium,Gama media,5961.0,43.0,1
C002711,Z29,Oeste,urbana_premium,67334,30.0,M,Soltero/a,3,Premium,Gama media,3149.0,48.0,0
C002712,Z09,Norte,urbana_premium,102625,41.0,M,Soltero/a,3,Premium,Gama alta,3786.0,25.0,1
C002713,Z09,Norte,urbana_premium,102625,23.0,M,Soltero/a,2,Contrato,Gama media,2869.0,18.0,0
C002714,Z05,Este,urbana_premium,94471,45.0,F,Casado/a,5,Prepago,Gama media,2809.0,21.0,0
C002715,Z27,Norte,suburbana,42704,44.0,F,Casado/a,3,Prepago,Gama media,2903.0,98.0,0
C002716,Z09,Norte,urbana_premium,102625,22.0,F,Soltero/a,3,Prepago,Gama media,4345.0,11.0,1
C002717,Z16,Este,urbana_premium,72683,33.0,M,Casado/a,5,Premium,Gama alta,5542.0,89.0,1
C002718,Z30,Centro,suburbana,33966,51.0,M,Soltero/a,1,Premium,Gama media,2434.0,18.0,0
C002719,Z01,Centro,rural,16625,30.0,M,Soltero/a,2,Prepago,Gama media,1885.0,40.0,0
C002720,Z17,Sur,suburbana,56619,27.0,M,Soltero/a,2,Premium,Gama alta,4674.0,15.0,0
C002721,Z16,Este,urbana_premium,72683,35.0,F,Casado/a,2,Contrato,Gama media,6687.0,6.0,0
C002722,Z26,Oeste,urbana_premium,107159,62.0,M,Casado/a,2,Premium,Gama alta,3717.0,83.0,1
C002723,Z11,Oeste,suburbana,41163,32.0,F,Casado/a,3,Contrato,Gama media,3509.0,9.0,0
C002724,Z15,Oeste,suburbana,62939,,F,Casado/a,2,Premium,Gama alta,5347.0,47.0,1
C002725,Z05,Este,urbana_premium,94471,39.0,M,Divorciado/a,3,Premium,Gama alta,9673.0,37.0,1
C002726,Z25,Oeste,rural,11763,38.0,M,Casado/a,3,Premium,Gama media,2688.0,29.0,0
C002727,Z26,Oeste,urbana_premium,107159,38.0,M,Casado/a,2,Premium,Gama alta,4982.0,48.0,0
C002728,Z05,Este,urbana_premium,94471,31.0,M,Casado/a,5,Premium,Gama alta,4010.0,46.0,1
C002729,Z13,Este,suburbana,37333,36.0,F,Casado/a,2,Premium,Gama media,1776.0,33.0,0
C002730,Z28,Sur,urbana_premium,64486,18.0,F,Soltero/a,2,Premium,Gama alta,4321.0,11.0,1
C002731,Z01,Centro,rural,16625,45.0,F,Casado/a,1,Prepago,Gama media,3752.0,24.0,0
C002732,Z09,Norte,urbana_premium,102625,,F,Soltero/a,3,Contrato,Gama media,2941.0,82.0,0
C002733,Z17,Sur,suburbana,56619,41.0,F,Casado/a,1,Prepago,Gama media,1558.0,14.0,1
C002734,Z11,Oeste,suburbana,41163,53.0,F,Casado/a,1,Premium,Gama media,3666.0,22.0,0
C002735,Z09,Norte,urbana_premium,102625,43.0,M,Soltero/a,2,Premium,Gama media,2070.0,-16.0,1
C002736,Z15,Oeste,suburbana,62939,39.0,M,Soltero/a,1,Prepago,Gama media,1719.0,19.0,1
C002737,Z05,Este,urbana_premium,94471,28.0,M,Soltero/a,2,Premium,Gama media,2160.0,37.0,0
C002738,Z17,Sur,suburbana,56619,34.0,M,Soltero/a,1,Prepago,Gama media,1479.0,17.0,1
C002739,Z22,Este,suburbana,53534,22.0,F,Soltero/a,2,Premium,Gama alta,4316.0,31.0,0
C002740,Z18,Sur,urbana_premium,56342,33.0,M,Casado/a,4,Premium,Gama alta,4017.0,22.0,1
C002741,Z04,Centro,suburbana,55457,42.0,F,Soltero/a,2,Premium,Gama alta,6123.0,69.0,1
C002742,Z27,Norte,suburbana,42704,61.0,M,Soltero/a,2,Premium,Gama media,,12.0,0
C002743,Z05,Este,urbana_premium,94471,42.0,F,Casado/a,5,Premium,Gama alta,7875.0,60.0,1
C002744,Z26,Oeste,urbana_premium,107159,26.0,M,Soltero/a,3,Prepago,Gama media,3055.0,16.0,1
C002745,Z12,Norte,rural,11707,28.0,M,Soltero/a,1,Premium,Gama media,2636.0,25.0,0
C002746,Z26,Oeste,urbana_premium,107159,34.0,F,Casado/a,4,Contrato,Gama media,2451.0,41.0,1
C002747,Z07,Centro,rural,15473,55.0,M,Casado/a,2,Premium,Gama media,2107.0,19.0,1
C002748,Z06,Sur,rural,19752,42.0,F,Soltero/a,1,Premium,Gama alta,3836.0,35.0,0
C002749,Z16,Este,urbana_premium,72683,43.0,F,Divorciado/a,3,Premium,Gama media,3774.0,36.0,0
C002750,Z02,Oeste,suburbana,46400,38.0,M,Casado/a,3,Prepago,Gama media,2746.0,78.0,0
C002751,Z09,Norte,urbana_premium,102625,45.0,M,Soltero/a,2,Premium,Gama alta,3798.0,30.0,0
C002752,Z23,Norte,rural,20553,26.0,M,Soltero/a,1,Contrato,Gama media,2441.0,3.0,0
C002753,Z27,Norte,suburbana,42704,59.0,M,Soltero/a,1,Premium,Gama media,3136.0,41.0,0
C002754,Z04,Centro,suburbana,55457,27.0,F,Casado/a,3,Premium,Gama alta,4753.0,59.0,0
C002755,Z28,Sur,urbana_premium,64486,46.0,F,Divorciado/a,3,Premium,Gama media,2974.0,47.0,1
C002756,Z26,Oeste,urbana_premium,107159,33.0,M,Casado/a,3,Contrato,Gama media,3560.0,29.0,1
C002757,Z28,Sur,urbana_premium,64486,35.0,F,Casado/a,4,Premium,Gama alta,3961.0,22.0,0
C002758,Z22,Este,suburbana,53534,37.0,F,Soltero/a,2,Premium,Gama media,2173.0,46.0,1
C002759,Z22,Este,suburbana,53534,43.0,M,Soltero/a,1,Contrato,Gama alta,2549.0,25.0,1
C002760,Z17,Sur,suburbana,56619,45.0,M,Casado/a,4,Contrato,Gama alta,3898.0,29.0,1
C002761,Z20,Oeste,suburbana,46953,53.0,F,Casado/a,3,Premium,Gama media,2234.0,46.0,0
C002762,Z28,Sur,urbana_premium,64486,53.0,F,Casado/a,4,Premium,Gama alta,,74.0,0
C002763,Z04,Centro,suburbana,55457,44.0,M,Casado/a,2,Contrato,Gama media,5286.0,16.0,0
C002764,Z10,Este,suburbana,27514,61.0,M,Soltero/a,1,Premium,Gama alta,3171.0,,1
C002765,Z04,Centro,suburbana,55457,41.0,M,Divorciado/a,2,Prepago,Gama alta,3646.0,28.0,0
C002766,Z29,Oeste,urbana_premium,67334,49.0,F,Soltero/a,2,Premium,Gama alta,5012.0,32.0,1
C002767,Z15,Oeste,suburbana,62939,45.0,F,Casado/a,4,Prepago,Gama media,3626.0,27.0,0
C002768,Z22,Este,suburbana,53534,33.0,M,Soltero/a,2,Premium,Gama alta,3082.0,19.0,0
C002769,Z27,Norte,suburbana,42704,42.0,F,Soltero/a,1,Premium,Gama alta,7810.0,17.0,0
C002770,Z30,Centro,suburbana,33966,46.0,M,Casado/a,2,Premium,Gama media,2318.0,18.0,0
C002771,Z05,Este,urbana_premium,94471,36.0,F,Soltero/a,3,Premium,Gama alta,3343.0,20.0,0
C002772,Z26,Oeste,urbana_premium,107159,41.0,F,Soltero/a,3,Contrato,Gama media,3926.0,13.0,0
C002773,Z28,Sur,urbana_premium,64486,46.0,M,Divorciado/a,2,Premium,Gama alta,4797.0,83.0,0
C002774,Z02,Oeste,suburbana,46400,40.0,M,Casado/a,2,Premium,Gama alta,6028.0,36.0,1
C002775,Z26,Oeste,urbana_premium,107159,18.0,M,Soltero/a,2,Prepago,Gama media,3825.0,45.0,0
C002776,Z11,Oeste,suburbana,41163,60.0,F,Soltero/a,1,Contrato,Gama media,3650.0,9.0,0
C002777,Z20,Oeste,suburbana,46953,36.0,F,Divorciado/a,1,Prepago,Gama alta,3412.0,24.0,0
C002778,Z16,Este,urbana_premium,72683,26.0,M,Soltero/a,2,Premium,Gama media,3718.0,49.0,0
C002779,Z09,Norte,urbana_premium,102625,23.0,F,Casado/a,5,Premium,Gama alta,5911.0,16.0,0
C002780,Z05,Este,urbana_premium,94471,32.0,F,Soltero/a,3,Premium,Gama alta,4447.0,33.0,0
C002781,Z05,Este,urbana_premium,94471,29.0,M,Soltero/a,2,Premium,Gama media,5410.0,23.0,0
C002782,Z04,Centro,suburbana,55457,31.0,M,Soltero/a,2,Prepago,Gama media,2690.0,7.0,0
C002783,Z20,Oeste,suburbana,46953,32.0,F,Casado/a,1,Contrato,Gama media,2467.0,5.0,0
C002784,Z11,Oeste,suburbana,41163,46.0,M,Soltero/a,2,Contrato,Gama media,2644.0,29.0,1
C002785,Z08,Sur,rural,17023,69.0,F,Divorciado/a,1,Prepago,Gama alta,2578.0,18.0,0
C002786,Z22,Este,suburbana,53534,50.0,F,Casado/a,4,Premium,Gama alta,4408.0,21.0,0
C002787,Z22,Este,suburbana,53534,53.0,M,Casado/a,3,Contrato,Gama alta,6210.0,6.0,0
C002788,Z17,Sur,suburbana,56619,35.0,M,Soltero/a,2,Contrato,Gama media,3169.0,36.0,0
C002789,Z29,Oeste,urbana_premium,67334,37.0,M,Soltero/a,3,Premium,Gama alta,7348.0,104.0,0
C002790,Z13,Este,suburbana,37333,45.0,F,Casado/a,4,Premium,Gama media,3711.0,52.0,0
C002791,Z27,Norte,suburbana,42704,32.0,M,Casado/a,1,Contrato,Gama media,2359.0,14.0,0
C002792,Z04,Centro,suburbana,55457,35.0,F,Soltero/a,1,Contrato,Gama media,3108.0,4.0,1
C002793,Z25,Oeste,rural,11763,55.0,F,Casado/a,2,Premium,Gama media,3039.0,39.0,0
C002794,Z30,Centro,suburbana,33966,53.0,F,Divorciado/a,1,Premium,Gama media,4009.0,63.0,1
C002795,Z27,Norte,suburbana,42704,41.0,M,Casado/a,1,Contrato,Gama media,2520.0,35.0,0
C002796,Z18,Sur,urbana_premium,56342,22.0,M,Soltero/a,2,Contrato,Gama baja,3379.0,22.0,0
C002797,Z20,Oeste,suburbana,46953,36.0,F,Soltero/a,2,Premium,Gama media,2651.0,51.0,0
C002798,Z11,Oeste,suburbana,41163,23.0,M,Soltero/a,1,Prepago,Gama media,2782.0,28.0,1
C002799,Z22,Este,suburbana,53534,,M,Casado/a,1,Premium,Gama media,3317.0,27.0,1
C002800,Z26,Oeste,urbana_premium,107159,39.0,F,Soltero/a,2,Premium,Gama alta,7412.0,50.0,0
C002801,Z30,Centro,suburbana,33966,37.0,F,Casado/a,2,Prepago,Gama media,2572.0,60.0,0
C002802,Z16,Este,urbana_premium,72683,39.0,F,Casado/a,2,Premium,Gama media,2156.0,19.0,0
C002803,Z03,Sur,rural,16530,50.0,M,Soltero/a,1,Prepago,Gama baja,1279.0,12.0,0
C002804,Z18,Sur,urbana_premium,56342,39.0,F,Casado/a,3,Premium,Gama media,5094.0,36.0,0
C002805,Z05,Este,urbana_premium,94471,,M,Soltero/a,2,Premium,Gama media,3163.0,41.0,1
C002806,Z09,Norte,urbana_premium,102625,33.0,M,Soltero/a,3,Premium,Gama alta,4206.0,31.0,0
C002807,Z11,Oeste,suburbana,41163,45.0,M,Casado/a,1,Premium,Gama alta,2327.0,57.0,0
C002808,Z24,Centro,rural,12558,64.0,F,Soltero/a,1,Premium,Gama media,2204.0,43.0,1
C002809,Z06,Sur,rural,19752,42.0,M,Casado/a,1,Contrato,Gama media,2072.0,32.0,0
C002810,Z05,Este,urbana_premium,94471,43.0,F,Soltero/a,2,Premium,Gama media,3010.0,24.0,1
C002811,Z02,Oeste,suburbana,46400,51.0,F,Casado/a,3,Premium,Gama alta,4595.0,84.0,0
C002812,Z28,Sur,urbana_premium,64486,,F,Soltero/a,3,Premium,Gama media,6054.0,58.0,0
C002813,Z22,Este,suburbana,53534,54.0,M,Divorciado/a,2,Premium,Gama alta,3729.0,85.0,0
C002814,Z02,Oeste,suburbana,46400,54.0,F,Casado/a,3,Premium,Gama alta,6096.0,39.0,1
C002815,Z02,Oeste,suburbana,46400,57.0,F,Casado/a,2,Premium,Gama media,1881.0,21.0,1
C002816,Z17,Sur,suburbana,56619,46.0,M,Casado/a,4,Premium,Gama alta,2769.0,56.0,0
C002817,Z99,Norte,urbana_premium,102625,64.0,M,Divorciado/a,3,Premium,Gama media,3387.0,30.0,1
C002818,Z18,Sur,urbana_premium,56342,29.0,F,Casado/a,4,Premium,Gama alta,4906.0,27.0,0
C002819,Z15,Oeste,suburbana,62939,65.0,F,Casado/a,3,Contrato,Gama baja,1918.0,22.0,0
C002820,Z29,Oeste,urbana_premium,67334,45.0,F,Casado/a,2,Premium,Gama media,4835.0,53.0,1
C002821,Z09,Norte,urbana_premium,102625,52.0,M,Casado/a,4,Premium,Gama media,2310.0,28.0,0
C002822,Z22,Este,suburbana,53534,36.0,M,Soltero/a,1,Premium,Gama alta,3873.0,33.0,0
C002823,Z03,Sur,rural,16530,55.0,M,Soltero/a,2,Premium,Gama media,3478.0,23.0,0
C002824,Z29,Oeste,urbana_premium,67334,53.0,F,Soltero/a,2,Premium,Gama media,2576.0,25.0,0
C002825,Z30,Centro,suburbana,33966,27.0,F,Soltero/a,2,Contrato,Gama media,2621.0,,1
C002826,Z24,Centro,rural,12558,43.0,F,Soltero/a,2,Premium,Gama media,3521.0,4.0,0
C002827,Z16,Este,urbana_premium,72683,18.0,F,Soltero/a,3,Premium,Gama baja,6230.0,64.0,1
C002828,Z08,Sur,rural,17023,,M,Casado/a,1,Contrato,Gama media,1409.0,56.0,0
C002829,Z26,Oeste,urbana_premium,107159,26.0,F,Soltero/a,2,Prepago,Gama media,4367.0,30.0,0
C002830,Z24,Centro,rural,12558,42.0,M,n/a,4,Prepago,Gama baja,2918.0,14.0,0
C002831,Z08,Sur,rural,17023,80.0,M,Divorciado/a,2,Prepago,Gama media,2314.0,20.0,0
C002832,Z15,Oeste,suburbana,62939,61.0,X,Casado/a,1,Premium,Gama media,4928.0,19.0,0
C002833,Z16,Este,urbana_premium,72683,19.0,M,Soltero/a,2,Prepago,Gama media,3161.0,8.0,0
C002834,Z26,Oeste,urbana_premium,107159,43.0,M,Divorciado/a,3,Premium,Gama media,,19.0,0
C002835,Z22,Este,suburbana,53534,50.0,F,Casado/a,3,Prepago,Gama media,2367.0,36.0,0
C002836,Z20,Oeste,suburbana,46953,36.0,F,Soltero/a,2,Premium,Gama baja,3248.0,19.0,1
C002837,Z20,Oeste,suburbana,46953,42.0,F,Soltero/a,2,Premium,Gama media,2713.0,43.0,0
C002838,Z09,Norte,urbana_premium,102625,39.0,M,Soltero/a,2,Premium,Gama media,5194.0,38.0,0
C002839,Z13,Este,suburbana,37333,24.0,F,Soltero/a,2,Prepago,Gama media,2640.0,32.0,0
C002840,Z99,Oeste,suburbana,46400,28.0,X,Casado/a,2,Contrato,Gama media,2813.0,26.0,0
C002841,Z26,Oeste,urbana_premium,107159,38.0,M,Soltero/a,3,Premium,Gama alta,4182.0,42.0,0
C002842,Z15,Oeste,suburbana,62939,41.0,M,Soltero/a,1,Premium,Gama media,2271.0,23.0,1
C002843,Z15,Oeste,suburbana,62939,31.0,M,Casado/a,3,Contrato,Gama baja,4334.0,7.0,1
C002844,Z09,Norte,urbana_premium,102625,26.0,F,Soltero/a,2,Premium,Gama alta,4957.0,81.0,0
C002845,Z07,Centro,rural,15473,44.0,F,Casado/a,3,Contrato,Gama alta,2973.0,18.0,0
C002846,Z18,Sur,urbana_premium,56342,47.0,M,Soltero/a,3,Contrato,Gama media,2729.0,19.0,1
C002847,Z09,Norte,urbana_premium,102625,35.0,F,Soltero/a,2,Premium,Gama alta,6699.0,30.0,0
C002848,Z04,Centro,suburbana,55457,59.0,M,Casado/a,4,Premium,Gama baja,1589.0,89.0,1
C002849,Z26,Oeste,urbana_premium,107159,28.0,M,Soltero/a,3,Premium,Gama alta,5054.0,54.0,0
C002850,Z13,Este,suburbana,37333,42.0,F,Divorciado/a,1,Premium,Gama baja,3191.0,40.0,0
C002851,Z13,Este,suburbana,37333,,F,Casado/a,4,Premium,Gama media,3838.0,29.0,0
C002852,Z15,Oeste,suburbana,62939,47.0,F,Casado/a,2,Contrato,Gama alta,2818.0,19.0,0
C002853,Z26,Oeste,urbana_premium,107159,27.0,M,Soltero/a,2,Contrato,Gama alta,4019.0,34.0,1
C002854,Z10,Este,suburbana,27514,63.0,F,Soltero/a,1,Contrato,Gama media,3883.0,16.0,1
C002855,Z26,Oeste,urbana_premium,107159,18.0,M,Casado/a,5,Premium,Gama alta,3901.0,24.0,0
C002856,Z29,Oeste,urbana_premium,67334,57.0,M,Divorciado/a,3,Contrato,Gama alta,4209.0,58.0,0
C002857,Z21,Centro,rural,19103,46.0,M,Casado/a,4,Premium,Gama media,2582.0,31.0,1
C002858,Z15,Oeste,suburbana,62939,47.0,M,Casado/a,4,Prepago,Gama alta,6552.0,36.0,0
C002859,Z25,Oeste,rural,11763,61.0,?,Soltero/a,1,Premium,Gama media,1354.0,23.0,0
C002860,Z15,Oeste,suburbana,62939,50.0,M,Soltero/a,1,Prepago,Gama alta,4786.0,18.0,0
C002861,Z15,Oeste,suburbana,62939,31.0,F,Soltero/a,2,Contrato,Gama alta,3562.0,56.0,0
C002862,Z99,Sur,suburbana,56619,47.0,M,Divorciado/a,2,Premium,Gama media,3411.0,53.0,0
C002863,Z10,Este,suburbana,27514,62.0,M,Casado/a,1,Premium,Gama media,1948.0,66.0,1
C002864,Z04,Centro,suburbana,55457,29.0,F,Soltero/a,2,Prepago,Gama alta,4551.0,34.0,0
C002865,Z15,Oeste,suburbana,62939,65.0,F,Casado/a,4,Prepago,Gama baja,2045.0,27.0,0
C002866,Z05,Este,urbana_premium,94471,41.0,M,Soltero/a,3,Premium,Gama media,6536.0,10.0,1
C002867,Z15,Oeste,suburbana,62939,35.0,M,Casado/a,1,Premium,Gama alta,2513.0,21.0,0
C002868,Z17,Sur,suburbana,56619,29.0,M,Soltero/a,1,Contrato,Gama media,5090.0,10.0,0
C002869,Z29,Oeste,urbana_premium,67334,33.0,F,Soltero/a,2,Premium,Gama media,3045.0,36.0,0
C002870,Z02,Oeste,suburbana,46400,18.0,M,Soltero/a,2,Contrato,Gama media,2192.0,31.0,1
C002871,Z20,Oeste,suburbana,46953,35.0,M,Casado/a,1,Prepago,Gama media,2937.0,11.0,0
C002872,Z15,Oeste,suburbana,62939,37.0,F,Casado/a,4,Prepago,Gama media,2343.0,9.0,0
C002873,Z02,Oeste,suburbana,46400,27.0,F,Soltero/a,2,Premium,Gama media,2796.0,27.0,1
C002874,Z09,Norte,urbana_premium,102625,45.0,X,Casado/a,3,Premium,Gama alta,,12.0,1
C002875,Z05,Este,urbana_premium,94471,33.0,M,Soltero/a,3,Contrato,Gama alta,3213.0,57.0,1
C002876,Z08,Sur,rural,17023,37.0,X,Casado/a,4,Contrato,Gama media,2514.0,11.0,0
C002877,Z09,Norte,urbana_premium,102625,32.0,M,Casado/a,3,Premium,Gama alta,6807.0,32.0,0
C002878,Z14,Norte,rural,13074,49.0,M,Casado/a,3,Prepago,Gama media,2571.0,14.0,1
C002879,Z17,Sur,suburbana,56619,41.0,F,Casado/a,3,Premium,Gama alta,,29.0,1
C002880,Z01,Centro,rural,16625,37.0,F,Soltero/a,2,Premium,Gama media,2874.0,1.0,1
C002881,Z05,Este,urbana_premium,94471,38.0,F,Casado/a,5,Contrato,Gama baja,5532.0,60.0,0
C002882,Z04,Centro,suburbana,55457,,F,Soltero/a,1,Prepago,Gama media,2966.0,68.0,0
C002883,Z17,Sur,suburbana,56619,26.0,F,Soltero/a,1,Prepago,Gama media,3723.0,,0
C002884,Z11,Oeste,suburbana,41163,37.0,M,Casado/a,1,Premium,Gama media,5718.0,41.0,1
C002885,Z17,Sur,suburbana,56619,47.0,F,Casado/a,1,Contrato,Gama media,2705.0,30.0,0
C002886,Z08,Sur,rural,17023,52.0,M,Casado/a,4,Premium,Gama media,2738.0,,0
C002887,Z02,Oeste,suburbana,46400,37.0,M,Soltero/a,1,Contrato,Gama media,2394.0,52.0,0
C002888,Z29,Oeste,urbana_premium,67334,44.0,M,Casado/a,4,Premium,Gama alta,5604.0,47.0,0
C002889,Z05,Este,urbana_premium,94471,24.0,F,Soltero/a,3,Prepago,Gama media,2173.0,17.0,1
C002890,Z05,Este,urbana_premium,94471,25.0,F,Soltero/a,3,Premium,Gama media,3514.0,54.0,1
C002891,Z05,Este,urbana_premium,94471,33.0,M,Soltero/a,2,Premium,Gama alta,5544.0,29.0,0
C002892,Z30,Centro,suburbana,33966,58.0,M,Divorciado/a,1,Contrato,Gama media,2878.0,8.0,0
C002893,Z19,Este,rural,12655,47.0,F,Soltero/a,1,Prepago,Gama media,1263.0,66.0,0
C002894,Z19,Este,rural,12655,,M,Casado/a,1,Prepago,Gama media,1805.0,79.0,0
C002895,Z30,Centro,suburbana,33966,59.0,M,Divorciado/a,1,Contrato,Gama media,2389.0,9.0,0
C002896,Z04,Centro,suburbana,55457,37.0,F,Casado/a,1,Prepago,Gama media,5264.0,27.0,0
C002897,Z30,Centro,suburbana,33966,67.0,F,Casado/a,3,Premium,Gama media,4002.0,55.0,0
C002898,Z07,Centro,rural,15473,39.0,M,Casado/a,3,Premium,Gama media,3230.0,29.0,0
C002899,Z20,Oeste,suburbana,46953,28.0,M,Soltero/a,1,Premium,Gama media,1972.0,31.0,0
C002900,Z15,Oeste,suburbana,62939,38.0,F,Divorciado/a,2,Prepago,Gama media,3038.0,31.0,0
C002901,Z13,Este,suburbana,37333,37.0,M,Casado/a,2,Premium,Gama alta,,36.0,0
C002902,Z29,Oeste,urbana_premium,67334,26.0,F,Soltero/a,2,Premium,Gama alta,5329.0,30.0,0
C002903,Z05,Este,urbana_premium,94471,67.0,F,Divorciado/a,2,Contrato,Gama media,3260.0,50.0,0
C002904,Z30,Centro,suburbana,33966,44.0,F,Casado/a,1,Premium,Gama media,3993.0,42.0,1
C002905,Z13,Este,suburbana,37333,46.0,M,Casado/a,1,Contrato,Gama media,1935.0,20.0,0
C002906,Z20,Oeste,suburbana,46953,34.0,M,Soltero/a,1,Prepago,Gama media,2247.0,79.0,0
C002907,Z29,Oeste,urbana_premium,67334,29.0,M,Soltero/a,2,Prepago,Gama media,2014.0,13.0,0
C002908,Z03,Sur,rural,16530,57.0,M,Divorciado/a,2,Contrato,Gama media,2271.0,33.0,1
C002909,Z29,Oeste,urbana_premium,67334,18.0,M,Soltero/a,3,Premium,Gama media,4860.0,31.0,0
C002910,Z18,Sur,urbana_premium,56342,22.0,M,Soltero/a,3,Prepago,Gama baja,2779.0,32.0,1
C002911,Z22,Este,suburbana,53534,37.0,M,Soltero/a,2,Contrato,Gama media,2937.0,11.0,0
C002912,Z05,Este,urbana_premium,94471,52.0,F,Casado/a,5,Prepago,Gama media,2902.0,10.0,0
C002913,Z17,Sur,suburbana,56619,36.0,M,Soltero/a,2,Premium,Gama media,2465.0,37.0,0
C002914,Z22,Este,suburbana,53534,45.0,M,Casado/a,1,Prepago,Gama media,2103.0,33.0,1
C002915,Z15,Oeste,suburbana,62939,40.0,M,Casado/a,4,Contrato,Gama media,4682.0,4.0,1
C002916,Z05,Este,urbana_premium,94471,52.0,F,Casado/a,3,Premium,Gama baja,3057.0,30.0,0
C002917,Z09,Norte,urbana_premium,102625,18.0,M,Soltero/a,3,Contrato,Gama alta,3568.0,22.0,1
C002918,Z27,Norte,suburbana,42704,49.0,F,Soltero/a,2,Prepago,Gama media,2523.0,6.0,0
C002919,Z02,Oeste,suburbana,46400,38.0,M,Soltero/a,1,Premium,Gama media,3386.0,18.0,0
C002920,Z22,Este,suburbana,53534,51.0,F,Divorciado/a,2,Premium,Gama alta,7250.0,13.0,0
C002921,Z30,Centro,suburbana,33966,30.0,F,Soltero/a,2,Premium,Gama alta,8040.0,30.0,0
C002922,Z99,Centro,rural,16625,45.0,F,Divorciado/a,2,Contrato,Gama media,2187.0,3.0,1
C002923,Z05,Este,urbana_premium,94471,35.0,F,Casado/a,4,Premium,Gama media,4507.0,42.0,0
C002924,Z22,Este,suburbana,53534,28.0,F,Soltero/a,2,Contrato,Gama alta,4248.0,19.0,1
C002925,Z03,Sur,rural,16530,30.0,M,Soltero/a,1,Premium,Gama media,3667.0,88.0,0
C002926,Z18,Sur,urbana_premium,56342,29.0,M,Soltero/a,2,Premium,Gama alta,4867.0,15.0,0
C002927,Z22,Este,suburbana,53534,42.0,F,Casado/a,3,Contrato,Gama media,4469.0,16.0,0
C002928,Z18,Sur,urbana_premium,56342,27.0,F,Soltero/a,2,Prepago,Gama media,4502.0,3.0,0
C002929,Z12,Norte,rural,11707,41.0,F,Casado/a,2,Contrato,Gama media,1896.0,22.0,1
C002930,Z22,Este,suburbana,53534,18.0,M,Soltero/a,2,Premium,Gama baja,4460.0,17.0,1
C002931,Z18,Sur,urbana_premium,56342,32.0,M,Casado/a,3,Premium,Gama alta,4091.0,60.0,0
C002932,Z07,Centro,rural,15473,57.0,F,Casado/a,3,Premium,Gama media,2658.0,20.0,1
C002933,Z18,Sur,urbana_premium,56342,44.0,F,Divorciado/a,3,Premium,Gama alta,2426.0,15.0,0
C002934,Z28,Sur,urbana_premium,64486,35.0,M,Casado/a,5,Premium,Gama media,2978.0,23.0,0
C002935,Z21,Centro,rural,19103,48.0,M,Casado/a,4,Prepago,Gama baja,2067.0,26.0,0
C002936,Z16,Este,urbana_premium,72683,26.0,?,Soltero/a,2,Premium,Gama alta,4689.0,25.0,1
C002937,Z10,Este,suburbana,27514,59.0,F,Casado/a,1,Premium,Gama alta,5693.0,,0
C002938,Z04,Centro,suburbana,55457,65.0,F,Casado/a,3,Prepago,Gama baja,3988.0,,0
C002939,Z09,Norte,urbana_premium,102625,38.0,M,Soltero/a,3,Prepago,Gama alta,3657.0,15.0,0
C002940,Z01,Centro,rural,16625,76.0,M,Casado/a,3,Prepago,Gama media,1673.0,12.0,0
C002941,Z30,Centro,suburbana,33966,32.0,M,Casado/a,1,Prepago,Gama alta,4698.0,28.0,0
C002942,Z08,Sur,rural,17023,30.0,M,Casado/a,3,Premium,Gama media,2644.0,46.0,0
C002943,Z26,Oeste,urbana_premium,107159,27.0,M,Soltero/a,2,Prepago,Gama media,1272.0,4.0,0
C002944,Z05,Este,urbana_premium,94471,,M,Soltero/a,2,Premium,Gama alta,5614.0,20.0,0
C002945,Z09,Norte,urbana_premium,102625,64.0,M,Casado/a,4,Premium,Gama media,4443.0,25.0,1
C002946,Z15,Oeste,suburbana,62939,37.0,M,Soltero/a,1,Prepago,Gama baja,1431.0,9.0,0
C002947,Z10,Este,suburbana,27514,30.0,F,Soltero/a,2,Prepago,Gama media,3774.0,32.0,0
C002948,Z26,Oeste,urbana_premium,107159,25.0,M,Soltero/a,3,Premium,Gama alta,4015.0,16.0,1
C002949,Z29,Oeste,urbana_premium,67334,50.0,M,Casado/a,2,Premium,Gama media,2459.0,51.0,1
C002950,Z28,Sur,urbana_premium,64486,48.0,F,Divorciado/a,2,Premium,Gama baja,7956.0,80.0,1
C002951,Z05,Este,urbana_premium,94471,30.0,M,Soltero/a,2,Premium,Gama media,4544.0,21.0,1
C002952,Z26,Oeste,urbana_premium,107159,18.0,F,Soltero/a,3,Premium,Gama media,3289.0,28.0,0
C002953,Z05,Este,urbana_premium,94471,22.0,F,Soltero/a,2,Prepago,Gama media,2962.0,17.0,1
C002954,Z28,Sur,urbana_premium,64486,57.0,F,Casado/a,4,Premium,Gama alta,3643.0,24.0,0
C002955,Z16,Este,urbana_premium,72683,44.0,M,Casado/a,3,Premium,Gama baja,3685.0,-19.0,0
C002956,Z11,Oeste,suburbana,41163,41.0,F,Casado/a,4,Premium,Gama alta,3712.0,27.0,0
C002957,Z05,Este,urbana_premium,94471,58.0,F,Divorciado/a,3,Premium,Gama alta,3582.0,72.0,0
C002958,Z01,Centro,rural,16625,68.0,F,Casado/a,1,Contrato,Gama media,2044.0,41.0,1
C002959,Z09,Norte,urbana_premium,102625,36.0,M,Casado/a,3,Prepago,Gama media,4116.0,61.0,0
C002960,Z28,Sur,urbana_premium,64486,36.0,X,Soltero/a,2,Premium,Gama media,3343.0,14.0,0
C002961,Z26,Oeste,urbana_premium,107159,29.0,F,Soltero/a,2,Premium,Gama media,3739.0,41.0,0
C002962,Z29,Oeste,urbana_premium,67334,33.0,M,Soltero/a,2,Premium,Gama alta,6316.0,34.0,0
C002963,Z04,Centro,suburbana,55457,,M,Soltero/a,2,Premium,Gama media,2560.0,43.0,0
C002964,Z18,Sur,urbana_premium,56342,18.0,F,Soltero/a,3,Prepago,Gama media,3662.0,11.0,0
C002965,Z09,Norte,urbana_premium,102625,18.0,M,Soltero/a,2,Premium,Gama media,2930.0,18.0,1
C002966,Z17,Sur,suburbana,56619,53.0,F,Casado/a,4,Contrato,Gama alta,4389.0,12.0,0
C002967,Z10,Este,suburbana,27514,21.0,F,Soltero/a,1,Prepago,Gama baja,1650.0,13.0,0
C002968,Z09,Norte,urbana_premium,102625,59.0,M,Soltero/a,2,Prepago,Gama alta,2862.0,21.0,0
C002969,Z18,Sur,urbana_premium,56342,27.0,M,Soltero/a,3,Contrato,Gama media,4914.0,54.0,0
C002970,Z06,Sur,rural,19752,66.0,F,Soltero/a,2,Prepago,Gama media,2203.0,37.0,0
C002971,Z99,Este,urbana_premium,72683,32.0,M,Casado/a,5,Premium,Gama alta,5213.0,19.0,0
C002972,Z20,Oeste,suburbana,46953,21.0,F,Soltero/a,1,Premium,Gama media,,27.0,0
C002973,Z05,Este,urbana_premium,94471,51.0,M,Casado/a,2,Prepago,Gama media,3025.0,26.0,0
C002974,Z29,Oeste,urbana_premium,67334,53.0,M,Casado/a,2,Premium,Gama alta,3667.0,5.0,1
C002975,Z16,Este,urbana_premium,72683,25.0,M,Soltero/a,2,Premium,Gama baja,2436.0,44.0,0
C002976,Z26,Oeste,urbana_premium,107159,32.0,M,Soltero/a,2,Premium,Gama media,2867.0,39.0,0
C002977,Z20,Oeste,suburbana,46953,29.0,F,Soltero/a,2,Premium,Gama media,4103.0,37.0,0
C002978,Z22,Este,suburbana,53534,39.0,M,Casado/a,2,Contrato,Gama alta,2723.0,18.0,0
C002979,Z23,Norte,rural,20553,46.0,M,Casado/a,3,Contrato,Gama alta,2297.0,46.0,0
C002980,Z28,Sur,urbana_premium,64486,32.0,F,Soltero/a,2,Prepago,Gama media,3998.0,26.0,1
C002981,Z19,Este,rural,12655,23.0,F,Soltero/a,2,Prepago,Gama media,1341.0,28.0,1
C002982,Z09,Norte,urbana_premium,102625,29.0,M,Soltero/a,3,Premium,Gama media,2218.0,50.0,0
C002983,Z04,Centro,suburbana,55457,48.0,F,Casado/a,1,Premium,Gama alta,3407.0,27.0,0
C002984,Z18,Sur,urbana_premium,56342,33.0,M,Soltero/a,2,Premium,Gama media,3315.0,10.0,0
C002985,Z04,Centro,suburbana,55457,36.0,F,Casado/a,3,Prepago,Gama media,2760.0,48.0,1
C002986,Z09,Norte,urbana_premium,102625,25.0,F,Soltero/a,2,Prepago,Gama baja,4747.0,6.0,0
C002987,Z03,Sur,rural,16530,38.0,F,Soltero/a,2,Contrato,Gama media,1674.0,21.0,0
C002988,Z17,Sur,suburbana,56619,57.0,F,Casado/a,2,Contrato,Gama media,2445.0,6.0,0
C002989,Z05,Este,urbana_premium,94471,22.0,F,Soltero/a,3,Prepago,Gama alta,3383.0,11.0,0
C002990,Z19,Este,rural,12655,54.0,M,Casado/a,4,Premium,Gama media,2612.0,35.0,1
C002991,Z99,Oeste,urbana_premium,107159,37.0,F,Casado/a,4,Premium,Gama alta,3375.0,50.0,0
C002992,Z26,Oeste,urbana_premium,107159,39.0,F,Casado/a,2,Contrato,Gama media,3067.0,49.0,0
C002993,Z10,Este,suburbana,27514,31.0,M,Soltero/a,2,Prepago,Gama alta,5392.0,51.0,0
C002994,Z17,Sur,suburbana,56619,36.0,F,Soltero/a,2,Prepago,Gama media,3023.0,48.0,0
C002995,Z18,Sur,urbana_premium,56342,36.0,F,Soltero/a,2,Prepago,Gama media,4813.0,-23.0,0
C002996,Z16,Este,urbana_premium,72683,30.0,F,Soltero/a,2,Premium,Gama media,2032.0,55.0,1
C002997,Z20,Oeste,suburbana,46953,44.0,M,Casado/a,3,Contrato,Gama baja,1899.0,15.0,0
C002998,Z07,Centro,rural,15473,50.0,F,Soltero/a,2,Premium,Gama media,2850.0,15.0,1
C002999,Z30,Centro,suburbana,33966,66.0,M,Casado/a,1,Prepago,Gama media,2740.0,32.0,0
C003000,Z04,Centro,suburbana,55457,43.0,F,Casado/a,2,Prepago,Gama media,2604.0,-8.0,0
C003001,Z26,Oeste,urbana_premium,107159,18.0,M,Soltero/a,2,Premium,Gama media,2744.0,15.0,0
C003002,Z18,Sur,urbana_premium,56342,50.0,F,Casado/a,3,Premium,Gama alta,5383.0,24.0,0
C003003,Z09,Norte,urbana_premium,102625,34.0,M,Soltero/a,3,Premium,Gama alta,4813.0,15.0,0
C003004,Z25,Oeste,rural,11763,69.0,F,Soltero/a,1,Prepago,Gama media,2269.0,34.0,0
C003005,Z04,Centro,suburbana,55457,58.0,M,Soltero/a,2,Prepago,Gama media,3249.0,62.0,0
C003006,Z26,Oeste,urbana_premium,107159,30.0,F,Casado/a,2,Premium,Gama media,3440.0,,0
C003007,Z18,Sur,urbana_premium,56342,45.0,F,Casado/a,5,Premium,Gama alta,3013.0,13.0,0
C003008,Z05,Este,urbana_premium,94471,29.0,M,Soltero/a,3,Prepago,Gama media,3192.0,17.0,1
C003009,Z04,Centro,suburbana,55457,40.0,F,Soltero/a,1,Premium,Gama media,3895.0,8.0,0
C003010,Z26,Oeste,urbana_premium,107159,44.0,F,Soltero/a,2,Premium,Gama media,3334.0,27.0,0
C003011,Z09,Norte,urbana_premium,102625,49.0,M,Casado/a,3,Premium,Gama alta,3905.0,35.0,1
C003012,Z28,Sur,urbana_premium,64486,47.0,M,Divorciado/a,3,Premium,Gama alta,3293.0,49.0,1
C003013,Z26,Oeste,urbana_premium,107159,37.0,M,Casado/a,4,Premium,Gama alta,5318.0,19.0,1
C003014,Z22,Este,suburbana,53534,70.0,M,Casado/a,3,Premium,Gama media,2374.0,43.0,0
C003015,Z09,Norte,urbana_premium,102625,32.0,F,Casado/a,5,Contrato,Gama media,6532.0,13.0,1
C003016,Z22,Este,suburbana,53534,21.0,F,Soltero/a,2,Premium,Gama media,2439.0,49.0,0
C003017,Z29,Oeste,urbana_premium,67334,19.0,M,Soltero/a,3,Premium,Gama alta,,51.0,0
C003018,Z04,Centro,suburbana,55457,58.0,?,Casado/a,1,Contrato,Gama alta,6010.0,63.0,0
C003019,Z10,Este,suburbana,27514,39.0,M,Divorciado/a,2,Premium,Gama media,,117.0,0
C003020,Z09,Norte,urbana_premium,102625,38.0,F,Soltero/a,3,Premium,Gama media,3778.0,21.0,0
C003021,Z13,Este,suburbana,37333,33.0,F,Casado/a,3,Premium,Gama alta,4247.0,51.0,0
C003022,Z25,Oeste,rural,11763,40.0,F,Casado/a,2,Prepago,Gama media,1353.0,18.0,0
C003023,Z16,Este,urbana_premium,72683,,F,Soltero/a,2,Premium,Gama media,4190.0,12.0,1
C003024,Z18,Sur,urbana_premium,56342,42.0,M,desconocido,3,Premium,Gama media,2234.0,38.0,0
C003025,Z10,Este,suburbana,27514,39.0,F,Soltero/a,2,Prepago,Gama alta,3019.0,38.0,0
C003026,Z05,Este,urbana_premium,94471,41.0,F,Soltero/a,2,Premium,Gama alta,7805.0,27.0,0
C003027,Z09,Norte,urbana_premium,102625,40.0,F,Soltero/a,2,Premium,Gama media,1681.0,17.0,0
C003028,Z27,Norte,suburbana,42704,35.0,M,Soltero/a,1,Premium,Gama media,2903.0,38.0,0
C003029,Z18,Sur,urbana_premium,56342,18.0,F,Casado/a,5,Prepago,Gama alta,3264.0,11.0,0
C003030,Z13,Este,suburbana,37333,21.0,M,Soltero/a,2,Premium,Gama media,2095.0,26.0,0
C003031,Z26,Oeste,urbana_premium,107159,72.0,F,Casado/a,5,Prepago,Gama media,2241.0,38.0,0
C003032,Z04,Centro,suburbana,55457,58.0,F,Casado/a,4,Premium,Gama media,4379.0,34.0,1
C003033,Z09,Norte,urbana_premium,102625,52.0,M,Soltero/a,2,Premium,Gama media,4102.0,51.0,0
C003034,Z09,Norte,urbana_premium,102625,28.0,M,Soltero/a,2,Contrato,Gama media,1997.0,14.0,0
C003035,Z30,Centro,suburbana,33966,40.0,M,Casado/a,3,Contrato,Gama baja,2144.0,21.0,0
C003036,Z22,Este,suburbana,53534,30.0,M,Soltero/a,1,Prepago,Gama media,2460.0,16.0,0
C003037,Z19,Este,rural,12655,29.0,M,Soltero/a,1,Premium,Gama baja,1339.0,33.0,0
C003038,Z01,Centro,rural,16625,38.0,M,Casado/a,4,Premium,Gama media,2394.0,34.0,1
C003039,Z06,Sur,rural,19752,61.0,M,Casado/a,4,Prepago,Gama media,2538.0,,0
C003040,Z20,Oeste,suburbana,46953,50.0,F,Casado/a,1,Premium,Gama alta,3243.0,-31.0,0
C003041,Z13,Este,suburbana,37333,28.0,F,Soltero/a,1,Premium,Gama media,6047.0,63.0,1
C003042,Z29,Oeste,urbana_premium,67334,32.0,M,Soltero/a,2,Prepago,Gama media,2754.0,17.0,0
C003043,Z26,Oeste,urbana_premium,107159,45.0,M,Soltero/a,3,Prepago,Gama media,3244.0,29.0,0
C003044,Z15,Oeste,suburbana,62939,33.0,F,Soltero/a,1,Contrato,Gama media,2479.0,56.0,1
C003045,Z26,Oeste,urbana_premium,107159,37.0,M,Casado/a,5,Premium,Gama media,5162.0,14.0,0
C003046,Z30,Centro,suburbana,33966,45.0,M,Divorciado/a,1,Contrato,Gama media,3869.0,34.0,0
C003047,Z99,Este,urbana_premium,72683,41.0,M,Soltero/a,3,Premium,Gama media,2577.0,38.0,1
C003048,Z20,Oeste,suburbana,46953,43.0,F,Casado/a,4,Premium,Gama alta,,36.0,0
C003049,Z28,Sur,urbana_premium,64486,28.0,M,Soltero/a,3,Premium,Gama media,2786.0,27.0,0
C003050,Z09,Norte,urbana_premium,102625,29.0,F,Casado/a,3,Premium,Gama alta,5161.0,58.0,0
C003051,Z28,Sur,urbana_premium,64486,22.0,M,Soltero/a,3,Premium,Gama alta,5053.0,12.0,0
C003052,Z04,Centro,suburbana,55457,21.0,M,Soltero/a,1,Premium,Gama media,3427.0,45.0,1
C003053,Z20,Oeste,suburbana,46953,39.0,M,Casado/a,3,Contrato,Gama alta,,27.0,0
C003054,Z26,Oeste,urbana_premium,107159,46.0,F,Divorciado/a,3,Contrato,Gama alta,3433.0,,1
C003055,Z19,Este,rural,12655,28.0,F,Casado/a,2,Prepago,Gama media,2747.0,18.0,0
C003056,Z16,Este,urbana_premium,72683,39.0,F,Soltero/a,3,Premium,Gama alta,4602.0,19.0,0
C003057,Z19,Este,rural,12655,54.0,F,Soltero/a,2,Prepago,Gama media,2976.0,17.0,1
C003058,Z05,Este,urbana_premium,94471,18.0,F,Soltero/a,2,Premium,Gama media,4907.0,24.0,0
C003059,Z08,Sur,rural,17023,42.0,M,Casado/a,4,Prepago,Gama media,2617.0,21.0,0
C003060,Z09,Norte,urbana_premium,102625,56.0,F,Soltero/a,3,Premium,Gama media,6277.0,8.0,0
C003061,Z18,Sur,urbana_premium,56342,43.0,M,Soltero/a,2,Premium,Gama media,3102.0,40.0,1
C003062,Z15,Oeste,suburbana,62939,,F,Soltero/a,2,Prepago,Gama baja,3026.0,8.0,0
C003063,Z09,Norte,urbana_premium,102625,44.0,F,Soltero/a,2,Premium,Gama media,3148.0,36.0,0
C003064,Z28,Sur,urbana_premium,64486,27.0,M,Soltero/a,3,Premium,Gama alta,9003.0,19.0,0
C003065,Z13,Este,suburbana,37333,48.0,M,Soltero/a,2,Premium,Gama media,3895.0,36.0,0
C003066,Z15,Oeste,suburbana,62939,32.0,F,Soltero/a,1,Premium,Gama media,4250.0,82.0,0
C003067,Z14,Norte,rural,13074,44.0,M,Divorciado/a,2,Prepago,Gama media,2714.0,8.0,0
C003068,Z05,Este,urbana_premium,94471,,M,Soltero/a,3,Premium,Gama alta,,36.0,0
C003069,Z24,Centro,rural,12558,45.0,F,Divorciado/a,1,Prepago,Gama alta,,25.0,0
C003070,Z15,Oeste,suburbana,62939,33.0,M,Casado/a,4,Premium,Gama alta,4562.0,14.0,0
C003071,Z02,Oeste,suburbana,46400,,M,Soltero/a,1,Premium,Gama alta,2664.0,65.0,1
C003072,Z29,Oeste,urbana_premium,67334,22.0,F,Soltero/a,3,Premium,Gama media,3480.0,13.0,0
C003073,Z26,Oeste,urbana_premium,107159,42.0,M,Casado/a,2,Premium,Gama baja,4137.0,7.0,0
C003074,Z23,Norte,rural,20553,47.0,M,Casado/a,3,Premium,Gama media,1921.0,26.0,0
C003075,Z28,Sur,urbana_premium,64486,18.0,F,Soltero/a,2,Contrato,Gama media,3389.0,57.0,1
C003076,Z28,Sur,urbana_premium,64486,48.0,M,Soltero/a,2,Contrato,Gama baja,2249.0,27.0,0
C003077,Z11,Oeste,suburbana,41163,38.0,M,Soltero/a,1,Prepago,Gama media,,54.0,0
C003078,Z19,Este,rural,12655,47.0,F,Soltero/a,2,Premium,Gama alta,4637.0,32.0,1
C003079,Z19,Este,rural,12655,54.0,M,Casado/a,3,Prepago,Gama baja,,40.0,0
C003080,Z09,Norte,urbana_premium,102625,40.0,F,Soltero/a,2,Premium,Gama media,3441.0,15.0,0
C003081,Z08,Sur,rural,17023,59.0,F,Casado/a,3,Contrato,Gama media,2378.0,5.0,0
C003082,Z05,Este,urbana_premium,94471,32.0,F,Divorciado/a,3,Premium,Gama media,4883.0,42.0,0
C003083,Z21,Centro,rural,19103,57.0,M,Soltero/a,2,Premium,Gama media,3046.0,20.0,1
C003084,Z26,Oeste,urbana_premium,107159,37.0,M,Casado/a,3,Premium,Gama alta,5487.0,5.0,1
C003085,Z26,Oeste,urbana_premium,107159,42.0,F,Soltero/a,2,Premium,Gama alta,4681.0,38.0,0
C003086,Z10,Este,suburbana,27514,45.0,M,Divorciado/a,1,Premium,Gama media,2714.0,38.0,0
C003087,Z07,Centro,rural,15473,60.0,F,Casado/a,4,Contrato,Gama alta,3614.0,70.0,0
C003088,Z15,Oeste,suburbana,62939,49.0,F,Soltero/a,1,Premium,Gama alta,2800.0,29.0,0
C003089,Z17,Sur,suburbana,56619,35.0,F,Soltero/a,1,Prepago,Gama media,4277.0,22.0,0
C003090,Z28,Sur,urbana_premium,64486,28.0,M,Casado/a,4,Premium,Gama media,2233.0,,0
C003091,Z28,Sur,urbana_premium,64486,35.0,F,Casado/a,2,Premium,Gama alta,6036.0,,1
C003092,Z28,Sur,urbana_premium,64486,27.0,F,Soltero/a,3,Premium,Gama media,2802.0,59.0,0
C003093,Z27,Norte,suburbana,42704,27.0,M,Soltero/a,1,Prepago,Gama media,1795.0,10.0,0
C003094,Z29,Oeste,urbana_premium,67334,18.0,F,Soltero/a,3,Contrato,Gama media,2429.0,19.0,1
C003095,Z16,Este,urbana_premium,72683,18.0,M,Soltero/a,2,Prepago,Gama media,4109.0,,0
C003096,Z02,Oeste,suburbana,46400,64.0,F,Casado/a,3,Contrato,Gama media,6635.0,24.0,0
C003097,Z04,Centro,suburbana,55457,32.0,M,Soltero/a,1,Premium,Gama media,2783.0,12.0,1
C003098,Z13,Este,suburbana,37333,63.0,M,Casado/a,4,Contrato,Gama media,2866.0,65.0,0
C003099,Z09,Norte,urbana_premium,102625,41.0,F,Casado/a,2,Prepago,Gama alta,5009.0,19.0,0
C003100,Z05,Este,urbana_premium,94471,35.0,M,Soltero/a,3,Contrato,Gama media,3129.0,7.0,1
C003101,Z29,Oeste,urbana_premium,67334,18.0,M,Soltero/a,2,Contrato,Gama media,3632.0,20.0,0
C003102,Z06,Sur,rural,19752,45.0,M,Soltero/a,1,Contrato,Gama baja,2055.0,41.0,1
C003103,Z29,Oeste,urbana_premium,67334,59.0,F,Casado/a,3,Premium,Gama alta,7620.0,70.0,1
C003104,Z26,Oeste,urbana_premium,107159,55.0,M,Soltero/a,3,Premium,Gama media,3930.0,21.0,0
C003105,Z99,Oeste,suburbana,46953,43.0,F,Soltero/a,2,Prepago,Gama media,3874.0,-26.0,0
C003106,Z22,Este,suburbana,53534,26.0,F,Soltero/a,2,Prepago,Gama baja,2323.0,24.0,0
C003107,Z11,Oeste,suburbana,41163,29.0,F,Soltero/a,1,Contrato,Gama media,2001.0,25.0,1
C003108,Z20,Oeste,suburbana,46953,30.0,M,Casado/a,4,Premium,Gama alta,3761.0,70.0,0
C003109,Z06,Sur,rural,19752,60.0,M,Casado/a,2,Premium,Gama media,2536.0,14.0,1
C003110,Z29,Oeste,urbana_premium,67334,56.0,F,Casado/a,3,Premium,Gama media,5489.0,91.0,0
C003111,Z09,Norte,urbana_premium,102625,38.0,F,Casado/a,4,Contrato,Gama media,2806.0,4.0,0
C003112,Z09,Norte,urbana_premium,102625,32.0,F,Casado/a,2,Premium,Gama media,3706.0,27.0,1
C003113,Z22,Este,suburbana,53534,59.0,F,Casado/a,1,Premium,Gama media,1899.0,59.0,0
C003114,Z21,Centro,rural,19103,33.0,F,Soltero/a,2,Prepago,Gama media,1953.0,60.0,0
C003115,Z15,Oeste,suburbana,62939,41.0,F,Soltero/a,1,Premium,Gama media,1797.0,63.0,1
C003116,Z20,Oeste,suburbana,46953,46.0,M,Divorciado/a,2,Prepago,Gama media,2699.0,,1
C003117,Z05,Este,urbana_premium,94471,26.0,X,Soltero/a,2,Prepago,Gama alta,6050.0,59.0,0
C003118,Z22,Este,suburbana,53534,32.0,M,Casado/a,3,Contrato,Gama media,2208.0,63.0,1
C003119,Z09,Norte,urbana_premium,102625,27.0,M,Soltero/a,3,Premium,Gama media,2822.0,57.0,0
C003120,Z09,Norte,urbana_premium,102625,53.0,F,Casado/a,5,Premium,Gama media,3610.0,18.0,1
C003121,Z05,Este,urbana_premium,94471,59.0,M,Divorciado/a,2,Premium,Gama media,3589.0,11.0,0
C003122,Z11,Oeste,suburbana,41163,,M,Casado/a,4,Prepago,Gama media,3903.0,31.0,0
C003123,Z11,Oeste,suburbana,41163,37.0,F,Casado/a,1,Premium,Gama media,1892.0,52.0,0
C003124,Z15,Oeste,suburbana,62939,33.0,F,Soltero/a,1,Prepago,Gama media,1241.0,11.0,1
C003125,Z06,Sur,rural,19752,45.0,F,Casado/a,3,Prepago,Gama media,2374.0,18.0,1
C003126,Z06,Sur,rural,19752,38.0,M,Soltero/a,2,Premium,Gama media,4195.0,27.0,0
C003127,Z17,Sur,suburbana,56619,39.0,M,Casado/a,3,Premium,Gama media,2785.0,30.0,0
C003128,Z05,Este,urbana_premium,94471,41.0,F,Casado/a,3,Contrato,Gama media,4397.0,32.0,1
C003129,Z22,Este,suburbana,53534,35.0,F,Casado/a,3,Contrato,Gama media,2899.0,39.0,0
C003130,Z29,Oeste,urbana_premium,67334,34.0,F,Soltero/a,3,Premium,Gama alta,4969.0,11.0,0
C003131,Z15,Oeste,suburbana,62939,38.0,M,Casado/a,1,Contrato,Gama media,2689.0,-38.0,0
C003132,Z28,Sur,urbana_premium,64486,32.0,M,Casado/a,4,Contrato,Gama media,3730.0,41.0,0
C003133,Z04,Centro,suburbana,55457,35.0,F,Soltero/a,2,Premium,Gama alta,5289.0,21.0,0
C003134,Z02,Oeste,suburbana,46400,49.0,M,Casado/a,3,Contrato,Gama media,4449.0,46.0,0
C003135,Z23,Norte,rural,20553,24.0,F,Soltero/a,2,Prepago,Gama baja,1822.0,16.0,0
C003136,Z26,Oeste,urbana_premium,107159,55.0,M,Soltero/a,3,Prepago,Gama media,3032.0,48.0,0
C003137,Z27,Norte,suburbana,42704,42.0,M,Soltero/a,2,Contrato,Gama media,2420.0,26.0,1
C003138,Z03,Sur,rural,16530,52.0,F,Divorciado/a,1,Prepago,Gama media,1567.0,14.0,0
C003139,Z26,Oeste,urbana_premium,107159,45.0,M,Casado/a,3,Prepago,Gama media,,48.0,0
C003140,Z13,Este,suburbana,37333,32.0,M,Soltero/a,1,Contrato,Gama media,2857.0,46.0,1
C003141,Z09,Norte,urbana_premium,102625,25.0,F,Soltero/a,3,Premium,Gama media,2920.0,60.0,0
C003142,Z05,Este,urbana_premium,94471,24.0,M,Soltero/a,3,Premium,Gama alta,4578.0,39.0,1
C003143,Z30,Centro,suburbana,33966,37.0,M,Divorciado/a,2,Contrato,Gama media,1659.0,29.0,1
C003144,Z04,Centro,suburbana,55457,48.0,F,Casado/a,2,Premium,Gama media,1972.0,21.0,0
C003145,Z26,Oeste,urbana_premium,107159,,M,Soltero/a,3,Premium,Gama alta,4821.0,11.0,0
C003146,Z20,Oeste,suburbana,46953,47.0,F,Soltero/a,2,Contrato,Gama alta,5798.0,72.0,1
C003147,Z24,Centro,rural,12558,,M,Soltero/a,1,Premium,Gama alta,2536.0,12.0,1
C003148,Z22,Este,suburbana,53534,35.0,M,Casado/a,3,Premium,Gama media,2226.0,34.0,0
C003149,Z27,Norte,suburbana,42704,54.0,M,Casado/a,3,Prepago,Gama media,2019.0,9.0,0
C003150,Z06,Sur,rural,19752,43.0,F,Soltero/a,1,Premium,Gama media,2036.0,38.0,0
C003151,Z01,Centro,rural,16625,35.0,M,Casado/a,2,Premium,Gama media,3617.0,50.0,0
C003152,Z18,Sur,urbana_premium,56342,28.0,F,Soltero/a,3,Premium,Gama alta,4582.0,47.0,1
C003153,Z11,Oeste,suburbana,41163,18.0,M,Casado/a,2,Contrato,Gama media,1933.0,9.0,0
C003154,Z05,Este,urbana_premium,94471,24.0,M,Soltero/a,2,Premium,Gama media,4345.0,22.0,0
C003155,Z06,Sur,rural,19752,58.0,F,Soltero/a,2,Prepago,Gama alta,3836.0,33.0,1
C003156,Z11,Oeste,suburbana,41163,33.0,M,Casado/a,2,Premium,Gama media,4507.0,13.0,0
C003157,Z04,Centro,suburbana,55457,34.0,F,Soltero/a,1,Premium,Gama media,4749.0,25.0,1
C003158,Z03,Sur,rural,16530,18.0,F,Soltero/a,1,Contrato,Gama media,3072.0,26.0,0
C003159,Z28,Sur,urbana_premium,64486,18.0,F,Soltero/a,2,Contrato,Gama media,2444.0,,0
C003160,Z10,Este,suburbana,27514,54.0,F,Casado/a,4,Contrato,Gama media,2247.0,22.0,0
C003161,Z30,Centro,suburbana,33966,47.0,F,Casado/a,2,Premium,Gama alta,5480.0,45.0,1
C003162,Z29,Oeste,urbana_premium,67334,20.0,M,Soltero/a,2,Premium,Gama alta,3398.0,33.0,0
C003163,Z05,Este,urbana_premium,94471,28.0,F,Soltero/a,2,Premium,Gama baja,1971.0,49.0,1
C003164,Z23,Norte,rural,20553,45.0,M,Casado/a,2,Prepago,Gama media,2870.0,43.0,0
C003165,Z18,Sur,urbana_premium,56342,22.0,M,Soltero/a,2,Premium,Gama alta,5551.0,53.0,0
C003166,Z22,Este,suburbana,53534,18.0,F,Soltero/a,2,Contrato,Gama alta,2898.0,25.0,0
C003167,Z04,Centro,suburbana,55457,38.0,M,Divorciado/a,1,Premium,Gama alta,3613.0,37.0,1
C003168,Z06,Sur,rural,19752,52.0,F,Casado/a,3,Prepago,Gama media,1737.0,46.0,0
C003169,Z04,Centro,suburbana,55457,47.0,M,Soltero/a,2,Contrato,Gama media,2534.0,35.0,1
C003170,Z18,Sur,urbana_premium,56342,47.0,M,Divorciado/a,2,Premium,Gama media,2032.0,55.0,0
C003171,Z30,Centro,suburbana,33966,21.0,F,Soltero/a,2,Premium,Gama media,2047.0,12.0,0
C003172,Z22,Este,suburbana,53534,41.0,F,Soltero/a,1,Contrato,Gama media,4929.0,68.0,0
C003173,Z22,Este,suburbana,53534,37.0,X,Casado/a,3,Prepago,Gama baja,934.0,31.0,0
C003174,Z30,Centro,suburbana,33966,39.0,M,Divorciado/a,2,Premium,Gama media,2603.0,50.0,0
C003175,Z22,Este,suburbana,53534,37.0,M,Casado/a,1,Premium,Gama media,2473.0,96.0,0
C003176,Z02,Oeste,suburbana,46400,32.0,M,Soltero/a,2,Contrato,Gama media,3670.0,49.0,0
C003177,Z27,Norte,suburbana,42704,18.0,M,Soltero/a,1,Prepago,Gama media,1413.0,17.0,0
C003178,Z12,Norte,rural,11707,59.0,M,Casado/a,3,Contrato,Gama media,1777.0,48.0,0
C003179,Z01,Centro,rural,16625,49.0,F,Casado/a,2,Prepago,Gama alta,1889.0,79.0,0
C003180,Z16,Este,urbana_premium,72683,18.0,M,Soltero/a,2,Premium,Gama media,4411.0,41.0,0
C003181,Z29,Oeste,urbana_premium,67334,42.0,F,Soltero/a,2,Prepago,Gama media,3815.0,24.0,0
C003182,Z09,Norte,urbana_premium,102625,31.0,F,Soltero/a,3,Premium,Gama media,2144.0,70.0,1
C003183,Z16,Este,urbana_premium,72683,31.0,F,Soltero/a,2,Prepago,Gama alta,3400.0,36.0,0
C003184,Z99,Este,urbana_premium,94471,27.0,M,Soltero/a,3,Premium,Gama media,2916.0,13.0,1
C003185,Z03,Sur,rural,16530,51.0,M,Soltero/a,1,Premium,Gama media,2730.0,32.0,0
C003186,Z04,Centro,suburbana,55457,30.0,M,Casado/a,1,Prepago,Gama media,2735.0,34.0,0
C003187,Z23,Norte,rural,20553,,F,Soltero/a,2,Premium,Gama alta,4281.0,7.0,1
C003188,Z27,Norte,suburbana,42704,54.0,F,Soltero/a,1,Prepago,Gama media,2363.0,52.0,0
C003189,Z05,Este,urbana_premium,94471,34.0,M,Divorciado/a,3,Prepago,Gama media,3138.0,16.0,1
C003190,Z09,Norte,urbana_premium,102625,34.0,M,Soltero/a,3,Contrato,Gama alta,3177.0,27.0,0
C003191,Z06,Sur,rural,19752,53.0,F,Divorciado/a,2,Premium,Gama baja,2170.0,55.0,0
C003192,Z02,Oeste,suburbana,46400,32.0,M,Soltero/a,1,Premium,Gama alta,4002.0,48.0,0
C003193,Z17,Sur,suburbana,56619,34.0,M,Soltero/a,1,Premium,Gama media,2554.0,40.0,1
C003194,Z22,Este,suburbana,53534,44.0,?,Casado/a,3,Prepago,Gama media,2596.0,9.0,0
C003195,Z20,Oeste,suburbana,46953,22.0,M,Soltero/a,2,Prepago,Gama media,3378.0,37.0,1
C003196,Z13,Este,suburbana,37333,43.0,M,Soltero/a,2,Contrato,Gama media,2140.0,16.0,0
C003197,Z17,Sur,suburbana,56619,31.0,F,Casado/a,4,Prepago,Gama media,3717.0,19.0,0
C003198,Z04,Centro,suburbana,55457,50.0,F,Casado/a,3,Contrato,Gama media,2612.0,43.0,1
C003199,Z05,Este,urbana_premium,94471,43.0,F,Soltero/a,2,Premium,Gama media,2791.0,21.0,0
C003200,Z29,Oeste,urbana_premium,67334,41.0,M,Casado/a,5,Premium,Gama baja,2011.0,40.0,0
C003201,Z26,Oeste,urbana_premium,107159,18.0,M,Soltero/a,3,Premium,Gama alta,2603.0,68.0,0
C003202,Z29,Oeste,urbana_premium,67334,35.0,F,Casado/a,3,Contrato,Gama media,3561.0,25.0,0
C003203,Z28,Sur,urbana_premium,64486,22.0,M,Soltero/a,2,Premium,Gama media,3706.0,66.0,0
C003204,Z20,Oeste,suburbana,46953,40.0,M,Soltero/a,1,Premium,Gama alta,2699.0,33.0,0
C003205,Z29,Oeste,urbana_premium,67334,18.0,M,Casado/a,2,Contrato,Gama baja,2280.0,18.0,0
C003206,Z15,Oeste,suburbana,62939,22.0,F,Soltero/a,1,Contrato,Gama media,2768.0,19.0,0
C003207,Z01,Centro,rural,16625,59.0,M,Divorciado/a,1,Premium,Gama media,1348.0,59.0,0
C003208,Z03,Sur,rural,16530,49.0,F,Soltero/a,2,Prepago,Gama baja,1489.0,25.0,0
C003209,Z05,Este,urbana_premium,94471,32.0,M,Soltero/a,3,Premium,Gama media,5596.0,20.0,1
C003210,Z04,Centro,suburbana,55457,29.0,F,Soltero/a,1,Prepago,Gama media,2843.0,69.0,0
C003211,Z11,Oeste,suburbana,41163,27.0,NA,Casado/a,1,Contrato,Gama alta,3455.0,65.0,0
C003212,Z22,Este,suburbana,53534,42.0,F,Casado/a,2,Prepago,Gama alta,4866.0,26.0,0
C003213,Z26,Oeste,urbana_premium,107159,32.0,M,Casado/a,2,Premium,Gama media,3710.0,31.0,1
C003214,Z18,Sur,urbana_premium,56342,,F,Soltero/a,2,Premium,Gama media,5298.0,10.0,0
C003215,Z05,Este,urbana_premium,94471,34.0,M,Soltero/a,2,Premium,Gama media,4334.0,23.0,0
C003216,Z25,Oeste,rural,11763,46.0,F,Casado/a,3,Premium,Gama media,1785.0,14.0,0
C003217,Z11,Oeste,suburbana,41163,23.0,F,Soltero/a,1,Contrato,Gama media,2802.0,36.0,1
C003218,Z01,Centro,rural,16625,41.0,F,Soltero/a,1,Contrato,Gama media,1765.0,6.0,0
C003219,Z09,Norte,urbana_premium,102625,38.0,M,Soltero/a,2,Premium,Gama media,4687.0,23.0,1
C003220,Z11,Oeste,suburbana,41163,36.0,M,Soltero/a,2,Contrato,Gama media,4178.0,27.0,0
C003221,Z09,Norte,urbana_premium,102625,30.0,F,Soltero/a,3,Prepago,Gama media,2345.0,32.0,1
C003222,Z26,Oeste,urbana_premium,107159,40.0,F,Soltero/a,3,Contrato,Gama media,2781.0,120.0,0
C003223,Z26,Oeste,urbana_premium,107159,54.0,M,Casado/a,4,Premium,Gama alta,3338.0,10.0,0
C003224,Z22,Este,suburbana,53534,42.0,M,Casado/a,3,Contrato,Gama media,2215.0,72.0,1
C003225,Z05,Este,urbana_premium,94471,50.0,M,Casado/a,2,Prepago,Gama media,3485.0,60.0,0
C003226,Z26,Oeste,urbana_premium,107159,43.0,M,Casado/a,3,Premium,Gama alta,4296.0,34.0,1
C003227,Z22,Este,suburbana,53534,53.0,M,Casado/a,3,Prepago,Gama alta,4621.0,67.0,0
C003228,Z06,Sur,rural,19752,38.0,F,Soltero/a,2,Prepago,Gama baja,1922.0,67.0,0
C003229,Z20,Oeste,suburbana,46953,38.0,M,Casado/a,3,Prepago,Gama media,2429.0,49.0,1
C003230,Z16,Este,urbana_premium,72683,34.0,X,Soltero/a,3,Premium,Gama media,4309.0,20.0,0
C003231,Z15,Oeste,suburbana,62939,47.0,F,Casado/a,3,Prepago,Gama media,2893.0,19.0,0
C003232,Z05,Este,urbana_premium,94471,46.0,M,Soltero/a,2,Premium,Gama alta,2192.0,50.0,0
C003233,Z17,Sur,suburbana,56619,42.0,M,Casado/a,2,Prepago,Gama media,,17.0,0
C003234,Z04,Centro,suburbana,55457,51.0,F,Casado/a,3,Premium,Gama media,2605.0,22.0,0
C003235,Z05,Este,urbana_premium,94471,29.0,M,Casado/a,2,Prepago,Gama media,4962.0,38.0,0
C003236,Z05,Este,urbana_premium,94471,47.0,F,Divorciado/a,3,Premium,Gama alta,5573.0,27.0,0
C003237,Z29,Oeste,urbana_premium,67334,48.0,F,Casado/a,3,Prepago,Gama media,2606.0,10.0,0
C003238,Z09,Norte,urbana_premium,102625,44.0,M,Soltero/a,3,Prepago,Gama media,2885.0,10.0,0
C003239,Z11,Oeste,suburbana,41163,42.0,F,Casado/a,4,Contrato,Gama alta,3979.0,59.0,1
C003240,Z10,Este,suburbana,27514,49.0,M,Casado/a,2,Contrato,Gama media,2502.0,70.0,0
C003241,Z28,Sur,urbana_premium,64486,25.0,M,Soltero/a,3,Premium,Gama alta,4279.0,16.0,0
C003242,Z17,Sur,suburbana,56619,42.0,F,Soltero/a,2,Premium,Gama media,2750.0,50.0,1
C003243,Z28,Sur,urbana_premium,64486,40.0,M,Casado/a,2,Premium,Gama alta,3817.0,78.0,1
C003244,Z09,Norte,urbana_premium,102625,20.0,M,Soltero/a,3,Contrato,Gama media,3265.0,32.0,0
C003245,Z05,Este,urbana_premium,94471,42.0,M,Casado/a,4,Premium,Gama alta,5579.0,9.0,0
C003246,Z17,Sur,suburbana,56619,25.0,M,Soltero/a,2,Premium,Gama media,1708.0,32.0,1
C003247,Z11,Oeste,suburbana,41163,35.0,M,Soltero/a,1,Prepago,Gama media,2558.0,38.0,0
C003248,Z26,Oeste,urbana_premium,107159,36.0,F,Soltero/a,3,Premium,Gama alta,5400.0,21.0,1
C003249,Z28,Sur,urbana_premium,64486,27.0,M,Soltero/a,3,Premium,Gama alta,3502.0,110.0,1
C003250,Z16,Este,urbana_premium,72683,37.0,F,Casado/a,4,Premium,Gama alta,,44.0,0
C003251,Z29,Oeste,urbana_premium,67334,37.0,M,Soltero/a,3,Premium,Gama alta,5266.0,69.0,0
C003252,Z17,Sur,suburbana,56619,30.0,M,Soltero/a,1,Premium,Gama media,3447.0,32.0,0
C003253,Z09,Norte,urbana_premium,102625,43.0,F,Soltero/a,2,Contrato,Gama media,5057.0,64.0,1
C003254,Z16,Este,urbana_premium,72683,27.0,F,Soltero/a,3,Premium,Gama alta,5718.0,22.0,0
C003255,Z02,Oeste,suburbana,46400,67.0,F,Casado/a,1,Contrato,Gama media,1767.0,11.0,0
C003256,Z26,Oeste,urbana_premium,107159,35.0,M,Soltero/a,3,Contrato,Gama media,3203.0,6.0,0
C003257,Z04,Centro,suburbana,55457,26.0,M,Soltero/a,1,Prepago,Gama baja,2194.0,1.0,1
C003258,Z10,Este,suburbana,27514,28.0,F,Soltero/a,2,Prepago,Gama media,3276.0,31.0,0
C003259,Z18,Sur,urbana_premium,56342,,X,Soltero/a,3,Premium,Gama alta,5402.0,20.0,0
C003260,Z02,Oeste,suburbana,46400,35.0,F,Casado/a,3,Premium,Gama baja,1218.0,19.0,0
C003261,Z04,Centro,suburbana,55457,24.0,M,Soltero/a,1,Prepago,Gama media,1679.0,32.0,0
C003262,Z22,Este,suburbana,53534,50.0,M,Casado/a,1,Prepago,Gama baja,1414.0,56.0,0
C003263,Z04,Centro,suburbana,55457,35.0,M,Soltero/a,2,Premium,Gama media,2157.0,57.0,0
C003264,Z16,Este,urbana_premium,72683,44.0,M,Casado/a,3,Premium,Gama media,3784.0,12.0,0
C003265,Z11,Oeste,suburbana,41163,51.0,M,Casado/a,4,Prepago,Gama alta,,25.0,0
C003266,Z09,Norte,urbana_premium,102625,,M,Divorciado/a,3,Prepago,Gama media,2353.0,12.0,0
C003267,Z06,Sur,rural,19752,74.0,M,Casado/a,3,Premium,Gama alta,5209.0,35.0,0
C003268,Z26,Oeste,urbana_premium,107159,18.0,F,Soltero/a,3,Premium,Gama media,4461.0,66.0,0
C003269,Z29,Oeste,urbana_premium,67334,26.0,F,Soltero/a,2,Premium,Gama alta,4518.0,20.0,1
C003270,Z05,Este,urbana_premium,94471,33.0,F,Casado/a,3,Premium,Gama alta,4765.0,36.0,0
C003271,Z29,Oeste,urbana_premium,67334,63.0,M,Divorciado/a,3,Prepago,Gama media,2261.0,55.0,0
C003272,Z18,Sur,urbana_premium,56342,58.0,F,Soltero/a,2,Contrato,Gama alta,3015.0,37.0,0
C003273,Z20,Oeste,suburbana,46953,55.0,F,n/a,4,Prepago,Gama media,,53.0,1
C003274,Z22,Este,suburbana,53534,30.0,M,Soltero/a,1,Prepago,Gama alta,,31.0,1
C003275,Z22,Este,suburbana,53534,32.0,F,Soltero/a,2,Contrato,Gama baja,2099.0,34.0,0
C003276,Z26,Oeste,urbana_premium,107159,26.0,M,Soltero/a,2,Premium,Gama media,3431.0,29.0,0
C003277,Z16,Este,urbana_premium,72683,27.0,F,Soltero/a,2,Premium,Gama alta,2928.0,11.0,0
C003278,Z17,Sur,suburbana,56619,58.0,M,Soltero/a,1,Premium,Gama alta,4746.0,19.0,0
C003279,Z10,Este,suburbana,27514,37.0,F,Casado/a,1,Premium,Gama alta,2326.0,92.0,0
C003280,Z04,Centro,suburbana,55457,,F,Soltero/a,2,Premium,Gama baja,1958.0,53.0,0
C003281,Z21,Centro,rural,19103,54.0,M,Casado/a,3,Premium,Gama media,2652.0,26.0,1
C003282,Z02,Oeste,suburbana,46400,20.0,F,Soltero/a,1,Contrato,Gama media,2815.0,60.0,0
C003283,Z09,Norte,urbana_premium,102625,37.0,F,Casado/a,2,Premium,Gama media,6039.0,43.0,0
C003284,Z04,Centro,suburbana,55457,27.0,F,Soltero/a,2,Prepago,Gama media,3204.0,10.0,1
C003285,Z06,Sur,rural,19752,,M,Soltero/a,2,Premium,Gama alta,2466.0,35.0,0
C003286,Z20,Oeste,suburbana,46953,33.0,M,Divorciado/a,1,Contrato,Gama alta,3914.0,16.0,0
C003287,Z20,Oeste,suburbana,46953,32.0,F,Soltero/a,1,Prepago,Gama media,3381.0,21.0,0
C003288,Z15,Oeste,suburbana,62939,43.0,F,Casado/a,1,Prepago,Gama alta,3798.0,46.0,0
C003289,Z04,Centro,suburbana,55457,43.0,F,Soltero/a,1,Prepago,Gama media,3688.0,5.0,0
C003290,Z15,Oeste,suburbana,62939,37.0,M,Casado/a,2,Premium,Gama media,2566.0,21.0,0
C003291,Z11,Oeste,suburbana,41163,44.0,F,Casado/a,1,Premium,Gama media,1891.0,17.0,0
C003292,Z23,Norte,rural,20553,35.0,X,Soltero/a,1,Prepago,Gama baja,2107.0,5.0,0
C003293,Z18,Sur,urbana_premium,56342,44.0,F,Casado/a,2,Premium,Gama media,1831.0,25.0,0
C003294,Z16,Este,urbana_premium,72683,34.0,F,Soltero/a,2,Premium,Gama media,2856.0,68.0,0
C003295,Z16,Este,urbana_premium,72683,30.0,M,Soltero/a,3,Contrato,Gama alta,3219.0,26.0,0
C003296,Z29,Oeste,urbana_premium,67334,26.0,F,Soltero/a,3,Contrato,Gama media,5822.0,,0
C003297,Z26,Oeste,urbana_premium,107159,33.0,F,Casado/a,5,Premium,Gama alta,3506.0,64.0,0
C003298,Z16,Este,urbana_premium,72683,58.0,M,Soltero/a,2,Contrato,Gama alta,6830.0,7.0,1
C003299,Z16,Este,urbana_premium,72683,35.0,M,Soltero/a,2,Premium,Gama media,4360.0,61.0,0
C003300,Z02,Oeste,suburbana,46400,26.0,F,Soltero/a,1,Prepago,Gama media,1628.0,27.0,0
C003301,Z29,Oeste,urbana_premium,67334,47.0,M,Soltero/a,3,Premium,Gama alta,5524.0,31.0,0
C003302,Z10,Este,suburbana,27514,34.0,M,Casado/a,2,Premium,Gama alta,4149.0,75.0,1
C003303,Z09,Norte,urbana_premium,102625,39.0,F,Soltero/a,2,Contrato,Gama media,2056.0,25.0,0
C003304,Z30,Centro,suburbana,33966,33.0,F,Soltero/a,1,Contrato,Gama media,3713.0,28.0,0
C003305,Z23,Norte,rural,20553,60.0,F,Soltero/a,2,Contrato,Gama media,3719.0,32.0,0
C003306,Z02,Oeste,suburbana,46400,33.0,M,Soltero/a,1,Premium,Gama media,1361.0,78.0,0
C003307,Z03,Sur,rural,16530,62.0,M,Casado/a,4,Prepago,Gama baja,1539.0,31.0,0
C003308,Z02,Oeste,suburbana,46400,27.0,M,Soltero/a,1,Premium,Gama media,4018.0,29.0,0
C003309,Z18,Sur,urbana_premium,56342,32.0,M,Soltero/a,3,Premium,Gama alta,3478.0,29.0,0
C003310,Z04,Centro,suburbana,55457,57.0,F,Casado/a,2,Premium,Gama alta,4844.0,13.0,0
C003311,Z29,Oeste,urbana_premium,67334,38.0,M,Soltero/a,3,Premium,Gama alta,5167.0,22.0,1
C003312,Z29,Oeste,urbana_premium,67334,63.0,M,Casado/a,4,Premium,Gama media,4968.0,65.0,0
C003313,Z17,Sur,suburbana,56619,37.0,F,Soltero/a,1,Premium,Gama alta,4357.0,14.0,0
C003314,Z19,Este,rural,12655,48.0,M,Soltero/a,1,Prepago,Gama media,1693.0,38.0,0
C003315,Z09,Norte,urbana_premium,102625,59.0,M,Casado/a,3,Premium,Gama alta,3336.0,13.0,0
C003316,Z04,Centro,suburbana,55457,22.0,M,n/a,2,Premium,Gama alta,5722.0,34.0,1
C003317,Z24,Centro,rural,12558,25.0,M,Soltero/a,2,Prepago,Gama media,1995.0,39.0,0
C003318,Z04,Centro,suburbana,55457,30.0,M,Soltero/a,1,Premium,Gama alta,4247.0,35.0,0
C003319,Z04,Centro,suburbana,55457,50.0,F,Divorciado/a,2,Prepago,Gama media,2702.0,68.0,1
C003320,Z10,Este,suburbana,27514,21.0,F,Soltero/a,2,Contrato,Gama media,2215.0,25.0,1
C003321,Z01,Centro,rural,16625,52.0,F,Soltero/a,1,Prepago,Gama media,1596.0,23.0,1
C003322,Z15,Oeste,suburbana,62939,46.0,F,Casado/a,4,Premium,Gama media,3514.0,36.0,0
C003323,Z22,Este,suburbana,53534,64.0,M,Casado/a,1,Premium,Gama baja,4571.0,49.0,0
C003324,Z26,Oeste,urbana_premium,107159,49.0,F,Soltero/a,2,Premium,Gama media,4413.0,56.0,1
C003325,Z18,Sur,urbana_premium,56342,40.0,M,Casado/a,4,Contrato,Gama media,4065.0,41.0,0
C003326,Z27,Norte,suburbana,42704,56.0,M,Casado/a,4,Prepago,Gama baja,1938.0,96.0,0
C003327,Z14,Norte,rural,13074,51.0,NA,Casado/a,2,Prepago,Gama media,2257.0,28.0,0
C003328,Z27,Norte,suburbana,42704,34.0,F,Casado/a,3,Premium,Gama media,3085.0,82.0,0
C003329,Z16,Este,urbana_premium,72683,22.0,M,Soltero/a,2,Prepago,Gama media,2734.0,18.0,0
C003330,Z08,Sur,rural,17023,38.0,M,Casado/a,1,Contrato,Gama media,2626.0,24.0,1
C003331,Z29,Oeste,urbana_premium,67334,36.0,M,Soltero/a,3,Premium,Gama media,2923.0,41.0,0
C003332,Z09,Norte,urbana_premium,102625,38.0,M,Casado/a,5,Premium,Gama media,3242.0,20.0,0
C003333,Z99,Oeste,suburbana,46400,18.0,M,Soltero/a,2,Premium,Gama alta,3798.0,29.0,1
C003334,Z09,Norte,urbana_premium,102625,33.0,F,Casado/a,5,Premium,Gama alta,6511.0,78.0,0
C003335,Z12,Norte,rural,11707,45.0,M,Soltero/a,2,Contrato,Gama media,3830.0,51.0,0
C003336,Z11,Oeste,suburbana,41163,47.0,F,Casado/a,4,Premium,Gama media,,10.0,0
C003337,Z17,Sur,suburbana,56619,60.0,M,Soltero/a,2,Prepago,Gama media,3513.0,43.0,0
C003338,Z28,Sur,urbana_premium,64486,38.0,M,Soltero/a,2,Premium,Gama media,4649.0,29.0,0
C003339,Z09,Norte,urbana_premium,102625,25.0,F,Casado/a,4,Contrato,Gama alta,4639.0,7.0,0
C003340,Z17,Sur,suburbana,56619,18.0,F,Soltero/a,2,Prepago,Gama media,3033.0,34.0,1
C003341,Z11,Oeste,suburbana,41163,48.0,M,Divorciado/a,2,Prepago,Gama alta,4566.0,60.0,0
C003342,Z26,Oeste,urbana_premium,107159,26.0,F,Soltero/a,3,Contrato,Gama media,3006.0,82.0,0
C003343,Z05,Este,urbana_premium,94471,46.0,F,Casado/a,4,Premium,Gama media,2499.0,12.0,1
C003344,Z04,Centro,suburbana,55457,57.0,M,Soltero/a,1,Premium,Gama media,3285.0,3.0,1
C003345,Z99,Este,urbana_premium,72683,18.0,F,Soltero/a,2,Premium,Gama media,,58.0,0
C003346,Z22,Este,suburbana,53534,47.0,M,Casado/a,4,Premium,Gama alta,5678.0,53.0,0
C003347,Z26,Oeste,urbana_premium,107159,52.0,F,Divorciado/a,3,Premium,Gama media,3167.0,28.0,0
C003348,Z18,Sur,urbana_premium,56342,48.0,M,Casado/a,4,Premium,Gama media,5353.0,55.0,0
C003349,Z26,Oeste,urbana_premium,107159,18.0,F,Soltero/a,3,Premium,Gama alta,4400.0,58.0,0
C003350,Z13,Este,suburbana,37333,30.0,F,Soltero/a,2,Prepago,Gama media,1779.0,22.0,0
C003351,Z02,Oeste,suburbana,46400,25.0,F,Soltero/a,1,Premium,Gama media,3574.0,,0
C003352,Z05,Este,urbana_premium,94471,42.0,M,Casado/a,4,Premium,Gama alta,2968.0,32.0,0
C003353,Z02,Oeste,suburbana,46400,45.0,F,Soltero/a,1,Premium,Gama baja,6733.0,24.0,0
C003354,Z11,Oeste,suburbana,41163,18.0,M,Soltero/a,2,Prepago,Gama media,2203.0,19.0,0
C003355,Z16,Este,urbana_premium,72683,32.0,M,Soltero/a,2,Premium,Gama media,2700.0,25.0,0
C003356,Z11,Oeste,suburbana,41163,50.0,M,Casado/a,4,Prepago,Gama media,1353.0,-44.0,0
C003357,Z17,Sur,suburbana,56619,42.0,F,Soltero/a,2,Contrato,Gama media,2222.0,10.0,1
C003358,Z16,Este,urbana_premium,72683,38.0,F,Casado/a,2,Premium,Gama alta,4809.0,22.0,0
C003359,Z22,Este,suburbana,53534,36.0,F,Soltero/a,2,Prepago,Gama alta,2024.0,36.0,0
C003360,Z21,Centro,rural,19103,32.0,M,Soltero/a,2,Prepago,Gama alta,2709.0,20.0,0
C003361,Z10,Este,suburbana,27514,40.0,F,Soltero/a,1,Premium,Gama media,,8.0,1
C003362,Z11,Oeste,suburbana,41163,41.0,F,Soltero/a,2,Prepago,Gama media,2064.0,28.0,0
C003363,Z18,Sur,urbana_premium,56342,43.0,F,Soltero/a,3,Prepago,Gama media,3578.0,,0
C003364,Z18,Sur,urbana_premium,56342,44.0,F,Soltero/a,3,Premium,Gama media,2683.0,75.0,0
C003365,Z10,Este,suburbana,27514,41.0,M,Casado/a,3,Premium,Gama alta,3923.0,12.0,1
C003366,Z11,Oeste,suburbana,41163,53.0,F,Casado/a,3,Premium,Gama media,1535.0,61.0,0
C003367,Z22,Este,suburbana,53534,36.0,F,Soltero/a,1,Premium,Gama media,3760.0,25.0,0
C003368,Z20,Oeste,suburbana,46953,23.0,F,Soltero/a,1,Prepago,Gama media,2256.0,69.0,0
C003369,Z05,Este,urbana_premium,94471,42.0,M,Casado/a,5,Prepago,Gama alta,3885.0,,1
C003370,Z15,Oeste,suburbana,62939,42.0,M,Soltero/a,2,Prepago,Gama media,3419.0,90.0,0
C003371,Z28,Sur,urbana_premium,64486,42.0,M,Divorciado/a,3,Contrato,Gama media,3919.0,25.0,0
C003372,Z02,Oeste,suburbana,46400,,F,Soltero/a,1,Contrato,Gama alta,5977.0,3.0,0
C003373,Z27,Norte,suburbana,42704,61.0,M,Casado/a,2,Premium,Gama media,,,0
C003374,Z05,Este,urbana_premium,94471,45.0,F,Casado/a,3,Premium,Gama alta,2310.0,19.0,1
C003375,Z16,Este,urbana_premium,72683,33.0,M,Soltero/a,2,Premium,Gama media,7979.0,44.0,0
C003376,Z15,Oeste,suburbana,62939,29.0,M,Soltero/a,2,Contrato,Gama media,3308.0,13.0,1
C003377,Z01,Centro,rural,16625,58.0,M,Casado/a,2,Contrato,Gama media,2388.0,,0
C003378,Z28,Sur,urbana_premium,64486,23.0,M,Soltero/a,3,Premium,Gama alta,8179.0,35.0,0
C003379,Z15,Oeste,suburbana,62939,67.0,M,Soltero/a,2,Prepago,Gama baja,1840.0,40.0,0
C003380,Z29,Oeste,urbana_premium,67334,29.0,F,Casado/a,2,Prepago,Gama media,3629.0,27.0,0
C003381,Z09,Norte,urbana_premium,102625,57.0,F,Casado/a,5,Contrato,Gama media,2556.0,9.0,1
C003382,Z27,Norte,suburbana,42704,38.0,M,Soltero/a,1,Contrato,Gama media,2803.0,56.0,0
C003383,Z29,Oeste,urbana_premium,67334,55.0,M,Soltero/a,2,Premium,Gama media,2266.0,15.0,0
C003384,Z17,Sur,suburbana,56619,31.0,F,Divorciado/a,2,Premium,Gama media,3007.0,15.0,0
C003385,Z07,Centro,rural,15473,45.0,M,Casado/a,3,Prepago,Gama media,2284.0,19.0,0
C003386,Z22,Este,suburbana,53534,50.0,F,Casado/a,4,Contrato,Gama media,2881.0,12.0,0
C003387,Z17,Sur,suburbana,56619,48.0,F,Casado/a,1,Prepago,Gama baja,1318.0,37.0,0
C003388,Z29,Oeste,urbana_premium,67334,49.0,F,Casado/a,3,Prepago,Gama alta,4901.0,25.0,0
C003389,Z15,Oeste,suburbana,62939,34.0,M,Soltero/a,1,Premium,Gama alta,2692.0,57.0,0
C003390,Z09,Norte,urbana_premium,102625,37.0,F,Divorciado/a,2,Premium,Gama alta,9404.0,45.0,0
C003391,Z05,Este,urbana_premium,94471,51.0,F,Soltero/a,2,Premium,Gama media,3181.0,44.0,1
C003392,Z22,Este,suburbana,53534,32.0,M,Casado/a,3,Contrato,Gama alta,2338.0,16.0,0
C003393,Z30,Centro,suburbana,33966,47.0,F,Casado/a,3,Contrato,Gama media,3092.0,14.0,0
C003394,Z02,Oeste,suburbana,46400,37.0,M,Soltero/a,1,Prepago,Gama media,1898.0,3.0,0
C003395,Z25,Oeste,rural,11763,47.0,M,Casado/a,3,Premium,Gama alta,3496.0,-53.0,0
C003396,Z29,Oeste,urbana_premium,67334,37.0,F,Soltero/a,3,Prepago,Gama media,2708.0,53.0,0
C003397,Z04,Centro,suburbana,55457,31.0,M,Soltero/a,1,Contrato,Gama media,2190.0,38.0,0
C003398,Z05,Este,urbana_premium,94471,33.0,M,Soltero/a,2,Premium,Gama baja,5046.0,11.0,1
C003399,Z99,Este,suburbana,53534,42.0,M,Soltero/a,1,Contrato,Gama alta,3210.0,20.0,0
C003400,Z20,Oeste,suburbana,46953,39.0,F,Soltero/a,2,Contrato,Gama media,3189.0,11.0,0
C003401,Z04,Centro,suburbana,55457,59.0,F,Casado/a,1,Premium,Gama baja,1852.0,30.0,0
C003402,Z27,Norte,suburbana,42704,52.0,F,Casado/a,3,Prepago,Gama media,4188.0,7.0,0
C003403,Z17,Sur,suburbana,56619,43.0,F,Casado/a,1,Prepago,Gama media,2078.0,38.0,0
C003404,Z28,Sur,urbana_premium,64486,27.0,M,Soltero/a,3,Prepago,Gama media,2093.0,51.0,0
C003405,Z28,Sur,urbana_premium,64486,26.0,F,Soltero/a,3,Prepago,Gama baja,4356.0,9.0,0
C003406,Z26,Oeste,urbana_premium,107159,60.0,M,Casado/a,3,Premium,Gama alta,3550.0,18.0,1
C003407,Z16,Este,urbana_premium,72683,24.0,M,Soltero/a,2,Premium,Gama media,3520.0,6.0,0
C003408,Z09,Norte,urbana_premium,102625,37.0,F,Divorciado/a,3,Prepago,Gama alta,4838.0,24.0,0
C003409,Z16,Este,urbana_premium,72683,40.0,F,Soltero/a,2,Premium,Gama media,3422.0,40.0,1
C003410,Z04,Centro,suburbana,55457,36.0,F,Casado/a,2,Prepago,Gama media,1616.0,43.0,0
C003411,Z21,Centro,rural,19103,33.0,F,Soltero/a,2,Contrato,Gama media,,18.0,1
C003412,Z05,Este,urbana_premium,94471,27.0,M,Soltero/a,2,Contrato,Gama media,4233.0,30.0,0
C003413,Z16,Este,urbana_premium,72683,29.0,M,Casado/a,5,Premium,Gama media,4074.0,24.0,0
C003414,Z03,Sur,rural,16530,36.0,F,Soltero/a,1,Premium,Gama media,2181.0,32.0,1
C003415,Z09,Norte,urbana_premium,102625,52.0,F,Casado/a,2,Prepago,Gama media,8901.0,12.0,0
C003416,Z09,Norte,urbana_premium,102625,36.0,F,Soltero/a,3,Premium,Gama alta,6842.0,,1
C003417,Z20,Oeste,suburbana,46953,34.0,F,Soltero/a,1,Contrato,Gama media,1958.0,32.0,0
C003418,Z26,Oeste,urbana_premium,107159,37.0,M,Soltero/a,3,Premium,Gama media,2370.0,34.0,0
C003419,Z03,Sur,rural,16530,53.0,M,Casado/a,3,Contrato,Gama media,3693.0,19.0,0
C003420,Z27,Norte,suburbana,42704,36.0,M,Divorciado/a,1,Prepago,Gama media,4328.0,56.0,0
C003421,Z27,Norte,suburbana,42704,51.0,F,Casado/a,1,Premium,Gama alta,5003.0,17.0,0
C003422,Z11,Oeste,suburbana,41163,25.0,F,Soltero/a,2,Prepago,Gama media,2552.0,10.0,0
C003423,Z21,Centro,rural,19103,59.0,F,Casado/a,3,Contrato,Gama media,2195.0,18.0,1
C003424,Z14,Norte,rural,13074,45.0,F,Casado/a,2,Premium,Gama media,1246.0,18.0,0
C003425,Z05,Este,urbana_premium,94471,35.0,F,Soltero/a,3,Premium,Gama alta,4025.0,10.0,0
C003426,Z17,Sur,suburbana,56619,32.0,M,Soltero/a,2,Prepago,Gama media,2384.0,18.0,1
C003427,Z04,Centro,suburbana,55457,25.0,M,Soltero/a,2,Contrato,Gama media,2268.0,64.0,1
C003428,Z28,Sur,urbana_premium,64486,18.0,M,Soltero/a,3,Premium,Gama alta,5289.0,7.0,0
C003429,Z29,Oeste,urbana_premium,67334,27.0,F,Soltero/a,3,Premium,Gama media,3624.0,8.0,1
C003430,Z26,Oeste,urbana_premium,107159,43.0,M,Casado/a,4,Premium,Gama alta,5109.0,35.0,0
C003431,Z17,Sur,suburbana,56619,28.0,F,Soltero/a,1,Premium,Gama media,2870.0,19.0,0
C003432,Z17,Sur,suburbana,56619,21.0,M,Soltero/a,1,Premium,Gama alta,3611.0,39.0,1
C003433,Z30,Centro,suburbana,33966,29.0,F,Casado/a,4,Prepago,Gama media,1883.0,44.0,0
C003434,Z09,Norte,urbana_premium,102625,31.0,M,Soltero/a,3,Premium,Gama media,2710.0,54.0,1
C003435,Z04,Centro,suburbana,55457,36.0,F,Soltero/a,2,Prepago,Gama media,3494.0,34.0,0
C003436,Z17,Sur,suburbana,56619,38.0,M,n/a,2,Premium,Gama alta,5390.0,-32.0,1
C003437,Z11,Oeste,suburbana,41163,52.0,F,Divorciado/a,1,Premium,Gama media,3509.0,24.0,0
C003438,Z10,Este,suburbana,27514,55.0,F,Soltero/a,2,Contrato,Gama media,2997.0,7.0,0
C003439,Z01,Centro,rural,16625,69.0,M,Casado/a,3,Prepago,Gama media,3928.0,21.0,0
C003440,Z18,Sur,urbana_premium,56342,18.0,F,Soltero/a,3,Contrato,Gama alta,3546.0,26.0,0
C003441,Z09,Norte,urbana_premium,102625,26.0,F,Soltero/a,2,Premium,Gama media,2896.0,9.0,0
C003442,Z06,Sur,rural,19752,53.0,M,Casado/a,3,Prepago,Gama media,2327.0,15.0,1
C003443,Z02,Oeste,suburbana,46400,35.0,F,Casado/a,1,Contrato,Gama media,3396.0,44.0,1
C003444,Z12,Norte,rural,11707,55.0,F,Casado/a,3,Premium,Gama baja,1490.0,19.0,0
C003445,Z28,Sur,urbana_premium,64486,38.0,F,Casado/a,2,Premium,Gama alta,4005.0,15.0,0
C003446,Z11,Oeste,suburbana,41163,59.0,F,Soltero/a,2,Prepago,Gama baja,1630.0,,0
C003447,Z22,Este,suburbana,53534,53.0,F,Casado/a,3,Premium,Gama media,2683.0,46.0,0
C003448,Z26,Oeste,urbana_premium,107159,49.0,M,Divorciado/a,2,Prepago,Gama media,3623.0,18.0,0
C003449,Z11,Oeste,suburbana,41163,35.0,M,Soltero/a,1,Contrato,Gama alta,2948.0,16.0,1
C003450,Z26,Oeste,urbana_premium,107159,35.0,M,Soltero/a,3,Contrato,Gama media,1929.0,61.0,0
C003451,Z22,Este,suburbana,53534,36.0,F,Soltero/a,2,Contrato,Gama alta,3088.0,67.0,0
C003452,Z17,Sur,suburbana,56619,22.0,M,Soltero/a,1,Premium,Gama media,4048.0,33.0,0
C003453,Z01,Centro,rural,16625,63.0,M,Casado/a,2,Premium,Gama media,3800.0,43.0,0
C003454,Z02,Oeste,suburbana,46400,49.0,F,Casado/a,2,Prepago,Gama baja,4957.0,11.0,0
C003455,Z30,Centro,suburbana,33966,36.0,M,Soltero/a,2,Premium,Gama alta,3008.0,16.0,1
C003456,Z26,Oeste,urbana_premium,107159,52.0,M,Casado/a,5,Contrato,Gama alta,9113.0,43.0,0
C003457,Z29,Oeste,urbana_premium,67334,28.0,F,Casado/a,5,Contrato,Gama media,,21.0,0
C003458,Z28,Sur,urbana_premium,64486,18.0,F,Soltero/a,2,Premium,Gama media,2966.0,46.0,1
C003459,Z02,Oeste,suburbana,46400,52.0,F,Casado/a,3,Prepago,Gama media,3000.0,30.0,0
C003460,Z26,Oeste,urbana_premium,107159,21.0,M,Soltero/a,3,Prepago,Gama alta,5113.0,36.0,0
C003461,Z15,Oeste,suburbana,62939,38.0,F,Casado/a,1,Contrato,Gama media,3734.0,30.0,0
C003462,Z26,Oeste,urbana_premium,107159,38.0,F,Casado/a,5,Contrato,Gama media,1671.0,47.0,1
C003463,Z01,Centro,rural,16625,50.0,M,Casado/a,4,Prepago,Gama media,1657.0,32.0,0
C003464,Z09,Norte,urbana_premium,102625,46.0,M,Soltero/a,2,Premium,Gama alta,5007.0,14.0,0
C003465,Z26,Oeste,urbana_premium,107159,43.0,M,Soltero/a,3,Premium,Gama media,2804.0,40.0,1
C003466,Z99,Oeste,urbana_premium,107159,43.0,F,Soltero/a,2,Premium,Gama media,3659.0,20.0,0
C003467,Z20,Oeste,suburbana,46953,31.0,M,Soltero/a,2,Premium,Gama media,3380.0,65.0,0
C003468,Z09,Norte,urbana_premium,102625,40.0,F,Casado/a,4,Premium,Gama alta,4534.0,33.0,0
C003469,Z10,Este,suburbana,27514,22.0,F,Soltero/a,2,Contrato,Gama media,4029.0,60.0,1
C003470,Z29,Oeste,urbana_premium,67334,55.0,F,Casado/a,3,Prepago,Gama media,5972.0,54.0,0
C003471,Z15,Oeste,suburbana,62939,23.0,M,Soltero/a,1,Premium,Gama media,3720.0,45.0,0
C003472,Z15,Oeste,suburbana,62939,36.0,F,Divorciado/a,1,Contrato,Gama media,1940.0,34.0,1
C003473,Z17,Sur,suburbana,56619,24.0,F,Soltero/a,2,Contrato,Gama alta,3660.0,16.0,0
C003474,Z14,Norte,rural,13074,36.0,M,Casado/a,2,Contrato,Gama media,3390.0,47.0,0
C003475,Z17,Sur,suburbana,56619,40.0,F,Soltero/a,1,Contrato,Gama baja,3494.0,16.0,0
C003476,Z15,Oeste,suburbana,62939,34.0,M,Soltero/a,1,Premium,Gama alta,4682.0,35.0,0
C003477,Z26,Oeste,urbana_premium,107159,50.0,M,Soltero/a,2,Premium,Gama media,4159.0,31.0,1
C003478,Z28,Sur,urbana_premium,64486,39.0,M,Soltero/a,3,Premium,Gama alta,3661.0,27.0,0
C003479,Z29,Oeste,urbana_premium,67334,30.0,M,Casado/a,2,Premium,Gama media,2846.0,19.0,1
C003480,Z18,Sur,urbana_premium,56342,34.0,M,Soltero/a,3,Premium,Gama media,7801.0,13.0,0
C003481,Z15,Oeste,suburbana,62939,55.0,F,Casado/a,2,Contrato,Gama baja,2068.0,6.0,1
C003482,Z22,Este,suburbana,53534,51.0,M,Casado/a,3,Prepago,Gama media,2976.0,42.0,0
C003483,Z27,Norte,suburbana,42704,26.0,M,Soltero/a,2,Premium,Gama media,2631.0,17.0,0
C003484,Z17,Sur,suburbana,56619,32.0,F,Soltero/a,2,Premium,Gama media,1869.0,17.0,1
C003485,Z22,Este,suburbana,53534,46.0,F,Casado/a,1,Prepago,Gama baja,4068.0,20.0,0
C003486,Z26,Oeste,urbana_premium,107159,40.0,M,Soltero/a,3,Premium,Gama alta,4558.0,16.0,0
C003487,Z99,Este,suburbana,53534,27.0,M,Soltero/a,2,Contrato,Gama alta,3247.0,50.0,1
C003488,Z25,Oeste,rural,11763,54.0,M,Divorciado/a,1,Prepago,Gama baja,1864.0,86.0,0
C003489,Z07,Centro,rural,15473,34.0,F,Casado/a,3,Contrato,Gama media,2828.0,3.0,0
C003490,Z16,Este,urbana_premium,72683,52.0,F,Casado/a,4,Premium,Gama media,3493.0,43.0,1
C003491,Z18,Sur,urbana_premium,56342,42.0,M,Casado/a,4,Premium,Gama media,4529.0,12.0,1
C003492,Z01,Centro,rural,16625,31.0,M,Soltero/a,1,Contrato,Gama media,3838.0,30.0,0
C003493,Z27,Norte,suburbana,42704,34.0,F,Divorciado/a,1,Prepago,Gama baja,1267.0,41.0,0
C003494,Z19,Este,rural,12655,38.0,F,Soltero/a,2,Premium,Gama media,3297.0,8.0,0
C003495,Z05,Este,urbana_premium,94471,38.0,M,Soltero/a,2,Premium,Gama alta,8784.0,44.0,0
C003496,Z26,Oeste,urbana_premium,107159,34.0,M,Soltero/a,3,Prepago,Gama media,6990.0,70.0,0
C003497,Z23,Norte,rural,20553,31.0,M,Soltero/a,2,Prepago,Gama media,3043.0,54.0,0
C003498,Z26,Oeste,urbana_premium,107159,19.0,F,Soltero/a,3,Contrato,Gama alta,5873.0,6.0,0
C003499,Z13,Este,suburbana,37333,47.0,F,Casado/a,2,Prepago,Gama baja,2214.0,78.0,0
C003500,Z27,Norte,suburbana,42704,43.0,M,Casado/a,4,Premium,Gama media,3243.0,90.0,1
C003501,Z15,Oeste,suburbana,62939,41.0,F,Soltero/a,1,Contrato,Gama media,2829.0,20.0,0
C003502,Z18,Sur,urbana_premium,56342,39.0,M,Soltero/a,2,Contrato,Gama media,3250.0,6.0,1
C003503,Z01,Centro,rural,16625,38.0,F,Soltero/a,1,Premium,Gama alta,3281.0,54.0,0
C003504,Z20,Oeste,suburbana,46953,42.0,F,Soltero/a,1,Contrato,Gama media,2782.0,33.0,0
C003505,Z23,Norte,rural,20553,75.0,F,Soltero/a,1,Contrato,Gama media,1213.0,54.0,1
C003506,Z18,Sur,urbana_premium,56342,50.0,M,Casado/a,4,Premium,Gama media,4462.0,26.0,0
C003507,Z16,Este,urbana_premium,72683,33.0,M,Casado/a,4,Premium,Gama media,3791.0,43.0,1
C003508,Z26,Oeste,urbana_premium,107159,30.0,F,Soltero/a,2,Premium,Gama alta,4879.0,37.0,0
C003509,Z22,Este,suburbana,53534,18.0,F,Soltero/a,2,Premium,Gama media,2583.0,24.0,0
C003510,Z09,Norte,urbana_premium,102625,49.0,M,Soltero/a,3,Prepago,Gama media,2094.0,18.0,0
C003511,Z29,Oeste,urbana_premium,67334,45.0,F,Casado/a,3,Premium,Gama media,2722.0,47.0,0
C003512,Z22,Este,suburbana,53534,33.0,M,Soltero/a,1,Contrato,Gama media,2164.0,,0
C003513,Z30,Centro,suburbana,33966,23.0,M,Soltero/a,1,Premium,Gama baja,,39.0,1
C003514,Z29,Oeste,urbana_premium,67334,22.0,F,Soltero/a,2,Contrato,Gama media,3143.0,19.0,0
C003515,Z28,Sur,urbana_premium,64486,41.0,M,Casado/a,3,Premium,Gama alta,4937.0,59.0,1
C003516,Z26,Oeste,urbana_premium,107159,35.0,M,Soltero/a,2,Prepago,Gama media,2360.0,17.0,0
C003517,Z19,Este,rural,12655,53.0,M,Casado/a,1,Prepago,Gama media,3162.0,9.0,0
C003518,Z05,Este,urbana_premium,94471,37.0,F,Casado/a,5,Contrato,Gama media,2454.0,55.0,0
C003519,Z17,Sur,suburbana,56619,52.0,M,Casado/a,4,Prepago,Gama media,2609.0,33.0,0
C003520,Z26,Oeste,urbana_premium,107159,40.0,M,Soltero/a,2,Premium,Gama alta,3780.0,64.0,0
C003521,Z99,Sur,suburbana,56619,50.0,M,Soltero/a,1,Premium,Gama alta,2684.0,55.0,0
C003522,Z28,Sur,urbana_premium,64486,18.0,M,Soltero/a,3,Premium,Gama media,4758.0,24.0,0
C003523,Z05,Este,urbana_premium,94471,21.0,M,Soltero/a,2,Premium,Gama alta,3685.0,,0
C003524,Z13,Este,suburbana,37333,36.0,M,Casado/a,4,Contrato,Gama alta,2822.0,106.0,0
C003525,Z16,Este,urbana_premium,72683,49.0,?,Casado/a,5,Premium,Gama media,1666.0,32.0,0
C003526,Z15,Oeste,suburbana,62939,63.0,F,Soltero/a,2,Prepago,Gama media,3430.0,105.0,0
C003527,Z05,Este,urbana_premium,94471,34.0,M,Soltero/a,2,Premium,Gama media,7387.0,44.0,0
C003528,Z05,Este,urbana_premium,94471,29.0,M,Soltero/a,2,Premium,Gama media,3222.0,22.0,0
C003529,Z27,Norte,suburbana,42704,,F,Soltero/a,2,Premium,Gama alta,3756.0,25.0,0
C003530,Z16,Este,urbana_premium,72683,46.0,M,Casado/a,3,Premium,Gama baja,2869.0,16.0,1
C003531,Z02,Oeste,suburbana,46400,33.0,M,Casado/a,3,Premium,Gama alta,4209.0,43.0,0
C003532,Z02,Oeste,suburbana,46400,76.0,F,Soltero/a,1,Premium,Gama media,3575.0,41.0,0
C003533,Z16,Este,urbana_premium,72683,27.0,F,Soltero/a,3,Premium,Gama media,3367.0,28.0,0
C003534,Z05,Este,urbana_premium,94471,61.0,F,Divorciado/a,2,Contrato,Gama media,3290.0,15.0,0
C003535,Z22,Este,suburbana,53534,49.0,F,Divorciado/a,2,Prepago,Gama media,3736.0,24.0,0
C003536,Z26,Oeste,urbana_premium,107159,24.0,F,Casado/a,4,Premium,Gama media,3883.0,101.0,0
C003537,Z09,Norte,urbana_premium,102625,39.0,M,Casado/a,3,Prepago,Gama media,2487.0,5.0,0
C003538,Z18,Sur,urbana_premium,56342,45.0,M,Soltero/a,3,Prepago,Gama media,2242.0,61.0,0
C003539,Z05,Este,urbana_premium,94471,33.0,F,Soltero/a,2,Premium,Gama alta,4703.0,,1
C003540,Z09,Norte,urbana_premium,102625,46.0,M,Casado/a,5,Premium,Gama baja,2930.0,,0
C003541,Z28,Sur,urbana_premium,64486,46.0,F,Divorciado/a,3,Premium,Gama alta,3875.0,23.0,1
C003542,Z17,Sur,suburbana,56619,47.0,M,Casado/a,2,Premium,Gama media,3662.0,30.0,0
C003543,Z28,Sur,urbana_premium,64486,36.0,M,Casado/a,3,Premium,Gama alta,2513.0,25.0,1
C003544,Z09,Norte,urbana_premium,102625,22.0,F,Soltero/a,3,Premium,Gama media,2684.0,21.0,1
C003545,Z11,Oeste,suburbana,41163,39.0,F,Soltero/a,2,Premium,Gama baja,5260.0,32.0,0
C003546,Z16,Este,urbana_premium,72683,38.0,F,Soltero/a,3,Premium,Gama alta,3313.0,26.0,0
C003547,Z16,Este,urbana_premium,72683,18.0,M,Casado/a,2,Premium,Gama alta,5468.0,48.0,0
C003548,Z30,Centro,suburbana,33966,42.0,M,Soltero/a,1,Premium,Gama alta,7169.0,31.0,0
C003549,Z05,Este,urbana_premium,94471,35.0,F,Soltero/a,3,Contrato,Gama media,4162.0,2.0,0
C003550,Z27,Norte,suburbana,42704,24.0,M,Soltero/a,1,Contrato,Gama media,2205.0,47.0,0
C003551,Z27,Norte,suburbana,42704,36.0,F,Soltero/a,1,Contrato,Gama alta,3116.0,38.0,0
C003552,Z17,Sur,suburbana,56619,36.0,F,Soltero/a,1,Premium,Gama media,2790.0,20.0,1
C003553,Z11,Oeste,suburbana,41163,63.0,M,Casado/a,4,Contrato,Gama media,3052.0,69.0,0
C003554,Z17,Sur,suburbana,56619,43.0,M,Casado/a,1,Contrato,Gama alta,3831.0,62.0,0
C003555,Z09,Norte,urbana_premium,102625,48.0,F,Casado/a,5,Premium,Gama media,5121.0,13.0,0
C003556,Z26,Oeste,urbana_premium,107159,35.0,M,Soltero/a,3,Premium,Gama media,1898.0,69.0,0
C003557,Z16,Este,urbana_premium,72683,18.0,M,Soltero/a,2,Prepago,Gama alta,5805.0,9.0,0
C003558,Z29,Oeste,urbana_premium,67334,44.0,F,Casado/a,5,Premium,Gama media,4212.0,37.0,0
C003559,Z20,Oeste,suburbana,46953,32.0,M,Soltero/a,1,Prepago,Gama alta,2439.0,42.0,0
C003560,Z16,Este,urbana_premium,72683,32.0,F,Soltero/a,2,Premium,Gama alta,4949.0,17.0,0
C003561,Z22,Este,suburbana,53534,27.0,M,Soltero/a,2,Premium,Gama media,2064.0,55.0,1
C003562,Z16,Este,urbana_premium,72683,37.0,M,Casado/a,4,Contrato,Gama media,2694.0,-54.0,0
C003563,Z28,Sur,urbana_premium,64486,49.0,F,Soltero/a,2,Prepago,Gama media,5545.0,4.0,0
C003564,Z06,Sur,rural,19752,56.0,M,Casado/a,3,Prepago,Gama media,2377.0,22.0,0
C003565,Z30,Centro,suburbana,33966,59.0,F,Soltero/a,1,Premium,Gama baja,5160.0,17.0,1
C003566,Z26,Oeste,urbana_premium,107159,57.0,M,Casado/a,4,Premium,Gama media,3010.0,-33.0,0
C003567,Z27,Norte,suburbana,42704,18.0,F,Soltero/a,2,Premium,Gama media,3301.0,52.0,0
C003568,Z16,Este,urbana_premium,72683,22.0,F,Soltero/a,2,Premium,Gama alta,4383.0,58.0,0
C003569,Z27,Norte,suburbana,42704,18.0,F,Soltero/a,1,Prepago,Gama media,3436.0,74.0,0
C003570,Z10,Este,suburbana,27514,48.0,M,Soltero/a,1,Prepago,Gama baja,3704.0,49.0,0
C003571,Z26,Oeste,urbana_premium,107159,28.0,M,Soltero/a,3,Premium,Gama baja,4496.0,28.0,0
C003572,Z05,Este,urbana_premium,94471,30.0,M,Soltero/a,2,Premium,Gama alta,3853.0,43.0,0
C003573,Z10,Este,suburbana,27514,37.0,F,Soltero/a,2,Premium,Gama baja,1511.0,60.0,0
C003574,Z15,Oeste,suburbana,62939,45.0,F,Casado/a,1,Prepago,Gama media,,24.0,1
C003575,Z10,Este,suburbana,27514,,F,Soltero/a,2,Contrato,Gama media,1299.0,35.0,0
C003576,Z13,Este,suburbana,37333,25.0,M,Soltero/a,1,Contrato,Gama baja,1936.0,14.0,0
C003577,Z26,Oeste,urbana_premium,107159,36.0,M,Divorciado/a,2,Premium,Gama media,2991.0,62.0,0
C003578,Z09,Norte,urbana_premium,102625,50.0,M,Divorciado/a,3,Contrato,Gama alta,5251.0,29.0,0
C003579,Z25,Oeste,rural,11763,45.0,M,Soltero/a,2,Prepago,Gama media,2148.0,5.0,0
C003580,Z04,Centro,suburbana,55457,31.0,M,Soltero/a,1,Premium,Gama alta,5746.0,10.0,1
C003581,Z26,Oeste,urbana_premium,107159,18.0,M,Soltero/a,2,Premium,Gama media,2356.0,30.0,1
C003582,Z26,Oeste,urbana_premium,107159,47.0,M,Casado/a,4,Prepago,Gama baja,2605.0,17.0,1
C003583,Z14,Norte,rural,13074,36.0,F,Casado/a,1,Premium,Gama baja,1056.0,17.0,1
C003584,Z23,Norte,rural,20553,31.0,?,Soltero/a,2,Premium,Gama media,1554.0,22.0,0
C003585,Z99,Sur,urbana_premium,64486,18.0,M,Casado/a,3,Prepago,Gama media,3067.0,56.0,0
C003586,Z26,Oeste,urbana_premium,107159,19.0,F,Soltero/a,3,Premium,Gama alta,6392.0,18.0,0
C003587,Z13,Este,suburbana,37333,28.0,F,Casado/a,1,Premium,Gama alta,4299.0,27.0,0
C003588,Z16,Este,urbana_premium,72683,33.0,M,Casado/a,2,Premium,Gama alta,4161.0,31.0,0
C003589,Z26,Oeste,urbana_premium,107159,21.0,F,Soltero/a,3,Premium,Gama media,3433.0,62.0,0
C003590,Z09,Norte,urbana_premium,102625,38.0,M,Soltero/a,2,Premium,Gama alta,5002.0,22.0,0
C003591,Z26,Oeste,urbana_premium,107159,33.0,F,Casado/a,4,Premium,Gama alta,5976.0,32.0,0
C003592,Z11,Oeste,suburbana,41163,67.0,F,Casado/a,2,Contrato,Gama media,2377.0,52.0,0
C003593,Z26,Oeste,urbana_premium,107159,18.0,M,Soltero/a,3,Contrato,Gama media,3160.0,27.0,1
C003594,Z04,Centro,suburbana,55457,42.0,F,Soltero/a,2,Premium,Gama media,2563.0,12.0,0
C003595,Z02,Oeste,suburbana,46400,42.0,M,Casado/a,4,Contrato,Gama media,1624.0,24.0,0
C003596,Z30,Centro,suburbana,33966,28.0,M,Soltero/a,1,Premium,Gama alta,4554.0,50.0,0
C003597,Z28,Sur,urbana_premium,64486,37.0,M,Casado/a,5,Premium,Gama media,3121.0,,1
C003598,Z28,Sur,urbana_premium,64486,45.0,M,Casado/a,2,Premium,Gama media,3459.0,17.0,0
C003599,Z29,Oeste,urbana_premium,67334,37.0,M,Divorciado/a,3,Premium,Gama alta,6372.0,23.0,0
C003600,Z15,Oeste,suburbana,62939,57.0,F,Divorciado/a,1,Contrato,Gama alta,2468.0,30.0,0
C003601,Z09,Norte,urbana_premium,102625,18.0,M,Soltero/a,3,Premium,Gama alta,5962.0,45.0,0
C003602,Z05,Este,urbana_premium,94471,26.0,M,Soltero/a,2,Premium,Gama media,2076.0,24.0,1
C003603,Z16,Este,urbana_premium,72683,54.0,M,Soltero/a,2,Premium,Gama alta,4659.0,57.0,1
C003604,Z08,Sur,rural,17023,56.0,M,Casado/a,2,Prepago,Gama media,1986.0,25.0,0
C003605,Z29,Oeste,urbana_premium,67334,42.0,M,Casado/a,4,Contrato,Gama media,2202.0,38.0,0
C003606,Z01,Centro,rural,16625,60.0,M,Casado/a,1,Prepago,Gama media,1560.0,49.0,0
C003607,Z05,Este,urbana_premium,94471,18.0,F,Soltero/a,3,Premium,Gama media,4020.0,24.0,0
C003608,Z09,Norte,urbana_premium,102625,46.0,F,Casado/a,4,Contrato,Gama media,2735.0,21.0,1
C003609,Z07,Centro,rural,15473,58.0,M,Divorciado/a,2,Premium,Gama media,2655.0,39.0,0
C003610,Z09,Norte,urbana_premium,102625,28.0,M,Soltero/a,3,Premium,Gama media,2949.0,26.0,0
C003611,Z21,Centro,rural,19103,77.0,F,Casado/a,1,Premium,Gama media,1317.0,29.0,0
C003612,Z10,Este,suburbana,27514,42.0,F,Soltero/a,2,Prepago,Gama media,4186.0,10.0,1
C003613,Z19,Este,rural,12655,19.0,F,Soltero/a,1,Premium,Gama media,2574.0,42.0,1
C003614,Z28,Sur,urbana_premium,64486,41.0,F,Casado/a,5,Contrato,Gama baja,2036.0,31.0,0
C003615,Z18,Sur,urbana_premium,56342,27.0,F,Soltero/a,2,Prepago,Gama alta,4811.0,24.0,0
C003616,Z22,Este,suburbana,53534,54.0,M,Soltero/a,1,Contrato,Gama media,3111.0,12.0,1
C003617,Z12,Norte,rural,11707,52.0,M,Soltero/a,1,Premium,Gama media,1996.0,-60.0,0
C003618,Z05,Este,urbana_premium,94471,29.0,F,Soltero/a,3,Premium,Gama alta,3337.0,23.0,0
C003619,Z10,Este,suburbana,27514,58.0,F,Casado/a,4,Premium,Gama media,4765.0,67.0,0
C003620,Z29,Oeste,urbana_premium,67334,47.0,F,Casado/a,5,Premium,Gama media,4280.0,7.0,0
C003621,Z20,Oeste,suburbana,46953,30.0,F,Soltero/a,2,Premium,Gama alta,4847.0,13.0,1
C003622,Z09,Norte,urbana_premium,102625,34.0,?,Casado/a,3,Premium,Gama media,,37.0,0
C003623,Z15,Oeste,suburbana,62939,46.0,M,Casado/a,4,Premium,Gama media,3236.0,24.0,0
C003624,Z27,Norte,suburbana,42704,36.0,F,Soltero/a,2,Contrato,Gama media,2287.0,21.0,1
C003625,Z21,Centro,rural,19103,41.0,F,Casado/a,3,Prepago,Gama baja,2453.0,43.0,1
C003626,Z17,Sur,suburbana,56619,40.0,F,Casado/a,4,Premium,Gama alta,4261.0,16.0,0
C003627,Z28,Sur,urbana_premium,64486,23.0,F,Soltero/a,3,Premium,Gama alta,3938.0,46.0,0
C003628,Z22,Este,suburbana,53534,18.0,F,Soltero/a,2,Premium,Gama alta,5871.0,45.0,1
C003629,Z20,Oeste,suburbana,46953,43.0,M,Casado/a,1,Premium,Gama media,4259.0,38.0,0
C003630,Z06,Sur,rural,19752,,M,Soltero/a,2,Prepago,Gama baja,1526.0,13.0,0
C003631,Z04,Centro,suburbana,55457,28.0,M,Soltero/a,2,Premium,Gama baja,2516.0,9.0,1
C003632,Z29,Oeste,urbana_premium,67334,18.0,M,Soltero/a,2,Premium,Gama alta,4845.0,16.0,0
C003633,Z18,Sur,urbana_premium,56342,18.0,F,Soltero/a,2,Premium,Gama media,2243.0,50.0,1
C003634,Z15,Oeste,suburbana,62939,45.0,M,Soltero/a,1,Contrato,Gama media,2862.0,23.0,1
C003635,Z18,Sur,urbana_premium,56342,33.0,F,Soltero/a,3,Premium,Gama media,2762.0,54.0,1
C003636,Z03,Sur,rural,16530,42.0,M,Casado/a,1,Contrato,Gama media,2355.0,11.0,0
C003637,Z26,Oeste,urbana_premium,107159,20.0,F,Soltero/a,2,Premium,Gama media,2769.0,22.0,0
C003638,Z08,Sur,rural,17023,37.0,M,Casado/a,4,Premium,Gama media,3357.0,20.0,1
C003639,Z26,Oeste,urbana_premium,107159,41.0,F,Casado/a,2,Prepago,Gama media,3203.0,20.0,0
C003640,Z17,Sur,suburbana,56619,39.0,M,Casado/a,3,Contrato,Gama alta,3762.0,8.0,1
C003641,Z09,Norte,urbana_premium,102625,46.0,M,Soltero/a,2,Premium,Gama media,2269.0,14.0,0
C003642,Z02,Oeste,suburbana,46400,52.0,M,Divorciado/a,1,Contrato,Gama media,2679.0,23.0,0
C003643,Z26,Oeste,urbana_premium,107159,33.0,F,Soltero/a,3,Contrato,Gama media,,27.0,1
C003644,Z05,Este,urbana_premium,94471,18.0,F,Soltero/a,3,Premium,Gama media,5812.0,31.0,0
C003645,Z03,Sur,rural,16530,36.0,F,Casado/a,4,Contrato,Gama baja,1770.0,8.0,0
C003646,Z26,Oeste,urbana_premium,107159,35.0,F,Soltero/a,2,Prepago,Gama alta,3712.0,26.0,0
C003647,Z11,Oeste,suburbana,41163,31.0,M,Casado/a,1,Contrato,Gama alta,3372.0,18.0,1
C003648,Z13,Este,suburbana,37333,27.0,M,Soltero/a,1,Premium,Gama media,2296.0,53.0,1
C003649,Z09,Norte,urbana_premium,102625,37.0,M,Casado/a,2,Contrato,Gama media,2515.0,53.0,0
C003650,Z27,Norte,suburbana,42704,69.0,M,Casado/a,3,Prepago,Gama alta,3181.0,51.0,1
C003651,Z09,Norte,urbana_premium,102625,30.0,M,Soltero/a,3,Premium,Gama media,1946.0,23.0,0
C003652,Z07,Centro,rural,15473,45.0,F,Casado/a,3,Contrato,Gama media,3713.0,19.0,1
C003653,Z10,Este,suburbana,27514,,F,Casado/a,3,Premium,Gama media,2842.0,32.0,0
C003654,Z07,Centro,rural,15473,60.0,M,Casado/a,3,Premium,Gama media,1386.0,16.0,0
C003655,Z10,Este,suburbana,27514,50.0,F,Soltero/a,1,Prepago,Gama media,2717.0,29.0,0
C003656,Z04,Centro,suburbana,55457,50.0,F,Casado/a,2,Premium,Gama media,3649.0,30.0,1
C003657,Z05,Este,urbana_premium,94471,52.0,M,Casado/a,4,Contrato,Gama alta,2876.0,-52.0,1
C003658,Z15,Oeste,suburbana,62939,35.0,F,Soltero/a,1,Prepago,Gama media,1511.0,23.0,0
C003659,Z28,Sur,urbana_premium,64486,32.0,F,Casado/a,4,Premium,Gama alta,,33.0,0
C003660,Z03,Sur,rural,16530,66.0,F,Casado/a,2,Contrato,Gama media,3030.0,45.0,0
C003661,Z08,Sur,rural,17023,53.0,F,Divorciado/a,2,Premium,Gama media,2519.0,26.0,1
C003662,Z28,Sur,urbana_premium,64486,18.0,M,Soltero/a,2,Premium,Gama alta,4407.0,6.0,1
C003663,Z28,Sur,urbana_premium,64486,41.0,M,Casado/a,5,Premium,Gama alta,5350.0,38.0,1
C003664,Z22,Este,suburbana,53534,,F,Soltero/a,2,Premium,Gama media,5188.0,10.0,0
C003665,Z09,Norte,urbana_premium,102625,47.0,M,Casado/a,5,Prepago,Gama alta,1491.0,27.0,0
C003666,Z15,Oeste,suburbana,62939,45.0,M,Soltero/a,1,Contrato,Gama alta,1875.0,14.0,1
C003667,Z08,Sur,rural,17023,24.0,M,Soltero/a,1,Contrato,Gama media,2462.0,6.0,0
C003668,Z05,Este,urbana_premium,94471,39.0,F,Divorciado/a,3,Premium,Gama media,4217.0,40.0,0
C003669,Z13,Este,suburbana,37333,43.0,M,Casado/a,2,Contrato,Gama baja,1734.0,25.0,0
C003670,Z18,Sur,urbana_premium,56342,40.0,F,Soltero/a,3,Premium,Gama baja,2911.0,66.0,0
C003671,Z11,Oeste,suburbana,41163,47.0,F,Casado/a,1,Premium,Gama media,5446.0,3.0,0
C003672,Z19,Este,rural,12655,63.0,M,Divorciado/a,1,Prepago,Gama media,2051.0,12.0,0
C003673,Z09,Norte,urbana_premium,102625,41.0,M,Soltero/a,3,Premium,Gama alta,4120.0,55.0,0
C003674,Z11,Oeste,suburbana,41163,40.0,F,Casado/a,3,Premium,Gama alta,5579.0,58.0,0
C003675,Z26,Oeste,urbana_premium,107159,50.0,F,Divorciado/a,2,Premium,Gama alta,3956.0,43.0,0
C003676,Z28,Sur,urbana_premium,64486,63.0,F,Casado/a,2,Prepago,Gama alta,5042.0,21.0,0
C003677,Z10,Este,suburbana,27514,51.0,F,Casado/a,4,Contrato,Gama media,3640.0,43.0,0
C003678,Z18,Sur,urbana_premium,56342,38.0,X,desconocido,3,Premium,Gama alta,3403.0,26.0,0
C003679,Z09,Norte,urbana_premium,102625,41.0,F,Soltero/a,2,Prepago,Gama media,3336.0,2.0,0
C003680,Z03,Sur,rural,16530,48.0,F,Casado/a,2,Contrato,Gama media,3511.0,52.0,0
C003681,Z24,Centro,rural,12558,45.0,F,Soltero/a,2,Contrato,Gama media,2315.0,17.0,1
C003682,Z05,Este,urbana_premium,94471,,F,Divorciado/a,3,Premium,Gama media,2689.0,103.0,1
C003683,Z15,Oeste,suburbana,62939,31.0,M,Soltero/a,2,Prepago,Gama alta,4354.0,9.0,0
C003684,Z16,Este,urbana_premium,72683,50.0,M,Casado/a,2,Premium,Gama baja,1409.0,50.0,0
C003685,Z06,Sur,rural,19752,43.0,F,Soltero/a,2,Prepago,Gama media,4034.0,27.0,0
C003686,Z04,Centro,suburbana,55457,22.0,M,Soltero/a,2,Prepago,Gama media,2793.0,46.0,1
C003687,Z11,Oeste,suburbana,41163,38.0,F,Soltero/a,1,Contrato,Gama alta,2989.0,13.0,1
C003688,Z29,Oeste,urbana_premium,67334,29.0,M,Soltero/a,3,Premium,Gama alta,3940.0,94.0,0
C003689,Z19,Este,rural,12655,52.0,F,Casado/a,1,Prepago,Gama media,3699.0,73.0,0
C003690,Z13,Este,suburbana,37333,41.0,F,Casado/a,2,Prepago,Gama media,3168.0,18.0,0
C003691,Z02,Oeste,suburbana,46400,28.0,M,Soltero/a,2,Premium,Gama media,2957.0,38.0,0
C003692,Z18,Sur,urbana_premium,56342,54.0,M,Casado/a,2,Premium,Gama media,2743.0,29.0,0
C003693,Z04,Centro,suburbana,55457,53.0,F,desconocido,1,Prepago,Gama media,2322.0,12.0,1
C003694,Z17,Sur,suburbana,56619,,M,Soltero/a,1,Premium,Gama media,3732.0,22.0,0
C003695,Z26,Oeste,urbana_premium,107159,39.0,M,Soltero/a,2,Premium,Gama media,4138.0,51.0,0
C003696,Z15,Oeste,suburbana,62939,40.0,F,Casado/a,4,Prepago,Gama alta,5380.0,2.0,0
C003697,Z09,Norte,urbana_premium,102625,44.0,M,Casado/a,3,Prepago,Gama media,2878.0,12.0,0
C003698,Z02,Oeste,suburbana,46400,33.0,F,Soltero/a,2,Contrato,Gama media,1991.0,64.0,1
C003699,Z02,Oeste,suburbana,46400,42.0,M,Casado/a,2,Premium,Gama media,3311.0,71.0,0
C003700,Z15,Oeste,suburbana,62939,38.0,M,Soltero/a,2,Prepago,Gama media,2893.0,22.0,0
C003701,Z28,Sur,urbana_premium,64486,18.0,M,Soltero/a,3,Premium,Gama media,2516.0,9.0,0
C003702,Z09,Norte,urbana_premium,102625,38.0,F,Soltero/a,2,Premium,Gama media,3192.0,62.0,0
C003703,Z18,Sur,urbana_premium,56342,31.0,F,Casado/a,4,Premium,Gama alta,4898.0,26.0,0
C003704,Z22,Este,suburbana,53534,37.0,M,Soltero/a,2,Prepago,Gama media,1878.0,41.0,0
C003705,Z03,Sur,rural,16530,,M,Casado/a,1,Prepago,Gama media,1559.0,34.0,0
C003706,Z05,Este,urbana_premium,94471,51.0,F,Soltero/a,3,Premium,Gama alta,2966.0,46.0,0
C003707,Z11,Oeste,suburbana,41163,30.0,F,Soltero/a,1,Contrato,Gama media,2327.0,37.0,0
C003708,Z21,Centro,rural,19103,41.0,M,Soltero/a,1,Prepago,Gama media,3064.0,39.0,0
C003709,Z15,Oeste,suburbana,62939,31.0,M,Casado/a,4,Contrato,Gama media,2454.0,28.0,1
C003710,Z24,Centro,rural,12558,35.0,F,Casado/a,4,Prepago,Gama media,4109.0,38.0,0
C003711,Z27,Norte,suburbana,42704,33.0,F,Soltero/a,1,Prepago,Gama media,2069.0,34.0,0
C003712,Z99,Oeste,urbana_premium,107159,34.0,F,Soltero/a,2,Premium,Gama alta,4349.0,31.0,0
C003713,Z30,Centro,suburbana,33966,47.0,F,Casado/a,2,Premium,Gama alta,2939.0,3.0,1
C003714,Z26,Oeste,urbana_premium,107159,40.0,F,Soltero/a,3,Premium,Gama alta,3832.0,17.0,0
C003715,Z27,Norte,suburbana,42704,27.0,M,Casado/a,1,Premium,Gama media,1259.0,12.0,0
C003716,Z26,Oeste,urbana_premium,107159,52.0,F,Casado/a,5,Prepago,Gama media,2607.0,35.0,0
C003717,Z24,Centro,rural,12558,56.0,F,desconocido,1,Prepago,Gama media,2189.0,15.0,0
C003718,Z26,Oeste,urbana_premium,107159,25.0,M,Soltero/a,3,Contrato,Gama media,1921.0,8.0,1
C003719,Z29,Oeste,urbana_premium,67334,51.0,F,Casado/a,2,Contrato,Gama media,1376.0,16.0,0
C003720,Z16,Este,urbana_premium,72683,40.0,M,Divorciado/a,2,Premium,Gama media,2485.0,18.0,0
C003721,Z20,Oeste,suburbana,46953,38.0,F,Casado/a,3,Prepago,Gama media,3355.0,21.0,1
C003722,Z16,Este,urbana_premium,72683,40.0,F,Soltero/a,2,Contrato,Gama alta,4523.0,29.0,0
C003723,Z27,Norte,suburbana,42704,40.0,F,Soltero/a,1,Premium,Gama media,1943.0,27.0,0
C003724,Z15,Oeste,suburbana,62939,47.0,M,Soltero/a,1,Prepago,Gama media,2778.0,31.0,1
C003725,Z26,Oeste,urbana_premium,107159,38.0,F,Soltero/a,2,Prepago,Gama media,4439.0,34.0,0
C003726,Z26,Oeste,urbana_premium,107159,32.0,M,Soltero/a,2,Premium,Gama alta,6086.0,4.0,0
C003727,Z29,Oeste,urbana_premium,67334,18.0,M,Soltero/a,2,Contrato,Gama alta,6004.0,74.0,0
C003728,Z09,Norte,urbana_premium,102625,42.0,F,Soltero/a,3,Premium,Gama alta,5266.0,37.0,0
C003729,Z22,Este,suburbana,53534,36.0,M,Casado/a,3,Contrato,Gama media,2468.0,75.0,0
C003730,Z26,Oeste,urbana_premium,107159,45.0,F,Casado/a,4,Premium,Gama media,3762.0,,0
C003731,Z29,Oeste,urbana_premium,67334,42.0,M,Soltero/a,2,Premium,Gama media,3924.0,120.0,0
C003732,Z28,Sur,urbana_premium,64486,32.0,F,Soltero/a,3,Premium,Gama media,3548.0,,1
C003733,Z18,Sur,urbana_premium,56342,48.0,F,Soltero/a,2,Premium,Gama media,2364.0,15.0,1
C003734,Z18,Sur,urbana_premium,56342,38.0,M,Casado/a,5,Premium,Gama alta,6338.0,13.0,0
C003735,Z05,Este,urbana_premium,94471,38.0,F,Soltero/a,3,Prepago,Gama media,4454.0,13.0,1
C003736,Z30,Centro,suburbana,33966,38.0,M,Divorciado/a,1,Prepago,Gama media,4042.0,12.0,0
C003737,Z09,Norte,urbana_premium,102625,56.0,F,Casado/a,3,Premium,Gama alta,4823.0,19.0,0
C003738,Z23,Norte,rural,20553,36.0,F,Soltero/a,1,Prepago,Gama baja,1995.0,,1
C003739,Z26,Oeste,urbana_premium,107159,32.0,F,Soltero/a,2,Premium,Gama media,2265.0,22.0,0
C003740,Z15,Oeste,suburbana,62939,25.0,F,Soltero/a,2,Prepago,Gama alta,3877.0,,0
C003741,Z08,Sur,rural,17023,54.0,F,Casado/a,4,Premium,Gama alta,2952.0,26.0,0
C003742,Z06,Sur,rural,19752,38.0,F,Soltero/a,2,Contrato,Gama media,2569.0,5.0,0
C003743,Z27,Norte,suburbana,42704,34.0,F,Casado/a,3,Contrato,Gama alta,6332.0,24.0,0
C003744,Z16,Este,urbana_premium,72683,30.0,M,Soltero/a,2,Contrato,Gama alta,3139.0,3.0,0
C003745,Z04,Centro,suburbana,55457,41.0,M,Divorciado/a,1,Premium,Gama media,2670.0,20.0,1
C003746,Z23,Norte,rural,20553,30.0,F,Soltero/a,2,Prepago,Gama media,2496.0,13.0,0
C003747,Z09,Norte,urbana_premium,102625,18.0,M,Soltero/a,2,Prepago,Gama media,,34.0,0
C003748,Z28,Sur,urbana_premium,64486,41.0,M,Divorciado/a,3,Premium,Gama alta,3526.0,56.0,0
C003749,Z10,Este,suburbana,27514,18.0,F,Soltero/a,2,Premium,Gama media,4279.0,15.0,0
C003750,Z07,Centro,rural,15473,55.0,F,Soltero/a,2,Contrato,Gama media,1851.0,,0
C003751,Z04,Centro,suburbana,55457,59.0,M,Casado/a,2,Prepago,Gama media,2434.0,18.0,0
C003752,Z16,Este,urbana_premium,72683,34.0,M,Soltero/a,2,Premium,Gama media,4685.0,23.0,1
C003753,Z15,Oeste,suburbana,62939,56.0,M,Casado/a,3,Prepago,Gama media,1878.0,39.0,0
C003754,Z26,Oeste,urbana_premium,107159,36.0,M,Soltero/a,2,Premium,Gama media,3719.0,94.0,0
C003755,Z16,Este,urbana_premium,72683,55.0,M,Divorciado/a,2,Premium,Gama media,3652.0,30.0,0
C003756,Z11,Oeste,suburbana,41163,35.0,F,n/a,1,Premium,Gama alta,3712.0,88.0,1
C003757,Z09,Norte,urbana_premium,102625,18.0,M,Soltero/a,2,Prepago,Gama media,5070.0,16.0,1
C003758,Z09,Norte,urbana_premium,102625,35.0,F,Soltero/a,2,Premium,Gama media,3619.0,49.0,0
C003759,Z29,Oeste,urbana_premium,67334,56.0,F,Casado/a,2,Premium,Gama alta,3714.0,26.0,0
C003760,Z05,Este,urbana_premium,94471,42.0,M,Casado/a,4,Prepago,Gama alta,3781.0,55.0,0
C003761,Z30,Centro,suburbana,33966,34.0,F,Soltero/a,2,Premium,Gama media,2676.0,18.0,1
C003762,Z10,Este,suburbana,27514,44.0,M,Casado/a,4,Premium,Gama media,4685.0,30.0,1
C003763,Z04,Centro,suburbana,55457,52.0,F,Casado/a,3,Contrato,Gama media,3553.0,42.0,0
C003764,Z09,Norte,urbana_premium,102625,35.0,F,Casado/a,5,Premium,Gama media,5962.0,20.0,1
C003765,Z03,Sur,rural,16530,77.0,F,Soltero/a,1,Prepago,Gama baja,1708.0,35.0,1
C003766,Z26,Oeste,urbana_premium,107159,30.0,M,Casado/a,5,Premium,Gama alta,5931.0,21.0,1
C003767,Z16,Este,urbana_premium,72683,48.0,M,Divorciado/a,2,Premium,Gama alta,3991.0,76.0,0
C003768,Z11,Oeste,suburbana,41163,49.0,M,Casado/a,2,Prepago,Gama media,3788.0,25.0,0
C003769,Z21,Centro,rural,19103,37.0,F,Casado/a,3,Prepago,Gama media,1190.0,21.0,0
C003770,Z20,Oeste,suburbana,46953,35.0,M,Soltero/a,1,Premium,Gama alta,5267.0,50.0,0
C003771,Z29,Oeste,urbana_premium,67334,48.0,F,Soltero/a,3,Contrato,Gama media,4466.0,-34.0,0
C003772,Z29,Oeste,urbana_premium,67334,38.0,M,Soltero/a,2,Premium,Gama media,7349.0,24.0,0
C003773,Z22,Este,suburbana,53534,44.0,M,Casado/a,4,Premium,Gama media,4399.0,54.0,1
C003774,Z26,Oeste,urbana_premium,107159,18.0,M,Soltero/a,3,Premium,Gama baja,1870.0,13.0,1
C003775,Z26,Oeste,urbana_premium,107159,44.0,M,Casado/a,2,Premium,Gama alta,6520.0,39.0,0
C003776,Z16,Este,urbana_premium,72683,39.0,F,Soltero/a,2,Contrato,Gama media,4086.0,5.0,0
C003777,Z22,Este,suburbana,53534,39.0,M,Soltero/a,2,Prepago,Gama alta,3732.0,10.0,0
C003778,Z04,Centro,suburbana,55457,44.0,M,Casado/a,1,Prepago,Gama media,3604.0,36.0,0
C003779,Z26,Oeste,urbana_premium,107159,31.0,F,Soltero/a,3,Premium,Gama media,3698.0,15.0,0
C003780,Z29,Oeste,urbana_premium,67334,29.0,M,Casado/a,4,Premium,Gama media,3322.0,49.0,1
C003781,Z04,Centro,suburbana,55457,37.0,F,Soltero/a,1,Premium,Gama alta,3816.0,61.0,0
C003782,Z27,Norte,suburbana,42704,34.0,F,Casado/a,2,Premium,Gama media,2228.0,29.0,1
C003783,Z29,Oeste,urbana_premium,67334,62.0,F,Divorciado/a,3,Premium,Gama media,3866.0,62.0,0
C003784,Z09,Norte,urbana_premium,102625,47.0,M,Divorciado/a,2,Premium,Gama alta,6252.0,27.0,1
C003785,Z17,Sur,suburbana,56619,,M,Soltero/a,1,Prepago,Gama media,1945.0,53.0,0
C003786,Z29,Oeste,urbana_premium,67334,60.0,F,Casado/a,3,Prepago,Gama alta,3570.0,30.0,1
C003787,Z29,Oeste,urbana_premium,67334,31.0,F,Soltero/a,3,Premium,Gama media,5761.0,39.0,0
C003788,Z05,Este,urbana_premium,94471,36.0,M,Soltero/a,3,Prepago,Gama media,2875.0,23.0,0
C003789,Z11,Oeste,suburbana,41163,51.0,M,Casado/a,3,Prepago,Gama media,1529.0,28.0,0
C003790,Z22,Este,suburbana,53534,18.0,M,Soltero/a,2,Premium,Gama media,1490.0,15.0,1
C003791,Z08,Sur,rural,17023,42.0,F,Soltero/a,2,Contrato,Gama media,1969.0,84.0,0
C003792,Z10,Este,suburbana,27514,33.0,M,Soltero/a,1,Premium,Gama media,5375.0,24.0,0
C003793,Z02,Oeste,suburbana,46400,42.0,F,Soltero/a,1,Prepago,Gama media,2283.0,,0
C003794,Z05,Este,urbana_premium,94471,40.0,M,Casado/a,5,Premium,Gama media,3461.0,18.0,0
C003795,Z17,Sur,suburbana,56619,39.0,F,Divorciado/a,1,Premium,Gama media,3037.0,42.0,0
C003796,Z20,Oeste,suburbana,46953,39.0,M,Soltero/a,2,Contrato,Gama media,4390.0,26.0,1
C003797,Z20,Oeste,suburbana,46953,53.0,M,Casado/a,4,Premium,Gama alta,4024.0,46.0,0
C003798,Z99,Oeste,urbana_premium,107159,40.0,M,Casado/a,5,Contrato,Gama alta,3628.0,42.0,0
C003799,Z15,Oeste,suburbana,62939,40.0,M,Soltero/a,1,Premium,Gama alta,3677.0,111.0,1
C003800,Z09,Norte,urbana_premium,102625,38.0,F,Divorciado/a,2,Premium,Gama alta,5549.0,50.0,0
C003801,Z02,Oeste,suburbana,46400,62.0,M,Casado/a,1,Prepago,Gama media,1676.0,34.0,0
C003802,Z07,Centro,rural,15473,47.0,M,Divorciado/a,2,Premium,Gama media,2035.0,42.0,0
C003803,Z10,Este,suburbana,27514,34.0,F,Casado/a,2,Prepago,Gama media,1958.0,58.0,1
C003804,Z05,Este,urbana_premium,94471,18.0,M,Soltero/a,2,Premium,Gama media,,35.0,0
C003805,Z02,Oeste,suburbana,46400,23.0,M,Soltero/a,1,Contrato,Gama media,3743.0,29.0,0
C003806,Z05,Este,urbana_premium,94471,30.0,M,Soltero/a,3,Prepago,Gama media,2515.0,35.0,0
C003807,Z21,Centro,rural,19103,44.0,M,Soltero/a,1,Contrato,Gama alta,5210.0,15.0,0
C003808,Z20,Oeste,suburbana,46953,33.0,F,Casado/a,2,Contrato,Gama alta,3754.0,51.0,1
C003809,Z29,Oeste,urbana_premium,67334,40.0,M,Soltero/a,3,Contrato,Gama media,3119.0,28.0,0
C003810,Z26,Oeste,urbana_premium,107159,29.0,F,Casado/a,5,Premium,Gama media,3655.0,,1
C003811,Z18,Sur,urbana_premium,56342,25.0,M,Soltero/a,2,Premium,Gama media,2438.0,14.0,1
C003812,Z05,Este,urbana_premium,94471,43.0,M,Casado/a,4,Premium,Gama media,2285.0,17.0,0
C003813,Z18,Sur,urbana_premium,56342,52.0,F,Casado/a,3,Premium,Gama media,3345.0,58.0,0
C003814,Z03,Sur,rural,16530,32.0,F,Casado/a,2,Contrato,Gama media,3670.0,6.0,0
C003815,Z15,Oeste,suburbana,62939,43.0,F,Casado/a,4,Prepago,Gama media,1822.0,32.0,0
C003816,Z13,Este,suburbana,37333,18.0,M,Soltero/a,1,Premium,Gama alta,4590.0,31.0,1
C003817,Z15,Oeste,suburbana,62939,22.0,M,Soltero/a,1,Premium,Gama media,2793.0,21.0,0
C003818,Z09,Norte,urbana_premium,102625,29.0,F,Soltero/a,3,Premium,Gama media,4161.0,38.0,0
C003819,Z22,Este,suburbana,53534,54.0,F,Casado/a,1,Prepago,Gama media,3058.0,13.0,0
C003820,Z27,Norte,suburbana,42704,31.0,M,Soltero/a,1,Premium,Gama alta,3909.0,15.0,1
C003821,Z26,Oeste,urbana_premium,107159,26.0,M,Soltero/a,3,Premium,Gama media,5621.0,34.0,0
C003822,Z20,Oeste,suburbana,46953,40.0,F,Soltero/a,1,Prepago,Gama media,2765.0,90.0,1
C003823,Z17,Sur,suburbana,56619,40.0,M,Soltero/a,1,Prepago,Gama baja,3563.0,20.0,0
C003824,Z02,Oeste,suburbana,46400,31.0,F,Soltero/a,1,Contrato,Gama alta,4700.0,44.0,0
C003825,Z23,Norte,rural,20553,69.0,F,Casado/a,4,Prepago,Gama media,3087.0,120.0,0
C003826,Z17,Sur,suburbana,56619,37.0,M,Casado/a,1,Prepago,Gama media,2580.0,59.0,0
C003827,Z09,Norte,urbana_premium,102625,37.0,M,Casado/a,5,Premium,Gama media,3575.0,8.0,1
C003828,Z11,Oeste,suburbana,41163,35.0,F,Soltero/a,2,Premium,Gama media,2111.0,20.0,0
C003829,Z29,Oeste,urbana_premium,67334,41.0,F,Casado/a,4,Premium,Gama alta,7232.0,65.0,0
C003830,Z20,Oeste,suburbana,46953,55.0,F,Divorciado/a,2,Prepago,Gama media,3318.0,3.0,0
C003831,Z16,Este,urbana_premium,72683,56.0,F,Casado/a,5,Prepago,Gama media,2342.0,6.0,0
C003832,Z20,Oeste,suburbana,46953,31.0,M,Casado/a,3,Premium,Gama media,2222.0,70.0,1
C003833,Z15,Oeste,suburbana,62939,53.0,M,Divorciado/a,1,Prepago,Gama media,2825.0,37.0,0
C003834,Z16,Este,urbana_premium,72683,,F,Casado/a,2,Premium,Gama media,6122.0,-7.0,0
C003835,Z09,Norte,urbana_premium,102625,48.0,M,Soltero/a,2,Premium,Gama alta,3580.0,25.0,1
C003836,Z15,Oeste,suburbana,62939,39.0,F,Soltero/a,2,Prepago,Gama alta,3683.0,27.0,0
C003837,Z22,Este,suburbana,53534,38.0,M,Soltero/a,2,Prepago,Gama media,2321.0,19.0,1
C003838,Z02,Oeste,suburbana,46400,51.0,M,Divorciado/a,1,Premium,Gama alta,3735.0,51.0,0
C003839,Z26,Oeste,urbana_premium,107159,47.0,M,Soltero/a,2,Contrato,Gama media,6036.0,57.0,0
C003840,Z09,Norte,urbana_premium,102625,55.0,F,Casado/a,3,Premium,Gama media,5046.0,24.0,1
C003841,Z22,Este,suburbana,53534,42.0,F,Soltero/a,2,Prepago,Gama baja,1262.0,9.0,0
C003842,Z20,Oeste,suburbana,46953,39.0,F,Soltero/a,1,Contrato,Gama media,2826.0,13.0,1
C003843,Z20,Oeste,suburbana,46953,18.0,M,Soltero/a,1,Contrato,Gama media,2059.0,35.0,0
C003844,Z19,Este,rural,12655,26.0,F,Casado/a,1,Premium,Gama media,2936.0,60.0,1
C003845,Z29,Oeste,urbana_premium,67334,31.0,F,Soltero/a,2,Premium,Gama media,3923.0,34.0,0
C003846,Z16,Este,urbana_premium,72683,23.0,M,Soltero/a,2,Premium,Gama alta,6968.0,74.0,0
C003847,Z24,Centro,rural,12558,55.0,F,Casado/a,1,Contrato,Gama media,2067.0,26.0,1
C003848,Z22,Este,suburbana,53534,24.0,F,Soltero/a,2,Premium,Gama alta,3058.0,17.0,0
C003849,Z09,Norte,urbana_premium,102625,30.0,M,Soltero/a,3,Premium,Gama media,3666.0,39.0,0
C003850,Z09,Norte,urbana_premium,102625,30.0,M,Casado/a,4,Premium,Gama media,4922.0,94.0,0
C003851,Z15,Oeste,suburbana,62939,54.0,F,Soltero/a,2,Prepago,Gama baja,2122.0,33.0,0
C003852,Z09,Norte,urbana_premium,102625,29.0,M,Casado/a,2,Premium,Gama alta,2697.0,48.0,0
C003853,Z12,Norte,rural,11707,50.0,F,Divorciado/a,1,Contrato,Gama media,1906.0,6.0,0
C003854,Z13,Este,suburbana,37333,42.0,F,Soltero/a,2,Contrato,Gama media,3658.0,31.0,0
C003855,Z18,Sur,urbana_premium,56342,47.0,M,Casado/a,2,Prepago,Gama alta,5507.0,19.0,0
C003856,Z08,Sur,rural,17023,55.0,M,Casado/a,1,Premium,Gama baja,2247.0,36.0,0
C003857,Z26,Oeste,urbana_premium,107159,36.0,F,Casado/a,2,Premium,Gama media,4708.0,16.0,0
C003858,Z15,Oeste,suburbana,62939,20.0,M,Soltero/a,2,Premium,Gama baja,3561.0,84.0,0
C003859,Z22,Este,suburbana,53534,37.0,M,Casado/a,2,Prepago,Gama alta,2922.0,34.0,0
C003860,Z04,Centro,suburbana,55457,40.0,M,Soltero/a,2,Prepago,Gama media,2897.0,35.0,0
C003861,Z16,Este,urbana_premium,72683,39.0,F,Divorciado/a,2,Contrato,Gama media,,62.0,0
C003862,Z02,Oeste,suburbana,46400,31.0,M,Soltero/a,2,Contrato,Gama alta,5828.0,34.0,1
C003863,Z22,Este,suburbana,53534,54.0,M,Soltero/a,2,Contrato,Gama media,4212.0,7.0,0
C003864,Z11,Oeste,suburbana,41163,40.0,F,Casado/a,4,Premium,Gama alta,4541.0,5.0,0
C003865,Z29,Oeste,urbana_premium,67334,25.0,M,Soltero/a,3,Premium,Gama alta,7814.0,114.0,0
C003866,Z10,Este,suburbana,27514,35.0,?,Casado/a,4,Contrato,Gama media,2335.0,34.0,0
C003867,Z18,Sur,urbana_premium,56342,59.0,M,Casado/a,3,Premium,Gama alta,4893.0,24.0,1
C003868,Z09,Norte,urbana_premium,102625,44.0,F,Casado/a,4,Contrato,Gama media,6372.0,22.0,0
C003869,Z20,Oeste,suburbana,46953,53.0,M,desconocido,1,Premium,Gama alta,4141.0,25.0,0
C003870,Z16,Este,urbana_premium,72683,24.0,M,Soltero/a,3,Premium,Gama media,3104.0,36.0,1
C003871,Z13,Este,suburbana,37333,32.0,M,Soltero/a,2,Contrato,Gama media,2255.0,28.0,0
C003872,Z07,Centro,rural,15473,37.0,F,Casado/a,2,Premium,Gama alta,4112.0,22.0,0
C003873,Z05,Este,urbana_premium,94471,38.0,F,desconocido,2,Prepago,Gama alta,4427.0,12.0,0
C003874,Z05,Este,urbana_premium,94471,34.0,M,Soltero/a,2,Premium,Gama media,4260.0,36.0,0
C003875,Z30,Centro,suburbana,33966,34.0,M,Soltero/a,1,Contrato,Gama media,3001.0,24.0,0
C003876,Z15,Oeste,suburbana,62939,36.0,M,Soltero/a,2,Premium,Gama alta,5057.0,48.0,1
C003877,Z01,Centro,rural,16625,35.0,M,Soltero/a,1,Prepago,Gama baja,3265.0,-18.0,0
C003878,Z29,Oeste,urbana_premium,67334,34.0,M,Soltero/a,2,Premium,Gama media,3586.0,20.0,0
C003879,Z02,Oeste,suburbana,46400,53.0,F,Divorciado/a,2,Contrato,Gama media,4101.0,15.0,0
C003880,Z15,Oeste,suburbana,62939,22.0,M,Soltero/a,1,Contrato,Gama media,3173.0,11.0,0
C003881,Z23,Norte,rural,20553,49.0,F,Casado/a,3,Prepago,Gama media,3150.0,6.0,0
C003882,Z28,Sur,urbana_premium,64486,53.0,M,Casado/a,3,Premium,Gama alta,,27.0,0
C003883,Z22,Este,suburbana,53534,38.0,F,Soltero/a,1,Prepago,Gama media,4595.0,8.0,0
C003884,Z99,Este,urbana_premium,72683,30.0,M,Soltero/a,3,Contrato,Gama media,2092.0,61.0,0
C003885,Z30,Centro,suburbana,33966,51.0,M,Soltero/a,2,Premium,Gama media,3568.0,49.0,1
C003886,Z02,Oeste,suburbana,46400,28.0,F,Casado/a,2,Contrato,Gama alta,5001.0,,0
C003887,Z30,Centro,suburbana,33966,40.0,M,Soltero/a,1,Prepago,Gama media,2318.0,33.0,0
C003888,Z27,Norte,suburbana,42704,28.0,F,Casado/a,2,Prepago,Gama media,5980.0,41.0,0
C003889,Z29,Oeste,urbana_premium,67334,,F,Soltero/a,3,Premium,Gama alta,4756.0,30.0,1
C003890,Z09,Norte,urbana_premium,102625,34.0,F,Casado/a,5,Premium,Gama media,5353.0,14.0,0
C003891,Z05,Este,urbana_premium,94471,21.0,F,Soltero/a,2,Premium,Gama alta,5352.0,7.0,0
C003892,Z21,Centro,rural,19103,45.0,M,Soltero/a,1,Prepago,Gama baja,1450.0,46.0,0
C003893,Z16,Este,urbana_premium,72683,49.0,M,Soltero/a,2,Contrato,Gama alta,5423.0,15.0,0
C003894,Z17,Sur,suburbana,56619,,F,Casado/a,3,Premium,Gama alta,3543.0,84.0,1
C003895,Z29,Oeste,urbana_premium,67334,37.0,M,Soltero/a,2,Prepago,Gama media,3272.0,45.0,0
C003896,Z20,Oeste,suburbana,46953,52.0,F,Divorciado/a,1,Premium,Gama media,5262.0,30.0,0
C003897,Z10,Este,suburbana,27514,45.0,M,Casado/a,2,Prepago,Gama baja,1536.0,29.0,0
C003898,Z14,Norte,rural,13074,40.0,F,Soltero/a,2,Prepago,Gama baja,1874.0,15.0,1
C003899,Z05,Este,urbana_premium,94471,18.0,M,Soltero/a,2,Premium,Gama alta,6366.0,34.0,0
C003900,Z06,Sur,rural,19752,65.0,M,Casado/a,2,Contrato,Gama media,3305.0,27.0,0
C003901,Z05,Este,urbana_premium,94471,23.0,F,Soltero/a,2,Contrato,Gama baja,3171.0,9.0,0
C003902,Z26,Oeste,urbana_premium,107159,53.0,F,Casado/a,5,Contrato,Gama media,2983.0,12.0,0
C003903,Z99,Este,suburbana,53534,46.0,M,Soltero/a,1,Contrato,Gama media,2817.0,20.0,1
C003904,Z17,Sur,suburbana,56619,28.0,M,Soltero/a,1,Prepago,Gama media,3419.0,72.0,0
C003905,Z13,Este,suburbana,37333,44.0,F,Soltero/a,2,Prepago,Gama media,2643.0,7.0,0
C003906,Z21,Centro,rural,19103,71.0,M,Casado/a,1,Contrato,Gama media,2333.0,,0
C003907,Z26,Oeste,urbana_premium,107159,54.0,F,Casado/a,4,Contrato,Gama media,4095.0,10.0,0
C003908,Z28,Sur,urbana_premium,64486,30.0,F,Soltero/a,3,Premium,Gama alta,3541.0,,0
C003909,Z17,Sur,suburbana,56619,31.0,M,Soltero/a,2,Prepago,Gama media,2658.0,5.0,0
C003910,Z26,Oeste,urbana_premium,107159,37.0,M,Soltero/a,2,Premium,Gama media,2651.0,33.0,0
C003911,Z16,Este,urbana_premium,72683,34.0,M,Soltero/a,3,Contrato,Gama alta,3965.0,7.0,0
C003912,Z16,Este,urbana_premium,72683,50.0,M,Casado/a,4,Premium,Gama alta,3938.0,35.0,1
C003913,Z27,Norte,suburbana,42704,49.0,F,Soltero/a,1,Premium,Gama media,2245.0,56.0,0
C003914,Z13,Este,suburbana,37333,20.0,M,Soltero/a,2,Prepago,Gama media,3440.0,22.0,0
C003915,Z13,Este,suburbana,37333,46.0,F,Soltero/a,1,Premium,Gama alta,4706.0,47.0,0
C003916,Z09,Norte,urbana_premium,102625,34.0,F,Casado/a,4,Premium,Gama media,4092.0,19.0,0
C003917,Z17,Sur,suburbana,56619,40.0,M,Casado/a,2,Premium,Gama alta,3622.0,14.0,1
C003918,Z17,Sur,suburbana,56619,43.0,F,Divorciado/a,1,Premium,Gama alta,4403.0,67.0,0
C003919,Z21,Centro,rural,19103,59.0,M,Casado/a,2,Prepago,Gama baja,2397.0,35.0,0
C003920,Z15,Oeste,suburbana,62939,52.0,M,Soltero/a,2,Contrato,Gama media,4258.0,33.0,0
C003921,Z08,Sur,rural,17023,36.0,F,Casado/a,4,Premium,Gama media,1084.0,32.0,0
C003922,Z27,Norte,suburbana,42704,39.0,M,Casado/a,1,Prepago,Gama media,2432.0,45.0,0
C003923,Z11,Oeste,suburbana,41163,35.0,M,Soltero/a,2,Prepago,Gama media,2119.0,24.0,1
C003924,Z29,Oeste,urbana_premium,67334,18.0,M,Soltero/a,3,Prepago,Gama alta,6553.0,6.0,0
C003925,Z07,Centro,rural,15473,44.0,M,Casado/a,4,Prepago,Gama baja,3027.0,22.0,0
C003926,Z17,Sur,suburbana,56619,62.0,F,Casado/a,3,Contrato,Gama baja,2040.0,41.0,0
C003927,Z17,Sur,suburbana,56619,19.0,F,Soltero/a,2,Contrato,Gama alta,2213.0,34.0,1
C003928,Z26,Oeste,urbana_premium,107159,36.0,F,Soltero/a,2,Premium,Gama media,2475.0,15.0,0
C003929,Z05,Este,urbana_premium,94471,35.0,F,Soltero/a,2,Premium,Gama alta,4484.0,12.0,0
C003930,Z28,Sur,urbana_premium,64486,39.0,F,Divorciado/a,3,Premium,Gama media,4280.0,31.0,0
C003931,Z17,Sur,suburbana,56619,28.0,M,Soltero/a,1,Prepago,Gama media,2686.0,24.0,0
C003932,Z18,Sur,urbana_premium,56342,19.0,F,Soltero/a,3,Premium,Gama media,2942.0,20.0,0
C003933,Z16,Este,urbana_premium,72683,19.0,M,Soltero/a,3,Contrato,Gama media,3955.0,52.0,1
C003934,Z02,Oeste,suburbana,46400,56.0,M,Casado/a,2,Premium,Gama media,7674.0,33.0,0
C003935,Z16,Este,urbana_premium,72683,24.0,F,Soltero/a,3,Premium,Gama alta,3496.0,40.0,0
C003936,Z09,Norte,urbana_premium,102625,30.0,F,Soltero/a,3,Prepago,Gama alta,5967.0,9.0,0
C003937,Z11,Oeste,suburbana,41163,65.0,F,Casado/a,2,Contrato,Gama media,2804.0,35.0,0
C003938,Z20,Oeste,suburbana,46953,31.0,M,Soltero/a,1,Contrato,Gama baja,4370.0,21.0,0
C003939,Z16,Este,urbana_premium,72683,40.0,F,Soltero/a,3,Premium,Gama alta,4936.0,17.0,0
C003940,Z04,Centro,suburbana,55457,53.0,M,Soltero/a,2,Premium,Gama media,3077.0,44.0,0
C003941,Z04,Centro,suburbana,55457,52.0,X,Divorciado/a,2,Premium,Gama media,3892.0,54.0,0
C003942,Z06,Sur,rural,19752,29.0,F,Soltero/a,1,Contrato,Gama baja,3686.0,15.0,1
C003943,Z06,Sur,rural,19752,36.0,M,Casado/a,4,Contrato,Gama media,2481.0,33.0,0
C003944,Z19,Este,rural,12655,49.0,F,Divorciado/a,1,Prepago,Gama media,2274.0,18.0,0
C003945,Z05,Este,urbana_premium,94471,59.0,F,Casado/a,3,Prepago,Gama alta,5043.0,29.0,1
C003946,Z28,Sur,urbana_premium,64486,27.0,F,Soltero/a,2,Prepago,Gama alta,7070.0,7.0,0
C003947,Z99,Centro,rural,15473,39.0,M,Soltero/a,2,Prepago,Gama media,1489.0,7.0,1
C003948,Z04,Centro,suburbana,55457,45.0,M,Casado/a,3,Premium,Gama baja,1997.0,35.0,0
C003949,Z28,Sur,urbana_premium,64486,43.0,F,Casado/a,5,Premium,Gama alta,6555.0,16.0,0
C003950,Z09,Norte,urbana_premium,102625,44.0,F,Soltero/a,3,Premium,Gama media,,36.0,0
C003951,Z15,Oeste,suburbana,62939,30.0,M,Soltero/a,1,Prepago,Gama media,4810.0,25.0,1
C003952,Z29,Oeste,urbana_premium,67334,30.0,M,Soltero/a,2,Premium,Gama media,3156.0,13.0,1
C003953,Z29,Oeste,urbana_premium,67334,39.0,M,Casado/a,5,Premium,Gama media,3391.0,32.0,0
C003954,Z23,Norte,rural,20553,60.0,F,Casado/a,4,Contrato,Gama alta,3487.0,20.0,0
C003955,Z04,Centro,suburbana,55457,37.0,M,Soltero/a,2,Premium,Gama alta,4022.0,38.0,0
C003956,Z18,Sur,urbana_premium,56342,36.0,F,Soltero/a,2,Premium,Gama media,2686.0,36.0,1
C003957,Z30,Centro,suburbana,33966,28.0,M,Soltero/a,1,Premium,Gama alta,3834.0,25.0,0
C003958,Z29,Oeste,urbana_premium,67334,58.0,M,Casado/a,3,Premium,Gama media,3162.0,39.0,1
C003959,Z04,Centro,suburbana,55457,42.0,F,Casado/a,2,Prepago,Gama alta,3624.0,37.0,0
C003960,Z13,Este,suburbana,37333,53.0,F,Casado/a,4,Contrato,Gama media,3178.0,9.0,0
C003961,Z10,Este,suburbana,27514,40.0,M,Soltero/a,1,Contrato,Gama media,2931.0,30.0,0
C003962,Z05,Este,urbana_premium,94471,37.0,M,Soltero/a,3,Premium,Gama baja,3219.0,10.0,0
C003963,Z22,Este,suburbana,53534,22.0,F,Soltero/a,2,Prepago,Gama media,1734.0,10.0,0
C003964,Z09,Norte,urbana_premium,102625,18.0,M,Soltero/a,2,Prepago,Gama media,3204.0,18.0,0
C003965,Z11,Oeste,suburbana,41163,55.0,M,Divorciado/a,2,Prepago,Gama alta,3968.0,2.0,0
C003966,Z04,Centro,suburbana,55457,41.0,F,Casado/a,1,Premium,Gama alta,3651.0,57.0,1
C003967,Z16,Este,urbana_premium,72683,38.0,M,Soltero/a,2,Prepago,Gama alta,,38.0,0
C003968,Z05,Este,urbana_premium,94471,21.0,F,Soltero/a,2,Premium,Gama alta,5887.0,35.0,0
C003969,Z15,Oeste,suburbana,62939,29.0,M,Soltero/a,1,Prepago,Gama alta,3541.0,8.0,0
C003970,Z05,Este,urbana_premium,94471,49.0,F,Casado/a,4,Contrato,Gama alta,4974.0,52.0,0
C003971,Z29,Oeste,urbana_premium,67334,57.0,NA,Divorciado/a,3,Prepago,Gama media,2789.0,43.0,0
C003972,Z05,Este,urbana_premium,94471,29.0,F,Soltero/a,2,Premium,Gama baja,7549.0,20.0,0
C003973,Z17,Sur,suburbana,56619,48.0,F,Soltero/a,1,Prepago,Gama media,3702.0,18.0,0
C003974,Z06,Sur,rural,19752,47.0,F,Casado/a,4,Prepago,Gama media,4176.0,38.0,0
C003975,Z04,Centro,suburbana,55457,39.0,M,Soltero/a,1,Prepago,Gama media,2513.0,18.0,0
C003976,Z07,Centro,rural,15473,67.0,M,Casado/a,4,Contrato,Gama media,1287.0,4.0,0
C003977,Z03,Sur,rural,16530,40.0,M,Soltero/a,2,Prepago,Gama alta,1754.0,55.0,0
C003978,Z05,Este,urbana_premium,94471,51.0,?,Soltero/a,2,Premium,Gama alta,5798.0,31.0,0
C003979,Z16,Este,urbana_premium,72683,41.0,M,Casado/a,4,Contrato,Gama alta,2712.0,26.0,1
C003980,Z20,Oeste,suburbana,46953,40.0,M,Soltero/a,2,Contrato,Gama alta,5289.0,13.0,0
C003981,Z04,Centro,suburbana,55457,56.0,F,Soltero/a,2,Prepago,Gama media,2435.0,35.0,0
C003982,Z15,Oeste,suburbana,62939,43.0,F,Casado/a,3,Contrato,Gama media,3594.0,28.0,1
C003983,Z18,Sur,urbana_premium,56342,35.0,M,Casado/a,5,Premium,Gama alta,4374.0,28.0,0
C003984,Z09,Norte,urbana_premium,102625,53.0,M,Casado/a,5,Premium,Gama media,3615.0,23.0,1
C003985,Z13,Este,suburbana,37333,,F,Soltero/a,1,Prepago,Gama media,2821.0,19.0,1
C003986,Z04,Centro,suburbana,55457,54.0,F,Casado/a,1,Premium,Gama media,2223.0,25.0,1
C003987,Z08,Sur,rural,17023,18.0,F,Soltero/a,2,Contrato,Gama alta,4851.0,54.0,0
C003988,Z16,Este,urbana_premium,72683,41.0,M,Casado/a,3,Premium,Gama media,4828.0,57.0,0
C003989,Z30,Centro,suburbana,33966,43.0,F,Soltero/a,2,Prepago,Gama baja,1777.0,11.0,0
C003990,Z30,Centro,suburbana,33966,40.0,M,Soltero/a,1,Contrato,Gama media,1951.0,89.0,0
C003991,Z30,Centro,suburbana,33966,47.0,M,Casado/a,1,Premium,Gama alta,3777.0,36.0,0
C003992,Z15,Oeste,suburbana,62939,43.0,M,Soltero/a,1,Prepago,Gama media,3124.0,38.0,0
C003993,Z04,Centro,suburbana,55457,48.0,M,Soltero/a,2,Contrato,Gama baja,1661.0,21.0,0
C003994,Z10,Este,suburbana,27514,37.0,F,Divorciado/a,1,Premium,Gama alta,7625.0,28.0,0
C003995,Z09,Norte,urbana_premium,102625,54.0,F,Casado/a,4,Contrato,Gama media,,48.0,0
C003996,Z02,Oeste,suburbana,46400,49.0,F,Casado/a,4,Contrato,Gama media,2666.0,44.0,0
C003997,Z04,Centro,suburbana,55457,47.0,F,Divorciado/a,2,Premium,Gama media,3155.0,19.0,1
C003998,Z15,Oeste,suburbana,62939,46.0,M,Casado/a,4,Premium,Gama media,2469.0,23.0,0
C003999,Z11,Oeste,suburbana,41163,54.0,F,Casado/a,2,Premium,Gama media,4225.0,23.0,1
C004000,Z05,Este,urbana_premium,94471,48.0,F,Casado/a,4,Prepago,Gama media,4816.0,7.0,0
C004001,Z23,Norte,rural,20553,44.0,F,Casado/a,4,Contrato,Gama media,2565.0,-34.0,1
C004002,Z11,Oeste,suburbana,41163,52.0,M,Casado/a,4,Prepago,Gama baja,3056.0,21.0,1
C004003,Z27,Norte,suburbana,42704,42.0,F,Casado/a,4,Prepago,Gama alta,3783.0,41.0,0
C004004,Z09,Norte,urbana_premium,102625,59.0,F,Casado/a,2,Premium,Gama alta,3740.0,38.0,0
C004005,Z17,Sur,suburbana,56619,53.0,M,Casado/a,1,Premium,Gama alta,1847.0,18.0,0
C004006,Z06,Sur,rural,19752,37.0,F,Divorciado/a,2,Premium,Gama alta,3425.0,58.0,0
C004007,Z16,Este,urbana_premium,72683,64.0,M,Soltero/a,3,Premium,Gama alta,7426.0,22.0,0
C004008,Z05,Este,urbana_premium,94471,18.0,M,Soltero/a,2,Premium,Gama media,4145.0,69.0,0
C004009,Z05,Este,urbana_premium,94471,44.0,F,Soltero/a,2,Premium,Gama media,4176.0,25.0,0
C004010,Z19,Este,rural,12655,37.0,F,Soltero/a,1,Contrato,Gama media,2411.0,16.0,1
C004011,Z09,Norte,urbana_premium,102625,,F,Casado/a,3,Prepago,Gama baja,2538.0,,0
C004012,Z05,Este,urbana_premium,94471,39.0,M,Soltero/a,2,Prepago,Gama alta,3328.0,35.0,0
C004013,Z29,Oeste,urbana_premium,67334,26.0,F,Soltero/a,2,Premium,Gama alta,5320.0,32.0,1
C004014,Z02,Oeste,suburbana,46400,37.0,M,Soltero/a,1,Premium,Gama alta,3428.0,28.0,1
C004015,Z18,Sur,urbana_premium,56342,27.0,M,Soltero/a,3,Premium,Gama alta,7344.0,35.0,1
C004016,Z17,Sur,suburbana,56619,36.0,F,Soltero/a,1,Premium,Gama alta,,71.0,0
C004017,Z09,Norte,urbana_premium,102625,32.0,M,Casado/a,2,Premium,Gama alta,3494.0,47.0,0
C004018,Z15,Oeste,suburbana,62939,31.0,F,Soltero/a,1,Contrato,Gama media,3974.0,10.0,0
C004019,Z04,Centro,suburbana,55457,43.0,F,Casado/a,1,Contrato,Gama media,2930.0,18.0,1
C004020,Z23,Norte,rural,20553,50.0,M,Soltero/a,1,Prepago,Gama media,1375.0,36.0,0
C004021,Z08,Sur,rural,17023,33.0,M,Soltero/a,2,Premium,Gama alta,3528.0,16.0,0
C004022,Z06,Sur,rural,19752,25.0,M,Soltero/a,2,Premium,Gama alta,2923.0,,1
C004023,Z10,Este,suburbana,27514,44.0,F,Casado/a,3,Premium,Gama alta,8797.0,60.0,1
C004024,Z28,Sur,urbana_premium,64486,42.0,F,Casado/a,4,Premium,Gama media,3344.0,32.0,0
C004025,Z26,Oeste,urbana_premium,107159,45.0,F,Soltero/a,3,Premium,Gama alta,5217.0,59.0,0
C004026,Z29,Oeste,urbana_premium,67334,43.0,F,Divorciado/a,2,Prepago,Gama media,3114.0,117.0,0
C004027,Z20,Oeste,suburbana,46953,59.0,F,Casado/a,1,Premium,Gama media,2320.0,,0
C004028,Z21,Centro,rural,19103,57.0,M,Casado/a,1,Premium,Gama media,5536.0,43.0,0
C004029,Z16,Este,urbana_premium,72683,68.0,M,Divorciado/a,2,Prepago,Gama baja,1961.0,10.0,0
C004030,Z28,Sur,urbana_premium,64486,73.0,M,Casado/a,5,Premium,Gama media,3980.0,10.0,0
C004031,Z16,Este,urbana_premium,72683,18.0,F,Soltero/a,3,Premium,Gama alta,7412.0,17.0,0
C004032,Z11,Oeste,suburbana,41163,18.0,M,Soltero/a,1,Premium,Gama baja,1827.0,36.0,0
C004033,Z20,Oeste,suburbana,46953,40.0,M,Soltero/a,2,Contrato,Gama alta,2624.0,26.0,0
C004034,Z17,Sur,suburbana,56619,46.0,M,Soltero/a,1,Premium,Gama alta,4307.0,61.0,0
C004035,Z05,Este,urbana_premium,94471,35.0,M,Soltero/a,3,Premium,Gama media,2642.0,38.0,1
C004036,Z13,Este,suburbana,37333,48.0,F,Casado/a,1,Premium,Gama media,3517.0,41.0,0
C004037,Z10,Este,suburbana,27514,37.0,F,Divorciado/a,2,Prepago,Gama alta,2376.0,45.0,0
C004038,Z27,Norte,suburbana,42704,32.0,M,Soltero/a,1,Prepago,Gama media,5006.0,31.0,0
C004039,Z13,Este,suburbana,37333,33.0,F,Soltero/a,1,Premium,Gama alta,4944.0,15.0,0
C004040,Z26,Oeste,urbana_premium,107159,34.0,M,Casado/a,4,Premium,Gama alta,3401.0,113.0,0
C004041,Z15,Oeste,suburbana,62939,50.0,M,Casado/a,4,Prepago,Gama media,1147.0,9.0,0
C004042,Z26,Oeste,urbana_premium,107159,30.0,M,Casado/a,5,Contrato,Gama alta,4819.0,16.0,0
C004043,Z05,Este,urbana_premium,94471,33.0,F,Soltero/a,2,Premium,Gama media,5755.0,27.0,0
C004044,Z29,Oeste,urbana_premium,67334,43.0,F,Casado/a,4,Premium,Gama alta,4834.0,10.0,0
C004045,Z16,Este,urbana_premium,72683,34.0,F,Divorciado/a,3,Premium,Gama baja,4624.0,61.0,0
C004046,Z09,Norte,urbana_premium,102625,49.0,F,n/a,3,Premium,Gama alta,4413.0,22.0,0
C004047,Z09,Norte,urbana_premium,102625,25.0,M,Soltero/a,3,Premium,Gama baja,3569.0,11.0,0
C004048,Z09,Norte,urbana_premium,102625,22.0,F,Casado/a,4,Premium,Gama media,3077.0,-46.0,1
C004049,Z12,Norte,rural,11707,49.0,F,Casado/a,3,Premium,Gama media,2469.0,43.0,1
C004050,Z23,Norte,rural,20553,50.0,M,Soltero/a,2,Premium,Gama media,2238.0,13.0,0
C004051,Z29,Oeste,urbana_premium,67334,26.0,M,Soltero/a,3,Premium,Gama alta,5089.0,16.0,0
C004052,Z21,Centro,rural,19103,61.0,M,Casado/a,1,Prepago,Gama media,1798.0,37.0,0
C004053,Z17,Sur,suburbana,56619,63.0,NA,Soltero/a,2,Premium,Gama media,2674.0,,1
C004054,Z15,Oeste,suburbana,62939,32.0,M,Soltero/a,1,Prepago,Gama media,3195.0,20.0,1
C004055,Z26,Oeste,urbana_premium,107159,54.0,M,Casado/a,2,Contrato,Gama media,3050.0,8.0,0
C004056,Z27,Norte,suburbana,42704,18.0,F,Soltero/a,1,Contrato,Gama media,1902.0,35.0,0
C004057,Z09,Norte,urbana_premium,102625,49.0,F,Soltero/a,3,Premium,Gama alta,4976.0,57.0,0
C004058,Z29,Oeste,urbana_premium,67334,26.0,F,Soltero/a,2,Premium,Gama media,2514.0,,1
C004059,Z13,Este,suburbana,37333,,F,Casado/a,4,Prepago,Gama alta,3300.0,55.0,0
C004060,Z26,Oeste,urbana_premium,107159,24.0,F,Soltero/a,3,Premium,Gama alta,4782.0,21.0,0
C004061,Z29,Oeste,urbana_premium,67334,35.0,M,Soltero/a,3,Prepago,Gama alta,6525.0,19.0,0
C004062,Z22,Este,suburbana,53534,30.0,F,Casado/a,2,Contrato,Gama alta,6926.0,20.0,0
C004063,Z05,Este,urbana_premium,94471,33.0,F,Casado/a,3,Contrato,Gama alta,,47.0,0
C004064,Z18,Sur,urbana_premium,56342,58.0,F,Casado/a,4,Premium,Gama media,,69.0,0
C004065,Z05,Este,urbana_premium,94471,35.0,F,Soltero/a,3,Premium,Gama alta,3573.0,15.0,1
C004066,Z26,Oeste,urbana_premium,107159,61.0,M,Casado/a,4,Premium,Gama media,4407.0,59.0,0
C004067,Z09,Norte,urbana_premium,102625,31.0,F,Soltero/a,3,Premium,Gama media,3880.0,24.0,0
C004068,Z22,Este,suburbana,53534,58.0,M,Casado/a,3,Contrato,Gama media,3258.0,27.0,0
C004069,Z99,Sur,urbana_premium,64486,18.0,M,Soltero/a,2,Prepago,Gama alta,6131.0,67.0,0
C004070,Z05,Este,urbana_premium,94471,33.0,F,Soltero/a,2,Prepago,Gama media,4146.0,10.0,0
C004071,Z13,Este,suburbana,37333,34.0,F,Soltero/a,1,Contrato,Gama media,4249.0,46.0,0
C004072,Z20,Oeste,suburbana,46953,58.0,M,Casado/a,1,Prepago,Gama media,2076.0,18.0,1
C004073,Z15,Oeste,suburbana,62939,,M,Soltero/a,1,Contrato,Gama media,3649.0,,0
C004074,Z05,Este,urbana_premium,94471,18.0,F,Soltero/a,2,Premium,Gama media,2203.0,20.0,1
C004075,Z02,Oeste,suburbana,46400,24.0,M,Soltero/a,1,Premium,Gama alta,4557.0,10.0,1
C004076,Z14,Norte,rural,13074,33.0,F,Casado/a,3,Contrato,Gama media,2247.0,32.0,0
C004077,Z20,Oeste,suburbana,46953,51.0,M,Soltero/a,2,Premium,Gama media,1899.0,22.0,1
C004078,Z18,Sur,urbana_premium,56342,46.0,F,Soltero/a,2,Premium,Gama alta,3584.0,11.0,0
C004079,Z05,Este,urbana_premium,94471,32.0,M,Soltero/a,2,Prepago,Gama baja,4666.0,4.0,0
C004080,Z15,Oeste,suburbana,62939,33.0,F,Soltero/a,2,Prepago,Gama media,1994.0,36.0,0
C004081,Z12,Norte,rural,11707,54.0,F,Soltero/a,1,Premium,Gama media,1761.0,14.0,0
C004082,Z09,Norte,urbana_premium,102625,22.0,M,Soltero/a,2,Premium,Gama alta,3439.0,37.0,0
C004083,Z23,Norte,rural,20553,50.0,F,Divorciado/a,2,Contrato,Gama alta,3207.0,12.0,0
C004084,Z10,Este,suburbana,27514,44.0,F,Soltero/a,2,Premium,Gama media,1521.0,43.0,1
C004085,Z17,Sur,suburbana,56619,37.0,M,Soltero/a,2,Premium,Gama alta,3612.0,2.0,0
C004086,Z99,Oeste,urbana_premium,67334,41.0,F,Casado/a,2,Prepago,Gama media,3613.0,11.0,0
C004087,Z17,Sur,suburbana,56619,41.0,F,Soltero/a,2,Premium,Gama media,4476.0,31.0,0
C004088,Z99,Este,rural,12655,51.0,F,Casado/a,4,Prepago,Gama media,2757.0,27.0,0
C004089,Z04,Centro,suburbana,55457,24.0,F,Soltero/a,1,Premium,Gama alta,4950.0,17.0,1
C004090,Z05,Este,urbana_premium,94471,43.0,M,Divorciado/a,3,Premium,Gama media,4561.0,40.0,0
C004091,Z04,Centro,suburbana,55457,52.0,F,Casado/a,1,Contrato,Gama media,2013.0,18.0,0
C004092,Z26,Oeste,urbana_premium,107159,40.0,F,Soltero/a,2,Premium,Gama media,4589.0,,0
C004093,Z27,Norte,suburbana,42704,47.0,M,Casado/a,3,Premium,Gama media,3654.0,49.0,0
C004094,Z06,Sur,rural,19752,44.0,M,Divorciado/a,2,Premium,Gama media,1876.0,34.0,0
C004095,Z08,Sur,rural,17023,56.0,F,Casado/a,4,Contrato,Gama baja,1977.0,32.0,1
C004096,Z10,Este,suburbana,27514,41.0,F,Soltero/a,1,Prepago,Gama baja,1321.0,25.0,0
C004097,Z18,Sur,urbana_premium,56342,22.0,M,Soltero/a,3,Premium,Gama alta,5089.0,43.0,1
C004098,Z20,Oeste,suburbana,46953,50.0,M,Casado/a,3,Contrato,Gama media,2913.0,1.0,1
C004099,Z22,Este,suburbana,53534,20.0,F,Soltero/a,1,Premium,Gama alta,2504.0,27.0,0
C004100,Z28,Sur,urbana_premium,64486,39.0,M,Soltero/a,3,Premium,Gama media,2758.0,56.0,0
C004101,Z09,Norte,urbana_premium,102625,31.0,F,Soltero/a,3,Contrato,Gama media,3295.0,29.0,0
C004102,Z21,Centro,rural,19103,40.0,F,Divorciado/a,1,Prepago,Gama alta,2771.0,13.0,1
C004103,Z17,Sur,suburbana,56619,42.0,F,Soltero/a,1,Prepago,Gama media,,29.0,1
C004104,Z09,Norte,urbana_premium,102625,27.0,M,Soltero/a,3,Premium,Gama media,3484.0,46.0,1
C004105,Z28,Sur,urbana_premium,64486,42.0,F,Casado/a,5,Premium,Gama media,2549.0,43.0,0
C004106,Z04,Centro,suburbana,55457,41.0,F,Soltero/a,2,Contrato,Gama alta,2702.0,13.0,0
C004107,Z22,Este,suburbana,53534,33.0,F,Soltero/a,2,Premium,Gama media,2272.0,23.0,0
C004108,Z23,Norte,rural,20553,61.0,M,Casado/a,2,Premium,Gama baja,2193.0,40.0,1
C004109,Z28,Sur,urbana_premium,64486,,F,Soltero/a,3,Premium,Gama media,4847.0,26.0,1
C004110,Z17,Sur,suburbana,56619,48.0,F,Casado/a,1,Premium,Gama media,2513.0,88.0,1
C004111,Z10,Este,suburbana,27514,57.0,F,Soltero/a,1,Premium,Gama alta,5447.0,47.0,0
C004112,Z26,Oeste,urbana_premium,107159,53.0,M,Casado/a,3,Premium,Gama media,3188.0,33.0,0
C004113,Z26,Oeste,urbana_premium,107159,43.0,M,Casado/a,2,Premium,Gama media,,28.0,1
C004114,Z16,Este,urbana_premium,72683,32.0,M,Soltero/a,3,Premium,Gama media,3597.0,20.0,0
C004115,Z26,Oeste,urbana_premium,107159,19.0,M,Soltero/a,2,Premium,Gama media,3147.0,25.0,0
C004116,Z09,Norte,urbana_premium,102625,38.0,F,Casado/a,3,Premium,Gama media,12000.0,50.0,0
C004117,Z18,Sur,urbana_premium,56342,49.0,F,Soltero/a,3,Prepago,Gama media,3305.0,34.0,0
C004118,Z27,Norte,suburbana,42704,44.0,F,Soltero/a,2,Prepago,Gama media,1772.0,,0
C004119,Z10,Este,suburbana,27514,18.0,M,Soltero/a,1,Prepago,Gama media,3024.0,15.0,0
C004120,Z16,Este,urbana_premium,72683,46.0,M,Divorciado/a,2,Prepago,Gama alta,3615.0,36.0,0
C004121,Z29,Oeste,urbana_premium,67334,47.0,M,Casado/a,5,Premium,Gama media,2545.0,28.0,0
C004122,Z26,Oeste,urbana_premium,107159,32.0,M,Soltero/a,3,Premium,Gama alta,4341.0,15.0,1
C004123,Z28,Sur,urbana_premium,64486,48.0,F,Casado/a,5,Premium,Gama alta,4666.0,58.0,1
C004124,Z13,Este,suburbana,37333,48.0,M,Casado/a,1,Prepago,Gama media,3067.0,34.0,0
C004125,Z30,Centro,suburbana,33966,32.0,M,Soltero/a,1,Contrato,Gama media,2715.0,38.0,0
C004126,Z05,Este,urbana_premium,94471,,F,Casado/a,3,Prepago,Gama alta,3365.0,6.0,0
C004127,Z17,Sur,suburbana,56619,25.0,M,Soltero/a,1,Premium,Gama media,,16.0,1
C004128,Z16,Este,urbana_premium,72683,35.0,M,Casado/a,3,Premium,Gama alta,2444.0,14.0,0
C004129,Z26,Oeste,urbana_premium,107159,34.0,F,Casado/a,3,Premium,Gama alta,6437.0,13.0,0
C004130,Z28,Sur,urbana_premium,64486,26.0,M,Soltero/a,2,Contrato,Gama alta,8984.0,53.0,1
C004131,Z24,Centro,rural,12558,49.0,F,Casado/a,2,Contrato,Gama media,1621.0,12.0,1
C004132,Z20,Oeste,suburbana,46953,56.0,M,Divorciado/a,1,Prepago,Gama media,2414.0,32.0,0
C004133,Z15,Oeste,suburbana,62939,55.0,F,Casado/a,1,Contrato,Gama media,2041.0,31.0,0
C004134,Z16,Este,urbana_premium,72683,45.0,M,Soltero/a,3,Premium,Gama media,5228.0,16.0,0
C004135,Z16,Este,urbana_premium,72683,18.0,M,Casado/a,2,Contrato,Gama alta,2683.0,56.0,0
C004136,Z02,Oeste,suburbana,46400,24.0,F,Soltero/a,1,Premium,Gama alta,3806.0,26.0,1
C004137,Z16,Este,urbana_premium,72683,38.0,M,Soltero/a,2,Premium,Gama media,4446.0,50.0,1
C004138,Z27,Norte,suburbana,42704,40.0,M,Divorciado/a,2,Premium,Gama alta,2825.0,24.0,0
C004139,Z22,Este,suburbana,53534,34.0,M,Soltero/a,1,Contrato,Gama alta,4798.0,15.0,0
C004140,Z26,Oeste,urbana_premium,107159,59.0,M,Casado/a,5,Prepago,Gama media,3387.0,5.0,0
C004141,Z13,Este,suburbana,37333,41.0,M,Soltero/a,1,Premium,Gama alta,2983.0,26.0,0
C004142,Z17,Sur,suburbana,56619,47.0,F,Casado/a,3,Contrato,Gama media,1947.0,60.0,0
C004143,Z02,Oeste,suburbana,46400,52.0,M,Soltero/a,2,Prepago,Gama baja,1268.0,36.0,0
C004144,Z13,Este,suburbana,37333,41.0,F,Soltero/a,1,Premium,Gama media,4320.0,45.0,0
C004145,Z16,Este,urbana_premium,72683,67.0,M,Soltero/a,2,Premium,Gama alta,3083.0,54.0,0
C004146,Z99,Norte,urbana_premium,102625,25.0,M,Casado/a,3,Premium,Gama alta,5737.0,46.0,0
C004147,Z02,Oeste,suburbana,46400,33.0,F,desconocido,2,Contrato,Gama media,2635.0,11.0,0
C004148,Z22,Este,suburbana,53534,29.0,F,Soltero/a,1,Contrato,Gama media,2870.0,20.0,0
C004149,Z15,Oeste,suburbana,62939,59.0,F,Casado/a,3,Premium,Gama alta,3204.0,45.0,1
C004150,Z15,Oeste,suburbana,62939,50.0,M,Casado/a,3,Contrato,Gama media,2468.0,54.0,1
C004151,Z09,Norte,urbana_premium,102625,29.0,M,Casado/a,2,Premium,Gama media,2175.0,32.0,0
C004152,Z17,Sur,suburbana,56619,30.0,F,desconocido,2,Prepago,Gama media,2197.0,42.0,0
C004153,Z15,Oeste,suburbana,62939,57.0,M,Divorciado/a,2,Prepago,Gama alta,2138.0,14.0,0
C004154,Z16,Este,urbana_premium,72683,,M,Divorciado/a,3,Prepago,Gama media,3783.0,77.0,0
C004155,Z18,Sur,urbana_premium,56342,53.0,M,Soltero/a,2,Prepago,Gama media,,36.0,0
C004156,Z01,Centro,rural,16625,44.0,M,Soltero/a,2,Prepago,Gama baja,1801.0,32.0,0
C004157,Z28,Sur,urbana_premium,64486,42.0,F,Soltero/a,3,Premium,Gama alta,3697.0,40.0,1
C004158,Z04,Centro,suburbana,55457,44.0,F,Casado/a,2,Premium,Gama media,3241.0,105.0,1
C004159,Z15,Oeste,suburbana,62939,33.0,F,Casado/a,2,Contrato,Gama media,2258.0,11.0,0
C004160,Z07,Centro,rural,15473,43.0,?,Divorciado/a,1,Prepago,Gama alta,,10.0,0
C004161,Z17,Sur,suburbana,56619,26.0,F,Soltero/a,2,Premium,Gama media,4382.0,28.0,0
C004162,Z09,Norte,urbana_premium,102625,42.0,F,Soltero/a,3,Premium,Gama alta,4393.0,14.0,1
C004163,Z27,Norte,suburbana,42704,49.0,F,Soltero/a,2,Contrato,Gama alta,2929.0,3.0,0
C004164,Z13,Este,suburbana,37333,52.0,F,Soltero/a,2,Prepago,Gama baja,2221.0,41.0,0
C004165,Z20,Oeste,suburbana,46953,48.0,F,Casado/a,1,Premium,Gama media,2860.0,39.0,0
C004166,Z09,Norte,urbana_premium,102625,34.0,M,Casado/a,5,Contrato,Gama media,2941.0,51.0,0
C004167,Z02,Oeste,suburbana,46400,59.0,F,Divorciado/a,2,Premium,Gama baja,2428.0,5.0,0
C004168,Z14,Norte,rural,13074,56.0,F,Casado/a,3,Prepago,Gama media,2224.0,51.0,0
C004169,Z17,Sur,suburbana,56619,57.0,F,Casado/a,2,Premium,Gama media,2772.0,28.0,0
C004170,Z15,Oeste,suburbana,62939,57.0,F,Divorciado/a,2,Prepago,Gama alta,4279.0,36.0,1
C004171,Z29,Oeste,urbana_premium,67334,34.0,M,Soltero/a,3,Premium,Gama alta,3116.0,57.0,0
C004172,Z22,Este,suburbana,53534,45.0,F,Soltero/a,2,Prepago,Gama baja,,-46.0,0
C004173,Z30,Centro,suburbana,33966,49.0,M,Casado/a,1,Premium,Gama media,2534.0,57.0,1
C004174,Z09,Norte,urbana_premium,102625,22.0,F,Soltero/a,2,Prepago,Gama media,2783.0,36.0,1
C004175,Z26,Oeste,urbana_premium,107159,22.0,M,Soltero/a,3,Premium,Gama alta,4733.0,55.0,1
C004176,Z17,Sur,suburbana,56619,24.0,M,Soltero/a,1,Contrato,Gama media,3452.0,12.0,0
C004177,Z19,Este,rural,12655,44.0,F,Divorciado/a,1,Prepago,Gama baja,1882.0,7.0,0
C004178,Z30,Centro,suburbana,33966,36.0,F,Casado/a,3,Contrato,Gama alta,998.0,6.0,0
C004179,Z99,Oeste,suburbana,46953,23.0,F,Soltero/a,2,Premium,Gama media,4413.0,59.0,1
C004180,Z28,Sur,urbana_premium,64486,38.0,M,Soltero/a,3,Premium,Gama media,5024.0,10.0,1
C004181,Z23,Norte,rural,20553,44.0,M,Casado/a,4,Prepago,Gama media,3477.0,36.0,1
C004182,Z05,Este,urbana_premium,94471,50.0,M,Soltero/a,3,Premium,Gama alta,5841.0,10.0,1
C004183,Z22,Este,suburbana,53534,64.0,M,Divorciado/a,2,Premium,Gama media,2996.0,56.0,0
C004184,Z16,Este,urbana_premium,72683,41.0,F,Soltero/a,2,Contrato,Gama alta,3309.0,7.0,0
C004185,Z28,Sur,urbana_premium,64486,28.0,F,Casado/a,5,Premium,Gama media,2045.0,8.0,0
C004186,Z26,Oeste,urbana_premium,107159,44.0,M,Casado/a,4,Premium,Gama alta,4014.0,14.0,1
C004187,Z04,Centro,suburbana,55457,40.0,F,Casado/a,3,Contrato,Gama media,2547.0,6.0,0
C004188,Z05,Este,urbana_premium,94471,33.0,M,Casado/a,4,Contrato,Gama media,2910.0,15.0,0
C004189,Z04,Centro,suburbana,55457,30.0,M,Soltero/a,2,Premium,Gama media,1853.0,46.0,1
C004190,Z16,Este,urbana_premium,72683,30.0,M,Soltero/a,3,Contrato,Gama media,2669.0,72.0,0
C004191,Z04,Centro,suburbana,55457,,M,Casado/a,2,Contrato,Gama media,1861.0,12.0,0
C004192,Z23,Norte,rural,20553,55.0,F,Soltero/a,2,Contrato,Gama media,3286.0,16.0,1
C004193,Z17,Sur,suburbana,56619,46.0,?,Divorciado/a,2,Premium,Gama media,4405.0,67.0,0
C004194,Z27,Norte,suburbana,42704,62.0,M,Casado/a,3,Prepago,Gama media,2299.0,25.0,0
C004195,Z09,Norte,urbana_premium,102625,44.0,F,Soltero/a,3,Premium,Gama alta,5876.0,70.0,0
C004196,Z17,Sur,suburbana,56619,45.0,F,Divorciado/a,2,Prepago,Gama media,3090.0,11.0,0
C004197,Z05,Este,urbana_premium,94471,32.0,F,Soltero/a,3,Contrato,Gama alta,6399.0,21.0,0
C004198,Z28,Sur,urbana_premium,64486,24.0,F,Soltero/a,3,Premium,Gama alta,4716.0,18.0,0
C004199,Z05,Este,urbana_premium,94471,29.0,F,Soltero/a,2,Premium,Gama media,4776.0,35.0,1
C004200,Z04,Centro,suburbana,55457,32.0,F,Soltero/a,2,Contrato,Gama media,,23.0,0
C004201,Z07,Centro,rural,15473,18.0,M,Casado/a,1,Prepago,Gama media,1803.0,27.0,0
C004202,Z26,Oeste,urbana_premium,107159,24.0,M,Soltero/a,2,Contrato,Gama media,2411.0,43.0,0
C004203,Z04,Centro,suburbana,55457,59.0,F,Casado/a,3,Prepago,Gama media,3203.0,61.0,0
C004204,Z19,Este,rural,12655,49.0,F,Casado/a,4,Contrato,Gama media,2245.0,9.0,0
C004205,Z25,Oeste,rural,11763,40.0,F,Casado/a,3,Premium,Gama alta,5766.0,39.0,1
C004206,Z26,Oeste,urbana_premium,107159,41.0,F,Casado/a,2,Premium,Gama alta,4973.0,50.0,1
C004207,Z06,Sur,rural,19752,22.0,F,Soltero/a,1,Prepago,Gama media,1727.0,,0
C004208,Z03,Sur,rural,16530,48.0,F,Soltero/a,2,Prepago,Gama media,2254.0,8.0,0
C004209,Z15,Oeste,suburbana,62939,55.0,F,Casado/a,4,Contrato,Gama alta,2620.0,47.0,1
C004210,Z07,Centro,rural,15473,44.0,M,Soltero/a,2,Contrato,Gama media,2290.0,17.0,0
C004211,Z22,Este,suburbana,53534,19.0,NA,Soltero/a,1,Prepago,Gama alta,1884.0,63.0,0
C004212,Z11,Oeste,suburbana,41163,35.0,M,Soltero/a,1,Prepago,Gama media,4095.0,6.0,0
C004213,Z15,Oeste,suburbana,62939,55.0,M,Casado/a,2,Premium,Gama media,2596.0,37.0,0
C004214,Z05,Este,urbana_premium,94471,39.0,F,Casado/a,5,Premium,Gama media,4813.0,76.0,1
C004215,Z18,Sur,urbana_premium,56342,19.0,M,Soltero/a,3,Prepago,Gama alta,3099.0,11.0,0
C004216,Z06,Sur,rural,19752,73.0,F,Soltero/a,1,Prepago,Gama media,2020.0,38.0,0
C004217,Z22,Este,suburbana,53534,25.0,M,Soltero/a,1,Premium,Gama media,3669.0,21.0,0
C004218,Z04,Centro,suburbana,55457,37.0,F,Soltero/a,2,Premium,Gama media,1444.0,27.0,0
C004219,Z30,Centro,suburbana,33966,28.0,M,Soltero/a,1,Contrato,Gama media,4211.0,21.0,1
C004220,Z22,Este,suburbana,53534,28.0,F,Casado/a,4,Contrato,Gama media,4986.0,31.0,0
C004221,Z05,Este,urbana_premium,94471,31.0,M,Casado/a,2,Premium,Gama baja,6359.0,45.0,1
C004222,Z02,Oeste,suburbana,46400,48.0,F,Casado/a,3,Contrato,Gama media,2332.0,13.0,0
C004223,Z11,Oeste,suburbana,41163,55.0,F,Divorciado/a,2,Contrato,Gama media,3313.0,86.0,0
C004224,Z05,Este,urbana_premium,94471,31.0,F,n/a,3,Contrato,Gama media,3274.0,7.0,0
C004225,Z08,Sur,rural,17023,33.0,F,Soltero/a,1,Contrato,Gama baja,1380.0,44.0,1
C004226,Z28,Sur,urbana_premium,64486,42.0,F,Soltero/a,3,Premium,Gama media,3948.0,22.0,0
C004227,Z18,Sur,urbana_premium,56342,42.0,F,Soltero/a,2,Premium,Gama media,2299.0,72.0,0
C004228,Z05,Este,urbana_premium,94471,,M,Casado/a,3,Contrato,Gama media,4721.0,13.0,0
C004229,Z17,Sur,suburbana,56619,43.0,F,Casado/a,4,Contrato,Gama alta,3970.0,5.0,0
C004230,Z09,Norte,urbana_premium,102625,35.0,M,Soltero/a,3,Premium,Gama media,6015.0,49.0,0
C004231,Z30,Centro,suburbana,33966,41.0,M,Divorciado/a,1,Contrato,Gama media,3567.0,23.0,0
C004232,Z02,Oeste,suburbana,46400,38.0,M,Soltero/a,2,Prepago,Gama media,2579.0,67.0,0
C004233,Z24,Centro,rural,12558,58.0,M,Casado/a,3,Premium,Gama alta,2173.0,39.0,0
C004234,Z26,Oeste,urbana_premium,107159,63.0,M,Casado/a,2,Premium,Gama alta,3996.0,31.0,1
C004235,Z04,Centro,suburbana,55457,42.0,X,Casado/a,3,Premium,Gama alta,4974.0,73.0,0
C004236,Z05,Este,urbana_premium,94471,36.0,F,Divorciado/a,2,Premium,Gama alta,6410.0,41.0,1
C004237,Z13,Este,suburbana,37333,43.0,F,Casado/a,2,Premium,Gama media,2894.0,30.0,0
C004238,Z28,Sur,urbana_premium,64486,28.0,M,Soltero/a,3,Prepago,Gama alta,5399.0,21.0,1
C004239,Z17,Sur,suburbana,56619,49.0,F,Casado/a,4,Premium,Gama media,2488.0,49.0,1
C004240,Z21,Centro,rural,19103,50.0,M,Casado/a,1,Premium,Gama media,2705.0,18.0,0
C004241,Z26,Oeste,urbana_premium,107159,,M,Soltero/a,2,Premium,Gama alta,3387.0,73.0,0
C004242,Z26,Oeste,urbana_premium,107159,47.0,M,Casado/a,4,Premium,Gama alta,4169.0,24.0,0
C004243,Z16,Este,urbana_premium,72683,36.0,F,Soltero/a,2,Premium,Gama media,2871.0,20.0,0
C004244,Z16,Este,urbana_premium,72683,24.0,F,Soltero/a,2,Premium,Gama media,2328.0,19.0,0
C004245,Z23,Norte,rural,20553,,M,Casado/a,3,Premium,Gama media,1501.0,,0
C004246,Z09,Norte,urbana_premium,102625,39.0,M,Casado/a,3,Premium,Gama alta,4694.0,70.0,1
C004247,Z27,Norte,suburbana,42704,52.0,M,Casado/a,1,Contrato,Gama media,2018.0,39.0,0
C004248,Z02,Oeste,suburbana,46400,50.0,M,Casado/a,1,Premium,Gama media,2645.0,44.0,0
C004249,Z06,Sur,rural,19752,44.0,F,Soltero/a,1,Contrato,Gama media,3170.0,40.0,0
C004250,Z26,Oeste,urbana_premium,107159,30.0,F,Soltero/a,3,Premium,Gama alta,5665.0,32.0,0
C004251,Z11,Oeste,suburbana,41163,40.0,F,Casado/a,1,Prepago,Gama media,2116.0,27.0,1
C004252,Z05,Este,urbana_premium,94471,40.0,F,Casado/a,5,Prepago,Gama media,1652.0,12.0,0
C004253,Z06,Sur,rural,19752,51.0,M,Soltero/a,1,Prepago,Gama media,1752.0,54.0,0
C004254,Z17,Sur,suburbana,56619,44.0,F,Casado/a,2,Prepago,Gama media,3198.0,76.0,0
C004255,Z27,Norte,suburbana,42704,39.0,F,Soltero/a,1,Premium,Gama media,3770.0,20.0,1
C004256,Z04,Centro,suburbana,55457,52.0,M,Casado/a,1,Premium,Gama media,1973.0,10.0,0
C004257,Z02,Oeste,suburbana,46400,32.0,F,Casado/a,2,Prepago,Gama baja,1606.0,28.0,0
C004258,Z16,Este,urbana_premium,72683,66.0,M,Casado/a,2,Premium,Gama baja,2786.0,45.0,0
C004259,Z29,Oeste,urbana_premium,67334,45.0,F,Soltero/a,2,Premium,Gama media,3192.0,57.0,1
C004260,Z09,Norte,urbana_premium,102625,22.0,F,Soltero/a,2,Premium,Gama baja,7948.0,,0
C004261,Z29,Oeste,urbana_premium,67334,38.0,F,Casado/a,4,Prepago,Gama baja,3978.0,36.0,0
C004262,Z28,Sur,urbana_premium,64486,45.0,F,Soltero/a,3,Contrato,Gama alta,4803.0,29.0,0
C004263,Z09,Norte,urbana_premium,102625,32.0,F,Soltero/a,2,Premium,Gama alta,,35.0,1
C004264,Z26,Oeste,urbana_premium,107159,18.0,M,Soltero/a,3,Prepago,Gama media,3270.0,3.0,0
C004265,Z22,Este,suburbana,53534,28.0,F,Soltero/a,1,Contrato,Gama alta,3088.0,11.0,0
C004266,Z16,Este,urbana_premium,72683,43.0,F,Soltero/a,3,Premium,Gama media,4182.0,36.0,0
C004267,Z15,Oeste,suburbana,62939,19.0,F,Soltero/a,1,Premium,Gama alta,3686.0,46.0,1
C004268,Z26,Oeste,urbana_premium,107159,19.0,F,Casado/a,4,Premium,Gama media,3659.0,31.0,0
C004269,Z26,Oeste,urbana_premium,107159,42.0,M,Casado/a,2,Premium,Gama alta,,52.0,0
C004270,Z26,Oeste,urbana_premium,107159,33.0,M,Soltero/a,3,Premium,Gama alta,5632.0,42.0,0
C004271,Z30,Centro,suburbana,33966,32.0,F,Casado/a,2,Premium,Gama media,,40.0,0
C004272,Z16,Este,urbana_premium,72683,30.0,F,Soltero/a,3,Premium,Gama media,4992.0,40.0,0
C004273,Z26,Oeste,urbana_premium,107159,18.0,F,Soltero/a,3,Premium,Gama alta,4386.0,55.0,0
C004274,Z27,Norte,suburbana,42704,46.0,M,Divorciado/a,1,Premium,Gama alta,7568.0,33.0,0
C004275,Z08,Sur,rural,17023,35.0,M,Soltero/a,2,Prepago,Gama media,3177.0,27.0,0
C004276,Z02,Oeste,suburbana,46400,34.0,F,Soltero/a,2,Contrato,Gama media,3412.0,27.0,0
C004277,Z14,Norte,rural,13074,49.0,M,Soltero/a,2,Prepago,Gama alta,1902.0,25.0,0
C004278,Z27,Norte,suburbana,42704,37.0,F,Soltero/a,1,Prepago,Gama media,2075.0,41.0,0
C004279,Z09,Norte,urbana_premium,102625,28.0,F,Soltero/a,3,Premium,Gama media,4604.0,32.0,0
C004280,Z22,Este,suburbana,53534,18.0,M,Soltero/a,1,Prepago,Gama baja,1639.0,30.0,0
C004281,Z01,Centro,rural,16625,49.0,F,Casado/a,4,Contrato,Gama alta,4098.0,24.0,0
C004282,Z11,Oeste,suburbana,41163,41.0,F,Soltero/a,1,Prepago,Gama media,1450.0,24.0,0
C004283,Z19,Este,rural,12655,39.0,F,Soltero/a,2,Prepago,Gama baja,1619.0,10.0,0
C004284,Z05,Este,urbana_premium,94471,24.0,M,Soltero/a,2,Contrato,Gama media,5432.0,5.0,1
C004285,Z28,Sur,urbana_premium,64486,36.0,F,Soltero/a,3,Prepago,Gama media,3780.0,16.0,0
C004286,Z05,Este,urbana_premium,94471,42.0,M,Soltero/a,2,Premium,Gama alta,4081.0,51.0,0
C004287,Z28,Sur,urbana_premium,64486,37.0,M,Soltero/a,2,Premium,Gama alta,3009.0,60.0,0
C004288,Z08,Sur,rural,17023,65.0,F,Casado/a,2,Prepago,Gama media,2220.0,12.0,0
C004289,Z30,Centro,suburbana,33966,48.0,M,Casado/a,2,Prepago,Gama media,3788.0,14.0,1
C004290,Z18,Sur,urbana_premium,56342,35.0,F,Soltero/a,2,Prepago,Gama media,2860.0,44.0,0
C004291,Z04,Centro,suburbana,55457,49.0,M,Divorciado/a,2,Premium,Gama media,2720.0,18.0,1
C004292,Z04,Centro,suburbana,55457,41.0,M,Casado/a,4,Premium,Gama alta,2986.0,27.0,0
C004293,Z04,Centro,suburbana,55457,41.0,F,Casado/a,4,Contrato,Gama media,2711.0,9.0,0
C004294,Z18,Sur,urbana_premium,56342,52.0,F,Soltero/a,3,Premium,Gama alta,4978.0,62.0,0
C004295,Z26,Oeste,urbana_premium,107159,25.0,M,Soltero/a,2,Premium,Gama alta,4495.0,52.0,0
C004296,Z14,Norte,rural,13074,45.0,M,Soltero/a,2,Contrato,Gama media,2238.0,21.0,1
C004297,Z15,Oeste,suburbana,62939,54.0,F,Soltero/a,2,Prepago,Gama media,1641.0,20.0,0
C004298,Z18,Sur,urbana_premium,56342,40.0,F,Soltero/a,3,Premium,Gama alta,5789.0,54.0,0
C004299,Z17,Sur,suburbana,56619,36.0,M,Soltero/a,1,Prepago,Gama media,2157.0,42.0,0
C004300,Z22,Este,suburbana,53534,20.0,M,Soltero/a,2,Prepago,Gama alta,5550.0,12.0,1
C004301,Z16,Este,urbana_premium,72683,18.0,F,Soltero/a,2,Premium,Gama media,2848.0,20.0,0
C004302,Z23,Norte,rural,20553,70.0,M,Casado/a,3,Contrato,Gama media,2538.0,3.0,0
C004303,Z30,Centro,suburbana,33966,44.0,F,Casado/a,3,Premium,Gama media,3724.0,63.0,0
C004304,Z11,Oeste,suburbana,41163,33.0,F,Casado/a,3,Contrato,Gama media,2783.0,53.0,0
C004305,Z01,Centro,rural,16625,49.0,M,Soltero/a,1,Prepago,Gama media,2589.0,-27.0,0
C004306,Z05,Este,urbana_premium,94471,25.0,M,Casado/a,5,Contrato,Gama media,3467.0,34.0,0
C004307,Z17,Sur,suburbana,56619,36.0,F,n/a,3,Premium,Gama media,5775.0,23.0,0
C004308,Z11,Oeste,suburbana,41163,29.0,M,Soltero/a,2,Prepago,Gama baja,3200.0,13.0,0
C004309,Z29,Oeste,urbana_premium,67334,19.0,F,Soltero/a,3,Premium,Gama media,3675.0,26.0,0
C004310,Z20,Oeste,suburbana,46953,18.0,M,Soltero/a,2,Prepago,Gama alta,3247.0,5.0,0
C004311,Z17,Sur,suburbana,56619,21.0,F,Soltero/a,2,Premium,Gama alta,4431.0,21.0,0
C004312,Z26,Oeste,urbana_premium,107159,48.0,F,Casado/a,5,Premium,Gama media,4388.0,19.0,0
C004313,Z09,Norte,urbana_premium,102625,24.0,F,Soltero/a,2,Premium,Gama media,4081.0,39.0,0
C004314,Z26,Oeste,urbana_premium,107159,42.0,M,Soltero/a,2,Premium,Gama media,2317.0,79.0,0
C004315,Z01,Centro,rural,16625,56.0,F,Soltero/a,1,Premium,Gama media,3479.0,25.0,1
C004316,Z20,Oeste,suburbana,46953,40.0,F,Casado/a,2,Prepago,Gama media,3370.0,7.0,0
C004317,Z29,Oeste,urbana_premium,67334,32.0,M,Soltero/a,3,Prepago,Gama media,3275.0,11.0,0
C004318,Z26,Oeste,urbana_premium,107159,38.0,F,Casado/a,4,Premium,Gama alta,4291.0,22.0,0
C004319,Z27,Norte,suburbana,42704,35.0,F,Soltero/a,1,Premium,Gama alta,4850.0,48.0,0
C004320,Z13,Este,suburbana,37333,,M,desconocido,3,Contrato,Gama media,3829.0,46.0,1
C004321,Z26,Oeste,urbana_premium,107159,59.0,F,Casado/a,3,Premium,Gama alta,7624.0,44.0,0
C004322,Z17,Sur,suburbana,56619,57.0,M,Casado/a,3,Prepago,Gama media,4048.0,9.0,1
C004323,Z20,Oeste,suburbana,46953,18.0,M,Soltero/a,2,Prepago,Gama media,1517.0,47.0,0
C004324,Z03,Sur,rural,16530,40.0,M,Soltero/a,2,Prepago,Gama media,3610.0,7.0,0
C004325,Z07,Centro,rural,15473,45.0,M,Casado/a,3,Prepago,Gama baja,1261.0,29.0,1
C004326,Z17,Sur,suburbana,56619,46.0,M,Casado/a,2,Premium,Gama alta,4783.0,46.0,0
C004327,Z03,Sur,rural,16530,24.0,M,Soltero/a,2,Premium,Gama media,3165.0,35.0,1
C004328,Z25,Oeste,rural,11763,,F,Soltero/a,1,Contrato,Gama media,4180.0,25.0,0
C004329,Z27,Norte,suburbana,42704,56.0,F,Casado/a,3,Contrato,Gama media,3481.0,15.0,0
C004330,Z29,Oeste,urbana_premium,67334,29.0,M,Soltero/a,2,Premium,Gama media,4231.0,10.0,1
C004331,Z04,Centro,suburbana,55457,22.0,F,Soltero/a,1,Premium,Gama alta,4599.0,66.0,0
C004332,Z29,Oeste,urbana_premium,67334,23.0,F,Soltero/a,3,Premium,Gama alta,2535.0,27.0,0
C004333,Z04,Centro,suburbana,55457,45.0,F,Casado/a,4,Contrato,Gama media,3023.0,22.0,0
C004334,Z16,Este,urbana_premium,72683,26.0,F,Soltero/a,2,Premium,Gama media,3532.0,67.0,0
C004335,Z27,Norte,suburbana,42704,43.0,M,Soltero/a,1,Premium,Gama media,2565.0,13.0,0
C004336,Z04,Centro,suburbana,55457,28.0,M,Soltero/a,2,Premium,Gama alta,2441.0,75.0,1
C004337,Z02,Oeste,suburbana,46400,19.0,M,Soltero/a,2,Premium,Gama alta,3151.0,19.0,1
C004338,Z02,Oeste,suburbana,46400,57.0,M,Casado/a,1,Premium,Gama media,3833.0,27.0,0
C004339,Z16,Este,urbana_premium,72683,41.0,F,Soltero/a,3,Premium,Gama alta,6442.0,30.0,1
C004340,Z26,Oeste,urbana_premium,107159,32.0,M,Soltero/a,3,Contrato,Gama media,3464.0,-21.0,1
C004341,Z05,Este,urbana_premium,94471,30.0,F,Soltero/a,3,Premium,Gama media,3366.0,10.0,0
C004342,Z05,Este,urbana_premium,94471,54.0,F,Soltero/a,2,Prepago,Gama media,1426.0,29.0,0
C004343,Z18,Sur,urbana_premium,56342,43.0,F,Casado/a,5,Premium,Gama alta,6391.0,57.0,0
C004344,Z09,Norte,urbana_premium,102625,50.0,F,Casado/a,3,Contrato,Gama media,2380.0,-22.0,1
C004345,Z24,Centro,rural,12558,38.0,F,Soltero/a,2,Premium,Gama media,2747.0,36.0,1
C004346,Z29,Oeste,urbana_premium,67334,37.0,F,Casado/a,5,Premium,Gama media,4240.0,31.0,0
C004347,Z99,Oeste,urbana_premium,107159,41.0,F,Divorciado/a,2,Premium,Gama alta,5413.0,48.0,0
C004348,Z28,Sur,urbana_premium,64486,29.0,M,Soltero/a,3,Premium,Gama media,2813.0,21.0,1
C004349,Z17,Sur,suburbana,56619,39.0,M,Casado/a,3,Prepago,Gama media,3644.0,47.0,0
C004350,Z26,Oeste,urbana_premium,107159,29.0,M,Soltero/a,3,Premium,Gama alta,6768.0,24.0,0
C004351,Z06,Sur,rural,19752,50.0,F,Casado/a,1,Contrato,Gama media,2518.0,30.0,0
C004352,Z04,Centro,suburbana,55457,24.0,M,Soltero/a,2,Contrato,Gama media,2194.0,29.0,0
C004353,Z21,Centro,rural,19103,52.0,M,Casado/a,2,Premium,Gama media,1389.0,54.0,0
C004354,Z03,Sur,rural,16530,49.0,M,Casado/a,1,Premium,Gama alta,3909.0,71.0,1
C004355,Z28,Sur,urbana_premium,64486,34.0,F,Soltero/a,3,Contrato,Gama alta,3282.0,16.0,1
C004356,Z22,Este,suburbana,53534,45.0,M,Casado/a,2,Premium,Gama media,2740.0,31.0,0
C004357,Z29,Oeste,urbana_premium,67334,32.0,M,Divorciado/a,2,Premium,Gama alta,9274.0,58.0,1
C004358,Z10,Este,suburbana,27514,32.0,M,Casado/a,3,Premium,Gama alta,4118.0,31.0,0
C004359,Z16,Este,urbana_premium,72683,43.0,M,Soltero/a,2,Premium,Gama alta,5716.0,18.0,1
C004360,Z25,Oeste,rural,11763,52.0,F,Casado/a,3,Prepago,Gama alta,4124.0,71.0,0
C004361,Z09,Norte,urbana_premium,102625,30.0,M,Soltero/a,2,Contrato,Gama media,2217.0,44.0,0
C004362,Z17,Sur,suburbana,56619,33.0,M,Divorciado/a,2,Prepago,Gama media,5101.0,24.0,1
C004363,Z21,Centro,rural,19103,43.0,F,Casado/a,1,Premium,Gama baja,4166.0,27.0,0
C004364,Z30,Centro,suburbana,33966,33.0,M,Soltero/a,1,Prepago,Gama media,2550.0,12.0,1
C004365,Z25,Oeste,rural,11763,63.0,F,Casado/a,2,Contrato,Gama media,3021.0,13.0,0
C004366,Z05,Este,urbana_premium,94471,40.0,F,Casado/a,4,Prepago,Gama baja,5370.0,40.0,0
C004367,Z16,Este,urbana_premium,72683,36.0,M,Casado/a,3,Contrato,Gama media,2988.0,54.0,0
C004368,Z18,Sur,urbana_premium,56342,25.0,M,Casado/a,3,Premium,Gama alta,5272.0,14.0,1
C004369,Z05,Este,urbana_premium,94471,45.0,M,Casado/a,4,Prepago,Gama media,3065.0,17.0,1
C004370,Z15,Oeste,suburbana,62939,33.0,M,Soltero/a,1,Contrato,Gama alta,7385.0,7.0,0
C004371,Z09,Norte,urbana_premium,102625,28.0,M,Soltero/a,2,Premium,Gama alta,4050.0,22.0,0
C004372,Z05,Este,urbana_premium,94471,45.0,F,Casado/a,3,Contrato,Gama media,4668.0,20.0,0
C004373,Z16,Este,urbana_premium,72683,41.0,M,Casado/a,4,Contrato,Gama media,2165.0,28.0,0
C004374,Z05,Este,urbana_premium,94471,18.0,M,Soltero/a,3,Premium,Gama alta,4397.0,10.0,0
C004375,Z18,Sur,urbana_premium,56342,34.0,F,Soltero/a,3,Premium,Gama media,5866.0,28.0,1
C004376,Z05,Este,urbana_premium,94471,38.0,M,Soltero/a,2,Premium,Gama alta,2799.0,,0
C004377,Z23,Norte,rural,20553,41.0,F,Casado/a,4,Prepago,Gama media,1934.0,28.0,0
C004378,Z06,Sur,rural,19752,47.0,M,Casado/a,1,Premium,Gama media,1810.0,49.0,1
C004379,Z28,Sur,urbana_premium,64486,18.0,F,Soltero/a,3,Prepago,Gama media,2556.0,31.0,0
C004380,Z02,Oeste,suburbana,46400,18.0,F,Soltero/a,1,Premium,Gama alta,1894.0,11.0,0
C004381,Z17,Sur,suburbana,56619,28.0,F,Soltero/a,1,Contrato,Gama baja,4274.0,57.0,0
C004382,Z10,Este,suburbana,27514,43.0,F,Soltero/a,1,Prepago,Gama media,1914.0,51.0,0
C004383,Z09,Norte,urbana_premium,102625,18.0,M,Soltero/a,3,Premium,Gama media,2050.0,18.0,0
C004384,Z16,Este,urbana_premium,72683,26.0,M,Soltero/a,3,Contrato,Gama media,,22.0,0
C004385,Z27,Norte,suburbana,42704,18.0,M,Soltero/a,2,Prepago,Gama media,3034.0,11.0,0
C004386,Z28,Sur,urbana_premium,64486,33.0,M,Casado/a,3,Premium,Gama media,4690.0,37.0,0
C004387,Z09,Norte,urbana_premium,102625,59.0,F,Soltero/a,2,Prepago,Gama media,2806.0,,0
C004388,Z05,Este,urbana_premium,94471,33.0,M,Soltero/a,3,Premium,Gama alta,3115.0,55.0,0
C004389,Z23,Norte,rural,20553,44.0,M,Casado/a,1,Premium,Gama alta,2805.0,30.0,1
C004390,Z18,Sur,urbana_premium,56342,46.0,F,Soltero/a,2,Prepago,Gama media,5253.0,30.0,0
C004391,Z07,Centro,rural,15473,45.0,M,Casado/a,4,Contrato,Gama alta,3588.0,12.0,1
C004392,Z26,Oeste,urbana_premium,107159,33.0,F,Soltero/a,3,Premium,Gama media,4527.0,50.0,0
C004393,Z17,Sur,suburbana,56619,51.0,M,Soltero/a,2,Prepago,Gama media,1669.0,56.0,0
C004394,Z20,Oeste,suburbana,46953,46.0,F,Divorciado/a,1,Contrato,Gama media,2194.0,45.0,0
C004395,Z11,Oeste,suburbana,41163,43.0,M,Casado/a,2,Prepago,Gama media,4623.0,64.0,0
C004396,Z15,Oeste,suburbana,62939,38.0,F,Casado/a,4,Premium,Gama alta,5540.0,28.0,1
C004397,Z05,Este,urbana_premium,94471,32.0,F,Soltero/a,3,Premium,Gama baja,3712.0,24.0,0
C004398,Z26,Oeste,urbana_premium,107159,47.0,F,Casado/a,4,Premium,Gama alta,3599.0,5.0,0
C004399,Z05,Este,urbana_premium,94471,32.0,F,Soltero/a,2,Prepago,Gama media,2696.0,19.0,0
C004400,Z26,Oeste,urbana_premium,107159,51.0,F,Casado/a,3,Prepago,Gama media,6292.0,22.0,0
C004401,Z26,Oeste,urbana_premium,107159,23.0,M,Soltero/a,3,Premium,Gama media,2643.0,53.0,1
C004402,Z25,Oeste,rural,11763,62.0,M,Casado/a,4,Prepago,Gama media,4613.0,20.0,0
C004403,Z02,Oeste,suburbana,46400,46.0,F,Casado/a,2,Prepago,Gama media,2897.0,11.0,0
C004404,Z09,Norte,urbana_premium,102625,24.0,F,Soltero/a,3,Premium,Gama alta,2833.0,41.0,0
C004405,Z16,Este,urbana_premium,72683,42.0,F,Casado/a,3,Contrato,Gama baja,,31.0,0
C004406,Z18,Sur,urbana_premium,56342,28.0,F,Soltero/a,2,Prepago,Gama media,3482.0,46.0,0
C004407,Z28,Sur,urbana_premium,64486,36.0,M,Casado/a,4,Premium,Gama media,3662.0,60.0,0
C004408,Z13,Este,suburbana,37333,34.0,M,Soltero/a,2,Contrato,Gama media,,52.0,0
C004409,Z28,Sur,urbana_premium,64486,34.0,M,Soltero/a,2,Contrato,Gama media,3834.0,32.0,1
C004410,Z05,Este,urbana_premium,94471,47.0,F,Soltero/a,3,Premium,Gama alta,6217.0,32.0,0
C004411,Z13,Este,suburbana,37333,46.0,M,Casado/a,1,Premium,Gama alta,3702.0,3.0,0
C004412,Z03,Sur,rural,16530,31.0,M,Soltero/a,2,Premium,Gama media,2485.0,,0
C004413,Z25,Oeste,rural,11763,32.0,F,Soltero/a,2,Premium,Gama media,3462.0,48.0,0
C004414,Z05,Este,urbana_premium,94471,39.0,M,Soltero/a,2,Premium,Gama alta,2777.0,18.0,0
C004415,Z09,Norte,urbana_premium,102625,40.0,M,Casado/a,3,Premium,Gama alta,4913.0,18.0,1
C004416,Z26,Oeste,urbana_premium,107159,28.0,M,Soltero/a,3,Premium,Gama alta,4881.0,29.0,0
C004417,Z17,Sur,suburbana,56619,59.0,F,Casado/a,3,Contrato,Gama alta,5039.0,56.0,0
C004418,Z02,Oeste,suburbana,46400,50.0,M,Divorciado/a,2,Prepago,Gama alta,1845.0,23.0,0
C004419,Z99,Centro,rural,16625,37.0,F,Soltero/a,2,Prepago,Gama baja,1714.0,7.0,0
C004420,Z16,Este,urbana_premium,72683,27.0,F,Soltero/a,3,Prepago,Gama media,2883.0,32.0,0
C004421,Z09,Norte,urbana_premium,102625,33.0,F,Soltero/a,2,Premium,Gama alta,4525.0,20.0,0
C004422,Z05,Este,urbana_premium,94471,32.0,F,Soltero/a,2,Premium,Gama alta,4140.0,63.0,0
C004423,Z19,Este,rural,12655,60.0,M,Casado/a,3,Prepago,Gama alta,2832.0,11.0,0
C004424,Z09,Norte,urbana_premium,102625,48.0,M,Soltero/a,2,Prepago,Gama media,1831.0,25.0,0
C004425,Z18,Sur,urbana_premium,56342,36.0,M,Soltero/a,3,Prepago,Gama baja,6408.0,11.0,0
C004426,Z13,Este,suburbana,37333,48.0,F,Casado/a,4,Prepago,Gama media,3237.0,34.0,0
C004427,Z06,Sur,rural,19752,55.0,M,Casado/a,4,Premium,Gama alta,2817.0,-33.0,0
C004428,Z05,Este,urbana_premium,94471,37.0,F,Soltero/a,2,Contrato,Gama alta,4357.0,53.0,0
C004429,Z09,Norte,urbana_premium,102625,41.0,F,Casado/a,5,Contrato,Gama media,3073.0,46.0,0
C004430,Z02,Oeste,suburbana,46400,47.0,F,Casado/a,4,Premium,Gama alta,3574.0,31.0,1
C004431,Z10,Este,suburbana,27514,46.0,M,Divorciado/a,1,Prepago,Gama media,3062.0,22.0,0
C004432,Z28,Sur,urbana_premium,64486,27.0,F,Soltero/a,2,Contrato,Gama media,3913.0,25.0,0
C004433,Z26,Oeste,urbana_premium,107159,28.0,M,Soltero/a,2,Premium,Gama alta,4549.0,33.0,0
C004434,Z13,Este,suburbana,37333,37.0,F,Casado/a,1,Prepago,Gama media,2876.0,110.0,0
C004435,Z18,Sur,urbana_premium,56342,28.0,F,Soltero/a,2,Premium,Gama media,2377.0,46.0,0
C004436,Z18,Sur,urbana_premium,56342,18.0,M,Soltero/a,3,Premium,Gama media,3592.0,23.0,1
C004437,Z26,Oeste,urbana_premium,107159,44.0,F,Divorciado/a,2,Premium,Gama alta,6760.0,8.0,0
C004438,Z09,Norte,urbana_premium,102625,40.0,F,Soltero/a,2,Premium,Gama alta,3154.0,17.0,0
C004439,Z09,Norte,urbana_premium,102625,20.0,F,Soltero/a,2,Premium,Gama alta,3956.0,14.0,0
C004440,Z09,Norte,urbana_premium,102625,33.0,M,Soltero/a,2,Premium,Gama alta,5126.0,64.0,0
C004441,Z02,Oeste,suburbana,46400,38.0,M,Casado/a,2,Prepago,Gama alta,6259.0,17.0,1
C004442,Z10,Este,suburbana,27514,42.0,M,Casado/a,3,Contrato,Gama media,2726.0,58.0,0
C004443,Z28,Sur,urbana_premium,64486,23.0,F,Soltero/a,3,Prepago,Gama media,2491.0,20.0,0
C004444,Z28,Sur,urbana_premium,64486,20.0,M,Soltero/a,2,Premium,Gama alta,4843.0,26.0,1
C004445,Z05,Este,urbana_premium,94471,42.0,F,Soltero/a,3,Premium,Gama media,2880.0,48.0,1
C004446,Z15,Oeste,suburbana,62939,22.0,F,Soltero/a,1,Prepago,Gama media,3306.0,4.0,0
C004447,Z13,Este,suburbana,37333,37.0,M,Soltero/a,1,Premium,Gama media,3685.0,86.0,0
C004448,Z16,Este,urbana_premium,72683,32.0,F,Casado/a,2,Premium,Gama media,3236.0,16.0,0
C004449,Z17,Sur,suburbana,56619,39.0,M,Soltero/a,2,Contrato,Gama media,,26.0,0
C004450,Z02,Oeste,suburbana,46400,43.0,M,Soltero/a,2,Premium,Gama alta,3971.0,33.0,0
C004451,Z27,Norte,suburbana,42704,59.0,M,Divorciado/a,1,Premium,Gama alta,4370.0,51.0,0
C004452,Z30,Centro,suburbana,33966,21.0,F,Soltero/a,2,Prepago,Gama media,3027.0,19.0,0
C004453,Z20,Oeste,suburbana,46953,51.0,F,Soltero/a,1,Prepago,Gama media,3162.0,59.0,0
C004454,Z21,Centro,rural,19103,18.0,M,Soltero/a,2,Prepago,Gama baja,1567.0,52.0,0
C004455,Z17,Sur,suburbana,56619,57.0,M,Casado/a,3,Prepago,Gama media,3107.0,39.0,0
C004456,Z11,Oeste,suburbana,41163,18.0,M,Soltero/a,2,Premium,Gama media,2599.0,12.0,1
C004457,Z05,Este,urbana_premium,94471,65.0,F,Casado/a,3,Premium,Gama media,3934.0,6.0,1
C004458,Z18,Sur,urbana_premium,56342,31.0,M,Soltero/a,3,Prepago,Gama alta,6288.0,32.0,1
C004459,Z02,Oeste,suburbana,46400,55.0,F,Soltero/a,2,Premium,Gama media,2010.0,47.0,0
C004460,Z26,Oeste,urbana_premium,107159,49.0,F,Soltero/a,3,Prepago,Gama alta,5775.0,26.0,0
C004461,Z15,Oeste,suburbana,62939,35.0,M,Soltero/a,1,Prepago,Gama media,3191.0,26.0,1
C004462,Z15,Oeste,suburbana,62939,36.0,F,Soltero/a,1,Premium,Gama alta,2953.0,75.0,0
C004463,Z10,Este,suburbana,27514,30.0,F,Casado/a,2,Contrato,Gama media,2199.0,10.0,0
C004464,Z29,Oeste,urbana_premium,67334,45.0,F,n/a,2,Premium,Gama media,4221.0,30.0,1
C004465,Z05,Este,urbana_premium,94471,31.0,F,Soltero/a,2,Contrato,Gama alta,8185.0,44.0,0
C004466,Z05,Este,urbana_premium,94471,26.0,?,Soltero/a,3,Prepago,Gama baja,1569.0,74.0,0
C004467,Z05,Este,urbana_premium,94471,42.0,F,Soltero/a,3,Prepago,Gama baja,1931.0,15.0,0
C004468,Z21,Centro,rural,19103,34.0,M,Casado/a,2,Premium,Gama media,2182.0,42.0,1
C004469,Z30,Centro,suburbana,33966,36.0,F,Casado/a,3,Premium,Gama media,3342.0,25.0,0
C004470,Z09,Norte,urbana_premium,102625,,M,Soltero/a,3,Premium,Gama media,5318.0,41.0,0
C004471,Z28,Sur,urbana_premium,64486,28.0,M,Soltero/a,2,Premium,Gama media,4484.0,50.0,0
C004472,Z09,Norte,urbana_premium,102625,30.0,M,desconocido,3,Contrato,Gama media,2159.0,34.0,0
C004473,Z20,Oeste,suburbana,46953,58.0,M,Divorciado/a,2,Prepago,Gama baja,3698.0,15.0,1
C004474,Z02,Oeste,suburbana,46400,38.0,M,Casado/a,1,Premium,Gama media,2806.0,39.0,1
C004475,Z16,Este,urbana_premium,72683,32.0,M,Soltero/a,3,Contrato,Gama media,5218.0,28.0,0
C004476,Z20,Oeste,suburbana,46953,38.0,F,Casado/a,1,Premium,Gama baja,2319.0,17.0,0
C004477,Z17,Sur,suburbana,56619,45.0,F,Casado/a,3,Prepago,Gama media,1744.0,120.0,0
C004478,Z09,Norte,urbana_premium,102625,24.0,M,Soltero/a,2,Premium,Gama alta,3269.0,26.0,0
C004479,Z26,Oeste,urbana_premium,107159,41.0,F,Casado/a,2,Contrato,Gama media,4545.0,44.0,0
C004480,Z29,Oeste,urbana_premium,67334,39.0,F,Soltero/a,2,Contrato,Gama media,4377.0,4.0,0
C004481,Z15,Oeste,suburbana,62939,19.0,M,Soltero/a,1,Contrato,Gama media,2999.0,20.0,0
C004482,Z20,Oeste,suburbana,46953,62.0,F,Casado/a,2,Prepago,Gama baja,2407.0,11.0,0
C004483,Z26,Oeste,urbana_premium,107159,54.0,M,Soltero/a,3,Prepago,Gama media,3655.0,17.0,0
C004484,Z09,Norte,urbana_premium,102625,26.0,F,Soltero/a,2,Premium,Gama alta,6429.0,21.0,1
C004485,Z27,Norte,suburbana,42704,27.0,F,Soltero/a,2,Premium,Gama alta,7283.0,47.0,0
C004486,Z09,Norte,urbana_premium,102625,39.0,M,Soltero/a,2,Prepago,Gama media,4442.0,-13.0,0
C004487,Z26,Oeste,urbana_premium,107159,19.0,F,Soltero/a,3,Premium,Gama alta,5480.0,42.0,0
C004488,Z05,Este,urbana_premium,94471,52.0,M,Casado/a,5,Contrato,Gama alta,2967.0,15.0,1
C004489,Z09,Norte,urbana_premium,102625,30.0,F,Soltero/a,2,Contrato,Gama alta,6147.0,16.0,1
C004490,Z99,Sur,suburbana,56619,59.0,M,Casado/a,2,Contrato,Gama media,2638.0,36.0,0
C004491,Z17,Sur,suburbana,56619,30.0,F,Soltero/a,2,Premium,Gama baja,1913.0,13.0,1
C004492,Z27,Norte,suburbana,42704,39.0,F,Soltero/a,2,Premium,Gama alta,4462.0,30.0,1
C004493,Z30,Centro,suburbana,33966,55.0,M,Soltero/a,2,Contrato,Gama alta,3076.0,14.0,0
C004494,Z99,Centro,suburbana,55457,36.0,F,Soltero/a,1,Premium,Gama alta,4855.0,32.0,1
C004495,Z09,Norte,urbana_premium,102625,39.0,M,Soltero/a,3,Prepago,Gama media,5111.0,51.0,0
C004496,Z11,Oeste,suburbana,41163,53.0,F,Casado/a,1,Prepago,Gama media,1895.0,47.0,0
C004497,Z16,Este,urbana_premium,72683,29.0,X,Soltero/a,3,Premium,Gama media,4083.0,15.0,0
C004498,Z16,Este,urbana_premium,72683,21.0,M,Soltero/a,3,Premium,Gama media,2796.0,8.0,0
C004499,Z27,Norte,suburbana,42704,22.0,X,Soltero/a,1,Contrato,Gama media,4639.0,51.0,0
C004500,Z26,Oeste,urbana_premium,107159,43.0,M,Soltero/a,3,Prepago,Gama media,3945.0,51.0,1
C004501,Z02,Oeste,suburbana,46400,,F,Divorciado/a,1,Contrato,Gama alta,2368.0,32.0,0
C004502,Z99,Oeste,suburbana,62939,53.0,F,Divorciado/a,1,Premium,Gama media,1465.0,32.0,0
C004503,Z20,Oeste,suburbana,46953,37.0,M,Divorciado/a,1,Premium,Gama media,4484.0,13.0,1
C004504,Z16,Este,urbana_premium,72683,19.0,M,Soltero/a,2,Premium,Gama media,3395.0,25.0,1
C004505,Z05,Este,urbana_premium,94471,18.0,F,Soltero/a,3,Premium,Gama alta,3492.0,50.0,0
C004506,Z13,Este,suburbana,37333,74.0,M,Casado/a,4,Premium,Gama alta,3531.0,,0
C004507,Z15,Oeste,suburbana,62939,46.0,X,Divorciado/a,2,Premium,Gama baja,2187.0,25.0,1
C004508,Z06,Sur,rural,19752,47.0,F,Divorciado/a,2,Prepago,Gama media,1365.0,21.0,0
C004509,Z26,Oeste,urbana_premium,107159,39.0,M,Soltero/a,3,Premium,Gama media,4095.0,55.0,1
C004510,Z10,Este,suburbana,27514,23.0,F,Soltero/a,2,Premium,Gama media,2152.0,29.0,0
C004511,Z18,Sur,urbana_premium,56342,26.0,M,Casado/a,4,Contrato,Gama media,3726.0,44.0,0
C004512,Z16,Este,urbana_premium,72683,57.0,F,Casado/a,5,Contrato,Gama media,2827.0,48.0,0
C004513,Z28,Sur,urbana_premium,64486,44.0,M,Casado/a,2,Premium,Gama media,2379.0,30.0,1
C004514,Z05,Este,urbana_premium,94471,27.0,M,Soltero/a,2,Prepago,Gama media,2155.0,66.0,0
C004515,Z05,Este,urbana_premium,94471,21.0,M,Soltero/a,3,Contrato,Gama media,3965.0,22.0,0
C004516,Z09,Norte,urbana_premium,102625,30.0,F,Soltero/a,2,Premium,Gama alta,5618.0,50.0,0
C004517,Z15,Oeste,suburbana,62939,36.0,F,Soltero/a,1,Premium,Gama media,4198.0,31.0,0
C004518,Z09,Norte,urbana_premium,102625,61.0,M,Soltero/a,2,Premium,Gama alta,3861.0,27.0,1
C004519,Z26,Oeste,urbana_premium,107159,34.0,F,Soltero/a,3,Premium,Gama media,6302.0,54.0,0
C004520,Z09,Norte,urbana_premium,102625,22.0,M,Soltero/a,3,Contrato,Gama media,3173.0,69.0,0
C004521,Z04,Centro,suburbana,55457,39.0,M,Soltero/a,1,Premium,Gama media,3970.0,25.0,0
C004522,Z15,Oeste,suburbana,62939,43.0,M,Soltero/a,2,Premium,Gama media,2509.0,83.0,0
C004523,Z26,Oeste,urbana_premium,107159,21.0,F,Soltero/a,3,Prepago,Gama media,2969.0,,0
C004524,Z27,Norte,suburbana,42704,45.0,M,Soltero/a,1,Premium,Gama media,3958.0,50.0,0
C004525,Z24,Centro,rural,12558,60.0,M,Casado/a,2,Prepago,Gama media,2701.0,27.0,0
C004526,Z17,Sur,suburbana,56619,42.0,F,Soltero/a,1,Premium,Gama media,3716.0,17.0,1
C004527,Z99,Norte,rural,20553,35.0,F,Soltero/a,2,Contrato,Gama media,1379.0,29.0,1
C004528,Z22,Este,suburbana,53534,34.0,M,Casado/a,4,Premium,Gama media,4273.0,34.0,1
C004529,Z09,Norte,urbana_premium,102625,18.0,F,Soltero/a,3,Premium,Gama alta,4851.0,60.0,0
C004530,Z17,Sur,suburbana,56619,38.0,M,Soltero/a,1,Premium,Gama alta,2589.0,30.0,1
C004531,Z26,Oeste,urbana_premium,107159,40.0,F,Soltero/a,2,Premium,Gama media,4694.0,43.0,0
C004532,Z10,Este,suburbana,27514,29.0,M,Soltero/a,2,Premium,Gama alta,4375.0,23.0,1
C004533,Z20,Oeste,suburbana,46953,63.0,F,Casado/a,2,Prepago,Gama baja,2304.0,15.0,1
C004534,Z16,Este,urbana_premium,72683,46.0,F,Soltero/a,3,Premium,Gama alta,2965.0,36.0,0
C004535,Z16,Este,urbana_premium,72683,18.0,M,Soltero/a,3,Prepago,Gama media,3460.0,21.0,0
C004536,Z04,Centro,suburbana,55457,19.0,M,Soltero/a,2,Prepago,Gama baja,1370.0,21.0,1
C004537,Z21,Centro,rural,19103,33.0,M,Casado/a,3,Contrato,Gama media,2606.0,24.0,0
C004538,Z27,Norte,suburbana,42704,59.0,F,Casado/a,2,Premium,Gama alta,4100.0,19.0,1
C004539,Z05,Este,urbana_premium,94471,47.0,F,Divorciado/a,2,Premium,Gama media,4673.0,59.0,1
C004540,Z12,Norte,rural,11707,64.0,F,Divorciado/a,1,Premium,Gama alta,2746.0,72.0,0
C004541,Z02,Oeste,suburbana,46400,40.0,F,Soltero/a,1,Prepago,Gama alta,4265.0,33.0,0
C004542,Z02,Oeste,suburbana,46400,37.0,F,Soltero/a,1,Premium,Gama alta,2878.0,,1
C004543,Z30,Centro,suburbana,33966,25.0,F,Soltero/a,2,Prepago,Gama baja,1720.0,56.0,0
C004544,Z16,Este,urbana_premium,72683,40.0,F,Soltero/a,3,Premium,Gama alta,4005.0,12.0,0
C004545,Z11,Oeste,suburbana,41163,38.0,M,Soltero/a,1,Premium,Gama media,4701.0,18.0,1
C004546,Z09,Norte,urbana_premium,102625,33.0,F,Soltero/a,2,Prepago,Gama media,4343.0,40.0,0
C004547,Z30,Centro,suburbana,33966,59.0,M,Casado/a,4,Prepago,Gama media,2617.0,31.0,0
C004548,Z09,Norte,urbana_premium,102625,34.0,M,Soltero/a,2,Premium,Gama alta,5036.0,62.0,1
C004549,Z23,Norte,rural,20553,61.0,M,Soltero/a,1,Prepago,Gama media,2658.0,12.0,0
C004550,Z09,Norte,urbana_premium,102625,,M,Casado/a,5,Premium,Gama alta,3549.0,76.0,0
C004551,Z04,Centro,suburbana,55457,72.0,F,Soltero/a,2,Premium,Gama media,3108.0,21.0,0
C004552,Z22,Este,suburbana,53534,36.0,M,Soltero/a,1,Prepago,Gama media,2668.0,19.0,0
C004553,Z01,Centro,rural,16625,53.0,M,Soltero/a,1,Premium,Gama alta,2879.0,29.0,0
C004554,Z22,Este,suburbana,53534,50.0,F,Soltero/a,2,Premium,Gama media,2176.0,40.0,0
C004555,Z09,Norte,urbana_premium,102625,30.0,F,Soltero/a,2,Premium,Gama alta,4296.0,63.0,0
C004556,Z25,Oeste,rural,11763,55.0,M,Casado/a,3,Prepago,Gama media,3147.0,41.0,0
C004557,Z26,Oeste,urbana_premium,107159,46.0,M,Casado/a,2,Premium,Gama media,4160.0,19.0,0
C004558,Z23,Norte,rural,20553,,M,Casado/a,1,Prepago,Gama media,2533.0,46.0,0
C004559,Z02,Oeste,suburbana,46400,32.0,F,Casado/a,3,Premium,Gama media,3055.0,28.0,0
C004560,Z22,Este,suburbana,53534,41.0,M,Soltero/a,1,Premium,Gama alta,3594.0,4.0,0
C004561,Z30,Centro,suburbana,33966,39.0,F,Casado/a,1,Prepago,Gama media,2629.0,30.0,0
C004562,Z09,Norte,urbana_premium,102625,53.0,M,Casado/a,5,Premium,Gama alta,3657.0,42.0,1
C004563,Z09,Norte,urbana_premium,102625,44.0,F,Soltero/a,3,Premium,Gama media,2792.0,36.0,1
C004564,Z26,Oeste,urbana_premium,107159,35.0,X,Casado/a,2,Premium,Gama alta,3483.0,48.0,1
C004565,Z05,Este,urbana_premium,94471,43.0,M,Casado/a,3,Premium,Gama media,1898.0,33.0,1
C004566,Z21,Centro,rural,19103,20.0,M,Soltero/a,1,Contrato,Gama media,2345.0,12.0,0
C004567,Z26,Oeste,urbana_premium,107159,29.0,M,Casado/a,2,Premium,Gama alta,4749.0,62.0,0
C004568,Z02,Oeste,suburbana,46400,43.0,F,Casado/a,2,Premium,Gama alta,2912.0,32.0,0
C004569,Z17,Sur,suburbana,56619,53.0,F,Casado/a,4,Premium,Gama alta,4115.0,33.0,0
C004570,Z18,Sur,urbana_premium,56342,38.0,M,Soltero/a,3,Premium,Gama alta,6108.0,35.0,1
C004571,Z09,Norte,urbana_premium,102625,53.0,F,Casado/a,2,Prepago,Gama media,3806.0,24.0,0
C004572,Z28,Sur,urbana_premium,64486,46.0,M,Divorciado/a,2,Premium,Gama media,2701.0,48.0,1
C004573,Z05,Este,urbana_premium,94471,30.0,F,Soltero/a,2,Prepago,Gama media,5608.0,63.0,0
C004574,Z12,Norte,rural,11707,43.0,M,Soltero/a,2,Prepago,Gama media,3169.0,8.0,1
C004575,Z27,Norte,suburbana,42704,45.0,M,Divorciado/a,2,Prepago,Gama alta,3488.0,6.0,0
C004576,Z06,Sur,rural,19752,40.0,M,Soltero/a,1,Premium,Gama baja,1932.0,-25.0,0
C004577,Z26,Oeste,urbana_premium,107159,54.0,M,Casado/a,5,Premium,Gama media,4369.0,19.0,0
C004578,Z04,Centro,suburbana,55457,27.0,F,Casado/a,2,Premium,Gama media,2673.0,36.0,1
C004579,Z16,Este,urbana_premium,72683,40.0,M,Casado/a,2,Prepago,Gama media,2961.0,74.0,0
C004580,Z04,Centro,suburbana,55457,49.0,M,Casado/a,2,Contrato,Gama alta,3380.0,76.0,1
C004581,Z22,Este,suburbana,53534,36.0,F,Casado/a,1,Contrato,Gama media,2120.0,18.0,0
C004582,Z26,Oeste,urbana_premium,107159,30.0,M,Casado/a,2,Premium,Gama baja,,24.0,1
C004583,Z27,Norte,suburbana,42704,39.0,M,Soltero/a,2,Contrato,Gama media,3290.0,19.0,0
C004584,Z30,Centro,suburbana,33966,50.0,F,Casado/a,3,Prepago,Gama media,2867.0,39.0,0
C004585,Z22,Este,suburbana,53534,34.0,M,Divorciado/a,1,Premium,Gama media,2938.0,24.0,0
C004586,Z26,Oeste,urbana_premium,107159,23.0,F,Soltero/a,2,Contrato,Gama media,2629.0,7.0,1
C004587,Z16,Este,urbana_premium,72683,,F,Casado/a,4,Contrato,Gama media,,18.0,0
C004588,Z28,Sur,urbana_premium,64486,41.0,M,Soltero/a,3,Premium,Gama media,7020.0,31.0,0
C004589,Z20,Oeste,suburbana,46953,52.0,M,Casado/a,2,Contrato,Gama media,2828.0,26.0,0
C004590,Z28,Sur,urbana_premium,64486,45.0,M,Soltero/a,3,Premium,Gama media,2325.0,15.0,0
C004591,Z09,Norte,urbana_premium,102625,62.0,F,Casado/a,4,Premium,Gama alta,5279.0,11.0,0
C004592,Z16,Este,urbana_premium,72683,49.0,F,Casado/a,2,Premium,Gama media,2674.0,43.0,0
C004593,Z24,Centro,rural,12558,36.0,F,Soltero/a,2,Contrato,Gama media,2841.0,29.0,0
C004594,Z07,Centro,rural,15473,51.0,M,Soltero/a,2,Premium,Gama alta,3889.0,21.0,0
C004595,Z08,Sur,rural,17023,38.0,F,Soltero/a,1,Contrato,Gama media,2152.0,32.0,0
C004596,Z30,Centro,suburbana,33966,35.0,M,Soltero/a,1,Premium,Gama alta,4470.0,35.0,1
C004597,Z15,Oeste,suburbana,62939,23.0,X,Soltero/a,1,Premium,Gama media,3854.0,32.0,0
C004598,Z05,Este,urbana_premium,94471,33.0,M,Soltero/a,3,Premium,Gama baja,6639.0,35.0,0
C004599,Z11,Oeste,suburbana,41163,,F,Casado/a,3,Premium,Gama alta,3654.0,13.0,0
C004600,Z13,Este,suburbana,37333,39.0,F,Casado/a,4,Contrato,Gama media,2477.0,63.0,0
C004601,Z20,Oeste,suburbana,46953,27.0,M,Soltero/a,1,Premium,Gama media,1438.0,39.0,0
C004602,Z29,Oeste,urbana_premium,67334,18.0,M,Soltero/a,2,Premium,Gama media,2901.0,19.0,0
C004603,Z30,Centro,suburbana,33966,65.0,F,Soltero/a,2,Premium,Gama media,2500.0,51.0,0
C004604,Z20,Oeste,suburbana,46953,44.0,F,Soltero/a,1,Premium,Gama media,4219.0,52.0,0
C004605,Z22,Este,suburbana,53534,30.0,F,Casado/a,2,Premium,Gama media,4559.0,55.0,0
C004606,Z10,Este,suburbana,27514,,M,desconocido,3,Premium,Gama media,2031.0,39.0,0
C004607,Z27,Norte,suburbana,42704,66.0,F,Divorciado/a,1,Premium,Gama alta,,26.0,0
C004608,Z08,Sur,rural,17023,52.0,M,Casado/a,1,Premium,Gama baja,1771.0,21.0,1
C004609,Z04,Centro,suburbana,55457,18.0,F,Soltero/a,2,Premium,Gama baja,2227.0,39.0,0
C004610,Z30,Centro,suburbana,33966,72.0,M,Soltero/a,1,Contrato,Gama baja,1837.0,55.0,1
C004611,Z27,Norte,suburbana,42704,18.0,F,Casado/a,3,Premium,Gama media,3355.0,67.0,0
C004612,Z09,Norte,urbana_premium,102625,34.0,F,Casado/a,4,Contrato,Gama media,3118.0,8.0,0
C004613,Z22,Este,suburbana,53534,26.0,M,Soltero/a,2,Premium,Gama alta,4720.0,,0
C004614,Z16,Este,urbana_premium,72683,27.0,F,Casado/a,5,Premium,Gama media,2785.0,15.0,0
C004615,Z10,Este,suburbana,27514,43.0,M,Soltero/a,2,Prepago,Gama alta,3852.0,33.0,0
C004616,Z09,Norte,urbana_premium,102625,18.0,M,Soltero/a,3,Premium,Gama media,2504.0,72.0,0
C004617,Z05,Este,urbana_premium,94471,35.0,M,Soltero/a,3,Premium,Gama media,5493.0,32.0,0
C004618,Z17,Sur,suburbana,56619,54.0,M,Casado/a,2,Prepago,Gama media,3106.0,43.0,0
C004619,Z15,Oeste,suburbana,62939,30.0,M,n/a,1,Premium,Gama media,3303.0,10.0,1
C004620,Z16,Este,urbana_premium,72683,19.0,F,Soltero/a,2,Premium,Gama alta,,37.0,1
C004621,Z08,Sur,rural,17023,43.0,F,Casado/a,1,Contrato,Gama media,2008.0,26.0,1
C004622,Z29,Oeste,urbana_premium,67334,32.0,M,Soltero/a,3,Premium,Gama alta,4554.0,-54.0,0
C004623,Z20,Oeste,suburbana,46953,33.0,F,Soltero/a,2,Contrato,Gama alta,5614.0,8.0,0
C004624,Z28,Sur,urbana_premium,64486,22.0,F,Soltero/a,3,Premium,Gama baja,2651.0,31.0,0
C004625,Z05,Este,urbana_premium,94471,42.0,M,Casado/a,5,Contrato,Gama baja,3397.0,74.0,1
C004626,Z20,Oeste,suburbana,46953,47.0,M,Divorciado/a,2,Premium,Gama media,2406.0,22.0,0
C004627,Z27,Norte,suburbana,42704,27.0,F,Soltero/a,1,Contrato,Gama media,1756.0,11.0,1
C004628,Z11,Oeste,suburbana,41163,29.0,M,Soltero/a,2,Prepago,Gama media,1748.0,48.0,0
C004629,Z06,Sur,rural,19752,47.0,M,Soltero/a,1,Premium,Gama media,1797.0,63.0,0
C004630,Z09,Norte,urbana_premium,102625,24.0,F,Soltero/a,2,Premium,Gama media,3332.0,,0
C004631,Z09,Norte,urbana_premium,102625,38.0,F,Soltero/a,3,Premium,Gama media,6283.0,103.0,1
C004632,Z15,Oeste,suburbana,62939,58.0,F,Casado/a,4,Premium,Gama alta,4214.0,30.0,0
C004633,Z10,Este,suburbana,27514,39.0,F,Soltero/a,1,Contrato,Gama media,2237.0,39.0,0
C004634,Z09,Norte,urbana_premium,102625,21.0,M,Soltero/a,3,Prepago,Gama baja,5017.0,37.0,0
C004635,Z20,Oeste,suburbana,46953,45.0,F,Casado/a,1,Contrato,Gama media,2253.0,,0
C004636,Z03,Sur,rural,16530,43.0,F,Soltero/a,1,Contrato,Gama media,2251.0,16.0,0
C004637,Z11,Oeste,suburbana,41163,38.0,M,Soltero/a,1,Contrato,Gama media,,24.0,0
C004638,Z22,Este,suburbana,53534,46.0,M,Divorciado/a,1,Prepago,Gama alta,6239.0,17.0,0
C004639,Z05,Este,urbana_premium,94471,44.0,M,Casado/a,5,Premium,Gama alta,4205.0,37.0,0
C004640,Z08,Sur,rural,17023,45.0,F,Soltero/a,1,Prepago,Gama baja,1384.0,44.0,0
C004641,Z07,Centro,rural,15473,44.0,F,Casado/a,2,Premium,Gama media,3012.0,15.0,0
C004642,Z01,Centro,rural,16625,70.0,F,Casado/a,2,Prepago,Gama alta,3457.0,10.0,0
C004643,Z16,Este,urbana_premium,72683,50.0,M,Casado/a,4,Prepago,Gama alta,5224.0,20.0,0
C004644,Z02,Oeste,suburbana,46400,50.0,F,Soltero/a,2,Prepago,Gama media,2105.0,23.0,0
C004645,Z09,Norte,urbana_premium,102625,38.0,M,Soltero/a,2,Premium,Gama media,,19.0,0
C004646,Z30,Centro,suburbana,33966,28.0,F,Soltero/a,2,Prepago,Gama baja,2962.0,39.0,0
C004647,Z28,Sur,urbana_premium,64486,50.0,F,Casado/a,2,Premium,Gama alta,7111.0,23.0,0
C004648,Z08,Sur,rural,17023,47.0,F,Casado/a,4,Contrato,Gama media,2881.0,6.0,0
C004649,Z10,Este,suburbana,27514,33.0,M,Soltero/a,2,Premium,Gama alta,5436.0,30.0,1
C004650,Z16,Este,urbana_premium,72683,33.0,M,Soltero/a,3,Premium,Gama alta,2986.0,51.0,0
C004651,Z27,Norte,suburbana,42704,28.0,M,Casado/a,2,Premium,Gama media,2763.0,39.0,1
C004652,Z26,Oeste,urbana_premium,107159,49.0,F,Casado/a,3,Premium,Gama alta,3171.0,16.0,1
C004653,Z05,Este,urbana_premium,94471,44.0,M,Casado/a,3,Premium,Gama media,5391.0,4.0,0
C004654,Z05,Este,urbana_premium,94471,38.0,F,Soltero/a,2,Premium,Gama alta,5704.0,88.0,0
C004655,Z15,Oeste,suburbana,62939,39.0,M,Soltero/a,2,Contrato,Gama alta,3418.0,33.0,1
C004656,Z28,Sur,urbana_premium,64486,28.0,F,Soltero/a,3,Prepago,Gama media,3957.0,-69.0,0
C004657,Z28,Sur,urbana_premium,64486,18.0,M,Soltero/a,3,Premium,Gama baja,4430.0,12.0,0
C004658,Z04,Centro,suburbana,55457,23.0,M,Soltero/a,2,Prepago,Gama baja,1837.0,,0
C004659,Z18,Sur,urbana_premium,56342,27.0,F,Soltero/a,3,Contrato,Gama media,3315.0,62.0,0
C004660,Z05,Este,urbana_premium,94471,25.0,M,Soltero/a,3,Premium,Gama alta,3409.0,50.0,0
C004661,Z22,Este,suburbana,53534,43.0,M,Casado/a,1,Premium,Gama media,2967.0,28.0,0
C004662,Z28,Sur,urbana_premium,64486,46.0,F,Soltero/a,3,Prepago,Gama media,3047.0,13.0,0
C004663,Z15,Oeste,suburbana,62939,38.0,M,Casado/a,3,Prepago,Gama alta,2214.0,36.0,0
C004664,Z04,Centro,suburbana,55457,57.0,F,Casado/a,2,Premium,Gama media,1704.0,14.0,0
C004665,Z18,Sur,urbana_premium,56342,27.0,F,Casado/a,2,Premium,Gama alta,4453.0,24.0,1
C004666,Z14,Norte,rural,13074,43.0,M,Casado/a,1,Prepago,Gama baja,1436.0,31.0,0
C004667,Z26,Oeste,urbana_premium,107159,35.0,M,Soltero/a,3,Premium,Gama alta,5431.0,74.0,1
C004668,Z11,Oeste,suburbana,41163,53.0,M,Casado/a,3,Premium,Gama alta,3339.0,66.0,1
C004669,Z28,Sur,urbana_premium,64486,37.0,M,Casado/a,2,Premium,Gama alta,5220.0,70.0,1
C004670,Z09,Norte,urbana_premium,102625,38.0,M,Soltero/a,2,Premium,Gama media,2801.0,75.0,0
C004671,Z05,Este,urbana_premium,94471,18.0,F,Soltero/a,3,Premium,Gama alta,7349.0,18.0,0
C004672,Z10,Este,suburbana,27514,29.0,M,Soltero/a,2,Contrato,Gama alta,6483.0,16.0,0
C004673,Z02,Oeste,suburbana,46400,53.0,F,Casado/a,4,Contrato,Gama media,3012.0,5.0,0
C004674,Z09,Norte,urbana_premium,102625,18.0,F,Soltero/a,3,Contrato,Gama baja,4393.0,39.0,1
C004675,Z21,Centro,rural,19103,61.0,M,Soltero/a,2,Contrato,Gama media,2311.0,18.0,0
C004676,Z05,Este,urbana_premium,94471,42.0,F,Soltero/a,2,Premium,Gama media,5446.0,34.0,0
C004677,Z05,Este,urbana_premium,94471,27.0,M,Soltero/a,3,Premium,Gama alta,5051.0,-31.0,0
C004678,Z05,Este,urbana_premium,94471,26.0,M,Soltero/a,2,Premium,Gama media,2056.0,28.0,0
C004679,Z04,Centro,suburbana,55457,63.0,F,Casado/a,1,Contrato,Gama media,2232.0,29.0,0
C004680,Z28,Sur,urbana_premium,64486,53.0,M,Soltero/a,2,Premium,Gama alta,4392.0,37.0,0
C004681,Z29,Oeste,urbana_premium,67334,35.0,M,Casado/a,3,Prepago,Gama alta,5018.0,17.0,0
C004682,Z02,Oeste,suburbana,46400,42.0,F,Soltero/a,2,Contrato,Gama media,3141.0,6.0,0
C004683,Z26,Oeste,urbana_premium,107159,28.0,F,Soltero/a,3,Prepago,Gama media,2114.0,27.0,0
C004684,Z24,Centro,rural,12558,47.0,F,Divorciado/a,2,Contrato,Gama media,2821.0,64.0,0
C004685,Z30,Centro,suburbana,33966,32.0,F,Soltero/a,1,Contrato,Gama alta,5646.0,29.0,1
C004686,Z11,Oeste,suburbana,41163,39.0,F,Casado/a,2,Prepago,Gama media,1335.0,41.0,0
C004687,Z09,Norte,urbana_premium,102625,58.0,F,Casado/a,3,Premium,Gama alta,5317.0,29.0,1
C004688,Z15,Oeste,suburbana,62939,,F,Soltero/a,1,Contrato,Gama alta,5660.0,59.0,0
C004689,Z27,Norte,suburbana,42704,27.0,F,Soltero/a,1,Premium,Gama alta,4147.0,19.0,0
C004690,Z23,Norte,rural,20553,29.0,F,Casado/a,4,Contrato,Gama media,2257.0,19.0,0
C004691,Z16,Este,urbana_premium,72683,38.0,M,Soltero/a,3,Premium,Gama media,5239.0,47.0,0
C004692,Z09,Norte,urbana_premium,102625,27.0,M,Soltero/a,2,Prepago,Gama alta,3713.0,45.0,0
C004693,Z23,Norte,rural,20553,48.0,M,Soltero/a,2,Premium,Gama media,2807.0,26.0,0
C004694,Z27,Norte,suburbana,42704,21.0,M,Soltero/a,2,Contrato,Gama alta,3069.0,33.0,0
C004695,Z99,Norte,rural,13074,53.0,M,Casado/a,3,Prepago,Gama media,2414.0,108.0,0
C004696,Z21,Centro,rural,19103,32.0,M,Casado/a,1,Contrato,Gama baja,1778.0,28.0,0
C004697,Z14,Norte,rural,13074,46.0,F,Casado/a,2,Premium,Gama baja,1974.0,,1
C004698,Z16,Este,urbana_premium,72683,32.0,M,Soltero/a,2,Premium,Gama alta,6759.0,14.0,0
C004699,Z17,Sur,suburbana,56619,61.0,M,Casado/a,4,Premium,Gama baja,2400.0,58.0,0
C004700,Z26,Oeste,urbana_premium,107159,38.0,F,Soltero/a,3,Prepago,Gama media,1930.0,12.0,0
C004701,Z30,Centro,suburbana,33966,63.0,M,Casado/a,3,Premium,Gama alta,10202.0,29.0,0
C004702,Z15,Oeste,suburbana,62939,47.0,F,Casado/a,3,Prepago,Gama baja,2559.0,13.0,1
C004703,Z11,Oeste,suburbana,41163,57.0,F,Casado/a,1,Prepago,Gama media,2714.0,11.0,0
C004704,Z13,Este,suburbana,37333,37.0,F,Soltero/a,2,Prepago,Gama media,2590.0,55.0,0
C004705,Z05,Este,urbana_premium,94471,40.0,M,Casado/a,3,Contrato,Gama media,3849.0,4.0,1
C004706,Z09,Norte,urbana_premium,102625,51.0,M,Casado/a,3,Premium,Gama media,2935.0,64.0,0
C004707,Z04,Centro,suburbana,55457,51.0,F,Casado/a,3,Premium,Gama alta,5021.0,7.0,0
C004708,Z15,Oeste,suburbana,62939,46.0,M,Casado/a,1,Premium,Gama media,2780.0,21.0,0
C004709,Z05,Este,urbana_premium,94471,32.0,M,Soltero/a,2,Prepago,Gama baja,2655.0,28.0,1
C004710,Z11,Oeste,suburbana,41163,38.0,M,Soltero/a,1,Contrato,Gama alta,1092.0,36.0,1
C004711,Z26,Oeste,urbana_premium,107159,50.0,F,Soltero/a,2,Premium,Gama alta,5615.0,20.0,0
C004712,Z09,Norte,urbana_premium,102625,52.0,F,Casado/a,3,Premium,Gama alta,3281.0,25.0,0
C004713,Z19,Este,rural,12655,38.0,F,Soltero/a,1,Prepago,Gama media,2648.0,-34.0,0
C004714,Z28,Sur,urbana_premium,64486,27.0,F,Soltero/a,2,Prepago,Gama alta,2765.0,76.0,0
C004715,Z18,Sur,urbana_premium,56342,25.0,M,Soltero/a,2,Contrato,Gama media,3955.0,32.0,0
C004716,Z06,Sur,rural,19752,55.0,F,Casado/a,1,Contrato,Gama media,2300.0,65.0,1
C004717,Z11,Oeste,suburbana,41163,29.0,F,Soltero/a,2,Prepago,Gama alta,4115.0,37.0,0
C004718,Z18,Sur,urbana_premium,56342,46.0,M,Divorciado/a,3,Premium,Gama media,4056.0,71.0,0
C004719,Z99,Este,urbana_premium,72683,43.0,M,Divorciado/a,2,Premium,Gama baja,2584.0,8.0,0
C004720,Z05,Este,urbana_premium,94471,29.0,M,Soltero/a,3,Contrato,Gama alta,8874.0,13.0,0
C004721,Z15,Oeste,suburbana,62939,59.0,F,Casado/a,1,Prepago,Gama alta,3471.0,23.0,0
C004722,Z17,Sur,suburbana,56619,22.0,M,Soltero/a,1,Prepago,Gama media,,21.0,1
C004723,Z09,Norte,urbana_premium,102625,56.0,M,Casado/a,2,Premium,Gama alta,4090.0,37.0,1
C004724,Z19,Este,rural,12655,49.0,F,Soltero/a,1,Prepago,Gama media,2662.0,17.0,0
C004725,Z04,Centro,suburbana,55457,18.0,F,Soltero/a,2,Premium,Gama media,3531.0,36.0,0
C004726,Z11,Oeste,suburbana,41163,59.0,M,Casado/a,4,Premium,Gama media,3385.0,32.0,0
C004727,Z26,Oeste,urbana_premium,107159,48.0,F,Casado/a,4,Contrato,Gama media,4171.0,28.0,0
C004728,Z09,Norte,urbana_premium,102625,31.0,F,Soltero/a,3,Premium,Gama media,5277.0,22.0,0
C004729,Z18,Sur,urbana_premium,56342,24.0,M,Soltero/a,3,Premium,Gama media,4938.0,30.0,1
C004730,Z15,Oeste,suburbana,62939,21.0,?,Soltero/a,1,Contrato,Gama media,3871.0,28.0,0
C004731,Z10,Este,suburbana,27514,69.0,F,Soltero/a,2,Premium,Gama baja,1601.0,21.0,0
C004732,Z28,Sur,urbana_premium,64486,25.0,F,Soltero/a,2,Premium,Gama media,2086.0,8.0,1
C004733,Z11,Oeste,suburbana,41163,25.0,F,Soltero/a,1,Premium,Gama media,2258.0,50.0,0
C004734,Z09,Norte,urbana_premium,102625,39.0,F,Soltero/a,3,Premium,Gama alta,3509.0,70.0,0
C004735,Z28,Sur,urbana_premium,64486,18.0,F,Soltero/a,3,Premium,Gama media,2934.0,29.0,1
C004736,Z25,Oeste,rural,11763,33.0,F,Casado/a,4,Contrato,Gama media,1627.0,46.0,0
C004737,Z22,Este,suburbana,53534,52.0,M,Casado/a,2,Prepago,Gama media,3241.0,26.0,0
C004738,Z02,Oeste,suburbana,46400,46.0,M,Soltero/a,1,Premium,Gama media,2196.0,46.0,0
C004739,Z05,Este,urbana_premium,94471,31.0,F,Soltero/a,2,Premium,Gama media,1650.0,55.0,0
C004740,Z20,Oeste,suburbana,46953,40.0,F,Divorciado/a,2,Prepago,Gama baja,1853.0,52.0,0
C004741,Z07,Centro,rural,15473,40.0,M,Casado/a,3,Contrato,Gama media,1875.0,-27.0,0
C004742,Z09,Norte,urbana_premium,102625,35.0,M,Casado/a,4,Prepago,Gama media,3497.0,10.0,0
C004743,Z26,Oeste,urbana_premium,107159,27.0,M,Soltero/a,3,Premium,Gama alta,5242.0,23.0,0
C004744,Z09,Norte,urbana_premium,102625,29.0,M,Soltero/a,2,Premium,Gama media,4456.0,50.0,1
C004745,Z04,Centro,suburbana,55457,33.0,X,Soltero/a,2,Prepago,Gama media,1478.0,27.0,1
C004746,Z02,Oeste,suburbana,46400,31.0,F,Soltero/a,1,Contrato,Gama media,4956.0,5.0,0
C004747,Z15,Oeste,suburbana,62939,53.0,M,Divorciado/a,1,Premium,Gama alta,2780.0,59.0,0
C004748,Z19,Este,rural,12655,54.0,F,Divorciado/a,1,Premium,Gama alta,,-12.0,1
C004749,Z28,Sur,urbana_premium,64486,25.0,F,Soltero/a,2,Prepago,Gama alta,3994.0,18.0,0
C004750,Z05,Este,urbana_premium,94471,22.0,F,Soltero/a,3,Premium,Gama alta,2840.0,9.0,0
C004751,Z06,Sur,rural,19752,43.0,F,Casado/a,3,Contrato,Gama alta,2828.0,,0
C004752,Z17,Sur,suburbana,56619,66.0,M,Soltero/a,2,Contrato,Gama baja,1507.0,73.0,0
C004753,Z12,Norte,rural,11707,33.0,F,Soltero/a,1,Contrato,Gama media,3711.0,27.0,0
C004754,Z16,Este,urbana_premium,72683,34.0,F,Soltero/a,3,Premium,Gama media,4087.0,27.0,0
C004755,Z29,Oeste,urbana_premium,67334,37.0,M,Soltero/a,3,Contrato,Gama media,4347.0,30.0,0
C004756,Z17,Sur,suburbana,56619,39.0,F,Casado/a,1,Premium,Gama media,3584.0,20.0,0
C004757,Z15,Oeste,suburbana,62939,35.0,F,Soltero/a,2,Prepago,Gama media,2554.0,3.0,0
C004758,Z30,Centro,suburbana,33966,54.0,F,Casado/a,1,Contrato,Gama media,4651.0,59.0,0
C004759,Z99,Centro,suburbana,55457,45.0,M,Casado/a,4,Prepago,Gama media,2313.0,11.0,0
C004760,Z29,Oeste,urbana_premium,67334,46.0,M,Casado/a,3,Prepago,Gama alta,2697.0,43.0,0
C004761,Z16,Este,urbana_premium,72683,,F,Casado/a,3,Premium,Gama alta,4033.0,,0
C004762,Z16,Este,urbana_premium,72683,47.0,M,Soltero/a,2,Prepago,Gama baja,2363.0,43.0,0
C004763,Z29,Oeste,urbana_premium,67334,55.0,M,Soltero/a,2,Premium,Gama alta,3139.0,8.0,0
C004764,Z99,Este,urbana_premium,72683,52.0,F,Casado/a,4,Premium,Gama media,4193.0,32.0,1
C004765,Z15,Oeste,suburbana,62939,68.0,F,Casado/a,3,Premium,Gama media,,73.0,1
C004766,Z09,Norte,urbana_premium,102625,51.0,M,Soltero/a,2,Premium,Gama alta,3778.0,37.0,0
C004767,Z21,Centro,rural,19103,37.0,M,Soltero/a,1,Prepago,Gama baja,1692.0,8.0,0
C004768,Z18,Sur,urbana_premium,56342,46.0,F,Soltero/a,3,Premium,Gama alta,3402.0,31.0,0
C004769,Z08,Sur,rural,17023,54.0,F,Casado/a,4,Prepago,Gama media,1838.0,3.0,0
C004770,Z22,Este,suburbana,53534,63.0,M,Casado/a,3,Contrato,Gama media,2881.0,15.0,0
C004771,Z20,Oeste,suburbana,46953,28.0,F,Soltero/a,1,Contrato,Gama media,2399.0,63.0,0
C004772,Z13,Este,suburbana,37333,47.0,M,Casado/a,3,Contrato,Gama media,,31.0,0
C004773,Z01,Centro,rural,16625,37.0,F,Casado/a,4,Contrato,Gama media,1579.0,30.0,0
C004774,Z15,Oeste,suburbana,62939,46.0,F,Soltero/a,1,Prepago,Gama baja,1566.0,59.0,0
C004775,Z01,Centro,rural,16625,42.0,F,Soltero/a,2,Premium,Gama media,3390.0,18.0,0
C004776,Z04,Centro,suburbana,55457,46.0,F,Soltero/a,2,Premium,Gama media,3830.0,29.0,0
C004777,Z15,Oeste,suburbana,62939,23.0,M,Soltero/a,2,Contrato,Gama media,1939.0,17.0,0
C004778,Z04,Centro,suburbana,55457,50.0,M,Casado/a,1,Contrato,Gama alta,3743.0,13.0,0
C004779,Z09,Norte,urbana_premium,102625,38.0,F,Casado/a,2,Prepago,Gama media,3885.0,15.0,0
C004780,Z21,Centro,rural,19103,47.0,M,Soltero/a,1,Contrato,Gama baja,1477.0,38.0,0
C004781,Z10,Este,suburbana,27514,,F,Casado/a,3,Premium,Gama media,2064.0,47.0,0
C004782,Z30,Centro,suburbana,33966,35.0,M,Soltero/a,1,Prepago,Gama media,2829.0,7.0,0
C004783,Z28,Sur,urbana_premium,64486,40.0,M,Soltero/a,3,Contrato,Gama alta,4961.0,62.0,0
C004784,Z18,Sur,urbana_premium,56342,37.0,F,n/a,2,Premium,Gama alta,4712.0,57.0,0
C004785,Z29,Oeste,urbana_premium,67334,38.0,M,Casado/a,2,Prepago,Gama alta,3170.0,24.0,0
C004786,Z27,Norte,suburbana,42704,67.0,F,Soltero/a,1,Premium,Gama media,3501.0,25.0,0
C004787,Z10,Este,suburbana,27514,41.0,M,Casado/a,4,Prepago,Gama alta,2816.0,16.0,0
C004788,Z26,Oeste,urbana_premium,107159,29.0,M,Soltero/a,3,Premium,Gama media,2960.0,25.0,0
C004789,Z05,Este,urbana_premium,94471,58.0,M,Casado/a,2,Contrato,Gama media,5357.0,26.0,0
C004790,Z22,Este,suburbana,53534,36.0,M,Soltero/a,1,Prepago,Gama media,3148.0,15.0,0
C004791,Z16,Este,urbana_premium,72683,18.0,F,Soltero/a,2,Premium,Gama alta,4577.0,,0
C004792,Z02,Oeste,suburbana,46400,31.0,M,Casado/a,3,Premium,Gama media,2030.0,14.0,0
C004793,Z09,Norte,urbana_premium,102625,21.0,M,Soltero/a,3,Premium,Gama media,3191.0,120.0,0
C004794,Z29,Oeste,urbana_premium,67334,18.0,F,Soltero/a,3,Premium,Gama alta,5100.0,24.0,0
C004795,Z10,Este,suburbana,27514,36.0,M,Casado/a,4,Contrato,Gama media,2702.0,85.0,0
C004796,Z05,Este,urbana_premium,94471,35.0,M,Soltero/a,3,Contrato,Gama media,3540.0,18.0,1
C004797,Z06,Sur,rural,19752,59.0,F,Soltero/a,1,Prepago,Gama baja,1601.0,18.0,0
C004798,Z16,Este,urbana_premium,72683,44.0,F,Casado/a,4,Contrato,Gama media,4101.0,19.0,1
C004799,Z27,Norte,suburbana,42704,47.0,M,Casado/a,1,Premium,Gama media,2043.0,37.0,0
C004800,Z26,Oeste,urbana_premium,107159,25.0,F,Soltero/a,2,Premium,Gama alta,4350.0,46.0,0
C004801,Z15,Oeste,suburbana,62939,51.0,F,Casado/a,3,Contrato,Gama media,2106.0,58.0,0
C004802,Z07,Centro,rural,15473,,M,Casado/a,4,Prepago,Gama media,2158.0,20.0,0
C004803,Z02,Oeste,suburbana,46400,45.0,M,Casado/a,4,Premium,Gama media,5173.0,43.0,0
C004804,Z16,Este,urbana_premium,72683,41.0,F,Casado/a,2,Premium,Gama media,4350.0,13.0,0
C004805,Z26,Oeste,urbana_premium,107159,21.0,M,Soltero/a,2,Contrato,Gama baja,3391.0,64.0,0
C004806,Z24,Centro,rural,12558,58.0,F,Casado/a,2,Prepago,Gama media,3133.0,9.0,0
C004807,Z14,Norte,rural,13074,66.0,M,Casado/a,4,Premium,Gama media,1802.0,11.0,0
C004808,Z18,Sur,urbana_premium,56342,40.0,M,Divorciado/a,2,Prepago,Gama media,2710.0,25.0,0
C004809,Z15,Oeste,suburbana,62939,33.0,F,Soltero/a,2,Premium,Gama media,2624.0,39.0,0
C004810,Z18,Sur,urbana_premium,56342,34.0,F,Soltero/a,3,Premium,Gama alta,5623.0,28.0,0
C004811,Z16,Este,urbana_premium,72683,31.0,M,Casado/a,2,Premium,Gama alta,5513.0,37.0,0
C004812,Z22,Este,suburbana,53534,36.0,M,Soltero/a,2,Contrato,Gama alta,2505.0,27.0,0
C004813,Z16,Este,urbana_premium,72683,44.0,F,Soltero/a,3,Contrato,Gama alta,3466.0,16.0,0
C004814,Z29,Oeste,urbana_premium,67334,39.0,F,Soltero/a,2,Premium,Gama baja,4434.0,50.0,1
C004815,Z15,Oeste,suburbana,62939,52.0,M,Divorciado/a,2,Premium,Gama alta,6973.0,36.0,0
C004816,Z02,Oeste,suburbana,46400,44.0,M,Casado/a,3,Contrato,Gama media,2743.0,40.0,1
C004817,Z09,Norte,urbana_premium,102625,26.0,F,Soltero/a,2,Contrato,Gama media,6210.0,65.0,0
C004818,Z16,Este,urbana_premium,72683,30.0,M,Soltero/a,3,Premium,Gama media,4177.0,84.0,1
C004819,Z17,Sur,suburbana,56619,33.0,M,Soltero/a,2,Prepago,Gama media,4018.0,37.0,0
C004820,Z17,Sur,suburbana,56619,38.0,M,Soltero/a,1,Premium,Gama media,4250.0,31.0,0
C004821,Z23,Norte,rural,20553,67.0,M,Casado/a,3,Contrato,Gama media,2469.0,40.0,0
C004822,Z09,Norte,urbana_premium,102625,59.0,F,Casado/a,3,Contrato,Gama media,3790.0,35.0,1
C004823,Z21,Centro,rural,19103,55.0,M,Divorciado/a,1,Prepago,Gama media,,7.0,0
C004824,Z22,Este,suburbana,53534,41.0,F,Soltero/a,2,Premium,Gama media,3370.0,11.0,0
C004825,Z15,Oeste,suburbana,62939,24.0,M,Soltero/a,1,Contrato,Gama alta,4518.0,43.0,0
C004826,Z14,Norte,rural,13074,48.0,M,Casado/a,2,Premium,Gama media,3688.0,49.0,1
C004827,Z05,Este,urbana_premium,94471,27.0,F,Soltero/a,2,Premium,Gama alta,5847.0,12.0,0
C004828,Z15,Oeste,suburbana,62939,60.0,F,Casado/a,4,Contrato,Gama media,2532.0,13.0,0
C004829,Z26,Oeste,urbana_premium,107159,18.0,M,Soltero/a,3,Prepago,Gama media,3137.0,49.0,0
C004830,Z28,Sur,urbana_premium,64486,41.0,M,Casado/a,4,Contrato,Gama media,2865.0,25.0,1
C004831,Z18,Sur,urbana_premium,56342,26.0,F,Soltero/a,3,Premium,Gama alta,4040.0,35.0,0
C004832,Z09,Norte,urbana_premium,102625,36.0,F,Casado/a,3,Premium,Gama alta,,12.0,0
C004833,Z22,Este,suburbana,53534,48.0,F,Casado/a,1,Contrato,Gama baja,2446.0,42.0,0
C004834,Z25,Oeste,rural,11763,57.0,F,Soltero/a,1,Prepago,Gama media,2178.0,6.0,0
C004835,Z11,Oeste,suburbana,41163,39.0,M,Soltero/a,2,Premium,Gama media,3738.0,51.0,0
C004836,Z26,Oeste,urbana_premium,107159,45.0,F,Soltero/a,2,Premium,Gama media,3421.0,89.0,0
C004837,Z04,Centro,suburbana,55457,32.0,M,Soltero/a,1,Premium,Gama media,2789.0,89.0,0
C004838,Z01,Centro,rural,16625,48.0,M,Soltero/a,2,Premium,Gama media,3429.0,50.0,0
C004839,Z05,Este,urbana_premium,94471,48.0,F,Divorciado/a,3,Premium,Gama media,3860.0,16.0,1
C004840,Z05,Este,urbana_premium,94471,40.0,M,Soltero/a,2,Premium,Gama media,2975.0,43.0,1
C004841,Z28,Sur,urbana_premium,64486,30.0,M,Soltero/a,2,Premium,Gama media,3959.0,28.0,0
C004842,Z15,Oeste,suburbana,62939,37.0,M,Soltero/a,2,Prepago,Gama media,3469.0,7.0,0
C004843,Z09,Norte,urbana_premium,102625,48.0,F,Casado/a,4,Contrato,Gama media,9197.0,30.0,1
C004844,Z15,Oeste,suburbana,62939,27.0,F,Casado/a,2,Premium,Gama alta,5073.0,67.0,1
C004845,Z13,Este,suburbana,37333,29.0,F,Soltero/a,2,Premium,Gama alta,9112.0,7.0,0
C004846,Z09,Norte,urbana_premium,102625,43.0,M,Soltero/a,3,Premium,Gama media,2636.0,18.0,0
C004847,Z05,Este,urbana_premium,94471,31.0,M,Soltero/a,2,Premium,Gama alta,6229.0,72.0,0
C004848,Z21,Centro,rural,19103,28.0,F,Soltero/a,1,Contrato,Gama baja,3998.0,20.0,0
C004849,Z05,Este,urbana_premium,94471,52.0,F,Divorciado/a,2,Contrato,Gama media,3869.0,21.0,0
C004850,Z26,Oeste,urbana_premium,107159,23.0,F,Soltero/a,2,Premium,Gama alta,3336.0,20.0,0
C004851,Z07,Centro,rural,15473,43.0,M,Soltero/a,2,Prepago,Gama media,3005.0,3.0,0
C004852,Z24,Centro,rural,12558,38.0,M,Soltero/a,1,Prepago,Gama baja,2071.0,6.0,0
C004853,Z26,Oeste,urbana_premium,107159,32.0,M,Casado/a,4,Contrato,Gama media,2565.0,52.0,1
C004854,Z05,Este,urbana_premium,94471,25.0,F,Soltero/a,2,Prepago,Gama media,2331.0,14.0,0
C004855,Z04,Centro,suburbana,55457,49.0,F,Casado/a,2,Prepago,Gama baja,1765.0,21.0,1
C004856,Z29,Oeste,urbana_premium,67334,37.0,F,Soltero/a,3,Premium,Gama media,4153.0,25.0,0
C004857,Z16,Este,urbana_premium,72683,48.0,M,Soltero/a,3,Prepago,Gama media,4841.0,18.0,0
C004858,Z20,Oeste,suburbana,46953,33.0,M,Soltero/a,2,Prepago,Gama baja,2119.0,41.0,1
C004859,Z02,Oeste,suburbana,46400,66.0,F,Casado/a,1,Premium,Gama media,3531.0,90.0,0
C004860,Z09,Norte,urbana_premium,102625,18.0,M,Soltero/a,3,Premium,Gama media,4522.0,71.0,1
C004861,Z16,Este,urbana_premium,72683,18.0,F,Soltero/a,3,Premium,Gama media,4322.0,29.0,0
C004862,Z28,Sur,urbana_premium,64486,57.0,F,Casado/a,4,Premium,Gama alta,4856.0,59.0,0
C004863,Z09,Norte,urbana_premium,102625,42.0,M,Casado/a,3,Contrato,Gama baja,4128.0,60.0,0
C004864,Z26,Oeste,urbana_premium,107159,40.0,M,Soltero/a,3,Contrato,Gama alta,6103.0,53.0,0
C004865,Z21,Centro,rural,19103,50.0,M,Casado/a,3,Premium,Gama media,,19.0,1
C004866,Z05,Este,urbana_premium,94471,,F,Divorciado/a,2,Premium,Gama media,2467.0,44.0,0
C004867,Z09,Norte,urbana_premium,102625,40.0,M,Soltero/a,2,Premium,Gama alta,7288.0,40.0,0
C004868,Z09,Norte,urbana_premium,102625,24.0,M,Soltero/a,3,Contrato,Gama media,2735.0,13.0,1
C004869,Z15,Oeste,suburbana,62939,50.0,M,Casado/a,3,Contrato,Gama baja,2964.0,11.0,0
C004870,Z20,Oeste,suburbana,46953,48.0,F,Soltero/a,1,Premium,Gama alta,7283.0,42.0,0
C004871,Z15,Oeste,suburbana,62939,57.0,F,Soltero/a,2,Premium,Gama media,3538.0,33.0,1
C004872,Z09,Norte,urbana_premium,102625,57.0,F,Casado/a,2,Premium,Gama media,2870.0,74.0,0
C004873,Z22,Este,suburbana,53534,44.0,F,Casado/a,1,Contrato,Gama media,3354.0,5.0,0
C004874,Z18,Sur,urbana_premium,56342,21.0,M,Soltero/a,2,Premium,Gama media,4595.0,72.0,1
C004875,Z17,Sur,suburbana,56619,61.0,M,Casado/a,2,Premium,Gama alta,3198.0,27.0,0
C004876,Z17,Sur,suburbana,56619,28.0,F,Casado/a,2,Premium,Gama media,2496.0,16.0,0
C004877,Z08,Sur,rural,17023,49.0,F,Casado/a,1,Contrato,Gama media,1483.0,39.0,0
C004878,Z22,Este,suburbana,53534,37.0,F,Soltero/a,2,Premium,Gama media,1983.0,21.0,0
C004879,Z13,Este,suburbana,37333,35.0,M,Soltero/a,1,Contrato,Gama media,2269.0,50.0,0
C004880,Z12,Norte,rural,11707,54.0,F,Soltero/a,2,Premium,Gama alta,3653.0,25.0,0
C004881,Z05,Este,urbana_premium,94471,,M,Casado/a,4,Prepago,Gama media,2498.0,10.0,0
C004882,Z18,Sur,urbana_premium,56342,42.0,F,Soltero/a,3,Premium,Gama alta,4042.0,16.0,0
C004883,Z18,Sur,urbana_premium,56342,26.0,F,Soltero/a,3,Premium,Gama media,6244.0,8.0,1
C004884,Z11,Oeste,suburbana,41163,,F,Casado/a,4,Contrato,Gama media,3743.0,34.0,0
C004885,Z27,Norte,suburbana,42704,31.0,F,Soltero/a,1,Premium,Gama alta,4902.0,8.0,0
C004886,Z27,Norte,suburbana,42704,38.0,F,Casado/a,4,Contrato,Gama media,2428.0,22.0,1
C004887,Z05,Este,urbana_premium,94471,35.0,F,Soltero/a,3,Premium,Gama alta,4769.0,32.0,1
C004888,Z22,Este,suburbana,53534,62.0,F,Soltero/a,1,Contrato,Gama alta,4460.0,-33.0,0
C004889,Z13,Este,suburbana,37333,,M,Casado/a,3,Premium,Gama media,4144.0,20.0,1
C004890,Z30,Centro,suburbana,33966,18.0,M,Soltero/a,1,Prepago,Gama media,,9.0,1
C004891,Z09,Norte,urbana_premium,102625,53.0,F,Soltero/a,3,Contrato,Gama alta,2520.0,18.0,0
C004892,Z09,Norte,urbana_premium,102625,41.0,F,Casado/a,2,Premium,Gama alta,4834.0,29.0,0
C004893,Z15,Oeste,suburbana,62939,38.0,F,Casado/a,1,Premium,Gama media,3536.0,65.0,0
C004894,Z09,Norte,urbana_premium,102625,31.0,M,Soltero/a,2,Contrato,Gama alta,3631.0,66.0,0
C004895,Z22,Este,suburbana,53534,29.0,M,Casado/a,3,Prepago,Gama media,2412.0,53.0,0
C004896,Z16,Este,urbana_premium,72683,59.0,M,Casado/a,2,Premium,Gama alta,4481.0,37.0,0
C004897,Z08,Sur,rural,17023,46.0,F,Casado/a,3,Prepago,Gama media,1643.0,18.0,0
C004898,Z16,Este,urbana_premium,72683,18.0,M,Soltero/a,3,Prepago,Gama baja,3291.0,28.0,0
C004899,Z28,Sur,urbana_premium,64486,40.0,M,Casado/a,2,Prepago,Gama alta,5323.0,42.0,0
C004900,Z26,Oeste,urbana_premium,107159,50.0,M,Casado/a,5,Premium,Gama alta,5512.0,38.0,1
C004901,Z16,Este,urbana_premium,72683,38.0,M,Soltero/a,2,Premium,Gama alta,4531.0,40.0,0
C004902,Z09,Norte,urbana_premium,102625,25.0,M,Soltero/a,3,Contrato,Gama media,3259.0,27.0,0
C004903,Z05,Este,urbana_premium,94471,24.0,F,Soltero/a,2,Premium,Gama alta,2594.0,24.0,0
C004904,Z28,Sur,urbana_premium,64486,25.0,M,Soltero/a,3,Prepago,Gama media,2914.0,24.0,1
C004905,Z22,Este,suburbana,53534,58.0,M,Divorciado/a,2,Prepago,Gama baja,4675.0,10.0,0
C004906,Z18,Sur,urbana_premium,56342,35.0,M,Casado/a,2,Premium,Gama media,4097.0,33.0,0
C004907,Z28,Sur,urbana_premium,64486,18.0,M,Soltero/a,3,Premium,Gama alta,3693.0,37.0,0
C004908,Z05,Este,urbana_premium,94471,41.0,F,desconocido,3,Prepago,Gama alta,4053.0,39.0,0
C004909,Z22,Este,suburbana,53534,42.0,X,Casado/a,2,Contrato,Gama alta,3788.0,80.0,0
C004910,Z08,Sur,rural,17023,40.0,F,Soltero/a,2,Prepago,Gama media,,22.0,1
C004911,Z05,Este,urbana_premium,94471,24.0,F,Soltero/a,2,Premium,Gama media,3229.0,28.0,0
C004912,Z16,Este,urbana_premium,72683,23.0,M,Soltero/a,2,Premium,Gama alta,4799.0,-36.0,0
C004913,Z13,Este,suburbana,37333,53.0,F,Soltero/a,1,Contrato,Gama media,3242.0,46.0,0
C004914,Z29,Oeste,urbana_premium,67334,39.0,M,Soltero/a,3,Prepago,Gama alta,5637.0,68.0,0
C004915,Z10,Este,suburbana,27514,46.0,F,n/a,2,Premium,Gama alta,,79.0,0
C004916,Z26,Oeste,urbana_premium,107159,39.0,F,Divorciado/a,2,Prepago,Gama media,2921.0,12.0,1
C004917,Z26,Oeste,urbana_premium,107159,40.0,M,Casado/a,3,Premium,Gama baja,1190.0,46.0,1
C004918,Z21,Centro,rural,19103,39.0,M,Casado/a,3,Contrato,Gama media,2494.0,45.0,0
C004919,Z29,Oeste,urbana_premium,67334,34.0,M,Soltero/a,2,Premium,Gama alta,2655.0,113.0,0
C004920,Z14,Norte,rural,13074,59.0,M,Casado/a,1,Prepago,Gama media,2773.0,56.0,0
C004921,Z13,Este,suburbana,37333,57.0,F,n/a,2,Prepago,Gama alta,5201.0,14.0,0
C004922,Z05,Este,urbana_premium,94471,21.0,F,Soltero/a,2,Contrato,Gama media,2669.0,77.0,0
C004923,Z09,Norte,urbana_premium,102625,34.0,M,Soltero/a,3,Contrato,Gama media,4799.0,24.0,1
C004924,Z28,Sur,urbana_premium,64486,46.0,F,Casado/a,5,Premium,Gama media,5190.0,63.0,0
C004925,Z16,Este,urbana_premium,72683,59.0,F,Casado/a,3,Contrato,Gama alta,4320.0,66.0,0
C004926,Z11,Oeste,suburbana,41163,61.0,M,Soltero/a,1,Contrato,Gama media,3343.0,38.0,0
C004927,Z08,Sur,rural,17023,35.0,M,Casado/a,4,Contrato,Gama baja,1122.0,15.0,0
C004928,Z16,Este,urbana_premium,72683,51.0,M,Casado/a,2,Premium,Gama media,3916.0,40.0,0
C004929,Z23,Norte,rural,20553,46.0,F,Casado/a,2,Prepago,Gama media,2315.0,41.0,0
C004930,Z99,Norte,urbana_premium,102625,49.0,M,Soltero/a,2,Premium,Gama media,5527.0,76.0,0
C004931,Z26,Oeste,urbana_premium,107159,45.0,M,Soltero/a,2,Premium,Gama alta,5356.0,36.0,0
C004932,Z20,Oeste,suburbana,46953,25.0,M,Soltero/a,1,Premium,Gama media,2493.0,51.0,1
C004933,Z26,Oeste,urbana_premium,107159,43.0,F,Soltero/a,3,Contrato,Gama media,1968.0,31.0,1
C004934,Z09,Norte,urbana_premium,102625,48.0,F,Soltero/a,2,Contrato,Gama baja,2189.0,,0
C004935,Z20,Oeste,suburbana,46953,40.0,M,Soltero/a,1,Contrato,Gama alta,4881.0,15.0,0
C004936,Z05,Este,urbana_premium,94471,33.0,F,Casado/a,3,Premium,Gama baja,3725.0,-56.0,1
C004937,Z12,Norte,rural,11707,26.0,F,Soltero/a,2,Prepago,Gama media,1399.0,11.0,0
C004938,Z23,Norte,rural,20553,53.0,M,Casado/a,1,Prepago,Gama media,1461.0,19.0,0
C004939,Z20,Oeste,suburbana,46953,43.0,M,Soltero/a,1,Contrato,Gama media,3232.0,30.0,1
C004940,Z06,Sur,rural,19752,34.0,M,Soltero/a,2,Prepago,Gama media,,40.0,0
C004941,Z27,Norte,suburbana,42704,36.0,M,Casado/a,3,Premium,Gama alta,5322.0,59.0,0
C004942,Z03,Sur,rural,16530,,F,Divorciado/a,2,Contrato,Gama media,2257.0,21.0,0
C004943,Z18,Sur,urbana_premium,56342,29.0,F,Soltero/a,3,Contrato,Gama media,4382.0,36.0,1
C004944,Z30,Centro,suburbana,33966,40.0,F,Soltero/a,2,Prepago,Gama media,2938.0,21.0,0
C004945,Z17,Sur,suburbana,56619,19.0,M,Soltero/a,2,Contrato,Gama media,,21.0,0
C004946,Z26,Oeste,urbana_premium,107159,52.0,F,Soltero/a,2,Premium,Gama alta,7087.0,31.0,1
C004947,Z18,Sur,urbana_premium,56342,36.0,M,Soltero/a,2,Premium,Gama alta,5327.0,59.0,0
C004948,Z26,Oeste,urbana_premium,107159,23.0,M,Soltero/a,3,Premium,Gama alta,7630.0,47.0,0
C004949,Z21,Centro,rural,19103,18.0,M,Soltero/a,2,Premium,Gama alta,2805.0,38.0,1
C004950,Z22,Este,suburbana,53534,52.0,F,Soltero/a,1,Contrato,Gama baja,1711.0,5.0,0
C004951,Z09,Norte,urbana_premium,102625,43.0,F,Soltero/a,3,Premium,Gama alta,2869.0,68.0,0
C004952,Z25,Oeste,rural,11763,48.0,F,Soltero/a,2,Contrato,Gama media,3094.0,,1
C004953,Z09,Norte,urbana_premium,102625,46.0,F,Casado/a,5,Premium,Gama alta,3518.0,57.0,0
C004954,Z30,Centro,suburbana,33966,50.0,M,Casado/a,1,Premium,Gama alta,2983.0,54.0,0
C004955,Z09,Norte,urbana_premium,102625,38.0,M,Casado/a,4,Contrato,Gama media,2883.0,14.0,0
C004956,Z09,Norte,urbana_premium,102625,33.0,F,Casado/a,2,Prepago,Gama baja,6346.0,34.0,0
C004957,Z27,Norte,suburbana,42704,35.0,F,Soltero/a,1,Contrato,Gama media,5095.0,8.0,0
C004958,Z09,Norte,urbana_premium,102625,41.0,F,Casado/a,3,Premium,Gama media,3533.0,25.0,0
C004959,Z12,Norte,rural,11707,62.0,M,Soltero/a,2,Premium,Gama alta,2150.0,41.0,0
C004960,Z23,Norte,rural,20553,44.0,F,Soltero/a,2,Premium,Gama alta,3628.0,24.0,0
C004961,Z05,Este,urbana_premium,94471,54.0,M,Divorciado/a,2,Premium,Gama alta,5520.0,108.0,0
C004962,Z05,Este,urbana_premium,94471,40.0,M,Casado/a,4,Premium,Gama media,2163.0,64.0,1
C004963,Z16,Este,urbana_premium,72683,41.0,M,Casado/a,3,Contrato,Gama media,4855.0,36.0,0
C004964,Z99,Norte,urbana_premium,102625,65.0,M,Divorciado/a,2,Prepago,Gama alta,4553.0,7.0,0
C004965,Z09,Norte,urbana_premium,102625,56.0,F,Soltero/a,2,Premium,Gama media,4086.0,34.0,1
C004966,Z01,Centro,rural,16625,65.0,F,Casado/a,4,Prepago,Gama media,1708.0,16.0,0
C004967,Z13,Este,suburbana,37333,30.0,M,Casado/a,3,Premium,Gama media,2209.0,50.0,0
C004968,Z10,Este,suburbana,27514,66.0,M,Divorciado/a,2,Prepago,Gama media,1008.0,,0
C004969,Z02,Oeste,suburbana,46400,39.0,F,Divorciado/a,1,Premium,Gama media,2369.0,58.0,1
C004970,Z20,Oeste,suburbana,46953,37.0,M,Soltero/a,1,Prepago,Gama media,1496.0,45.0,0
C004971,Z20,Oeste,suburbana,46953,18.0,M,Soltero/a,2,Prepago,Gama media,2467.0,18.0,1
C004972,Z04,Centro,suburbana,55457,44.0,M,Casado/a,2,Prepago,Gama media,3432.0,23.0,0
C004973,Z10,Este,suburbana,27514,27.0,F,Casado/a,2,Prepago,Gama media,1981.0,37.0,0
C004974,Z28,Sur,urbana_premium,64486,41.0,F,Soltero/a,3,Premium,Gama alta,6101.0,40.0,0
C004975,Z18,Sur,urbana_premium,56342,,M,Soltero/a,2,Premium,Gama baja,7590.0,26.0,0
C004976,Z15,Oeste,suburbana,62939,62.0,F,Casado/a,1,Premium,Gama alta,3239.0,80.0,0
C004977,Z16,Este,urbana_premium,72683,43.0,F,Divorciado/a,3,Prepago,Gama media,4736.0,4.0,0
C004978,Z07,Centro,rural,15473,72.0,M,Casado/a,1,Contrato,Gama media,,5.0,0
C004979,Z26,Oeste,urbana_premium,107159,24.0,F,Soltero/a,2,Prepago,Gama media,4081.0,35.0,0
C004980,Z28,Sur,urbana_premium,64486,55.0,F,Soltero/a,3,Prepago,Gama media,2341.0,56.0,0
C004981,Z28,Sur,urbana_premium,64486,18.0,F,Soltero/a,3,Premium,Gama baja,2094.0,24.0,1
C004982,Z08,Sur,rural,17023,47.0,X,Divorciado/a,1,Prepago,Gama baja,1491.0,9.0,0
C004983,Z10,Este,suburbana,27514,32.0,M,Casado/a,4,Premium,Gama media,2824.0,10.0,0
C004984,Z05,Este,urbana_premium,94471,31.0,F,Casado/a,4,Premium,Gama media,3773.0,15.0,0
C004985,Z10,Este,suburbana,27514,34.0,F,Soltero/a,1,Prepago,Gama media,2906.0,13.0,0
C004986,Z11,Oeste,suburbana,41163,29.0,M,Soltero/a,2,Premium,Gama media,1984.0,22.0,0
C004987,Z20,Oeste,suburbana,46953,25.0,F,Soltero/a,1,Contrato,Gama media,3094.0,86.0,1
C004988,Z99,Sur,rural,19752,40.0,F,Divorciado/a,2,Contrato,Gama media,1820.0,3.0,0
C004989,Z99,Oeste,urbana_premium,67334,37.0,F,Soltero/a,3,Premium,Gama media,4004.0,36.0,1
C004990,Z04,Centro,suburbana,55457,54.0,F,Casado/a,1,Contrato,Gama baja,2745.0,19.0,0
C004991,Z01,Centro,rural,16625,49.0,M,Casado/a,2,Premium,Gama media,1235.0,40.0,0
C004992,Z27,Norte,suburbana,42704,54.0,M,Casado/a,4,Premium,Gama media,2350.0,10.0,0
C004993,Z22,Este,suburbana,53534,,M,Soltero/a,2,Contrato,Gama alta,3606.0,27.0,0
C004994,Z11,Oeste,suburbana,41163,35.0,F,Soltero/a,1,Premium,Gama media,,16.0,1
C004995,Z18,Sur,urbana_premium,56342,45.0,F,Casado/a,2,Contrato,Gama media,,24.0,1
C004996,Z08,Sur,rural,17023,49.0,F,Soltero/a,1,Prepago,Gama baja,1777.0,47.0,0
C004997,Z05,Este,urbana_premium,94471,26.0,M,Soltero/a,2,Contrato,Gama media,3273.0,,0
C004998,Z16,Este,urbana_premium,72683,47.0,F,Soltero/a,3,Prepago,Gama media,5768.0,52.0,0
C004999,Z11,Oeste,suburbana,41163,34.0,F,Casado/a,3,Premium,Gama media,3513.0,60.0,1
C005000,Z19,Este,rural,12655,36.0,F,Soltero/a,1,Prepago,Gama media,1483.0,7.0,0
C005001,Z08,Sur,rural,17023,51.0,F,Casado/a,2,Prepago,Gama media,2758.0,13.0,1
C005002,Z21,Centro,rural,19103,45.0,M,Casado/a,2,Premium,Gama media,3619.0,28.0,1
C005003,Z26,Oeste,urbana_premium,107159,30.0,M,Casado/a,2,Premium,Gama media,4129.0,85.0,0
C005004,Z05,Este,urbana_premium,94471,29.0,M,Soltero/a,2,Premium,Gama media,2918.0,48.0,0
C005005,Z02,Oeste,suburbana,46400,27.0,M,Soltero/a,1,Premium,Gama alta,4011.0,-9.0,0
C005006,Z15,Oeste,suburbana,62939,35.0,M,Casado/a,3,Contrato,Gama media,3180.0,58.0,0
C005007,Z26,Oeste,urbana_premium,107159,49.0,F,Divorciado/a,3,Premium,Gama alta,3507.0,41.0,0
C005008,Z20,Oeste,suburbana,46953,43.0,M,Casado/a,4,Premium,Gama alta,4075.0,51.0,0
C005009,Z22,Este,suburbana,53534,52.0,M,Casado/a,1,Prepago,Gama media,2977.0,41.0,0
C005010,Z14,Norte,rural,13074,51.0,M,Soltero/a,2,Prepago,Gama media,2388.0,21.0,0
C005011,Z09,Norte,urbana_premium,102625,29.0,F,Casado/a,3,Premium,Gama alta,5172.0,15.0,1
C005012,Z17,Sur,suburbana,56619,20.0,F,Soltero/a,2,Contrato,Gama media,2502.0,54.0,0
C005013,Z07,Centro,rural,15473,34.0,M,Soltero/a,1,Prepago,Gama media,1549.0,,0
C005014,Z23,Norte,rural,20553,37.0,F,Soltero/a,2,Prepago,Gama media,2601.0,20.0,0
C005015,Z06,Sur,rural,19752,36.0,F,Casado/a,3,Premium,Gama alta,4003.0,37.0,0
C005016,Z09,Norte,urbana_premium,102625,48.0,F,Casado/a,4,Premium,Gama media,1727.0,21.0,0
C005017,Z16,Este,urbana_premium,72683,48.0,F,Casado/a,3,Premium,Gama alta,4948.0,22.0,0
C005018,Z16,Este,urbana_premium,72683,63.0,F,n/a,5,Contrato,Gama media,3875.0,14.0,0
C005019,Z18,Sur,urbana_premium,56342,27.0,F,Casado/a,2,Contrato,Gama media,3175.0,42.0,1
C005020,Z15,Oeste,suburbana,62939,59.0,M,Soltero/a,2,Premium,Gama media,2377.0,16.0,0
C005021,Z29,Oeste,urbana_premium,67334,55.0,F,Casado/a,4,Premium,Gama alta,5250.0,14.0,0
C005022,Z27,Norte,suburbana,42704,37.0,M,Casado/a,2,Prepago,Gama alta,3782.0,23.0,0
C005023,Z28,Sur,urbana_premium,64486,42.0,M,Soltero/a,3,Prepago,Gama baja,2662.0,37.0,0
C005024,Z20,Oeste,suburbana,46953,55.0,F,Casado/a,1,Premium,Gama alta,3316.0,41.0,0
C005025,Z20,Oeste,suburbana,46953,39.0,F,Casado/a,3,Prepago,Gama alta,4819.0,5.0,1
C005026,Z19,Este,rural,12655,43.0,F,Casado/a,3,Prepago,Gama media,2963.0,46.0,1
C005027,Z15,Oeste,suburbana,62939,32.0,F,Soltero/a,1,Prepago,Gama media,1663.0,9.0,0
C005028,Z10,Este,suburbana,27514,18.0,F,Soltero/a,2,Premium,Gama media,3737.0,22.0,0
C005029,Z18,Sur,urbana_premium,56342,37.0,F,Soltero/a,2,Premium,Gama baja,2474.0,39.0,1
C005030,Z02,Oeste,suburbana,46400,31.0,F,Casado/a,3,Premium,Gama media,3217.0,20.0,0
C005031,Z01,Centro,rural,16625,32.0,M,Soltero/a,2,Prepago,Gama media,1787.0,89.0,0
C005032,Z27,Norte,suburbana,42704,45.0,M,Soltero/a,2,Contrato,Gama baja,3432.0,14.0,0
C005033,Z02,Oeste,suburbana,46400,23.0,M,Soltero/a,2,Prepago,Gama alta,2358.0,21.0,0
C005034,Z17,Sur,suburbana,56619,50.0,F,Divorciado/a,1,Contrato,Gama media,2067.0,56.0,0
C005035,Z19,Este,rural,12655,,F,Casado/a,1,Prepago,Gama media,2592.0,24.0,0
C005036,Z06,Sur,rural,19752,40.0,?,Soltero/a,1,Contrato,Gama media,2417.0,76.0,0
C005037,Z28,Sur,urbana_premium,64486,,M,Casado/a,4,Premium,Gama media,5103.0,33.0,0
C005038,Z06,Sur,rural,19752,31.0,F,Soltero/a,2,Premium,Gama baja,1928.0,25.0,0
C005039,Z28,Sur,urbana_premium,64486,45.0,F,Soltero/a,3,Prepago,Gama baja,2253.0,77.0,0
C005040,Z26,Oeste,urbana_premium,107159,38.0,F,Soltero/a,2,Premium,Gama alta,4849.0,36.0,1
C005041,Z09,Norte,urbana_premium,102625,39.0,M,Soltero/a,2,Premium,Gama media,6351.0,44.0,1
C005042,Z05,Este,urbana_premium,94471,42.0,F,Casado/a,4,Premium,Gama alta,3127.0,51.0,0
C005043,Z10,Este,suburbana,27514,32.0,F,Soltero/a,1,Premium,Gama media,3534.0,120.0,0
C005044,Z13,Este,suburbana,37333,22.0,F,desconocido,2,Contrato,Gama media,2673.0,18.0,1
C005045,Z09,Norte,urbana_premium,102625,47.0,M,Soltero/a,2,Premium,Gama alta,7528.0,43.0,0
C005046,Z30,Centro,suburbana,33966,48.0,M,Divorciado/a,1,Prepago,Gama alta,2480.0,16.0,0
C005047,Z09,Norte,urbana_premium,102625,30.0,M,Soltero/a,2,Premium,Gama alta,3766.0,38.0,1
C005048,Z26,Oeste,urbana_premium,107159,41.0,F,Soltero/a,2,Contrato,Gama baja,1886.0,25.0,0
C005049,Z05,Este,urbana_premium,94471,51.0,F,Soltero/a,3,Premium,Gama alta,6638.0,45.0,1
C005050,Z30,Centro,suburbana,33966,54.0,F,Casado/a,3,Contrato,Gama media,,12.0,0
C005051,Z09,Norte,urbana_premium,102625,29.0,F,Soltero/a,2,Premium,Gama alta,6030.0,53.0,0
C005052,Z15,Oeste,suburbana,62939,22.0,M,Soltero/a,2,Prepago,Gama media,2358.0,6.0,0
C005053,Z17,Sur,suburbana,56619,24.0,M,Casado/a,4,Prepago,Gama media,2900.0,48.0,0
C005054,Z05,Este,urbana_premium,94471,32.0,F,Soltero/a,3,Premium,Gama media,2912.0,16.0,0
C005055,Z26,Oeste,urbana_premium,107159,54.0,F,Casado/a,4,Premium,Gama media,2760.0,,0
C005056,Z09,Norte,urbana_premium,102625,27.0,F,Soltero/a,3,Premium,Gama media,3454.0,43.0,1
C005057,Z17,Sur,suburbana,56619,33.0,F,Casado/a,1,Prepago,Gama media,2840.0,40.0,0
C005058,Z17,Sur,suburbana,56619,33.0,F,Soltero/a,1,Contrato,Gama alta,2624.0,33.0,1
C005059,Z18,Sur,urbana_premium,56342,30.0,F,Soltero/a,2,Premium,Gama media,2247.0,52.0,0
C005060,Z03,Sur,rural,16530,45.0,F,Casado/a,3,Contrato,Gama media,2564.0,26.0,0
C005061,Z05,Este,urbana_premium,94471,21.0,M,Soltero/a,3,Premium,Gama baja,1930.0,28.0,0
C005062,Z05,Este,urbana_premium,94471,49.0,M,Casado/a,2,Contrato,Gama baja,3401.0,28.0,0
C005063,Z09,Norte,urbana_premium,102625,34.0,F,Soltero/a,3,Prepago,Gama baja,2201.0,14.0,0
C005064,Z05,Este,urbana_premium,94471,66.0,M,Casado/a,3,Premium,Gama alta,5245.0,45.0,0
C005065,Z29,Oeste,urbana_premium,67334,22.0,M,Soltero/a,3,Contrato,Gama media,5891.0,32.0,0
C005066,Z16,Este,urbana_premium,72683,55.0,M,Casado/a,3,Premium,Gama alta,4709.0,52.0,0
C005067,Z20,Oeste,suburbana,46953,57.0,F,Soltero/a,2,Premium,Gama media,,24.0,1
C005068,Z11,Oeste,suburbana,41163,35.0,M,Casado/a,2,Prepago,Gama media,2300.0,27.0,0
C005069,Z09,Norte,urbana_premium,102625,31.0,F,Soltero/a,2,Premium,Gama alta,3502.0,30.0,0
C005070,Z16,Este,urbana_premium,72683,25.0,F,Soltero/a,3,Prepago,Gama media,3755.0,7.0,0
C005071,Z09,Norte,urbana_premium,102625,25.0,F,Soltero/a,2,Prepago,Gama alta,4532.0,15.0,0
C005072,Z11,Oeste,suburbana,41163,40.0,M,Soltero/a,2,Contrato,Gama alta,3426.0,27.0,0
C005073,Z15,Oeste,suburbana,62939,40.0,F,Casado/a,2,Prepago,Gama baja,,13.0,0
C005074,Z16,Este,urbana_premium,72683,18.0,F,Soltero/a,2,Contrato,Gama media,,1.0,0
C005075,Z30,Centro,suburbana,33966,68.0,M,Divorciado/a,2,Premium,Gama media,3412.0,16.0,0
C005076,Z08,Sur,rural,17023,42.0,F,Casado/a,3,Prepago,Gama media,1766.0,32.0,0
C005077,Z16,Este,urbana_premium,72683,37.0,M,Casado/a,5,Premium,Gama media,2728.0,34.0,0
C005078,Z05,Este,urbana_premium,94471,28.0,F,Soltero/a,3,Premium,Gama media,3911.0,120.0,0
C005079,Z11,Oeste,suburbana,41163,37.0,F,Casado/a,3,Contrato,Gama media,3175.0,30.0,0
C005080,Z23,Norte,rural,20553,41.0,F,Soltero/a,2,Prepago,Gama baja,1579.0,14.0,0
C005081,Z05,Este,urbana_premium,94471,36.0,F,Casado/a,4,Premium,Gama alta,3906.0,45.0,0
C005082,Z18,Sur,urbana_premium,56342,36.0,M,Soltero/a,2,Prepago,Gama media,4083.0,41.0,0
C005083,Z15,Oeste,suburbana,62939,50.0,F,Casado/a,2,Premium,Gama alta,4025.0,38.0,0
C005084,Z03,Sur,rural,16530,48.0,F,Divorciado/a,1,Prepago,Gama baja,2233.0,5.0,0
C005085,Z29,Oeste,urbana_premium,67334,44.0,M,Soltero/a,3,Premium,Gama media,1882.0,33.0,1
C005086,Z15,Oeste,suburbana,62939,40.0,F,Divorciado/a,1,Premium,Gama media,3256.0,45.0,0
C005087,Z26,Oeste,urbana_premium,107159,39.0,F,Casado/a,2,Prepago,Gama baja,2118.0,48.0,0
C005088,Z15,Oeste,suburbana,62939,37.0,M,Divorciado/a,1,Prepago,Gama baja,2214.0,23.0,0
C005089,Z29,Oeste,urbana_premium,67334,48.0,F,Soltero/a,3,Premium,Gama media,2386.0,34.0,1
C005090,Z09,Norte,urbana_premium,102625,40.0,M,Casado/a,5,Prepago,Gama alta,4550.0,7.0,0
C005091,Z15,Oeste,suburbana,62939,38.0,M,Soltero/a,2,Contrato,Gama media,2038.0,53.0,1
C005092,Z26,Oeste,urbana_premium,107159,34.0,M,Soltero/a,2,Prepago,Gama alta,5430.0,23.0,0
C005093,Z11,Oeste,suburbana,41163,39.0,M,Casado/a,3,Contrato,Gama media,1988.0,26.0,0
C005094,Z12,Norte,rural,11707,45.0,M,Soltero/a,1,Prepago,Gama baja,1147.0,59.0,0
C005095,Z30,Centro,suburbana,33966,39.0,M,Soltero/a,2,Premium,Gama media,2639.0,23.0,0
C005096,Z17,Sur,suburbana,56619,33.0,F,Soltero/a,1,Prepago,Gama media,1873.0,30.0,0
C005097,Z22,Este,suburbana,53534,49.0,F,Casado/a,4,Premium,Gama media,4726.0,20.0,0
C005098,Z20,Oeste,suburbana,46953,50.0,F,Divorciado/a,2,Contrato,Gama media,2350.0,50.0,0
C005099,Z26,Oeste,urbana_premium,107159,57.0,M,Casado/a,2,Premium,Gama alta,5733.0,,0
C005100,Z27,Norte,suburbana,42704,33.0,M,Casado/a,1,Premium,Gama media,2678.0,7.0,1
C005101,Z18,Sur,urbana_premium,56342,,F,Divorciado/a,2,Premium,Gama alta,4336.0,43.0,0
C005102,Z09,Norte,urbana_premium,102625,18.0,M,Soltero/a,2,Premium,Gama media,3180.0,21.0,0
C005103,Z02,Oeste,suburbana,46400,,M,Casado/a,4,Contrato,Gama alta,6850.0,54.0,0
C005104,Z19,Este,rural,12655,28.0,F,Soltero/a,2,Prepago,Gama media,1553.0,30.0,0
C005105,Z26,Oeste,urbana_premium,107159,24.0,M,Soltero/a,3,Premium,Gama media,1315.0,32.0,0
C005106,Z15,Oeste,suburbana,62939,44.0,M,Soltero/a,1,Prepago,Gama media,3265.0,51.0,0
C005107,Z05,Este,urbana_premium,94471,29.0,F,Soltero/a,3,Prepago,Gama media,2674.0,12.0,1
C005108,Z09,Norte,urbana_premium,102625,27.0,M,Soltero/a,2,Contrato,Gama media,4111.0,25.0,0
C005109,Z16,Este,urbana_premium,72683,30.0,F,Soltero/a,3,Premium,Gama alta,3736.0,4.0,1
C005110,Z27,Norte,suburbana,42704,49.0,M,Casado/a,3,Prepago,Gama media,2477.0,46.0,0
C005111,Z05,Este,urbana_premium,94471,25.0,M,Soltero/a,2,Prepago,Gama media,3319.0,9.0,0
C005112,Z19,Este,rural,12655,44.0,M,Soltero/a,2,Prepago,Gama media,2679.0,21.0,1
C005113,Z26,Oeste,urbana_premium,107159,31.0,M,Soltero/a,2,Contrato,Gama alta,3373.0,,0
C005114,Z29,Oeste,urbana_premium,67334,46.0,F,n/a,2,Premium,Gama media,3628.0,69.0,0
C005115,Z05,Este,urbana_premium,94471,46.0,F,Casado/a,3,Premium,Gama alta,3216.0,74.0,0
C005116,Z29,Oeste,urbana_premium,67334,,F,Soltero/a,2,Premium,Gama alta,6768.0,40.0,1
C005117,Z18,Sur,urbana_premium,56342,49.0,M,Divorciado/a,3,Premium,Gama alta,6053.0,42.0,0
C005118,Z26,Oeste,urbana_premium,107159,29.0,F,Soltero/a,3,Premium,Gama baja,2286.0,16.0,0
C005119,Z03,Sur,rural,16530,48.0,F,Casado/a,4,Prepago,Gama media,2324.0,23.0,0
C005120,Z16,Este,urbana_premium,72683,25.0,M,Soltero/a,3,Premium,Gama media,2878.0,52.0,0
C005121,Z20,Oeste,suburbana,46953,44.0,M,Soltero/a,2,Premium,Gama media,1928.0,36.0,1
C005122,Z10,Este,suburbana,27514,71.0,M,Casado/a,2,Prepago,Gama media,,33.0,0
C005123,Z99,Oeste,suburbana,62939,42.0,M,Casado/a,2,Premium,Gama media,2660.0,7.0,1
C005124,Z17,Sur,suburbana,56619,34.0,M,Soltero/a,1,Contrato,Gama media,2732.0,13.0,0
C005125,Z17,Sur,suburbana,56619,37.0,M,Soltero/a,1,Premium,Gama alta,,43.0,1
C005126,Z02,Oeste,suburbana,46400,22.0,F,Soltero/a,2,Prepago,Gama alta,,8.0,0
C005127,Z15,Oeste,suburbana,62939,57.0,M,Casado/a,1,Contrato,Gama alta,3541.0,14.0,1
C005128,Z08,Sur,rural,17023,49.0,M,Casado/a,2,Contrato,Gama alta,3006.0,4.0,0
C005129,Z28,Sur,urbana_premium,64486,23.0,F,Soltero/a,2,Premium,Gama alta,5157.0,34.0,1
C005130,Z30,Centro,suburbana,33966,28.0,F,Soltero/a,2,Premium,Gama media,3536.0,20.0,0
C005131,Z09,Norte,urbana_premium,102625,36.0,M,Soltero/a,2,Premium,Gama alta,6215.0,73.0,0
C005132,Z05,Este,urbana_premium,94471,47.0,M,Soltero/a,2,Premium,Gama media,2454.0,38.0,0
C005133,Z08,Sur,rural,17023,31.0,F,Soltero/a,2,Premium,Gama media,1957.0,40.0,0
C005134,Z16,Este,urbana_premium,72683,49.0,F,Casado/a,5,Prepago,Gama media,3072.0,11.0,0
C005135,Z28,Sur,urbana_premium,64486,35.0,F,Soltero/a,2,Premium,Gama media,3156.0,36.0,0
C005136,Z16,Este,urbana_premium,72683,25.0,F,Soltero/a,3,Premium,Gama media,3630.0,14.0,1
C005137,Z03,Sur,rural,16530,39.0,F,Casado/a,2,Premium,Gama media,4111.0,13.0,1
C005138,Z02,Oeste,suburbana,46400,61.0,F,Casado/a,1,Premium,Gama alta,4078.0,79.0,0
C005139,Z09,Norte,urbana_premium,102625,19.0,F,Soltero/a,2,Premium,Gama alta,5873.0,15.0,0
C005140,Z27,Norte,suburbana,42704,31.0,F,Casado/a,4,Prepago,Gama media,2901.0,22.0,0
C005141,Z20,Oeste,suburbana,46953,51.0,M,Soltero/a,2,Prepago,Gama media,2855.0,18.0,0
C005142,Z17,Sur,suburbana,56619,43.0,M,Soltero/a,1,Premium,Gama media,3650.0,61.0,0
C005143,Z10,Este,suburbana,27514,31.0,X,Soltero/a,1,Prepago,Gama media,3468.0,9.0,0
C005144,Z29,Oeste,urbana_premium,67334,48.0,F,Casado/a,4,Prepago,Gama media,4452.0,30.0,1
C005145,Z11,Oeste,suburbana,41163,52.0,M,Soltero/a,1,Premium,Gama alta,6711.0,7.0,0
C005146,Z27,Norte,suburbana,42704,44.0,F,Casado/a,2,Contrato,Gama media,3659.0,33.0,0
C005147,Z28,Sur,urbana_premium,64486,29.0,M,Casado/a,4,Premium,Gama media,2906.0,61.0,1
C005148,Z16,Este,urbana_premium,72683,31.0,F,Soltero/a,2,Premium,Gama baja,2992.0,23.0,0
C005149,Z28,Sur,urbana_premium,64486,39.0,M,Soltero/a,2,Premium,Gama alta,5139.0,32.0,1
C005150,Z09,Norte,urbana_premium,102625,20.0,F,Soltero/a,2,Premium,Gama alta,5001.0,40.0,0
C005151,Z21,Centro,rural,19103,61.0,M,Soltero/a,2,Contrato,Gama media,3270.0,12.0,1
C005152,Z04,Centro,suburbana,55457,60.0,F,Casado/a,4,Premium,Gama alta,3577.0,,0
C005153,Z16,Este,urbana_premium,72683,33.0,F,Soltero/a,2,Prepago,Gama media,2660.0,11.0,0
C005154,Z08,Sur,rural,17023,49.0,M,Casado/a,1,Prepago,Gama alta,,32.0,0
C005155,Z03,Sur,rural,16530,59.0,F,Soltero/a,2,Premium,Gama alta,3715.0,21.0,0
C005156,Z01,Centro,rural,16625,68.0,F,Soltero/a,1,Premium,Gama media,2028.0,25.0,1
C005157,Z10,Este,suburbana,27514,59.0,F,Casado/a,2,Prepago,Gama media,,10.0,0
C005158,Z18,Sur,urbana_premium,56342,18.0,F,Soltero/a,2,Premium,Gama alta,4085.0,19.0,1
C005159,Z15,Oeste,suburbana,62939,36.0,M,Divorciado/a,2,Prepago,Gama media,2617.0,11.0,0
C005160,Z09,Norte,urbana_premium,102625,42.0,F,Casado/a,5,Premium,Gama alta,2551.0,16.0,0
C005161,Z30,Centro,suburbana,33966,34.0,F,Soltero/a,2,Premium,Gama media,3645.0,36.0,0
C005162,Z29,Oeste,urbana_premium,67334,57.0,F,Casado/a,5,Contrato,Gama media,2271.0,40.0,1
C005163,Z05,Este,urbana_premium,94471,56.0,F,Casado/a,2,Premium,Gama media,3108.0,63.0,0
C005164,Z15,Oeste,suburbana,62939,30.0,F,Soltero/a,1,Contrato,Gama media,5427.0,12.0,0
C005165,Z20,Oeste,suburbana,46953,38.0,F,Casado/a,2,Contrato,Gama media,3449.0,18.0,1
C005166,Z24,Centro,rural,12558,36.0,F,Divorciado/a,1,Premium,Gama media,2655.0,47.0,0
C005167,Z12,Norte,rural,11707,43.0,M,Soltero/a,2,Prepago,Gama media,2094.0,23.0,0
C005168,Z25,Oeste,rural,11763,42.0,F,Soltero/a,2,Prepago,Gama baja,1344.0,44.0,1
C005169,Z05,Este,urbana_premium,94471,47.0,M,Soltero/a,3,Premium,Gama media,4425.0,35.0,0
C005170,Z11,Oeste,suburbana,41163,29.0,F,Soltero/a,2,Premium,Gama media,3550.0,13.0,0
C005171,Z23,Norte,rural,20553,18.0,F,Soltero/a,1,Premium,Gama alta,3065.0,23.0,0
C005172,Z20,Oeste,suburbana,46953,21.0,M,Casado/a,4,Prepago,Gama baja,2598.0,24.0,0
C005173,Z99,Norte,suburbana,42704,28.0,M,Soltero/a,2,Contrato,Gama media,2584.0,15.0,0
C005174,Z02,Oeste,suburbana,46400,32.0,M,Soltero/a,2,Contrato,Gama media,3637.0,13.0,1
C005175,Z05,Este,urbana_premium,94471,38.0,F,Soltero/a,3,Premium,Gama alta,2465.0,45.0,0
C005176,Z02,Oeste,suburbana,46400,27.0,M,Soltero/a,2,Premium,Gama media,3962.0,42.0,0
C005177,Z06,Sur,rural,19752,30.0,M,Casado/a,2,Contrato,Gama media,2195.0,2.0,0
C005178,Z01,Centro,rural,16625,34.0,M,Soltero/a,2,Prepago,Gama media,2572.0,62.0,1
C005179,Z16,Este,urbana_premium,72683,23.0,M,Soltero/a,2,Premium,Gama alta,8584.0,24.0,1
C005180,Z17,Sur,suburbana,56619,33.0,M,Soltero/a,2,Prepago,Gama media,2710.0,40.0,0
C005181,Z21,Centro,rural,19103,38.0,M,Casado/a,1,Premium,Gama alta,2438.0,26.0,0
C005182,Z13,Este,suburbana,37333,48.0,F,Casado/a,1,Contrato,Gama media,3012.0,35.0,1
C005183,Z01,Centro,rural,16625,33.0,F,desconocido,1,Prepago,Gama media,1161.0,30.0,0
C005184,Z22,Este,suburbana,53534,36.0,F,Divorciado/a,2,Contrato,Gama media,3692.0,15.0,0
C005185,Z03,Sur,rural,16530,38.0,M,desconocido,1,Contrato,Gama baja,1024.0,13.0,0
C005186,Z27,Norte,suburbana,42704,50.0,M,Divorciado/a,1,Prepago,Gama media,3886.0,9.0,0
C005187,Z02,Oeste,suburbana,46400,38.0,M,Soltero/a,2,Premium,Gama media,2340.0,32.0,0
C005188,Z17,Sur,suburbana,56619,53.0,F,Divorciado/a,2,Contrato,Gama baja,2302.0,43.0,0
C005189,Z28,Sur,urbana_premium,64486,22.0,M,Soltero/a,2,Prepago,Gama media,3776.0,15.0,0
C005190,Z18,Sur,urbana_premium,56342,35.0,M,Casado/a,4,Premium,Gama media,2407.0,,0
C005191,Z19,Este,rural,12655,38.0,F,Soltero/a,2,Prepago,Gama media,2232.0,8.0,0
C005192,Z22,Este,suburbana,53534,25.0,M,Soltero/a,2,Prepago,Gama baja,2031.0,33.0,0
C005193,Z05,Este,urbana_premium,94471,35.0,F,Soltero/a,3,Premium,Gama alta,2438.0,13.0,0
C005194,Z22,Este,suburbana,53534,61.0,F,Casado/a,2,Prepago,Gama media,2762.0,53.0,0
C005195,Z28,Sur,urbana_premium,64486,,F,Soltero/a,2,Prepago,Gama alta,5874.0,33.0,0
C005196,Z30,Centro,suburbana,33966,38.0,M,Soltero/a,1,Premium,Gama media,3838.0,32.0,1
C005197,Z15,Oeste,suburbana,62939,24.0,M,Soltero/a,1,Prepago,Gama media,2464.0,27.0,0
C005198,Z11,Oeste,suburbana,41163,22.0,F,Soltero/a,1,Premium,Gama media,2815.0,36.0,0
C005199,Z99,Oeste,urbana_premium,107159,27.0,M,Soltero/a,2,Premium,Gama media,3165.0,6.0,0
C005200,Z17,Sur,suburbana,56619,35.0,M,Soltero/a,2,Premium,Gama media,1963.0,36.0,0
C005201,Z09,Norte,urbana_premium,102625,31.0,M,Soltero/a,3,Premium,Gama media,2653.0,15.0,0
C005202,Z05,Este,urbana_premium,94471,33.0,M,Soltero/a,2,Premium,Gama alta,4199.0,37.0,0
C005203,Z05,Este,urbana_premium,94471,18.0,M,Soltero/a,3,Premium,Gama alta,2964.0,55.0,1
C005204,Z15,Oeste,suburbana,62939,32.0,F,Soltero/a,2,Contrato,Gama media,2918.0,19.0,0
C005205,Z05,Este,urbana_premium,94471,42.0,F,Casado/a,4,Premium,Gama media,2678.0,46.0,0
C005206,Z02,Oeste,suburbana,46400,24.0,M,Soltero/a,1,Prepago,Gama media,3933.0,,0
C005207,Z03,Sur,rural,16530,41.0,F,Casado/a,1,Prepago,Gama media,2903.0,30.0,0
C005208,Z29,Oeste,urbana_premium,67334,40.0,F,Soltero/a,3,Premium,Gama media,6600.0,37.0,0
C005209,Z04,Centro,suburbana,55457,31.0,M,Soltero/a,2,Contrato,Gama alta,4801.0,26.0,0
C005210,Z04,Centro,suburbana,55457,44.0,F,n/a,1,Premium,Gama media,2159.0,15.0,0
C005211,Z15,Oeste,suburbana,62939,22.0,M,Soltero/a,2,Prepago,Gama media,2206.0,58.0,0
C005212,Z09,Norte,urbana_premium,102625,47.0,F,Soltero/a,3,Premium,Gama media,4329.0,33.0,0
C005213,Z29,Oeste,urbana_premium,67334,40.0,M,Casado/a,5,Premium,Gama baja,2807.0,46.0,0
C005214,Z28,Sur,urbana_premium,64486,37.0,M,Casado/a,3,Premium,Gama alta,4156.0,63.0,1
C005215,Z14,Norte,rural,13074,58.0,F,Soltero/a,2,Contrato,Gama media,2057.0,18.0,1
C005216,Z15,Oeste,suburbana,62939,36.0,F,Casado/a,2,Premium,Gama media,4109.0,12.0,0
C005217,Z13,Este,suburbana,37333,,M,Casado/a,4,Premium,Gama baja,4150.0,31.0,0
C005218,Z02,Oeste,suburbana,46400,56.0,F,Casado/a,4,Prepago,Gama media,2678.0,71.0,0
C005219,Z09,Norte,urbana_premium,102625,58.0,F,Casado/a,5,Prepago,Gama media,2018.0,57.0,0
C005220,Z05,Este,urbana_premium,94471,28.0,M,Soltero/a,2,Contrato,Gama media,5451.0,8.0,1
C005221,Z04,Centro,suburbana,55457,39.0,M,Casado/a,4,Prepago,Gama media,2407.0,15.0,0
C005222,Z17,Sur,suburbana,56619,53.0,M,Casado/a,1,Prepago,Gama media,2957.0,48.0,0
C005223,Z04,Centro,suburbana,55457,39.0,F,Casado/a,3,Contrato,Gama media,2842.0,31.0,1
C005224,Z04,Centro,suburbana,55457,47.0,M,Casado/a,3,Prepago,Gama media,3410.0,28.0,0
C005225,Z16,Este,urbana_premium,72683,45.0,M,Casado/a,2,Prepago,Gama alta,,21.0,0
C005226,Z15,Oeste,suburbana,62939,33.0,M,Soltero/a,2,Premium,Gama media,2015.0,,0
C005227,Z05,Este,urbana_premium,94471,41.0,M,Soltero/a,2,Premium,Gama alta,4036.0,26.0,0
C005228,Z01,Centro,rural,16625,45.0,F,Casado/a,1,Contrato,Gama alta,3100.0,7.0,0
C005229,Z06,Sur,rural,19752,,M,Soltero/a,1,Prepago,Gama media,2224.0,36.0,1
C005230,Z99,Norte,urbana_premium,102625,24.0,M,Soltero/a,2,Premium,Gama media,3662.0,20.0,0
C005231,Z26,Oeste,urbana_premium,107159,28.0,M,Soltero/a,2,Premium,Gama media,2527.0,44.0,0
C005232,Z28,Sur,urbana_premium,64486,47.0,M,Soltero/a,2,Contrato,Gama media,4582.0,7.0,0
C005233,Z14,Norte,rural,13074,57.0,M,Divorciado/a,2,Contrato,Gama media,2850.0,25.0,0
C005234,Z14,Norte,rural,13074,54.0,M,Casado/a,4,Contrato,Gama media,2236.0,45.0,1
C005235,Z22,Este,suburbana,53534,45.0,F,Casado/a,4,Contrato,Gama media,2120.0,32.0,0
C005236,Z20,Oeste,suburbana,46953,45.0,M,Soltero/a,2,Contrato,Gama media,3068.0,19.0,1
C005237,Z06,Sur,rural,19752,48.0,M,Casado/a,1,Contrato,Gama media,2460.0,10.0,0
C005238,Z05,Este,urbana_premium,94471,41.0,F,Soltero/a,2,Contrato,Gama alta,3773.0,29.0,0
C005239,Z15,Oeste,suburbana,62939,46.0,F,Casado/a,4,Prepago,Gama media,2040.0,49.0,0
C005240,Z18,Sur,urbana_premium,56342,19.0,F,Soltero/a,3,Premium,Gama media,4183.0,70.0,1
C005241,Z05,Este,urbana_premium,94471,27.0,F,Soltero/a,2,Premium,Gama alta,4052.0,42.0,0
C005242,Z09,Norte,urbana_premium,102625,24.0,M,Soltero/a,2,Premium,Gama alta,4432.0,20.0,0
C005243,Z10,Este,suburbana,27514,53.0,M,Casado/a,4,Prepago,Gama media,2842.0,,0
C005244,Z09,Norte,urbana_premium,102625,56.0,M,Casado/a,4,Premium,Gama alta,5998.0,32.0,0
C005245,Z16,Este,urbana_premium,72683,18.0,M,desconocido,2,Premium,Gama alta,3825.0,35.0,0
C005246,Z20,Oeste,suburbana,46953,59.0,F,Soltero/a,1,Prepago,Gama media,4857.0,6.0,0
C005247,Z16,Este,urbana_premium,72683,37.0,F,Soltero/a,2,Prepago,Gama baja,4138.0,72.0,0
C005248,Z07,Centro,rural,15473,57.0,F,Casado/a,2,Prepago,Gama media,1548.0,24.0,0
C005249,Z04,Centro,suburbana,55457,46.0,F,Soltero/a,2,Premium,Gama alta,3994.0,36.0,0
C005250,Z26,Oeste,urbana_premium,107159,53.0,F,Soltero/a,2,Premium,Gama media,3370.0,20.0,1
C005251,Z16,Este,urbana_premium,72683,39.0,M,Casado/a,2,Contrato,Gama alta,3277.0,19.0,0
C005252,Z03,Sur,rural,16530,29.0,F,Soltero/a,1,Premium,Gama media,3339.0,50.0,1
C005253,Z09,Norte,urbana_premium,102625,35.0,M,Soltero/a,2,Prepago,Gama media,2472.0,44.0,1
C005254,Z26,Oeste,urbana_premium,107159,42.0,M,Casado/a,2,Premium,Gama media,,44.0,0
C005255,Z26,Oeste,urbana_premium,107159,33.0,F,Casado/a,3,Contrato,Gama media,3545.0,12.0,1
C005256,Z28,Sur,urbana_premium,64486,44.0,F,Divorciado/a,2,Premium,Gama baja,4254.0,56.0,0
C005257,Z18,Sur,urbana_premium,56342,35.0,F,Soltero/a,3,Contrato,Gama media,5186.0,14.0,0
C005258,Z15,Oeste,suburbana,62939,33.0,M,Soltero/a,1,Contrato,Gama media,3136.0,13.0,0
C005259,Z15,Oeste,suburbana,62939,27.0,F,Soltero/a,2,Prepago,Gama baja,1356.0,17.0,0
C005260,Z06,Sur,rural,19752,40.0,M,Divorciado/a,2,Prepago,Gama media,1653.0,53.0,0
C005261,Z20,Oeste,suburbana,46953,42.0,F,Casado/a,2,Prepago,Gama media,1918.0,18.0,0
C005262,Z18,Sur,urbana_premium,56342,18.0,M,Soltero/a,3,Premium,Gama media,1979.0,39.0,0
C005263,Z05,Este,urbana_premium,94471,27.0,M,Soltero/a,3,Premium,Gama media,3606.0,26.0,1
C005264,Z28,Sur,urbana_premium,64486,18.0,M,Soltero/a,3,Premium,Gama alta,,63.0,0
C005265,Z12,Norte,rural,11707,38.0,F,Casado/a,4,Premium,Gama alta,3261.0,38.0,0
C005266,Z02,Oeste,suburbana,46400,54.0,F,Casado/a,1,Prepago,Gama media,3547.0,17.0,0
C005267,Z11,Oeste,suburbana,41163,26.0,M,Soltero/a,1,Premium,Gama media,2452.0,9.0,0
C005268,Z28,Sur,urbana_premium,64486,44.0,M,Casado/a,2,Contrato,Gama baja,5591.0,34.0,0
C005269,Z28,Sur,urbana_premium,64486,70.0,M,Casado/a,4,Premium,Gama alta,3556.0,,0
C005270,Z16,Este,urbana_premium,72683,53.0,F,Casado/a,4,Premium,Gama media,3909.0,30.0,0
C005271,Z29,Oeste,urbana_premium,67334,38.0,F,Soltero/a,2,Premium,Gama media,3036.0,9.0,1
C005272,Z28,Sur,urbana_premium,64486,46.0,F,Casado/a,4,Premium,Gama alta,3513.0,67.0,0
C005273,Z26,Oeste,urbana_premium,107159,20.0,M,Soltero/a,2,Contrato,Gama media,3303.0,38.0,0
C005274,Z27,Norte,suburbana,42704,21.0,M,Soltero/a,1,Prepago,Gama media,1838.0,47.0,0
C005275,Z13,Este,suburbana,37333,40.0,F,Soltero/a,2,Premium,Gama alta,3726.0,29.0,1
C005276,Z26,Oeste,urbana_premium,107159,41.0,F,Casado/a,3,Premium,Gama media,4059.0,29.0,0
C005277,Z18,Sur,urbana_premium,56342,49.0,M,Soltero/a,2,Premium,Gama media,5055.0,85.0,1
C005278,Z23,Norte,rural,20553,38.0,M,Soltero/a,2,Contrato,Gama media,1815.0,11.0,1
C005279,Z05,Este,urbana_premium,94471,38.0,M,Soltero/a,3,Premium,Gama media,4900.0,68.0,1
C005280,Z24,Centro,rural,12558,47.0,M,Casado/a,3,Prepago,Gama baja,1341.0,59.0,0
C005281,Z29,Oeste,urbana_premium,67334,34.0,M,Soltero/a,3,Premium,Gama media,4626.0,15.0,0
C005282,Z09,Norte,urbana_premium,102625,35.0,F,Soltero/a,2,Premium,Gama alta,4849.0,14.0,0
C005283,Z30,Centro,suburbana,33966,30.0,M,Soltero/a,2,Premium,Gama alta,2073.0,88.0,1
C005284,Z13,Este,suburbana,37333,43.0,M,Casado/a,3,Contrato,Gama alta,4407.0,24.0,0
C005285,Z07,Centro,rural,15473,47.0,F,Soltero/a,2,Premium,Gama alta,4006.0,36.0,1
C005286,Z05,Este,urbana_premium,94471,31.0,M,Soltero/a,2,Premium,Gama alta,3130.0,32.0,1
C005287,Z26,Oeste,urbana_premium,107159,44.0,M,Soltero/a,2,Premium,Gama alta,6357.0,24.0,1
C005288,Z17,Sur,suburbana,56619,52.0,F,Casado/a,1,Premium,Gama media,1643.0,56.0,0
C005289,Z10,Este,suburbana,27514,48.0,M,Soltero/a,1,Premium,Gama media,2842.0,7.0,1
C005290,Z19,Este,rural,12655,32.0,F,Soltero/a,2,Prepago,Gama media,930.0,47.0,0
C005291,Z11,Oeste,suburbana,41163,41.0,M,Divorciado/a,2,Premium,Gama baja,4127.0,23.0,0
C005292,Z15,Oeste,suburbana,62939,29.0,M,Soltero/a,2,Prepago,Gama baja,1745.0,14.0,0
C005293,Z27,Norte,suburbana,42704,41.0,M,Soltero/a,1,Prepago,Gama media,1506.0,18.0,0
C005294,Z21,Centro,rural,19103,34.0,F,Soltero/a,2,Prepago,Gama media,2545.0,42.0,0
C005295,Z26,Oeste,urbana_premium,107159,51.0,M,Soltero/a,3,Contrato,Gama alta,5501.0,19.0,0
C005296,Z18,Sur,urbana_premium,56342,45.0,F,Soltero/a,2,Prepago,Gama media,3322.0,4.0,1
C005297,Z30,Centro,suburbana,33966,54.0,M,Casado/a,1,Premium,Gama media,3127.0,11.0,1
C005298,Z09,Norte,urbana_premium,102625,49.0,F,Casado/a,3,Premium,Gama media,7092.0,40.0,0
C005299,Z09,Norte,urbana_premium,102625,33.0,M,Soltero/a,2,Premium,Gama media,2744.0,15.0,0
C005300,Z99,Centro,suburbana,55457,35.0,M,Soltero/a,2,Contrato,Gama media,2114.0,13.0,0
C005301,Z17,Sur,suburbana,56619,61.0,F,Soltero/a,1,Premium,Gama alta,4359.0,14.0,0
C005302,Z19,Este,rural,12655,43.0,M,Casado/a,1,Contrato,Gama media,2511.0,44.0,0
C005303,Z23,Norte,rural,20553,29.0,M,Soltero/a,1,Premium,Gama media,3823.0,33.0,1
C005304,Z11,Oeste,suburbana,41163,52.0,F,Divorciado/a,1,Prepago,Gama media,1894.0,53.0,0
C005305,Z01,Centro,rural,16625,47.0,F,Divorciado/a,2,Prepago,Gama media,1241.0,20.0,1
C005306,Z20,Oeste,suburbana,46953,58.0,F,Soltero/a,2,Contrato,Gama media,1805.0,56.0,0
C005307,Z30,Centro,suburbana,33966,43.0,M,Casado/a,1,Premium,Gama alta,3817.0,17.0,1
C005308,Z09,Norte,urbana_premium,102625,36.0,M,Soltero/a,3,Premium,Gama alta,5827.0,35.0,0
C005309,Z06,Sur,rural,19752,63.0,M,Casado/a,2,Prepago,Gama media,3377.0,21.0,0
C005310,Z09,Norte,urbana_premium,102625,18.0,M,Soltero/a,3,Contrato,Gama alta,4649.0,19.0,0
C005311,Z15,Oeste,suburbana,62939,33.0,M,Soltero/a,1,Premium,Gama media,4622.0,63.0,0
C005312,Z99,Norte,urbana_premium,102625,25.0,M,Soltero/a,2,Premium,Gama media,3095.0,21.0,1
C005313,Z11,Oeste,suburbana,41163,,M,Soltero/a,2,Prepago,Gama baja,1488.0,38.0,0
C005314,Z20,Oeste,suburbana,46953,50.0,F,Casado/a,4,Premium,Gama media,1693.0,55.0,1
C005315,Z11,Oeste,suburbana,41163,33.0,M,Soltero/a,1,Contrato,Gama baja,1793.0,29.0,0
C005316,Z13,Este,suburbana,37333,51.0,M,Soltero/a,2,Prepago,Gama media,1514.0,16.0,0
C005317,Z02,Oeste,suburbana,46400,45.0,M,desconocido,2,Prepago,Gama media,1852.0,6.0,0
C005318,Z28,Sur,urbana_premium,64486,43.0,M,Soltero/a,3,Premium,Gama media,2769.0,22.0,1
C005319,Z14,Norte,rural,13074,40.0,F,Soltero/a,1,Premium,Gama alta,2871.0,44.0,0
C005320,Z11,Oeste,suburbana,41163,31.0,M,Soltero/a,1,Premium,Gama media,,51.0,0
C005321,Z04,Centro,suburbana,55457,41.0,M,Soltero/a,2,Contrato,Gama alta,5054.0,38.0,1
C005322,Z20,Oeste,suburbana,46953,51.0,F,Casado/a,4,Premium,Gama media,1932.0,24.0,0
C005323,Z27,Norte,suburbana,42704,39.0,M,Soltero/a,2,Contrato,Gama media,3397.0,30.0,0
C005324,Z02,Oeste,suburbana,46400,32.0,M,Casado/a,4,Prepago,Gama media,4725.0,18.0,0
C005325,Z05,Este,urbana_premium,94471,22.0,F,Soltero/a,3,Premium,Gama baja,3201.0,13.0,0
C005326,Z05,Este,urbana_premium,94471,,F,Casado/a,3,Premium,Gama alta,3275.0,48.0,0
C005327,Z18,Sur,urbana_premium,56342,29.0,F,Casado/a,2,Prepago,Gama alta,6208.0,9.0,0
C005328,Z29,Oeste,urbana_premium,67334,35.0,F,Divorciado/a,3,Premium,Gama media,3379.0,,0
C005329,Z15,Oeste,suburbana,62939,37.0,F,Soltero/a,2,Premium,Gama alta,4923.0,17.0,0
C005330,Z11,Oeste,suburbana,41163,35.0,M,Soltero/a,1,Prepago,Gama baja,1775.0,32.0,0
C005331,Z26,Oeste,urbana_premium,107159,40.0,M,Soltero/a,2,Prepago,Gama alta,6746.0,27.0,0
C005332,Z25,Oeste,rural,11763,,M,Casado/a,4,Premium,Gama baja,,19.0,0
C005333,Z09,Norte,urbana_premium,102625,60.0,F,Casado/a,3,Premium,Gama media,2739.0,35.0,1
C005334,Z05,Este,urbana_premium,94471,45.0,F,Soltero/a,3,Premium,Gama alta,3436.0,15.0,0
C005335,Z11,Oeste,suburbana,41163,59.0,M,Divorciado/a,2,Contrato,Gama media,1931.0,83.0,0
C005336,Z26,Oeste,urbana_premium,107159,26.0,F,Soltero/a,3,Prepago,Gama media,3220.0,12.0,1
C005337,Z22,Este,suburbana,53534,21.0,F,Soltero/a,2,Contrato,Gama media,1724.0,40.0,0
C005338,Z21,Centro,rural,19103,,M,Soltero/a,2,Contrato,Gama baja,1245.0,73.0,1
C005339,Z26,Oeste,urbana_premium,107159,46.0,F,Soltero/a,3,Premium,Gama media,2468.0,32.0,1
C005340,Z09,Norte,urbana_premium,102625,44.0,F,Casado/a,5,Premium,Gama alta,5502.0,50.0,0
C005341,Z11,Oeste,suburbana,41163,55.0,M,Casado/a,4,Prepago,Gama media,1555.0,69.0,0
C005342,Z02,Oeste,suburbana,46400,18.0,F,Soltero/a,1,Contrato,Gama media,4820.0,33.0,0
C005343,Z28,Sur,urbana_premium,64486,51.0,M,Casado/a,2,Premium,Gama alta,5272.0,-25.0,0
C005344,Z18,Sur,urbana_premium,56342,40.0,M,Casado/a,5,Premium,Gama alta,6070.0,55.0,0
C005345,Z09,Norte,urbana_premium,102625,18.0,F,Soltero/a,3,Premium,Gama alta,,39.0,0
C005346,Z04,Centro,suburbana,55457,49.0,F,Soltero/a,1,Contrato,Gama alta,5309.0,4.0,0
C005347,Z23,Norte,rural,20553,47.0,F,Soltero/a,2,Prepago,Gama media,1405.0,13.0,0
C005348,Z25,Oeste,rural,11763,,F,Soltero/a,1,Premium,Gama alta,3748.0,24.0,1
C005349,Z21,Centro,rural,19103,57.0,F,Divorciado/a,1,Premium,Gama alta,6731.0,59.0,1
C005350,Z07,Centro,rural,15473,50.0,M,Casado/a,1,Prepago,Gama media,2117.0,32.0,0
C005351,Z28,Sur,urbana_premium,64486,18.0,F,Soltero/a,2,Contrato,Gama alta,3754.0,17.0,1
C005352,Z26,Oeste,urbana_premium,107159,34.0,F,Casado/a,3,Prepago,Gama media,2773.0,33.0,0
C005353,Z21,Centro,rural,19103,26.0,M,Soltero/a,1,Prepago,Gama media,2376.0,3.0,0
C005354,Z20,Oeste,suburbana,46953,48.0,M,Soltero/a,2,Prepago,Gama alta,3182.0,9.0,0
C005355,Z28,Sur,urbana_premium,64486,53.0,F,Casado/a,5,Premium,Gama baja,1674.0,76.0,0
C005356,Z29,Oeste,urbana_premium,67334,21.0,F,Soltero/a,3,Premium,Gama alta,4742.0,12.0,0
C005357,Z18,Sur,urbana_premium,56342,28.0,F,Casado/a,3,Premium,Gama alta,5644.0,78.0,0
C005358,Z15,Oeste,suburbana,62939,29.0,M,Soltero/a,1,Contrato,Gama media,2190.0,86.0,0
C005359,Z12,Norte,rural,11707,40.0,F,Casado/a,4,Premium,Gama media,2001.0,38.0,0
C005360,Z26,Oeste,urbana_premium,107159,41.0,M,Soltero/a,2,Premium,Gama media,5151.0,48.0,0
C005361,Z20,Oeste,suburbana,46953,35.0,F,Soltero/a,1,Prepago,Gama baja,2153.0,13.0,1
C005362,Z04,Centro,suburbana,55457,48.0,F,Soltero/a,2,Premium,Gama alta,3867.0,26.0,1
C005363,Z05,Este,urbana_premium,94471,49.0,F,Soltero/a,3,Premium,Gama media,4231.0,84.0,0
C005364,Z28,Sur,urbana_premium,64486,49.0,F,Divorciado/a,2,Premium,Gama alta,8666.0,77.0,0
C005365,Z28,Sur,urbana_premium,64486,23.0,M,Soltero/a,2,Prepago,Gama media,3660.0,58.0,0
C005366,Z29,Oeste,urbana_premium,67334,53.0,F,Casado/a,3,Prepago,Gama media,3175.0,45.0,0
C005367,Z15,Oeste,suburbana,62939,58.0,F,Casado/a,1,Prepago,Gama media,3250.0,7.0,0
C005368,Z26,Oeste,urbana_premium,107159,55.0,M,Casado/a,2,Prepago,Gama media,3986.0,18.0,1
C005369,Z99,Oeste,urbana_premium,107159,34.0,M,Soltero/a,2,Premium,Gama media,6776.0,22.0,1
C005370,Z10,Este,suburbana,27514,31.0,F,Soltero/a,1,Contrato,Gama alta,5181.0,55.0,0
C005371,Z05,Este,urbana_premium,94471,24.0,M,Soltero/a,2,Premium,Gama media,2965.0,26.0,1
C005372,Z30,Centro,suburbana,33966,27.0,M,Soltero/a,1,Contrato,Gama media,2787.0,42.0,0
C005373,Z02,Oeste,suburbana,46400,40.0,F,Casado/a,4,Prepago,Gama media,2338.0,12.0,0
C005374,Z18,Sur,urbana_premium,56342,46.0,M,Soltero/a,3,Contrato,Gama media,2821.0,10.0,0
C005375,Z20,Oeste,suburbana,46953,56.0,M,Casado/a,1,Contrato,Gama baja,952.0,25.0,0
C005376,Z22,Este,suburbana,53534,34.0,F,Casado/a,4,Premium,Gama alta,5383.0,29.0,1
C005377,Z09,Norte,urbana_premium,102625,36.0,M,Soltero/a,2,Contrato,Gama media,3027.0,42.0,1
C005378,Z23,Norte,rural,20553,44.0,F,Soltero/a,2,Prepago,Gama baja,1986.0,45.0,0
C005379,Z08,Sur,rural,17023,37.0,M,Soltero/a,2,Premium,Gama alta,6121.0,19.0,0
C005380,Z26,Oeste,urbana_premium,107159,45.0,F,Soltero/a,2,Premium,Gama media,3059.0,24.0,1
C005381,Z08,Sur,rural,17023,49.0,M,Casado/a,2,Contrato,Gama media,2177.0,25.0,0
C005382,Z22,Este,suburbana,53534,42.0,F,Soltero/a,2,Contrato,Gama media,3273.0,64.0,1
C005383,Z26,Oeste,urbana_premium,107159,40.0,F,Soltero/a,2,Premium,Gama media,4308.0,48.0,0
C005384,Z06,Sur,rural,19752,52.0,F,Casado/a,4,Premium,Gama alta,1870.0,33.0,1
C005385,Z09,Norte,urbana_premium,102625,43.0,F,Casado/a,3,Premium,Gama alta,5671.0,30.0,0
C005386,Z26,Oeste,urbana_premium,107159,26.0,M,Soltero/a,3,Prepago,Gama media,4049.0,23.0,0
C005387,Z04,Centro,suburbana,55457,51.0,M,Casado/a,1,Premium,Gama alta,3100.0,46.0,1
C005388,Z06,Sur,rural,19752,48.0,F,Casado/a,2,Prepago,Gama media,1834.0,46.0,0
C005389,Z15,Oeste,suburbana,62939,35.0,F,Soltero/a,1,Prepago,Gama media,2848.0,7.0,0
C005390,Z29,Oeste,urbana_premium,67334,39.0,F,Soltero/a,3,Premium,Gama media,5384.0,8.0,0
C005391,Z17,Sur,suburbana,56619,44.0,M,Soltero/a,1,Premium,Gama alta,4198.0,41.0,1
C005392,Z13,Este,suburbana,37333,53.0,F,Casado/a,4,Premium,Gama media,2565.0,73.0,0
C005393,Z30,Centro,suburbana,33966,27.0,M,Soltero/a,2,Contrato,Gama media,2274.0,22.0,0
C005394,Z16,Este,urbana_premium,72683,52.0,F,Divorciado/a,2,Premium,Gama media,5206.0,38.0,0
C005395,Z15,Oeste,suburbana,62939,40.0,F,Soltero/a,2,Prepago,Gama media,3313.0,3.0,0
C005396,Z15,Oeste,suburbana,62939,34.0,M,Soltero/a,1,Contrato,Gama media,4052.0,53.0,1
C005397,Z10,Este,suburbana,27514,34.0,F,Soltero/a,1,Premium,Gama alta,2124.0,36.0,1
C005398,Z10,Este,suburbana,27514,28.0,M,Soltero/a,2,Prepago,Gama baja,2959.0,48.0,0
C005399,Z22,Este,suburbana,53534,19.0,F,Soltero/a,2,Premium,Gama alta,4055.0,30.0,1
C005400,Z02,Oeste,suburbana,46400,48.0,F,Divorciado/a,2,Premium,Gama media,2323.0,62.0,0
C005401,Z22,Este,suburbana,53534,64.0,M,Casado/a,1,Contrato,Gama alta,5771.0,69.0,0
C005402,Z07,Centro,rural,15473,26.0,M,Soltero/a,2,Premium,Gama media,4108.0,23.0,1
C005403,Z13,Este,suburbana,37333,29.0,F,Soltero/a,1,Contrato,Gama baja,2776.0,50.0,0
C005404,Z05,Este,urbana_premium,94471,45.0,F,Soltero/a,3,Premium,Gama alta,3573.0,64.0,0
C005405,Z17,Sur,suburbana,56619,39.0,M,Casado/a,3,Prepago,Gama alta,,,0
C005406,Z23,Norte,rural,20553,55.0,M,Casado/a,2,Premium,Gama media,2464.0,33.0,0
C005407,Z11,Oeste,suburbana,41163,39.0,M,Soltero/a,2,Premium,Gama alta,4560.0,,0
C005408,Z05,Este,urbana_premium,94471,29.0,F,Soltero/a,2,Premium,Gama media,2812.0,45.0,0
C005409,Z09,Norte,urbana_premium,102625,33.0,M,Divorciado/a,3,Premium,Gama media,2823.0,41.0,0
C005410,Z26,Oeste,urbana_premium,107159,18.0,F,Soltero/a,2,Premium,Gama media,4208.0,19.0,0
C005411,Z09,Norte,urbana_premium,102625,22.0,F,Soltero/a,2,Premium,Gama baja,4552.0,36.0,0
C005412,Z26,Oeste,urbana_premium,107159,47.0,F,Soltero/a,3,Prepago,Gama media,3780.0,38.0,0
C005413,Z11,Oeste,suburbana,41163,54.0,F,Casado/a,4,Contrato,Gama media,4078.0,41.0,0
C005414,Z06,Sur,rural,19752,62.0,M,Casado/a,4,Premium,Gama media,3746.0,21.0,0
C005415,Z23,Norte,rural,20553,50.0,F,Casado/a,3,Prepago,Gama media,3015.0,24.0,0
C005416,Z16,Este,urbana_premium,72683,18.0,F,Soltero/a,3,Contrato,Gama media,4359.0,31.0,0
C005417,Z02,Oeste,suburbana,46400,32.0,F,Soltero/a,2,Prepago,Gama media,2763.0,7.0,0
C005418,Z29,Oeste,urbana_premium,67334,52.0,F,Divorciado/a,2,Contrato,Gama media,3929.0,40.0,0
C005419,Z05,Este,urbana_premium,94471,55.0,M,Casado/a,5,Premium,Gama media,2373.0,,0
C005420,Z11,Oeste,suburbana,41163,56.0,F,Casado/a,2,Premium,Gama media,1966.0,38.0,0
C005421,Z13,Este,suburbana,37333,37.0,M,Soltero/a,2,Premium,Gama media,4631.0,36.0,0
C005422,Z16,Este,urbana_premium,72683,20.0,F,Soltero/a,2,Contrato,Gama alta,7071.0,15.0,0
C005423,Z26,Oeste,urbana_premium,107159,36.0,M,Soltero/a,3,Premium,Gama media,2373.0,52.0,0
C005424,Z01,Centro,rural,16625,45.0,F,Casado/a,1,Premium,Gama media,2811.0,28.0,0
C005425,Z29,Oeste,urbana_premium,67334,55.0,F,Casado/a,4,Prepago,Gama media,2245.0,19.0,0
C005426,Z20,Oeste,suburbana,46953,43.0,F,Soltero/a,2,Premium,Gama alta,5307.0,-19.0,0
C005427,Z29,Oeste,urbana_premium,67334,36.0,F,Soltero/a,3,Premium,Gama media,3805.0,21.0,1
C005428,Z26,Oeste,urbana_premium,107159,37.0,M,Soltero/a,2,Premium,Gama alta,9244.0,54.0,0
C005429,Z29,Oeste,urbana_premium,67334,41.0,M,Casado/a,2,Premium,Gama media,3063.0,,1
C005430,Z18,Sur,urbana_premium,56342,44.0,M,Casado/a,4,Prepago,Gama media,3202.0,26.0,0
C005431,Z11,Oeste,suburbana,41163,31.0,F,Casado/a,2,Prepago,Gama alta,3428.0,4.0,0
C005432,Z15,Oeste,suburbana,62939,27.0,M,Soltero/a,1,Premium,Gama alta,4090.0,16.0,0
C005433,Z21,Centro,rural,19103,61.0,M,Casado/a,4,Contrato,Gama alta,3084.0,7.0,1
C005434,Z15,Oeste,suburbana,62939,20.0,M,Soltero/a,1,Premium,Gama alta,4192.0,22.0,0
C005435,Z24,Centro,rural,12558,65.0,F,Casado/a,1,Prepago,Gama baja,2145.0,30.0,0
C005436,Z04,Centro,suburbana,55457,18.0,F,Soltero/a,1,Premium,Gama media,4209.0,19.0,0
C005437,Z26,Oeste,urbana_premium,107159,29.0,M,Casado/a,3,Premium,Gama alta,8335.0,38.0,1
C005438,Z07,Centro,rural,15473,57.0,F,Soltero/a,1,Contrato,Gama alta,3073.0,32.0,0
C005439,Z29,Oeste,urbana_premium,67334,,M,Soltero/a,3,Contrato,Gama alta,2875.0,25.0,0
C005440,Z05,Este,urbana_premium,94471,20.0,M,Soltero/a,2,Premium,Gama alta,4445.0,17.0,1
C005441,Z05,Este,urbana_premium,94471,41.0,M,Casado/a,3,Premium,Gama media,,54.0,0
C005442,Z26,Oeste,urbana_premium,107159,37.0,F,Divorciado/a,3,Premium,Gama alta,4894.0,74.0,1
C005443,Z26,Oeste,urbana_premium,107159,33.0,M,Soltero/a,2,Contrato,Gama media,2135.0,47.0,0
C005444,Z24,Centro,rural,12558,38.0,M,Soltero/a,2,Premium,Gama media,2985.0,10.0,0
C005445,Z29,Oeste,urbana_premium,67334,36.0,F,Casado/a,4,Premium,Gama media,3774.0,12.0,0
C005446,Z09,Norte,urbana_premium,102625,29.0,F,Soltero/a,2,Premium,Gama alta,5441.0,76.0,0
C005447,Z26,Oeste,urbana_premium,107159,65.0,F,Soltero/a,3,Premium,Gama alta,3893.0,28.0,1
C005448,Z11,Oeste,suburbana,41163,37.0,F,Soltero/a,2,Contrato,Gama media,4889.0,109.0,0
C005449,Z17,Sur,suburbana,56619,36.0,F,Soltero/a,1,Prepago,Gama media,3642.0,12.0,0
C005450,Z15,Oeste,suburbana,62939,34.0,M,Soltero/a,1,Premium,Gama media,4383.0,28.0,0
C005451,Z01,Centro,rural,16625,66.0,F,Casado/a,2,Premium,Gama media,2030.0,85.0,0
C005452,Z18,Sur,urbana_premium,56342,18.0,M,Casado/a,4,Prepago,Gama alta,3285.0,48.0,0
C005453,Z25,Oeste,rural,11763,49.0,M,Divorciado/a,1,Contrato,Gama media,1425.0,52.0,0
C005454,Z05,Este,urbana_premium,94471,33.0,F,Casado/a,4,Premium,Gama media,2570.0,17.0,1
C005455,Z29,Oeste,urbana_premium,67334,19.0,M,Soltero/a,2,Premium,Gama media,3960.0,60.0,0
C005456,Z17,Sur,suburbana,56619,30.0,M,Casado/a,3,Premium,Gama baja,3050.0,66.0,1
C005457,Z05,Este,urbana_premium,94471,40.0,M,Casado/a,3,Prepago,Gama media,4406.0,9.0,0
C005458,Z20,Oeste,suburbana,46953,30.0,F,Soltero/a,1,Contrato,Gama media,2342.0,8.0,1
C005459,Z06,Sur,rural,19752,48.0,F,Soltero/a,2,Premium,Gama media,2464.0,59.0,0
C005460,Z04,Centro,suburbana,55457,61.0,M,Casado/a,2,Premium,Gama alta,4776.0,34.0,1
C005461,Z22,Este,suburbana,53534,42.0,M,Casado/a,1,Premium,Gama alta,3470.0,49.0,0
C005462,Z99,Este,urbana_premium,94471,19.0,F,Soltero/a,3,Premium,Gama media,3882.0,37.0,0
C005463,Z04,Centro,suburbana,55457,30.0,F,Casado/a,3,Prepago,Gama media,,6.0,0
C005464,Z25,Oeste,rural,11763,42.0,M,Casado/a,2,Premium,Gama media,3588.0,34.0,0
C005465,Z03,Sur,rural,16530,41.0,M,Soltero/a,1,Contrato,Gama alta,2467.0,14.0,0
C005466,Z26,Oeste,urbana_premium,107159,38.0,F,Soltero/a,2,Prepago,Gama alta,3191.0,7.0,0
C005467,Z26,Oeste,urbana_premium,107159,40.0,M,Casado/a,2,Contrato,Gama alta,3203.0,12.0,0
C005468,Z05,Este,urbana_premium,94471,57.0,F,Casado/a,3,Premium,Gama media,3164.0,67.0,1
C005469,Z17,Sur,suburbana,56619,40.0,M,Casado/a,4,Premium,Gama alta,2443.0,15.0,1
C005470,Z04,Centro,suburbana,55457,26.0,F,Soltero/a,1,Premium,Gama media,3930.0,18.0,0
C005471,Z20,Oeste,suburbana,46953,54.0,F,Casado/a,4,Prepago,Gama alta,5406.0,41.0,0
C005472,Z03,Sur,rural,16530,60.0,F,Soltero/a,1,Premium,Gama media,2012.0,37.0,0
C005473,Z29,Oeste,urbana_premium,67334,39.0,F,Casado/a,5,Premium,Gama media,2791.0,25.0,0
C005474,Z07,Centro,rural,15473,42.0,M,Casado/a,4,Prepago,Gama media,1488.0,28.0,1
C005475,Z22,Este,suburbana,53534,47.0,M,Soltero/a,2,Premium,Gama alta,5455.0,10.0,1
C005476,Z05,Este,urbana_premium,94471,33.0,F,Soltero/a,3,Premium,Gama alta,5368.0,24.0,1
C005477,Z07,Centro,rural,15473,20.0,F,Soltero/a,2,Premium,Gama media,1829.0,47.0,1
C005478,Z15,Oeste,suburbana,62939,47.0,F,Soltero/a,2,Contrato,Gama alta,3131.0,18.0,1
C005479,Z18,Sur,urbana_premium,56342,47.0,M,Divorciado/a,2,Premium,Gama baja,6254.0,34.0,1
C005480,Z30,Centro,suburbana,33966,57.0,F,Soltero/a,1,Premium,Gama media,2915.0,35.0,0
C005481,Z02,Oeste,suburbana,46400,31.0,M,Soltero/a,1,Premium,Gama alta,4032.0,57.0,0
C005482,Z01,Centro,rural,16625,48.0,M,Casado/a,4,Premium,Gama media,2198.0,13.0,1
C005483,Z11,Oeste,suburbana,41163,43.0,M,Soltero/a,1,Contrato,Gama media,2688.0,5.0,0
C005484,Z12,Norte,rural,11707,46.0,F,Soltero/a,2,Prepago,Gama baja,919.0,22.0,0
C005485,Z28,Sur,urbana_premium,64486,37.0,F,Casado/a,5,Prepago,Gama baja,3322.0,21.0,0
C005486,Z28,Sur,urbana_premium,64486,36.0,M,Soltero/a,3,Premium,Gama alta,3173.0,31.0,0
C005487,Z28,Sur,urbana_premium,64486,39.0,F,Soltero/a,2,Premium,Gama alta,4592.0,50.0,0
C005488,Z05,Este,urbana_premium,94471,45.0,M,Soltero/a,3,Prepago,Gama media,4177.0,42.0,0
C005489,Z15,Oeste,suburbana,62939,55.0,M,Casado/a,3,Premium,Gama media,3195.0,65.0,0
C005490,Z25,Oeste,rural,11763,36.0,M,Soltero/a,2,Prepago,Gama baja,,-9.0,0
C005491,Z10,Este,suburbana,27514,38.0,M,Soltero/a,2,Contrato,Gama media,1315.0,23.0,0
C005492,Z21,Centro,rural,19103,40.0,X,Soltero/a,1,Premium,Gama media,2282.0,39.0,0
C005493,Z09,Norte,urbana_premium,102625,29.0,M,Casado/a,3,Premium,Gama media,2542.0,19.0,0
C005494,Z10,Este,suburbana,27514,21.0,F,Soltero/a,1,Premium,Gama baja,1924.0,13.0,0
C005495,Z27,Norte,suburbana,42704,40.0,F,Soltero/a,2,Premium,Gama media,2693.0,33.0,0
C005496,Z09,Norte,urbana_premium,102625,42.0,F,Soltero/a,2,Premium,Gama alta,3857.0,43.0,0
C005497,Z29,Oeste,urbana_premium,67334,34.0,M,Soltero/a,2,Premium,Gama media,4563.0,42.0,0
C005498,Z10,Este,suburbana,27514,40.0,F,Divorciado/a,1,Contrato,Gama media,3472.0,14.0,0
C005499,Z02,Oeste,suburbana,46400,45.0,M,Soltero/a,1,Premium,Gama alta,2232.0,19.0,1
C005500,Z09,Norte,urbana_premium,102625,53.0,M,Casado/a,3,Premium,Gama media,,25.0,0
C005501,Z05,Este,urbana_premium,94471,31.0,F,Soltero/a,3,Contrato,Gama alta,6329.0,23.0,0
C005502,Z16,Este,urbana_premium,72683,22.0,M,Soltero/a,2,Premium,Gama alta,6734.0,44.0,0
C005503,Z05,Este,urbana_premium,94471,35.0,F,Soltero/a,2,Premium,Gama baja,3438.0,23.0,0
C005504,Z20,Oeste,suburbana,46953,63.0,F,Divorciado/a,1,Contrato,Gama alta,3079.0,33.0,1
C005505,Z28,Sur,urbana_premium,64486,22.0,M,Soltero/a,2,Premium,Gama alta,2797.0,27.0,0
C005506,Z12,Norte,rural,11707,53.0,F,Casado/a,4,Premium,Gama media,3326.0,79.0,0
C005507,Z05,Este,urbana_premium,94471,50.0,M,Casado/a,2,Premium,Gama alta,8609.0,13.0,0
C005508,Z14,Norte,rural,13074,18.0,F,Soltero/a,2,Prepago,Gama media,1925.0,1.0,0
C005509,Z26,Oeste,urbana_premium,107159,41.0,F,Soltero/a,2,Contrato,Gama alta,5777.0,5.0,0
C005510,Z18,Sur,urbana_premium,56342,43.0,M,Divorciado/a,2,Premium,Gama alta,4953.0,6.0,0
C005511,Z04,Centro,suburbana,55457,37.0,M,Casado/a,1,Premium,Gama alta,,35.0,1
C005512,Z17,Sur,suburbana,56619,32.0,M,Casado/a,3,Prepago,Gama media,2336.0,20.0,0
C005513,Z16,Este,urbana_premium,72683,29.0,F,Soltero/a,3,Premium,Gama alta,9113.0,27.0,1
C005514,Z10,Este,suburbana,27514,36.0,M,Casado/a,1,Prepago,Gama media,3898.0,30.0,0
C005515,Z05,Este,urbana_premium,94471,32.0,F,Soltero/a,3,Premium,Gama alta,5354.0,22.0,0
C005516,Z30,Centro,suburbana,33966,34.0,M,Casado/a,3,Premium,Gama alta,2768.0,19.0,0
C005517,Z05,Este,urbana_premium,94471,32.0,F,Casado/a,3,Premium,Gama baja,3910.0,41.0,0
C005518,Z06,Sur,rural,19752,59.0,M,Casado/a,4,Contrato,Gama media,1516.0,36.0,0
C005519,Z05,Este,urbana_premium,94471,21.0,F,Soltero/a,3,Premium,Gama media,4996.0,45.0,1
C005520,Z18,Sur,urbana_premium,56342,18.0,F,Soltero/a,2,Premium,Gama alta,3357.0,,0
C005521,Z15,Oeste,suburbana,62939,54.0,M,Divorciado/a,2,Contrato,Gama media,2081.0,8.0,0
C005522,Z09,Norte,urbana_premium,102625,34.0,M,Soltero/a,2,Premium,Gama alta,2838.0,83.0,0
C005523,Z15,Oeste,suburbana,62939,35.0,F,Casado/a,2,Prepago,Gama alta,,32.0,0
C005524,Z22,Este,suburbana,53534,39.0,F,Soltero/a,2,Contrato,Gama media,2686.0,16.0,0
C005525,Z09,Norte,urbana_premium,102625,39.0,F,Divorciado/a,3,Premium,Gama media,4354.0,52.0,0
C005526,Z28,Sur,urbana_premium,64486,30.0,M,Soltero/a,3,Premium,Gama media,2519.0,31.0,0
C005527,Z10,Este,suburbana,27514,46.0,F,Casado/a,3,Prepago,Gama media,2790.0,58.0,0
C005528,Z06,Sur,rural,19752,,F,Soltero/a,2,Prepago,Gama baja,1437.0,16.0,1
C005529,Z29,Oeste,urbana_premium,67334,32.0,F,Soltero/a,2,Premium,Gama media,4360.0,29.0,0
C005530,Z26,Oeste,urbana_premium,107159,18.0,M,Soltero/a,3,Premium,Gama alta,2783.0,19.0,0
C005531,Z11,Oeste,suburbana,41163,54.0,M,Soltero/a,2,Contrato,Gama media,3942.0,22.0,0
C005532,Z27,Norte,suburbana,42704,38.0,F,Divorciado/a,1,Prepago,Gama baja,1593.0,14.0,0
C005533,Z17,Sur,suburbana,56619,48.0,F,Soltero/a,1,Premium,Gama media,2389.0,29.0,0
C005534,Z11,Oeste,suburbana,41163,46.0,F,Soltero/a,2,Premium,Gama alta,4500.0,73.0,0
C005535,Z27,Norte,suburbana,42704,47.0,F,Soltero/a,1,Premium,Gama alta,5098.0,20.0,1
C005536,Z26,Oeste,urbana_premium,107159,36.0,M,Soltero/a,2,Prepago,Gama alta,3836.0,63.0,0
C005537,Z09,Norte,urbana_premium,102625,41.0,F,Casado/a,3,Premium,Gama media,3341.0,28.0,0
C005538,Z18,Sur,urbana_premium,56342,24.0,F,Soltero/a,2,Premium,Gama media,3987.0,85.0,1
C005539,Z12,Norte,rural,11707,31.0,F,Soltero/a,1,Prepago,Gama media,4761.0,32.0,0
C005540,Z01,Centro,rural,16625,44.0,F,Soltero/a,1,Prepago,Gama media,2113.0,9.0,0
C005541,Z29,Oeste,urbana_premium,67334,28.0,M,Soltero/a,3,Premium,Gama alta,3832.0,24.0,0
C005542,Z17,Sur,suburbana,56619,57.0,M,Casado/a,4,Prepago,Gama alta,2062.0,28.0,0
C005543,Z18,Sur,urbana_premium,56342,41.0,F,Soltero/a,2,Premium,Gama media,3019.0,23.0,0
C005544,Z18,Sur,urbana_premium,56342,27.0,F,Soltero/a,2,Prepago,Gama alta,4466.0,15.0,0
C005545,Z17,Sur,suburbana,56619,37.0,M,Soltero/a,1,Prepago,Gama alta,4075.0,29.0,0
C005546,Z09,Norte,urbana_premium,102625,38.0,F,Soltero/a,3,Premium,Gama media,4255.0,30.0,0
C005547,Z29,Oeste,urbana_premium,67334,,M,Casado/a,5,Premium,Gama alta,5119.0,54.0,0
C005548,Z20,Oeste,suburbana,46953,43.0,M,Soltero/a,1,Prepago,Gama media,2100.0,50.0,0
C005549,Z22,Este,suburbana,53534,41.0,F,Casado/a,4,Prepago,Gama media,2029.0,39.0,0
C005550,Z15,Oeste,suburbana,62939,23.0,F,Soltero/a,1,Premium,Gama media,3936.0,22.0,0
C005551,Z09,Norte,urbana_premium,102625,18.0,F,Soltero/a,2,Contrato,Gama media,3240.0,54.0,0
C005552,Z04,Centro,suburbana,55457,36.0,F,Casado/a,2,Contrato,Gama media,1976.0,14.0,0
C005553,Z11,Oeste,suburbana,41163,47.0,F,Casado/a,4,Contrato,Gama media,3200.0,44.0,1
C005554,Z05,Este,urbana_premium,94471,32.0,M,Soltero/a,3,Premium,Gama media,3944.0,-30.0,1
C005555,Z21,Centro,rural,19103,60.0,F,Casado/a,3,Premium,Gama media,,26.0,0
C005556,Z28,Sur,urbana_premium,64486,35.0,F,Soltero/a,2,Prepago,Gama alta,6671.0,11.0,0
C005557,Z09,Norte,urbana_premium,102625,52.0,F,Casado/a,4,Prepago,Gama media,7377.0,30.0,1
C005558,Z11,Oeste,suburbana,41163,54.0,F,Casado/a,3,Prepago,Gama baja,4171.0,9.0,1
C005559,Z21,Centro,rural,19103,58.0,M,desconocido,4,Premium,Gama media,2698.0,42.0,0
C005560,Z05,Este,urbana_premium,94471,22.0,M,Soltero/a,3,Premium,Gama alta,6205.0,32.0,0
C005561,Z29,Oeste,urbana_premium,67334,36.0,F,Soltero/a,2,Premium,Gama media,4045.0,71.0,0
C005562,Z12,Norte,rural,11707,60.0,F,Casado/a,2,Prepago,Gama media,2169.0,12.0,0
C005563,Z04,Centro,suburbana,55457,43.0,M,Divorciado/a,1,Premium,Gama alta,2430.0,36.0,0
C005564,Z05,Este,urbana_premium,94471,43.0,M,Casado/a,4,Contrato,Gama media,,,0
C005565,Z29,Oeste,urbana_premium,67334,19.0,M,Soltero/a,3,Premium,Gama alta,5297.0,16.0,1
C005566,Z09,Norte,urbana_premium,102625,59.0,F,Soltero/a,3,Prepago,Gama media,2263.0,34.0,0
C005567,Z21,Centro,rural,19103,36.0,M,Soltero/a,2,Premium,Gama media,1886.0,55.0,0
C005568,Z05,Este,urbana_premium,94471,18.0,F,Soltero/a,2,Premium,Gama media,3382.0,31.0,0
C005569,Z06,Sur,rural,19752,41.0,F,Soltero/a,1,Prepago,Gama media,1419.0,29.0,1
C005570,Z28,Sur,urbana_premium,64486,18.0,M,Soltero/a,3,Prepago,Gama media,3338.0,22.0,0
C005571,Z05,Este,urbana_premium,94471,23.0,F,Soltero/a,3,Premium,Gama media,3955.0,56.0,0
C005572,Z02,Oeste,suburbana,46400,71.0,F,Casado/a,3,Prepago,Gama media,4271.0,67.0,0
C005573,Z16,Este,urbana_premium,72683,31.0,M,Soltero/a,2,Premium,Gama media,3206.0,27.0,1
C005574,Z27,Norte,suburbana,42704,23.0,M,Soltero/a,1,Premium,Gama alta,3088.0,20.0,1
C005575,Z10,Este,suburbana,27514,40.0,M,Soltero/a,1,Prepago,Gama baja,1767.0,33.0,0
C005576,Z05,Este,urbana_premium,94471,25.0,F,Soltero/a,3,Premium,Gama media,2500.0,23.0,1
C005577,Z30,Centro,suburbana,33966,50.0,F,Casado/a,2,Contrato,Gama media,1531.0,25.0,0
C005578,Z22,Este,suburbana,53534,29.0,F,Soltero/a,1,Premium,Gama alta,4199.0,67.0,0
C005579,Z27,Norte,suburbana,42704,43.0,F,Soltero/a,2,Prepago,Gama media,2658.0,18.0,0
C005580,Z26,Oeste,urbana_premium,107159,22.0,F,Soltero/a,2,Premium,Gama media,4135.0,18.0,0
C005581,Z22,Este,suburbana,53534,71.0,M,Divorciado/a,1,Premium,Gama alta,3580.0,27.0,1
C005582,Z13,Este,suburbana,37333,46.0,M,Soltero/a,1,Premium,Gama media,3956.0,19.0,0
C005583,Z10,Este,suburbana,27514,38.0,F,Soltero/a,2,Contrato,Gama alta,6014.0,17.0,0
C005584,Z23,Norte,rural,20553,41.0,F,Casado/a,4,Premium,Gama baja,2288.0,8.0,0
C005585,Z23,Norte,rural,20553,38.0,F,Soltero/a,1,Prepago,Gama baja,1810.0,68.0,0
C005586,Z29,Oeste,urbana_premium,67334,27.0,F,Soltero/a,3,Contrato,Gama alta,4887.0,57.0,0
C005587,Z18,Sur,urbana_premium,56342,27.0,M,Soltero/a,3,Prepago,Gama alta,8752.0,57.0,0
C005588,Z09,Norte,urbana_premium,102625,56.0,M,Casado/a,2,Contrato,Gama media,3169.0,40.0,0
C005589,Z16,Este,urbana_premium,72683,29.0,F,Soltero/a,2,Contrato,Gama media,2898.0,43.0,0
C005590,Z19,Este,rural,12655,19.0,F,Soltero/a,2,Contrato,Gama baja,949.0,12.0,0
C005591,Z15,Oeste,suburbana,62939,26.0,F,Soltero/a,1,Prepago,Gama media,1446.0,10.0,0
C005592,Z26,Oeste,urbana_premium,107159,47.0,M,Casado/a,3,Premium,Gama alta,6290.0,29.0,0
C005593,Z18,Sur,urbana_premium,56342,33.0,F,Casado/a,4,Premium,Gama alta,3602.0,20.0,0
C005594,Z01,Centro,rural,16625,43.0,M,Soltero/a,2,Contrato,Gama media,1559.0,23.0,1
C005595,Z18,Sur,urbana_premium,56342,50.0,M,n/a,2,Premium,Gama alta,3832.0,19.0,1
C005596,Z20,Oeste,suburbana,46953,31.0,F,Soltero/a,1,Premium,Gama alta,7409.0,13.0,0
C005597,Z28,Sur,urbana_premium,64486,44.0,F,Casado/a,2,Premium,Gama media,3833.0,,0
C005598,Z15,Oeste,suburbana,62939,32.0,F,Soltero/a,1,Prepago,Gama media,5826.0,17.0,0
C005599,Z18,Sur,urbana_premium,56342,43.0,M,Soltero/a,2,Contrato,Gama media,2757.0,23.0,0
C005600,Z16,Este,urbana_premium,72683,31.0,M,Soltero/a,3,Premium,Gama alta,6381.0,22.0,1
C005601,Z17,Sur,suburbana,56619,37.0,F,Soltero/a,1,Premium,Gama media,2449.0,48.0,0
C005602,Z04,Centro,suburbana,55457,50.0,F,Soltero/a,2,Premium,Gama media,2277.0,13.0,0
C005603,Z28,Sur,urbana_premium,64486,45.0,F,Casado/a,2,Premium,Gama media,2755.0,41.0,0
C005604,Z99,Sur,urbana_premium,64486,34.0,M,Casado/a,3,Prepago,Gama media,3417.0,2.0,0
C005605,Z17,Sur,suburbana,56619,34.0,F,Soltero/a,2,Premium,Gama media,4195.0,117.0,0
C005606,Z17,Sur,suburbana,56619,59.0,M,n/a,4,Premium,Gama media,2518.0,70.0,1
C005607,Z03,Sur,rural,16530,52.0,M,Casado/a,3,Contrato,Gama media,3376.0,13.0,1
C005608,Z18,Sur,urbana_premium,56342,31.0,F,Soltero/a,3,Prepago,Gama media,2978.0,9.0,0
C005609,Z15,Oeste,suburbana,62939,32.0,M,Soltero/a,1,Premium,Gama alta,2897.0,85.0,0
C005610,Z22,Este,suburbana,53534,52.0,F,Casado/a,1,Contrato,Gama media,2476.0,44.0,0
C005611,Z02,Oeste,suburbana,46400,41.0,F,Soltero/a,1,Premium,Gama alta,5620.0,20.0,0
C005612,Z22,Este,suburbana,53534,38.0,M,Soltero/a,1,Premium,Gama alta,3573.0,32.0,0
C005613,Z09,Norte,urbana_premium,102625,37.0,M,Casado/a,3,Contrato,Gama alta,4228.0,7.0,0
C005614,Z20,Oeste,suburbana,46953,44.0,F,Divorciado/a,1,Contrato,Gama media,2704.0,14.0,0
C005615,Z20,Oeste,suburbana,46953,39.0,F,Soltero/a,1,Prepago,Gama media,2431.0,26.0,1
C005616,Z09,Norte,urbana_premium,102625,50.0,F,Soltero/a,3,Premium,Gama media,2691.0,18.0,0
C005617,Z15,Oeste,suburbana,62939,55.0,M,desconocido,1,Prepago,Gama media,4735.0,10.0,0
C005618,Z27,Norte,suburbana,42704,46.0,F,Casado/a,1,Prepago,Gama media,1694.0,14.0,0
C005619,Z18,Sur,urbana_premium,56342,52.0,F,Soltero/a,2,Premium,Gama media,3372.0,14.0,1
C005620,Z04,Centro,suburbana,55457,40.0,M,Soltero/a,1,Prepago,Gama alta,4060.0,70.0,0
C005621,Z15,Oeste,suburbana,62939,48.0,M,Casado/a,1,Prepago,Gama media,1658.0,48.0,0
C005622,Z10,Este,suburbana,27514,52.0,F,Casado/a,3,Premium,Gama alta,3173.0,5.0,1
C005623,Z20,Oeste,suburbana,46953,52.0,M,Casado/a,2,Premium,Gama media,2198.0,24.0,0
C005624,Z19,Este,rural,12655,56.0,M,Casado/a,4,Premium,Gama media,2343.0,64.0,0
C005625,Z01,Centro,rural,16625,53.0,F,Casado/a,3,Premium,Gama alta,2189.0,14.0,0
C005626,Z18,Sur,urbana_premium,56342,59.0,M,Divorciado/a,2,Premium,Gama media,,,1
C005627,Z24,Centro,rural,12558,39.0,F,Soltero/a,2,Contrato,Gama media,2902.0,53.0,0
C005628,Z26,Oeste,urbana_premium,107159,34.0,F,Soltero/a,3,Premium,Gama alta,2709.0,17.0,1
C005629,Z03,Sur,rural,16530,42.0,F,Soltero/a,2,Prepago,Gama media,1916.0,49.0,0
C005630,Z09,Norte,urbana_premium,102625,32.0,M,Casado/a,2,Prepago,Gama media,3896.0,19.0,0
C005631,Z15,Oeste,suburbana,62939,18.0,M,Soltero/a,2,Premium,Gama alta,3400.0,44.0,0
C005632,Z05,Este,urbana_premium,94471,52.0,F,Soltero/a,3,Premium,Gama media,4476.0,25.0,0
C005633,Z15,Oeste,suburbana,62939,28.0,F,Soltero/a,1,Premium,Gama media,3932.0,10.0,1
C005634,Z04,Centro,suburbana,55457,42.0,M,Casado/a,3,Prepago,Gama media,1257.0,21.0,0
C005635,Z05,Este,urbana_premium,94471,19.0,M,Soltero/a,3,Premium,Gama alta,4532.0,7.0,1
C005636,Z21,Centro,rural,19103,52.0,F,Casado/a,4,Premium,Gama media,2331.0,78.0,1
C005637,Z09,Norte,urbana_premium,102625,27.0,M,Soltero/a,3,Prepago,Gama media,3154.0,9.0,0
C005638,Z22,Este,suburbana,53534,26.0,F,Soltero/a,1,Prepago,Gama media,3268.0,25.0,0
C005639,Z02,Oeste,suburbana,46400,42.0,F,Soltero/a,1,Prepago,Gama media,4114.0,42.0,0
C005640,Z17,Sur,suburbana,56619,32.0,M,Soltero/a,1,Premium,Gama media,2193.0,43.0,0
C005641,Z13,Este,suburbana,37333,33.0,F,Soltero/a,1,Prepago,Gama media,4869.0,13.0,0
C005642,Z26,Oeste,urbana_premium,107159,38.0,F,Soltero/a,2,Premium,Gama alta,5717.0,21.0,0
C005643,Z26,Oeste,urbana_premium,107159,46.0,F,Soltero/a,2,Contrato,Gama alta,4357.0,41.0,1
C005644,Z13,Este,suburbana,37333,30.0,F,Casado/a,3,Premium,Gama media,1943.0,28.0,0
C005645,Z20,Oeste,suburbana,46953,28.0,M,Casado/a,4,Prepago,Gama alta,6338.0,,0
C005646,Z09,Norte,urbana_premium,102625,36.0,F,Soltero/a,2,Prepago,Gama media,4228.0,22.0,0
C005647,Z18,Sur,urbana_premium,56342,42.0,M,Soltero/a,2,Premium,Gama baja,4032.0,25.0,1
C005648,Z04,Centro,suburbana,55457,58.0,M,Casado/a,1,Premium,Gama media,3102.0,-64.0,1
C005649,Z15,Oeste,suburbana,62939,27.0,NA,Soltero/a,1,Contrato,Gama media,3617.0,8.0,0
C005650,Z06,Sur,rural,19752,41.0,M,Soltero/a,2,Contrato,Gama media,3211.0,19.0,0
C005651,Z28,Sur,urbana_premium,64486,50.0,F,Casado/a,5,Contrato,Gama media,3794.0,26.0,0
C005652,Z15,Oeste,suburbana,62939,64.0,M,Casado/a,1,Premium,Gama media,1930.0,31.0,0
C005653,Z18,Sur,urbana_premium,56342,24.0,M,Soltero/a,3,Premium,Gama alta,5498.0,32.0,0
C005654,Z11,Oeste,suburbana,41163,31.0,F,Soltero/a,2,Premium,Gama media,2241.0,30.0,1
C005655,Z09,Norte,urbana_premium,102625,41.0,M,Divorciado/a,2,Premium,Gama media,2693.0,31.0,0
C005656,Z07,Centro,rural,15473,38.0,M,Soltero/a,2,Contrato,Gama baja,2270.0,14.0,1
C005657,Z28,Sur,urbana_premium,64486,27.0,M,Soltero/a,2,Premium,Gama alta,3263.0,44.0,1
C005658,Z26,Oeste,urbana_premium,107159,39.0,F,Soltero/a,3,Premium,Gama alta,4372.0,,1
C005659,Z05,Este,urbana_premium,94471,55.0,F,Casado/a,2,Premium,Gama media,4673.0,48.0,1
C005660,Z25,Oeste,rural,11763,29.0,F,Soltero/a,1,Premium,Gama media,1969.0,52.0,0
C005661,Z15,Oeste,suburbana,62939,,F,Casado/a,1,Prepago,Gama media,3110.0,71.0,0
C005662,Z02,Oeste,suburbana,46400,33.0,F,Casado/a,2,Premium,Gama alta,2515.0,100.0,0
C005663,Z17,Sur,suburbana,56619,44.0,M,Casado/a,1,Premium,Gama media,3899.0,47.0,0
C005664,Z05,Este,urbana_premium,94471,55.0,M,Casado/a,5,Contrato,Gama media,4544.0,21.0,0
C005665,Z07,Centro,rural,15473,49.0,F,Casado/a,2,Prepago,Gama media,2984.0,7.0,0
C005666,Z22,Este,suburbana,53534,36.0,M,Soltero/a,2,Premium,Gama media,2699.0,29.0,0
C005667,Z09,Norte,urbana_premium,102625,45.0,F,Casado/a,3,Premium,Gama media,4190.0,23.0,1
C005668,Z28,Sur,urbana_premium,64486,34.0,M,Soltero/a,2,Premium,Gama media,4576.0,13.0,0
C005669,Z21,Centro,rural,19103,51.0,F,Soltero/a,2,Contrato,Gama media,3017.0,28.0,0
C005670,Z26,Oeste,urbana_premium,107159,34.0,M,Casado/a,5,Contrato,Gama media,4827.0,18.0,1
C005671,Z19,Este,rural,12655,55.0,F,Casado/a,2,Prepago,Gama media,2224.0,13.0,0
C005672,Z28,Sur,urbana_premium,64486,19.0,F,Soltero/a,3,Contrato,Gama media,2560.0,10.0,0
C005673,Z12,Norte,rural,11707,33.0,M,Casado/a,1,Prepago,Gama alta,2767.0,8.0,0
C005674,Z17,Sur,suburbana,56619,23.0,M,Soltero/a,1,Prepago,Gama media,3492.0,37.0,0
C005675,Z16,Este,urbana_premium,72683,,F,Casado/a,4,Prepago,Gama media,2605.0,10.0,0
C005676,Z28,Sur,urbana_premium,64486,18.0,M,Soltero/a,3,Premium,Gama media,5148.0,49.0,1
C005677,Z05,Este,urbana_premium,94471,28.0,M,Soltero/a,3,Contrato,Gama media,4043.0,24.0,0
C005678,Z18,Sur,urbana_premium,56342,23.0,F,Soltero/a,3,Premium,Gama media,3659.0,49.0,0
C005679,Z26,Oeste,urbana_premium,107159,54.0,M,Casado/a,3,Prepago,Gama media,4125.0,5.0,0
C005680,Z13,Este,suburbana,37333,28.0,M,Soltero/a,2,Premium,Gama baja,4129.0,52.0,0
C005681,Z27,Norte,suburbana,42704,25.0,M,Soltero/a,2,Contrato,Gama alta,5143.0,51.0,0
C005682,Z13,Este,suburbana,37333,43.0,M,Casado/a,4,Contrato,Gama baja,2926.0,34.0,1
C005683,Z05,Este,urbana_premium,94471,56.0,F,Soltero/a,2,Premium,Gama media,3531.0,12.0,1
C005684,Z18,Sur,urbana_premium,56342,35.0,M,Soltero/a,3,Contrato,Gama media,4735.0,34.0,0
C005685,Z15,Oeste,suburbana,62939,40.0,M,Divorciado/a,1,Prepago,Gama media,1865.0,100.0,0
C005686,Z02,Oeste,suburbana,46400,55.0,F,Casado/a,1,Premium,Gama media,4031.0,43.0,0
C005687,Z04,Centro,suburbana,55457,51.0,F,Casado/a,1,Prepago,Gama media,1855.0,31.0,0
C005688,Z06,Sur,rural,19752,50.0,M,Soltero/a,1,Prepago,Gama media,1435.0,32.0,1
C005689,Z26,Oeste,urbana_premium,107159,29.0,F,Soltero/a,3,Premium,Gama media,6592.0,26.0,1
C005690,Z28,Sur,urbana_premium,64486,41.0,F,Soltero/a,3,Prepago,Gama baja,1847.0,40.0,0
C005691,Z17,Sur,suburbana,56619,24.0,M,Soltero/a,2,Premium,Gama baja,4710.0,16.0,1
C005692,Z04,Centro,suburbana,55457,33.0,M,Soltero/a,2,Premium,Gama alta,5146.0,42.0,1
C005693,Z17,Sur,suburbana,56619,57.0,F,Soltero/a,2,Prepago,Gama baja,3357.0,12.0,0
C005694,Z27,Norte,suburbana,42704,56.0,M,Casado/a,2,Prepago,Gama alta,3685.0,10.0,0
C005695,Z26,Oeste,urbana_premium,107159,41.0,M,Divorciado/a,3,Prepago,Gama baja,2206.0,5.0,0
C005696,Z09,Norte,urbana_premium,102625,18.0,F,Soltero/a,2,Contrato,Gama alta,3222.0,45.0,0
C005697,Z05,Este,urbana_premium,94471,22.0,NA,Soltero/a,2,Premium,Gama alta,4339.0,38.0,0
C005698,Z28,Sur,urbana_premium,64486,28.0,M,Soltero/a,3,Premium,Gama alta,4295.0,41.0,0
C005699,Z27,Norte,suburbana,42704,38.0,M,Casado/a,3,Premium,Gama alta,3483.0,38.0,0
C005700,Z03,Sur,rural,16530,30.0,F,Soltero/a,1,Prepago,Gama alta,2605.0,6.0,0
C005701,Z26,Oeste,urbana_premium,107159,33.0,F,Soltero/a,3,Premium,Gama media,3856.0,33.0,1
C005702,Z04,Centro,suburbana,55457,,M,Soltero/a,2,Prepago,Gama media,1944.0,4.0,0
C005703,Z03,Sur,rural,16530,50.0,M,Casado/a,3,Contrato,Gama media,2626.0,18.0,0
C005704,Z26,Oeste,urbana_premium,107159,39.0,F,Soltero/a,2,Prepago,Gama media,2571.0,50.0,0
C005705,Z17,Sur,suburbana,56619,28.0,F,Soltero/a,2,Prepago,Gama media,2624.0,,0
C005706,Z15,Oeste,suburbana,62939,20.0,F,Soltero/a,2,Premium,Gama media,4853.0,47.0,0
C005707,Z28,Sur,urbana_premium,64486,21.0,M,Soltero/a,2,Premium,Gama media,2214.0,20.0,0
C005708,Z27,Norte,suburbana,42704,20.0,M,Soltero/a,2,Premium,Gama alta,2854.0,18.0,1
C005709,Z03,Sur,rural,16530,46.0,M,Casado/a,3,Contrato,Gama alta,3146.0,26.0,0
C005710,Z19,Este,rural,12655,50.0,F,Casado/a,3,Prepago,Gama media,2903.0,40.0,0
C005711,Z26,Oeste,urbana_premium,107159,24.0,F,Casado/a,5,Premium,Gama alta,,11.0,0
C005712,Z17,Sur,suburbana,56619,42.0,M,Soltero/a,2,Contrato,Gama media,2352.0,,0
C005713,Z30,Centro,suburbana,33966,58.0,F,Casado/a,3,Premium,Gama alta,4716.0,39.0,0
C005714,Z22,Este,suburbana,53534,63.0,F,Casado/a,3,Premium,Gama media,1942.0,20.0,0
C005715,Z04,Centro,suburbana,55457,49.0,F,n/a,2,Contrato,Gama alta,3799.0,15.0,0
C005716,Z06,Sur,rural,19752,43.0,M,Casado/a,1,Premium,Gama alta,2449.0,36.0,0
C005717,Z26,Oeste,urbana_premium,107159,45.0,M,Casado/a,4,Premium,Gama media,2906.0,55.0,0
C005718,Z30,Centro,suburbana,33966,56.0,F,Soltero/a,2,Contrato,Gama media,2601.0,11.0,0
C005719,Z04,Centro,suburbana,55457,18.0,M,Soltero/a,2,Contrato,Gama alta,5619.0,6.0,0
C005720,Z04,Centro,suburbana,55457,58.0,M,Soltero/a,1,Contrato,Gama baja,1985.0,8.0,0
C005721,Z26,Oeste,urbana_premium,107159,29.0,M,Soltero/a,3,Premium,Gama media,2067.0,23.0,0
C005722,Z04,Centro,suburbana,55457,34.0,?,Casado/a,2,Premium,Gama alta,2384.0,31.0,0
C005723,Z04,Centro,suburbana,55457,36.0,M,Casado/a,1,Contrato,Gama alta,3445.0,35.0,0
C005724,Z28,Sur,urbana_premium,64486,40.0,F,Soltero/a,3,Premium,Gama alta,6300.0,13.0,0
C005725,Z26,Oeste,urbana_premium,107159,23.0,F,Soltero/a,2,Premium,Gama media,3862.0,51.0,0
C005726,Z28,Sur,urbana_premium,64486,33.0,F,Casado/a,2,Premium,Gama baja,2165.0,16.0,0
C005727,Z20,Oeste,suburbana,46953,46.0,F,Casado/a,2,Premium,Gama media,3082.0,34.0,1
C005728,Z10,Este,suburbana,27514,43.0,F,Soltero/a,1,Premium,Gama alta,4022.0,99.0,1
C005729,Z28,Sur,urbana_premium,64486,41.0,F,Soltero/a,3,Premium,Gama alta,4282.0,14.0,1
C005730,Z09,Norte,urbana_premium,102625,32.0,F,Soltero/a,3,Premium,Gama alta,4550.0,21.0,0
C005731,Z09,Norte,urbana_premium,102625,44.0,F,Soltero/a,2,Premium,Gama baja,1988.0,62.0,0
C005732,Z28,Sur,urbana_premium,64486,49.0,F,n/a,2,Premium,Gama media,2393.0,59.0,0
C005733,Z22,Este,suburbana,53534,52.0,M,Soltero/a,2,Contrato,Gama media,2844.0,14.0,0
C005734,Z28,Sur,urbana_premium,64486,41.0,F,Casado/a,3,Prepago,Gama media,,10.0,0
C005735,Z05,Este,urbana_premium,94471,47.0,F,Casado/a,3,Premium,Gama media,2904.0,7.0,0
C005736,Z29,Oeste,urbana_premium,67334,46.0,F,Casado/a,4,Premium,Gama alta,4112.0,4.0,1
C005737,Z19,Este,rural,12655,77.0,M,Casado/a,3,Contrato,Gama media,2461.0,17.0,0
C005738,Z21,Centro,rural,19103,60.0,M,Casado/a,3,Contrato,Gama baja,1612.0,1.0,1
C005739,Z28,Sur,urbana_premium,64486,35.0,F,Casado/a,2,Premium,Gama media,2958.0,31.0,0
C005740,Z13,Este,suburbana,37333,29.0,F,Soltero/a,1,Premium,Gama alta,2955.0,44.0,0
C005741,Z23,Norte,rural,20553,42.0,M,Casado/a,2,Prepago,Gama media,2043.0,-8.0,0
C005742,Z20,Oeste,suburbana,46953,36.0,F,Casado/a,4,Contrato,Gama alta,3973.0,43.0,0
C005743,Z26,Oeste,urbana_premium,107159,42.0,F,Casado/a,3,Premium,Gama media,3303.0,36.0,1
C005744,Z28,Sur,urbana_premium,64486,28.0,M,Soltero/a,2,Premium,Gama alta,5221.0,33.0,0
C005745,Z22,Este,suburbana,53534,54.0,F,Casado/a,1,Prepago,Gama media,2626.0,8.0,0
C005746,Z04,Centro,suburbana,55457,23.0,M,Soltero/a,1,Premium,Gama alta,3006.0,20.0,1
C005747,Z06,Sur,rural,19752,25.0,M,Soltero/a,1,Contrato,Gama alta,3072.0,39.0,0
C005748,Z29,Oeste,urbana_premium,67334,34.0,M,Divorciado/a,3,Prepago,Gama media,3687.0,13.0,1
C005749,Z29,Oeste,urbana_premium,67334,26.0,M,Soltero/a,3,Premium,Gama alta,3297.0,62.0,0
C005750,Z29,Oeste,urbana_premium,67334,21.0,F,Soltero/a,3,Premium,Gama alta,3736.0,36.0,0
C005751,Z02,Oeste,suburbana,46400,32.0,M,Soltero/a,2,Premium,Gama alta,4075.0,51.0,0
C005752,Z13,Este,suburbana,37333,31.0,F,n/a,2,Premium,Gama alta,3348.0,22.0,1
C005753,Z26,Oeste,urbana_premium,107159,36.0,F,Soltero/a,2,Premium,Gama baja,1807.0,,0
C005754,Z99,Oeste,urbana_premium,107159,29.0,M,Soltero/a,3,Prepago,Gama baja,2973.0,7.0,0
C005755,Z04,Centro,suburbana,55457,34.0,F,Soltero/a,1,Prepago,Gama media,2322.0,14.0,1
C005756,Z19,Este,rural,12655,45.0,M,Casado/a,4,Premium,Gama media,2848.0,11.0,0
C005757,Z05,Este,urbana_premium,94471,48.0,F,Casado/a,3,Prepago,Gama media,1957.0,44.0,0
C005758,Z16,Este,urbana_premium,72683,,F,Divorciado/a,2,Premium,Gama media,4221.0,37.0,0
C005759,Z09,Norte,urbana_premium,102625,38.0,F,Soltero/a,2,Premium,Gama alta,4782.0,73.0,0
C005760,Z03,Sur,rural,16530,48.0,M,Casado/a,1,Contrato,Gama media,2901.0,22.0,1
C005761,Z04,Centro,suburbana,55457,38.0,F,Soltero/a,1,Prepago,Gama media,2894.0,11.0,0
C005762,Z28,Sur,urbana_premium,64486,42.0,F,Casado/a,5,Contrato,Gama media,2174.0,64.0,1
C005763,Z25,Oeste,rural,11763,50.0,M,Casado/a,4,Contrato,Gama media,2122.0,120.0,0
C005764,Z29,Oeste,urbana_premium,67334,52.0,F,Casado/a,5,Premium,Gama baja,6411.0,55.0,0
C005765,Z16,Este,urbana_premium,72683,18.0,M,Soltero/a,3,Contrato,Gama media,3107.0,56.0,0
C005766,Z15,Oeste,suburbana,62939,37.0,M,Soltero/a,1,Premium,Gama baja,6395.0,11.0,1
C005767,Z11,Oeste,suburbana,41163,44.0,M,Casado/a,3,Prepago,Gama media,3960.0,18.0,0
C005768,Z19,Este,rural,12655,45.0,M,Casado/a,4,Prepago,Gama media,2208.0,-50.0,1
C005769,Z11,Oeste,suburbana,41163,29.0,F,Soltero/a,2,Premium,Gama media,3226.0,36.0,0
C005770,Z25,Oeste,rural,11763,29.0,M,Soltero/a,2,Premium,Gama media,2647.0,43.0,1
C005771,Z26,Oeste,urbana_premium,107159,46.0,M,Casado/a,4,Prepago,Gama media,3128.0,11.0,0
C005772,Z28,Sur,urbana_premium,64486,27.0,M,Casado/a,2,Prepago,Gama media,3311.0,26.0,1
C005773,Z09,Norte,urbana_premium,102625,18.0,M,Soltero/a,3,Premium,Gama media,,37.0,0
C005774,Z17,Sur,suburbana,56619,50.0,F,Casado/a,3,Prepago,Gama alta,5025.0,16.0,0
C005775,Z08,Sur,rural,17023,51.0,F,Casado/a,4,Contrato,Gama media,2034.0,84.0,0
C005776,Z02,Oeste,suburbana,46400,39.0,M,Soltero/a,2,Premium,Gama media,2270.0,32.0,0
C005777,Z22,Este,suburbana,53534,29.0,M,n/a,2,Contrato,Gama media,1707.0,38.0,0
C005778,Z17,Sur,suburbana,56619,39.0,M,Casado/a,3,Premium,Gama alta,6341.0,52.0,1
C005779,Z23,Norte,rural,20553,60.0,F,Casado/a,2,Prepago,Gama media,3323.0,19.0,0
C005780,Z04,Centro,suburbana,55457,21.0,M,Soltero/a,2,Premium,Gama alta,4611.0,21.0,1
C005781,Z30,Centro,suburbana,33966,21.0,F,Soltero/a,1,Prepago,Gama media,2465.0,15.0,0
C005782,Z30,Centro,suburbana,33966,32.0,F,Soltero/a,1,Contrato,Gama media,,48.0,0
C005783,Z16,Este,urbana_premium,72683,36.0,M,Soltero/a,3,Premium,Gama media,2772.0,20.0,0
C005784,Z27,Norte,suburbana,42704,34.0,M,Soltero/a,2,Premium,Gama baja,986.0,91.0,1
C005785,Z09,Norte,urbana_premium,102625,44.0,M,Casado/a,3,Prepago,Gama media,2818.0,5.0,0
C005786,Z24,Centro,rural,12558,58.0,M,Soltero/a,1,Prepago,Gama media,2596.0,81.0,0
C005787,Z28,Sur,urbana_premium,64486,39.0,M,Soltero/a,3,Premium,Gama alta,4175.0,46.0,0
C005788,Z26,Oeste,urbana_premium,107159,43.0,F,Casado/a,3,Contrato,Gama alta,3085.0,25.0,0
C005789,Z26,Oeste,urbana_premium,107159,39.0,M,Soltero/a,3,Contrato,Gama media,4813.0,9.0,0
C005790,Z16,Este,urbana_premium,72683,36.0,M,Casado/a,4,Premium,Gama media,3023.0,,0
C005791,Z26,Oeste,urbana_premium,107159,20.0,F,Soltero/a,2,Premium,Gama alta,5008.0,29.0,1
C005792,Z22,Este,suburbana,53534,28.0,NA,Soltero/a,2,Prepago,Gama alta,3882.0,15.0,0
C005793,Z05,Este,urbana_premium,94471,20.0,M,Soltero/a,2,Premium,Gama baja,5099.0,22.0,0
C005794,Z05,Este,urbana_premium,94471,34.0,F,Soltero/a,2,Premium,Gama media,3928.0,26.0,0
C005795,Z26,Oeste,urbana_premium,107159,39.0,M,Divorciado/a,2,Contrato,Gama alta,2877.0,17.0,1
C005796,Z20,Oeste,suburbana,46953,23.0,F,Soltero/a,1,Contrato,Gama media,1964.0,60.0,1
C005797,Z17,Sur,suburbana,56619,41.0,F,n/a,1,Prepago,Gama media,1395.0,42.0,0
C005798,Z28,Sur,urbana_premium,64486,25.0,M,Soltero/a,2,Premium,Gama alta,4989.0,46.0,0
C005799,Z21,Centro,rural,19103,32.0,M,Soltero/a,1,Prepago,Gama alta,1287.0,27.0,0
C005800,Z13,Este,suburbana,37333,32.0,M,Soltero/a,1,Contrato,Gama media,2843.0,9.0,0
C005801,Z15,Oeste,suburbana,62939,27.0,F,Soltero/a,1,Prepago,Gama alta,3217.0,28.0,0
C005802,Z18,Sur,urbana_premium,56342,43.0,M,Soltero/a,2,Premium,Gama media,2633.0,44.0,1
C005803,Z26,Oeste,urbana_premium,107159,34.0,F,Soltero/a,2,Premium,Gama media,3666.0,,0
C005804,Z18,Sur,urbana_premium,56342,46.0,M,Divorciado/a,2,Premium,Gama media,4280.0,40.0,0
C005805,Z16,Este,urbana_premium,72683,31.0,F,Soltero/a,2,Premium,Gama alta,3478.0,61.0,0
C005806,Z23,Norte,rural,20553,40.0,M,Casado/a,2,Contrato,Gama media,2727.0,8.0,0
C005807,Z22,Este,suburbana,53534,62.0,F,Casado/a,3,Premium,Gama media,2551.0,18.0,0
C005808,Z26,Oeste,urbana_premium,107159,18.0,M,Soltero/a,3,Premium,Gama alta,3473.0,40.0,1
C005809,Z03,Sur,rural,16530,60.0,M,Divorciado/a,1,Prepago,Gama media,1701.0,26.0,0
C005810,Z26,Oeste,urbana_premium,107159,56.0,M,Soltero/a,3,Premium,Gama media,3650.0,16.0,0
C005811,Z16,Este,urbana_premium,72683,45.0,F,Soltero/a,2,Premium,Gama media,,19.0,0
C005812,Z04,Centro,suburbana,55457,36.0,M,Soltero/a,2,Premium,Gama alta,2157.0,23.0,1
C005813,Z22,Este,suburbana,53534,57.0,M,Casado/a,4,Contrato,Gama alta,3464.0,5.0,0
C005814,Z23,Norte,rural,20553,41.0,M,Soltero/a,1,Prepago,Gama media,980.0,10.0,0
C005815,Z17,Sur,suburbana,56619,32.0,M,Divorciado/a,1,Prepago,Gama media,4353.0,47.0,0
C005816,Z26,Oeste,urbana_premium,107159,31.0,F,Casado/a,5,Contrato,Gama media,2331.0,35.0,1
C005817,Z09,Norte,urbana_premium,102625,29.0,M,Soltero/a,3,Premium,Gama alta,5509.0,55.0,0
C005818,Z07,Centro,rural,15473,34.0,F,Soltero/a,2,Prepago,Gama media,2885.0,83.0,0
C005819,Z11,Oeste,suburbana,41163,53.0,F,Divorciado/a,1,Premium,Gama alta,4249.0,,0
C005820,Z15,Oeste,suburbana,62939,31.0,F,Soltero/a,1,Contrato,Gama baja,2010.0,4.0,0
C005821,Z22,Este,suburbana,53534,40.0,M,Soltero/a,2,Premium,Gama media,2776.0,27.0,0
C005822,Z27,Norte,suburbana,42704,23.0,F,Soltero/a,2,Prepago,Gama media,3304.0,36.0,0
C005823,Z23,Norte,rural,20553,45.0,F,Casado/a,3,Contrato,Gama media,2697.0,25.0,0
C005824,Z05,Este,urbana_premium,94471,22.0,M,desconocido,3,Premium,Gama alta,5136.0,20.0,1
C005825,Z12,Norte,rural,11707,31.0,M,Soltero/a,1,Contrato,Gama media,2916.0,32.0,0
C005826,Z05,Este,urbana_premium,94471,35.0,M,Soltero/a,2,Premium,Gama media,4521.0,57.0,0
C005827,Z22,Este,suburbana,53534,53.0,M,Casado/a,4,Prepago,Gama media,3540.0,29.0,0
C005828,Z09,Norte,urbana_premium,102625,41.0,M,Divorciado/a,2,Premium,Gama alta,4863.0,53.0,0
C005829,Z17,Sur,suburbana,56619,46.0,M,Soltero/a,1,Premium,Gama media,3002.0,33.0,1
C005830,Z26,Oeste,urbana_premium,107159,34.0,F,Casado/a,4,Premium,Gama media,5716.0,32.0,1
C005831,Z22,Este,suburbana,53534,36.0,M,Soltero/a,2,Premium,Gama media,2902.0,15.0,1
C005832,Z09,Norte,urbana_premium,102625,45.0,M,Soltero/a,2,Prepago,Gama media,2118.0,36.0,1
C005833,Z11,Oeste,suburbana,41163,33.0,F,Soltero/a,1,Contrato,Gama media,4610.0,30.0,1
C005834,Z20,Oeste,suburbana,46953,50.0,M,Casado/a,1,Premium,Gama media,3512.0,18.0,1
C005835,Z17,Sur,suburbana,56619,,M,Casado/a,4,Premium,Gama media,2830.0,83.0,0
C005836,Z04,Centro,suburbana,55457,30.0,M,Soltero/a,1,Contrato,Gama media,3102.0,,0
C005837,Z28,Sur,urbana_premium,64486,28.0,M,Soltero/a,3,Prepago,Gama media,6486.0,24.0,0
C005838,Z16,Este,urbana_premium,72683,29.0,F,Soltero/a,2,Prepago,Gama alta,3964.0,63.0,0
C005839,Z16,Este,urbana_premium,72683,18.0,M,Soltero/a,3,Premium,Gama alta,6514.0,47.0,0
C005840,Z07,Centro,rural,15473,39.0,F,Casado/a,1,Contrato,Gama media,2738.0,52.0,0
C005841,Z13,Este,suburbana,37333,56.0,F,Divorciado/a,2,Contrato,Gama media,,,0
C005842,Z11,Oeste,suburbana,41163,27.0,M,Soltero/a,2,Contrato,Gama media,1885.0,26.0,1
C005843,Z09,Norte,urbana_premium,102625,52.0,F,Casado/a,3,Contrato,Gama media,3952.0,,1
C005844,Z18,Sur,urbana_premium,56342,31.0,X,Soltero/a,3,Premium,Gama alta,6063.0,46.0,0
C005845,Z16,Este,urbana_premium,72683,61.0,F,Casado/a,5,Contrato,Gama media,3137.0,20.0,1
C005846,Z28,Sur,urbana_premium,64486,,M,Soltero/a,3,Prepago,Gama media,4352.0,38.0,0
C005847,Z29,Oeste,urbana_premium,67334,,F,Soltero/a,3,Premium,Gama baja,6550.0,68.0,1
C005848,Z08,Sur,rural,17023,34.0,M,Soltero/a,1,Prepago,Gama media,1248.0,21.0,0
C005849,Z04,Centro,suburbana,55457,32.0,M,Soltero/a,1,Prepago,Gama media,3426.0,11.0,1
C005850,Z26,Oeste,urbana_premium,107159,52.0,F,Casado/a,4,Premium,Gama media,4647.0,39.0,1
C005851,Z30,Centro,suburbana,33966,46.0,M,Casado/a,2,Premium,Gama alta,3377.0,36.0,0
C005852,Z27,Norte,suburbana,42704,52.0,M,Divorciado/a,1,Prepago,Gama baja,1642.0,12.0,1
C005853,Z02,Oeste,suburbana,46400,24.0,M,Soltero/a,2,Premium,Gama alta,2285.0,38.0,0
C005854,Z09,Norte,urbana_premium,102625,44.0,F,Casado/a,5,Premium,Gama media,1844.0,43.0,0
C005855,Z02,Oeste,suburbana,46400,28.0,M,Soltero/a,1,Prepago,Gama media,1880.0,50.0,0
C005856,Z26,Oeste,urbana_premium,107159,20.0,M,Soltero/a,3,Premium,Gama alta,5143.0,6.0,1
C005857,Z18,Sur,urbana_premium,56342,39.0,F,Soltero/a,3,Premium,Gama media,3410.0,25.0,1
C005858,Z16,Este,urbana_premium,72683,39.0,M,Soltero/a,3,Premium,Gama media,5099.0,36.0,0
C005859,Z17,Sur,suburbana,56619,41.0,M,Casado/a,3,Premium,Gama media,3896.0,22.0,0
C005860,Z09,Norte,urbana_premium,102625,45.0,F,Soltero/a,2,Premium,Gama media,2583.0,,0
C005861,Z18,Sur,urbana_premium,56342,46.0,F,Casado/a,5,Premium,Gama alta,4061.0,29.0,0
C005862,Z02,Oeste,suburbana,46400,,F,Soltero/a,2,Prepago,Gama baja,1711.0,42.0,0
C005863,Z20,Oeste,suburbana,46953,26.0,M,Soltero/a,2,Premium,Gama alta,3282.0,20.0,0
C005864,Z24,Centro,rural,12558,63.0,M,Soltero/a,2,Premium,Gama media,2693.0,42.0,1
C005865,Z22,Este,suburbana,53534,63.0,F,Divorciado/a,1,Premium,Gama media,2753.0,50.0,1
C005866,Z11,Oeste,suburbana,41163,36.0,M,Casado/a,3,Prepago,Gama media,1655.0,7.0,0
C005867,Z26,Oeste,urbana_premium,107159,18.0,F,Soltero/a,2,Premium,Gama baja,2274.0,75.0,1
C005868,Z23,Norte,rural,20553,28.0,M,Soltero/a,2,Premium,Gama alta,5653.0,24.0,1
C005869,Z05,Este,urbana_premium,94471,30.0,F,Soltero/a,3,Premium,Gama alta,4758.0,18.0,0
C005870,Z06,Sur,rural,19752,69.0,M,Soltero/a,1,Prepago,Gama media,2106.0,29.0,0
C005871,Z20,Oeste,suburbana,46953,40.0,F,Soltero/a,2,Prepago,Gama media,4171.0,14.0,0
C005872,Z09,Norte,urbana_premium,102625,29.0,M,Soltero/a,3,Premium,Gama alta,6407.0,,0
C005873,Z05,Este,urbana_premium,94471,28.0,F,Soltero/a,2,Premium,Gama alta,5847.0,35.0,0
C005874,Z05,Este,urbana_premium,94471,20.0,M,Soltero/a,3,Premium,Gama media,3577.0,57.0,0
C005875,Z05,Este,urbana_premium,94471,46.0,F,Casado/a,3,Prepago,Gama media,3405.0,29.0,0
C005876,Z16,Este,urbana_premium,72683,35.0,M,Soltero/a,3,Premium,Gama alta,5057.0,21.0,0
C005877,Z18,Sur,urbana_premium,56342,61.0,M,Soltero/a,3,Premium,Gama media,3525.0,32.0,1
C005878,Z05,Este,urbana_premium,94471,44.0,M,Casado/a,3,Premium,Gama media,5823.0,16.0,0
C005879,Z22,Este,suburbana,53534,50.0,M,Casado/a,1,Contrato,Gama alta,3100.0,7.0,0
C005880,Z09,Norte,urbana_premium,102625,33.0,F,Soltero/a,3,Contrato,Gama media,5053.0,22.0,0
C005881,Z10,Este,suburbana,27514,27.0,F,Soltero/a,1,Prepago,Gama alta,4289.0,10.0,1
C005882,Z08,Sur,rural,17023,35.0,F,Soltero/a,1,Prepago,Gama media,,29.0,0
C005883,Z26,Oeste,urbana_premium,107159,20.0,M,Soltero/a,2,Premium,Gama alta,4028.0,27.0,0
C005884,Z29,Oeste,urbana_premium,67334,47.0,M,Casado/a,2,Premium,Gama alta,5721.0,36.0,0
C005885,Z16,Este,urbana_premium,72683,31.0,M,Soltero/a,2,Premium,Gama media,2886.0,24.0,0
C005886,Z02,Oeste,suburbana,46400,51.0,M,Casado/a,3,Premium,Gama media,2461.0,24.0,0
C005887,Z09,Norte,urbana_premium,102625,38.0,F,Divorciado/a,3,Prepago,Gama alta,5828.0,45.0,0
C005888,Z05,Este,urbana_premium,94471,32.0,F,Casado/a,3,Premium,Gama alta,6534.0,20.0,0
C005889,Z27,Norte,suburbana,42704,26.0,M,Soltero/a,1,Prepago,Gama baja,900.0,28.0,0
C005890,Z04,Centro,suburbana,55457,44.0,M,desconocido,2,Contrato,Gama media,4535.0,17.0,0
C005891,Z29,Oeste,urbana_premium,67334,33.0,M,Soltero/a,2,Contrato,Gama baja,1696.0,36.0,1
C005892,Z18,Sur,urbana_premium,56342,47.0,M,Soltero/a,2,Premium,Gama alta,3744.0,34.0,1
C005893,Z16,Este,urbana_premium,72683,27.0,M,Soltero/a,3,Premium,Gama media,2357.0,61.0,1
C005894,Z27,Norte,suburbana,42704,47.0,M,Casado/a,2,Prepago,Gama media,2461.0,48.0,0
C005895,Z02,Oeste,suburbana,46400,60.0,M,Soltero/a,2,Contrato,Gama media,3093.0,21.0,0
C005896,Z26,Oeste,urbana_premium,107159,39.0,M,desconocido,2,Premium,Gama alta,4609.0,56.0,1
C005897,Z05,Este,urbana_premium,94471,45.0,F,Soltero/a,2,Contrato,Gama alta,6313.0,13.0,1
C005898,Z27,Norte,suburbana,42704,47.0,F,Casado/a,4,Premium,Gama media,1862.0,49.0,0
C005899,Z17,Sur,suburbana,56619,63.0,M,Casado/a,4,Premium,Gama alta,4468.0,49.0,1
C005900,Z03,Sur,rural,16530,49.0,M,Soltero/a,2,Prepago,Gama media,2107.0,23.0,0
C005901,Z26,Oeste,urbana_premium,107159,44.0,M,Soltero/a,2,Premium,Gama alta,3499.0,61.0,1
C005902,Z02,Oeste,suburbana,46400,40.0,F,Casado/a,1,Prepago,Gama media,5405.0,3.0,0
C005903,Z05,Este,urbana_premium,94471,27.0,F,Soltero/a,2,Premium,Gama alta,5140.0,7.0,0
C005904,Z26,Oeste,urbana_premium,107159,22.0,F,Soltero/a,2,Premium,Gama media,2124.0,53.0,0
C005905,Z16,Este,urbana_premium,72683,51.0,F,Divorciado/a,2,Contrato,Gama media,3724.0,25.0,0
C005906,Z28,Sur,urbana_premium,64486,24.0,F,Soltero/a,3,Premium,Gama media,2946.0,32.0,0
C005907,Z20,Oeste,suburbana,46953,49.0,M,Casado/a,4,Premium,Gama media,2560.0,91.0,0
C005908,Z20,Oeste,suburbana,46953,45.0,M,Casado/a,1,Premium,Gama media,2847.0,76.0,0
C005909,Z09,Norte,urbana_premium,102625,,M,Soltero/a,3,Premium,Gama media,4501.0,29.0,0
C005910,Z05,Este,urbana_premium,94471,30.0,M,Soltero/a,3,Prepago,Gama alta,2467.0,18.0,0
C005911,Z29,Oeste,urbana_premium,67334,27.0,M,Soltero/a,2,Premium,Gama media,3542.0,43.0,0
C005912,Z04,Centro,suburbana,55457,45.0,F,Soltero/a,2,Contrato,Gama media,2596.0,23.0,1
C005913,Z17,Sur,suburbana,56619,36.0,F,Soltero/a,1,Prepago,Gama alta,3410.0,30.0,1
C005914,Z09,Norte,urbana_premium,102625,21.0,F,Soltero/a,3,Premium,Gama media,3757.0,35.0,0
C005915,Z09,Norte,urbana_premium,102625,59.0,F,Soltero/a,2,Premium,Gama alta,5315.0,38.0,0
C005916,Z18,Sur,urbana_premium,56342,27.0,F,Soltero/a,2,Premium,Gama alta,4190.0,29.0,0
C005917,Z26,Oeste,urbana_premium,107159,24.0,F,Casado/a,5,Premium,Gama alta,4727.0,41.0,0
C005918,Z26,Oeste,urbana_premium,107159,33.0,F,Casado/a,3,Premium,Gama media,4153.0,44.0,0
C005919,Z28,Sur,urbana_premium,64486,51.0,M,Casado/a,2,Premium,Gama media,2560.0,78.0,0
C005920,Z09,Norte,urbana_premium,102625,18.0,F,Soltero/a,3,Premium,Gama baja,3357.0,35.0,0
C005921,Z99,Este,urbana_premium,72683,50.0,F,Soltero/a,2,Premium,Gama media,3029.0,19.0,0
C005922,Z01,Centro,rural,16625,34.0,F,Casado/a,1,Premium,Gama media,3028.0,27.0,0
C005923,Z25,Oeste,rural,11763,48.0,F,Soltero/a,2,Premium,Gama media,3128.0,55.0,0
C005924,Z09,Norte,urbana_premium,102625,28.0,M,Soltero/a,3,Premium,Gama media,3719.0,43.0,0
C005925,Z17,Sur,suburbana,56619,64.0,F,Casado/a,3,Contrato,Gama media,3136.0,5.0,1
C005926,Z05,Este,urbana_premium,94471,37.0,M,Soltero/a,3,Premium,Gama alta,2202.0,14.0,0
C005927,Z26,Oeste,urbana_premium,107159,28.0,F,Casado/a,3,Contrato,Gama media,3340.0,9.0,0
C005928,Z26,Oeste,urbana_premium,107159,32.0,F,Soltero/a,2,Prepago,Gama baja,1594.0,16.0,0
C005929,Z28,Sur,urbana_premium,64486,37.0,F,Soltero/a,2,Premium,Gama media,5081.0,31.0,0
C005930,Z02,Oeste,suburbana,46400,42.0,M,Divorciado/a,2,Prepago,Gama alta,6504.0,22.0,0
C005931,Z30,Centro,suburbana,33966,,F,Casado/a,1,Prepago,Gama media,2473.0,58.0,1
C005932,Z09,Norte,urbana_premium,102625,36.0,M,Casado/a,3,Premium,Gama media,4147.0,88.0,0
C005933,Z10,Este,suburbana,27514,23.0,M,Soltero/a,2,Prepago,Gama media,3450.0,25.0,0
C005934,Z09,Norte,urbana_premium,102625,32.0,M,Soltero/a,2,Prepago,Gama media,2571.0,16.0,0
C005935,Z09,Norte,urbana_premium,102625,43.0,F,Soltero/a,2,Premium,Gama alta,3655.0,21.0,1
C005936,Z17,Sur,suburbana,56619,32.0,M,Soltero/a,2,Premium,Gama media,3511.0,51.0,0
C005937,Z09,Norte,urbana_premium,102625,44.0,M,Soltero/a,2,Premium,Gama media,4061.0,9.0,0
C005938,Z13,Este,suburbana,37333,40.0,F,Divorciado/a,2,Contrato,Gama alta,3044.0,35.0,0
C005939,Z21,Centro,rural,19103,42.0,M,Casado/a,4,Premium,Gama media,2093.0,29.0,0
C005940,Z27,Norte,suburbana,42704,54.0,F,Casado/a,1,Prepago,Gama baja,2240.0,34.0,1
C005941,Z22,Este,suburbana,53534,19.0,F,Soltero/a,1,Premium,Gama media,3777.0,22.0,1
C005942,Z18,Sur,urbana_premium,56342,28.0,M,Soltero/a,3,Prepago,Gama baja,7088.0,25.0,0
C005943,Z05,Este,urbana_premium,94471,51.0,F,Casado/a,3,Prepago,Gama media,,19.0,0
C005944,Z26,Oeste,urbana_premium,107159,58.0,M,Divorciado/a,3,Contrato,Gama media,1801.0,47.0,1
C005945,Z02,Oeste,suburbana,46400,67.0,F,Soltero/a,1,Premium,Gama baja,1949.0,17.0,0
C005946,Z09,Norte,urbana_premium,102625,37.0,M,Soltero/a,3,Premium,Gama media,3280.0,17.0,1
C005947,Z03,Sur,rural,16530,50.0,F,Casado/a,4,Premium,Gama media,2118.0,25.0,0
C005948,Z21,Centro,rural,19103,55.0,F,Soltero/a,1,Prepago,Gama media,2427.0,18.0,0
C005949,Z12,Norte,rural,11707,60.0,F,Soltero/a,1,Prepago,Gama media,2381.0,13.0,1
C005950,Z20,Oeste,suburbana,46953,44.0,M,Casado/a,1,Contrato,Gama media,2840.0,78.0,0
C005951,Z11,Oeste,suburbana,41163,51.0,F,Casado/a,3,Premium,Gama media,4653.0,24.0,1
C005952,Z15,Oeste,suburbana,62939,46.0,M,Casado/a,1,Contrato,Gama media,2156.0,38.0,0
C005953,Z15,Oeste,suburbana,62939,46.0,F,Divorciado/a,1,Premium,Gama alta,4095.0,82.0,1
C005954,Z02,Oeste,suburbana,46400,29.0,M,Casado/a,2,Premium,Gama alta,5972.0,40.0,0
C005955,Z15,Oeste,suburbana,62939,36.0,M,Soltero/a,1,Prepago,Gama media,1782.0,32.0,0
C005956,Z20,Oeste,suburbana,46953,34.0,F,Casado/a,2,Prepago,Gama baja,1507.0,37.0,0
C005957,Z17,Sur,suburbana,56619,26.0,M,Soltero/a,2,Premium,Gama media,3181.0,48.0,0
C005958,Z99,Centro,suburbana,55457,,F,Soltero/a,2,Premium,Gama alta,3738.0,28.0,0
C005959,Z21,Centro,rural,19103,40.0,F,Casado/a,2,Prepago,Gama media,2351.0,6.0,1
C005960,Z10,Este,suburbana,27514,37.0,M,Soltero/a,1,Premium,Gama baja,1417.0,21.0,0
C005961,Z02,Oeste,suburbana,46400,41.0,F,Divorciado/a,1,Contrato,Gama media,1652.0,49.0,0
C005962,Z05,Este,urbana_premium,94471,43.0,M,Casado/a,5,Premium,Gama media,3204.0,,0
C005963,Z16,Este,urbana_premium,72683,38.0,F,Soltero/a,3,Premium,Gama media,4427.0,56.0,1
C005964,Z10,Este,suburbana,27514,37.0,M,Casado/a,4,Prepago,Gama alta,2633.0,33.0,0
C005965,Z22,Este,suburbana,53534,29.0,M,Soltero/a,1,Contrato,Gama alta,3212.0,44.0,0
C005966,Z09,Norte,urbana_premium,102625,47.0,F,Casado/a,5,Premium,Gama alta,4084.0,38.0,0
C005967,Z26,Oeste,urbana_premium,107159,35.0,F,Soltero/a,3,Premium,Gama alta,5302.0,18.0,1
C005968,Z09,Norte,urbana_premium,102625,31.0,F,Soltero/a,2,Prepago,Gama baja,2550.0,11.0,1
C005969,Z20,Oeste,suburbana,46953,38.0,F,Soltero/a,1,Contrato,Gama media,3074.0,58.0,0
C005970,Z26,Oeste,urbana_premium,107159,27.0,M,Soltero/a,3,Prepago,Gama media,6333.0,25.0,0
C005971,Z13,Este,suburbana,37333,34.0,M,Casado/a,2,Contrato,Gama media,2261.0,27.0,0
C005972,Z02,Oeste,suburbana,46400,33.0,M,Soltero/a,2,Premium,Gama media,2394.0,25.0,0
C005973,Z17,Sur,suburbana,56619,37.0,F,Soltero/a,2,Premium,Gama media,3072.0,32.0,0
C005974,Z30,Centro,suburbana,33966,48.0,M,Casado/a,2,Contrato,Gama media,2059.0,39.0,0
C005975,Z29,Oeste,urbana_premium,67334,41.0,F,Casado/a,4,Contrato,Gama media,2547.0,37.0,0
C005976,Z08,Sur,rural,17023,64.0,M,Soltero/a,1,Contrato,Gama media,2056.0,32.0,1
C005977,Z26,Oeste,urbana_premium,107159,51.0,M,Casado/a,5,Premium,Gama alta,3514.0,31.0,1
C005978,Z11,Oeste,suburbana,41163,63.0,F,Casado/a,3,Premium,Gama media,3878.0,23.0,0
C005979,Z05,Este,urbana_premium,94471,43.0,M,Soltero/a,3,Premium,Gama media,2797.0,24.0,1
C005980,Z21,Centro,rural,19103,52.0,M,Soltero/a,2,Contrato,Gama media,2346.0,40.0,0
C005981,Z16,Este,urbana_premium,72683,30.0,F,Soltero/a,3,Prepago,Gama baja,5896.0,16.0,0
C005982,Z17,Sur,suburbana,56619,50.0,F,Casado/a,2,Prepago,Gama media,4497.0,51.0,0
C005983,Z26,Oeste,urbana_premium,107159,28.0,M,Soltero/a,2,Prepago,Gama media,3683.0,27.0,0
C005984,Z11,Oeste,suburbana,41163,22.0,M,Soltero/a,2,Contrato,Gama media,3185.0,40.0,0
C005985,Z21,Centro,rural,19103,63.0,M,Casado/a,3,Prepago,Gama baja,1691.0,39.0,1
C005986,Z12,Norte,rural,11707,30.0,F,Soltero/a,2,Contrato,Gama media,2569.0,33.0,0
C005987,Z02,Oeste,suburbana,46400,45.0,M,Casado/a,2,Prepago,Gama alta,5093.0,37.0,0
C005988,Z13,Este,suburbana,37333,29.0,NA,Soltero/a,2,Premium,Gama baja,4697.0,,0
C005989,Z29,Oeste,urbana_premium,67334,50.0,M,Casado/a,3,Premium,Gama alta,3798.0,77.0,0
C005990,Z16,Este,urbana_premium,72683,51.0,F,Soltero/a,3,Premium,Gama alta,4320.0,92.0,0
C005991,Z05,Este,urbana_premium,94471,42.0,F,Casado/a,5,Prepago,Gama media,2959.0,24.0,0
C005992,Z22,Este,suburbana,53534,55.0,F,Soltero/a,2,Prepago,Gama media,2153.0,26.0,0
C005993,Z29,Oeste,urbana_premium,67334,36.0,X,Soltero/a,2,Premium,Gama media,3369.0,38.0,0
C005994,Z28,Sur,urbana_premium,64486,63.0,M,Casado/a,2,Premium,Gama baja,4208.0,27.0,1
C005995,Z18,Sur,urbana_premium,56342,45.0,M,Soltero/a,2,Prepago,Gama media,4928.0,29.0,0
C005996,Z13,Este,suburbana,37333,29.0,F,Casado/a,2,Premium,Gama alta,2899.0,32.0,1
C005997,Z18,Sur,urbana_premium,56342,37.0,M,Soltero/a,3,Premium,Gama alta,4465.0,21.0,1
C005998,Z26,Oeste,urbana_premium,107159,34.0,M,Soltero/a,3,Premium,Gama alta,1567.0,33.0,1
C005999,Z27,Norte,suburbana,42704,37.0,M,Soltero/a,1,Premium,Gama media,,21.0,0
C006000,Z26,Oeste,urbana_premium,107159,18.0,M,Soltero/a,2,Premium,Gama media,3081.0,38.0,0
C006001,Z15,Oeste,suburbana,62939,45.0,M,Casado/a,3,Prepago,Gama media,1924.0,12.0,0
C006002,Z05,Este,urbana_premium,94471,19.0,F,Casado/a,3,Premium,Gama alta,4487.0,9.0,0
C006003,Z18,Sur,urbana_premium,56342,18.0,F,Soltero/a,3,Premium,Gama media,6352.0,58.0,1
C006004,Z05,Este,urbana_premium,94471,32.0,M,Casado/a,4,Premium,Gama media,3809.0,73.0,0
C006005,Z03,Sur,rural,16530,36.0,F,Casado/a,1,Contrato,Gama alta,3159.0,12.0,0
C006006,Z16,Este,urbana_premium,72683,26.0,M,Soltero/a,2,Premium,Gama alta,3307.0,21.0,1
C006007,Z21,Centro,rural,19103,18.0,F,Soltero/a,1,Prepago,Gama media,4762.0,57.0,0
C006008,Z27,Norte,suburbana,42704,30.0,F,Soltero/a,2,Premium,Gama media,1717.0,77.0,0
C006009,Z26,Oeste,urbana_premium,107159,34.0,M,Soltero/a,2,Premium,Gama media,3695.0,120.0,0
C006010,Z27,Norte,suburbana,42704,32.0,F,Soltero/a,2,Contrato,Gama media,3878.0,16.0,0
C006011,Z26,Oeste,urbana_premium,107159,41.0,M,Soltero/a,3,Premium,Gama media,3786.0,17.0,0
C006012,Z22,Este,suburbana,53534,57.0,M,Casado/a,2,Premium,Gama media,4826.0,14.0,1
C006013,Z01,Centro,rural,16625,51.0,M,Casado/a,1,Contrato,Gama baja,1124.0,84.0,0
C006014,Z20,Oeste,suburbana,46953,52.0,F,Casado/a,1,Premium,Gama media,2867.0,3.0,0
C006015,Z05,Este,urbana_premium,94471,49.0,F,Soltero/a,3,Premium,Gama media,3508.0,48.0,1
C006016,Z03,Sur,rural,16530,33.0,F,Soltero/a,2,Premium,Gama media,2234.0,50.0,0
C006017,Z05,Este,urbana_premium,94471,41.0,F,Casado/a,3,Contrato,Gama media,2199.0,51.0,0
C006018,Z26,Oeste,urbana_premium,107159,48.0,M,Divorciado/a,2,Premium,Gama alta,3457.0,41.0,1
C006019,Z25,Oeste,rural,11763,40.0,F,Soltero/a,2,Premium,Gama media,2063.0,52.0,0
C006020,Z29,Oeste,urbana_premium,67334,27.0,M,Soltero/a,3,Premium,Gama alta,4168.0,22.0,0
C006021,Z30,Centro,suburbana,33966,,M,Soltero/a,2,Premium,Gama media,4378.0,21.0,0
C006022,Z99,Sur,urbana_premium,64486,18.0,F,Soltero/a,3,Premium,Gama alta,3980.0,11.0,1
C006023,Z99,Este,urbana_premium,94471,23.0,F,Soltero/a,2,Premium,Gama media,4430.0,19.0,0
C006024,Z28,Sur,urbana_premium,64486,28.0,F,Soltero/a,3,Contrato,Gama alta,5944.0,13.0,1
C006025,Z27,Norte,suburbana,42704,45.0,F,Casado/a,3,Premium,Gama alta,4520.0,15.0,0
C006026,Z28,Sur,urbana_premium,64486,39.0,M,Casado/a,5,Contrato,Gama media,1661.0,25.0,1
C006027,Z05,Este,urbana_premium,94471,48.0,F,Soltero/a,2,Premium,Gama alta,5060.0,,1
C006028,Z05,Este,urbana_premium,94471,25.0,M,Soltero/a,3,Premium,Gama alta,5049.0,46.0,1
C006029,Z29,Oeste,urbana_premium,67334,24.0,F,Soltero/a,2,Premium,Gama media,3492.0,9.0,1
C006030,Z05,Este,urbana_premium,94471,42.0,M,Soltero/a,3,Premium,Gama media,3260.0,21.0,0
C006031,Z12,Norte,rural,11707,35.0,F,Casado/a,1,Premium,Gama baja,1564.0,28.0,0
C006032,Z15,Oeste,suburbana,62939,33.0,F,Casado/a,1,Contrato,Gama media,1511.0,21.0,0
C006033,Z05,Este,urbana_premium,94471,18.0,M,Soltero/a,2,Premium,Gama alta,,82.0,0
C006034,Z02,Oeste,suburbana,46400,43.0,M,n/a,1,Contrato,Gama alta,3896.0,39.0,1
C006035,Z30,Centro,suburbana,33966,58.0,M,Divorciado/a,2,Premium,Gama media,2878.0,19.0,0
C006036,Z28,Sur,urbana_premium,64486,24.0,M,Soltero/a,2,Premium,Gama alta,4907.0,14.0,0
C006037,Z28,Sur,urbana_premium,64486,48.0,F,Casado/a,2,Contrato,Gama alta,5477.0,48.0,0
C006038,Z09,Norte,urbana_premium,102625,35.0,M,Soltero/a,2,Prepago,Gama media,2042.0,77.0,0
C006039,Z08,Sur,rural,17023,24.0,M,Casado/a,4,Contrato,Gama media,2533.0,47.0,0
C006040,Z15,Oeste,suburbana,62939,29.0,M,Soltero/a,1,Premium,Gama alta,2738.0,42.0,0
C006041,Z15,Oeste,suburbana,62939,29.0,M,Soltero/a,1,Contrato,Gama alta,3468.0,18.0,0
C006042,Z01,Centro,rural,16625,41.0,M,Divorciado/a,2,Prepago,Gama media,2478.0,-46.0,0
C006043,Z26,Oeste,urbana_premium,107159,41.0,F,Casado/a,3,Premium,Gama media,5011.0,66.0,1
C006044,Z30,Centro,suburbana,33966,62.0,F,Soltero/a,2,Prepago,Gama media,1713.0,12.0,1
C006045,Z17,Sur,suburbana,56619,23.0,F,Soltero/a,1,Premium,Gama alta,4722.0,10.0,0
C006046,Z13,Este,suburbana,37333,34.0,M,Soltero/a,2,Premium,Gama media,2482.0,30.0,0
C006047,Z13,Este,suburbana,37333,29.0,M,Soltero/a,2,Contrato,Gama baja,2844.0,29.0,1
C006048,Z04,Centro,suburbana,55457,25.0,M,Soltero/a,2,Prepago,Gama media,1610.0,95.0,0
C006049,Z09,Norte,urbana_premium,102625,37.0,F,Casado/a,3,Premium,Gama media,3691.0,45.0,0
C006050,Z16,Este,urbana_premium,72683,36.0,M,Soltero/a,2,Prepago,Gama media,3803.0,22.0,0
C006051,Z15,Oeste,suburbana,62939,18.0,M,Soltero/a,1,Premium,Gama media,2899.0,72.0,0
C006052,Z17,Sur,suburbana,56619,40.0,F,Soltero/a,2,Contrato,Gama media,2304.0,27.0,0
C006053,Z99,Norte,suburbana,42704,26.0,M,Casado/a,4,Prepago,Gama baja,1945.0,7.0,0
C006054,Z09,Norte,urbana_premium,102625,36.0,F,Casado/a,4,Premium,Gama alta,4791.0,49.0,0
C006055,Z02,Oeste,suburbana,46400,55.0,F,Soltero/a,1,Prepago,Gama media,1623.0,62.0,0
C006056,Z02,Oeste,suburbana,46400,46.0,F,Soltero/a,2,Contrato,Gama media,3951.0,9.0,0
C006057,Z05,Este,urbana_premium,94471,38.0,M,Casado/a,4,Premium,Gama alta,6926.0,26.0,1
C006058,Z18,Sur,urbana_premium,56342,30.0,F,Soltero/a,2,Premium,Gama alta,8315.0,25.0,0
C006059,Z26,Oeste,urbana_premium,107159,37.0,M,Soltero/a,2,Premium,Gama media,2620.0,34.0,0
C006060,Z28,Sur,urbana_premium,64486,43.0,M,Soltero/a,3,Prepago,Gama media,4707.0,27.0,0
C006061,Z20,Oeste,suburbana,46953,46.0,M,Soltero/a,2,Premium,Gama alta,2448.0,16.0,1
C006062,Z14,Norte,rural,13074,44.0,M,Soltero/a,2,Contrato,Gama alta,3564.0,31.0,0
C006063,Z05,Este,urbana_premium,94471,39.0,M,Casado/a,4,Premium,Gama alta,,31.0,1
C006064,Z14,Norte,rural,13074,29.0,F,Soltero/a,2,Prepago,Gama media,2096.0,45.0,0
C006065,Z11,Oeste,suburbana,41163,31.0,F,Soltero/a,2,Premium,Gama alta,2168.0,34.0,0
C006066,Z28,Sur,urbana_premium,64486,44.0,M,Casado/a,4,Contrato,Gama baja,3363.0,38.0,1
C006067,Z16,Este,urbana_premium,72683,46.0,M,Casado/a,4,Premium,Gama alta,3023.0,16.0,0
C006068,Z09,Norte,urbana_premium,102625,37.0,M,Casado/a,2,Contrato,Gama media,3795.0,83.0,0
C006069,Z09,Norte,urbana_premium,102625,54.0,F,Casado/a,2,Premium,Gama media,3864.0,60.0,0
C006070,Z05,Este,urbana_premium,94471,42.0,M,Soltero/a,3,Contrato,Gama media,3152.0,23.0,0
C006071,Z28,Sur,urbana_premium,64486,33.0,M,Casado/a,5,Premium,Gama media,3055.0,22.0,0
C006072,Z03,Sur,rural,16530,30.0,M,Soltero/a,2,Contrato,Gama media,2892.0,33.0,1
C006073,Z01,Centro,rural,16625,62.0,F,Casado/a,3,Premium,Gama media,2967.0,19.0,0
C006074,Z06,Sur,rural,19752,54.0,M,Casado/a,2,Premium,Gama media,1747.0,38.0,0
C006075,Z26,Oeste,urbana_premium,107159,58.0,M,Casado/a,3,Premium,Gama alta,3755.0,,0
C006076,Z17,Sur,suburbana,56619,66.0,M,Casado/a,3,Prepago,Gama media,2203.0,8.0,1
C006077,Z20,Oeste,suburbana,46953,25.0,F,Soltero/a,1,Prepago,Gama alta,7426.0,19.0,0
C006078,Z11,Oeste,suburbana,41163,25.0,M,Soltero/a,2,Contrato,Gama media,2145.0,36.0,1
C006079,Z04,Centro,suburbana,55457,18.0,F,Soltero/a,1,Contrato,Gama media,3257.0,26.0,1
C006080,Z27,Norte,suburbana,42704,51.0,F,Soltero/a,2,Premium,Gama media,3483.0,43.0,0
C006081,Z06,Sur,rural,19752,53.0,F,Casado/a,1,Contrato,Gama baja,1839.0,33.0,1
C006082,Z02,Oeste,suburbana,46400,41.0,F,Casado/a,3,Prepago,Gama media,2206.0,,0
C006083,Z18,Sur,urbana_premium,56342,21.0,F,Soltero/a,3,Premium,Gama media,3471.0,22.0,0
C006084,Z04,Centro,suburbana,55457,39.0,M,Casado/a,2,Premium,Gama media,2202.0,55.0,0
C006085,Z04,Centro,suburbana,55457,42.0,F,Casado/a,3,Premium,Gama media,3184.0,32.0,1
C006086,Z26,Oeste,urbana_premium,107159,45.0,F,Soltero/a,2,Premium,Gama media,2843.0,-27.0,0
C006087,Z16,Este,urbana_premium,72683,39.0,F,Casado/a,3,Prepago,Gama baja,4029.0,9.0,0
C006088,Z09,Norte,urbana_premium,102625,44.0,F,desconocido,3,Contrato,Gama media,1858.0,23.0,0
C006089,Z11,Oeste,suburbana,41163,39.0,F,Casado/a,4,Prepago,Gama media,2247.0,3.0,0
C006090,Z23,Norte,rural,20553,59.0,F,Soltero/a,1,Contrato,Gama media,2004.0,56.0,0
C006091,Z04,Centro,suburbana,55457,48.0,M,Casado/a,3,Contrato,Gama media,4231.0,32.0,0
C006092,Z05,Este,urbana_premium,94471,22.0,F,Soltero/a,2,Prepago,Gama media,2005.0,55.0,1
C006093,Z19,Este,rural,12655,62.0,F,Casado/a,2,Prepago,Gama media,3312.0,32.0,0
C006094,Z18,Sur,urbana_premium,56342,51.0,F,Casado/a,2,Prepago,Gama alta,4822.0,22.0,0
C006095,Z29,Oeste,urbana_premium,67334,42.0,M,Casado/a,5,Premium,Gama media,2049.0,62.0,1
C006096,Z13,Este,suburbana,37333,43.0,M,Soltero/a,1,Prepago,Gama media,,15.0,0
C006097,Z04,Centro,suburbana,55457,60.0,M,Soltero/a,2,Contrato,Gama media,2153.0,39.0,0
C006098,Z17,Sur,suburbana,56619,20.0,M,Soltero/a,2,Premium,Gama baja,3641.0,52.0,0
C006099,Z20,Oeste,suburbana,46953,55.0,M,Soltero/a,2,Premium,Gama media,3717.0,20.0,1
C006100,Z05,Este,urbana_premium,94471,30.0,M,Soltero/a,3,Premium,Gama alta,5052.0,28.0,0
C006101,Z17,Sur,suburbana,56619,53.0,M,Casado/a,3,Prepago,Gama media,2441.0,20.0,1
C006102,Z06,Sur,rural,19752,46.0,F,Soltero/a,1,Prepago,Gama media,2948.0,20.0,0
C006103,Z99,Norte,suburbana,42704,25.0,M,Casado/a,4,Premium,Gama alta,5110.0,17.0,0
C006104,Z27,Norte,suburbana,42704,34.0,M,Divorciado/a,2,Contrato,Gama media,2692.0,22.0,0
C006105,Z15,Oeste,suburbana,62939,52.0,F,Divorciado/a,2,Contrato,Gama media,2814.0,23.0,0
C006106,Z29,Oeste,urbana_premium,67334,33.0,M,Soltero/a,2,Premium,Gama alta,4908.0,26.0,0
C006107,Z30,Centro,suburbana,33966,33.0,F,Soltero/a,1,Premium,Gama baja,1101.0,36.0,1
C006108,Z05,Este,urbana_premium,94471,28.0,F,Soltero/a,3,Prepago,Gama media,2715.0,26.0,0
C006109,Z12,Norte,rural,11707,53.0,M,Soltero/a,1,Premium,Gama alta,3303.0,29.0,0
C006110,Z18,Sur,urbana_premium,56342,57.0,M,Soltero/a,2,Premium,Gama media,4039.0,23.0,1
C006111,Z04,Centro,suburbana,55457,18.0,M,Soltero/a,2,Contrato,Gama media,2764.0,41.0,0
C006112,Z13,Este,suburbana,37333,74.0,M,Soltero/a,1,Contrato,Gama media,2144.0,33.0,0
C006113,Z09,Norte,urbana_premium,102625,38.0,F,Divorciado/a,3,Premium,Gama media,3863.0,13.0,0
C006114,Z29,Oeste,urbana_premium,67334,43.0,M,Casado/a,5,Contrato,Gama media,3179.0,34.0,0
C006115,Z15,Oeste,suburbana,62939,35.0,M,Soltero/a,2,Premium,Gama media,1617.0,40.0,0
C006116,Z26,Oeste,urbana_premium,107159,36.0,F,Soltero/a,2,Premium,Gama alta,6039.0,35.0,1
C006117,Z13,Este,suburbana,37333,42.0,M,Divorciado/a,1,Premium,Gama media,2337.0,67.0,1
C006118,Z05,Este,urbana_premium,94471,23.0,M,Soltero/a,3,Premium,Gama baja,3480.0,32.0,1
C006119,Z27,Norte,suburbana,42704,30.0,F,Soltero/a,1,Contrato,Gama baja,1597.0,10.0,0
C006120,Z01,Centro,rural,16625,59.0,M,Soltero/a,2,Prepago,Gama media,1925.0,45.0,0
C006121,Z03,Sur,rural,16530,26.0,F,Soltero/a,1,Premium,Gama alta,3301.0,28.0,1
C006122,Z12,Norte,rural,11707,50.0,F,Casado/a,2,Prepago,Gama media,3216.0,,1
C006123,Z22,Este,suburbana,53534,36.0,F,Soltero/a,1,Contrato,Gama alta,3007.0,66.0,1
C006124,Z11,Oeste,suburbana,41163,28.0,M,Soltero/a,2,Contrato,Gama alta,2395.0,68.0,0
C006125,Z99,Centro,suburbana,55457,64.0,M,Casado/a,4,Premium,Gama media,3008.0,14.0,1
C006126,Z10,Este,suburbana,27514,29.0,F,Soltero/a,2,Premium,Gama media,3558.0,30.0,0
C006127,Z09,Norte,urbana_premium,102625,,F,Soltero/a,3,Premium,Gama media,2267.0,17.0,0
C006128,Z01,Centro,rural,16625,43.0,F,Soltero/a,1,Prepago,Gama alta,2534.0,61.0,0
C006129,Z17,Sur,suburbana,56619,31.0,F,Soltero/a,1,Contrato,Gama media,3898.0,-67.0,0
C006130,Z05,Este,urbana_premium,94471,36.0,M,Casado/a,2,Prepago,Gama media,3748.0,102.0,0
C006131,Z09,Norte,urbana_premium,102625,38.0,M,Divorciado/a,2,Premium,Gama media,3802.0,55.0,1
C006132,Z20,Oeste,suburbana,46953,43.0,F,Soltero/a,2,Prepago,Gama alta,2312.0,35.0,0
C006133,Z23,Norte,rural,20553,44.0,F,Soltero/a,1,Premium,Gama alta,2576.0,45.0,0
C006134,Z09,Norte,urbana_premium,102625,28.0,F,Soltero/a,2,Premium,Gama alta,6720.0,15.0,1
C006135,Z11,Oeste,suburbana,41163,48.0,F,Casado/a,2,Prepago,Gama media,4877.0,21.0,1
C006136,Z09,Norte,urbana_premium,102625,35.0,F,Soltero/a,2,Premium,Gama alta,3129.0,38.0,1
C006137,Z29,Oeste,urbana_premium,67334,30.0,F,Soltero/a,3,Contrato,Gama alta,3357.0,25.0,0
C006138,Z06,Sur,rural,19752,63.0,F,Casado/a,4,Contrato,Gama alta,3744.0,18.0,1
C006139,Z06,Sur,rural,19752,44.0,F,Casado/a,4,Prepago,Gama media,2859.0,74.0,0
C006140,Z15,Oeste,suburbana,62939,53.0,F,Casado/a,3,Premium,Gama media,3645.0,2.0,0
C006141,Z06,Sur,rural,19752,60.0,F,Soltero/a,2,Premium,Gama media,1233.0,31.0,1
C006142,Z05,Este,urbana_premium,94471,51.0,F,Casado/a,4,Premium,Gama alta,5272.0,30.0,0
C006143,Z04,Centro,suburbana,55457,48.0,F,Casado/a,1,Contrato,Gama media,2702.0,36.0,0
C006144,Z20,Oeste,suburbana,46953,40.0,F,Soltero/a,2,Contrato,Gama media,3235.0,3.0,0
C006145,Z19,Este,rural,12655,44.0,F,Divorciado/a,2,Prepago,Gama media,1814.0,47.0,0
C006146,Z20,Oeste,suburbana,46953,37.0,F,Casado/a,3,Contrato,Gama baja,5310.0,43.0,0
C006147,Z26,Oeste,urbana_premium,107159,18.0,NA,Soltero/a,3,Contrato,Gama media,2721.0,56.0,0
C006148,Z10,Este,suburbana,27514,49.0,M,Casado/a,4,Premium,Gama alta,5904.0,17.0,0
C006149,Z28,Sur,urbana_premium,64486,39.0,F,Soltero/a,2,Premium,Gama media,3866.0,44.0,1
C006150,Z24,Centro,rural,12558,55.0,F,Soltero/a,2,Contrato,Gama media,2189.0,5.0,1
C006151,Z26,Oeste,urbana_premium,107159,35.0,F,Casado/a,3,Premium,Gama media,2810.0,17.0,0
C006152,Z23,Norte,rural,20553,53.0,M,Casado/a,3,Prepago,Gama media,1933.0,7.0,0
C006153,Z11,Oeste,suburbana,41163,23.0,F,Soltero/a,2,Contrato,Gama media,2776.0,22.0,1
C006154,Z09,Norte,urbana_premium,102625,22.0,F,Casado/a,3,Premium,Gama media,4013.0,21.0,0
C006155,Z15,Oeste,suburbana,62939,18.0,M,Soltero/a,1,Premium,Gama alta,3600.0,22.0,0
C006156,Z04,Centro,suburbana,55457,38.0,F,Casado/a,4,Premium,Gama media,2771.0,37.0,0
C006157,Z15,Oeste,suburbana,62939,31.0,F,Soltero/a,2,Contrato,Gama alta,3599.0,10.0,0
C006158,Z02,Oeste,suburbana,46400,29.0,F,Soltero/a,2,Premium,Gama alta,4510.0,15.0,0
C006159,Z01,Centro,rural,16625,49.0,M,Casado/a,1,Premium,Gama media,3363.0,8.0,0
C006160,Z29,Oeste,urbana_premium,67334,31.0,M,Soltero/a,3,Premium,Gama media,4766.0,20.0,0
C006161,Z22,Este,suburbana,53534,23.0,F,Soltero/a,2,Premium,Gama media,3551.0,,0
C006162,Z17,Sur,suburbana,56619,71.0,F,Divorciado/a,2,Contrato,Gama baja,2057.0,17.0,0
C006163,Z11,Oeste,suburbana,41163,40.0,M,Casado/a,3,Contrato,Gama alta,3207.0,26.0,0
C006164,Z18,Sur,urbana_premium,56342,23.0,F,Soltero/a,2,Premium,Gama alta,2618.0,77.0,0
C006165,Z28,Sur,urbana_premium,64486,28.0,M,Soltero/a,3,Premium,Gama alta,5464.0,29.0,1
C006166,Z20,Oeste,suburbana,46953,38.0,M,Soltero/a,1,Contrato,Gama alta,3298.0,32.0,0
C006167,Z18,Sur,urbana_premium,56342,34.0,F,Soltero/a,2,Prepago,Gama media,,28.0,0
C006168,Z16,Este,urbana_premium,72683,52.0,M,Soltero/a,3,Premium,Gama alta,5775.0,56.0,0
C006169,Z11,Oeste,suburbana,41163,39.0,M,desconocido,4,Contrato,Gama media,3479.0,23.0,0
C006170,Z22,Este,suburbana,53534,62.0,F,Soltero/a,1,Premium,Gama baja,2353.0,16.0,0
C006171,Z30,Centro,suburbana,33966,35.0,F,Casado/a,2,Premium,Gama media,1360.0,18.0,1
C006172,Z15,Oeste,suburbana,62939,45.0,M,Soltero/a,1,Premium,Gama media,3605.0,60.0,0
C006173,Z13,Este,suburbana,37333,52.0,M,Casado/a,1,Prepago,Gama alta,2811.0,17.0,0
C006174,Z15,Oeste,suburbana,62939,54.0,F,Casado/a,3,Prepago,Gama alta,3945.0,12.0,0
C006175,Z15,Oeste,suburbana,62939,56.0,F,Casado/a,2,Prepago,Gama alta,3806.0,25.0,1
C006176,Z30,Centro,suburbana,33966,37.0,M,Casado/a,4,Contrato,Gama media,3675.0,49.0,0
C006177,Z22,Este,suburbana,53534,40.0,M,Soltero/a,1,Contrato,Gama baja,3250.0,21.0,1
C006178,Z11,Oeste,suburbana,41163,18.0,F,Soltero/a,2,Premium,Gama baja,1668.0,35.0,0
C006179,Z13,Este,suburbana,37333,38.0,F,Soltero/a,2,Contrato,Gama alta,4639.0,94.0,1
C006180,Z15,Oeste,suburbana,62939,53.0,F,Soltero/a,2,Prepago,Gama media,1920.0,52.0,0
C006181,Z02,Oeste,suburbana,46400,51.0,M,Casado/a,3,Prepago,Gama media,2377.0,31.0,0
C006182,Z17,Sur,suburbana,56619,39.0,F,Soltero/a,2,Contrato,Gama media,2655.0,24.0,0
C006183,Z26,Oeste,urbana_premium,107159,56.0,?,Soltero/a,2,Prepago,Gama media,3852.0,61.0,0
C006184,Z21,Centro,rural,19103,40.0,M,Casado/a,2,Premium,Gama media,2076.0,,0
C006185,Z07,Centro,rural,15473,36.0,M,Casado/a,4,Premium,Gama alta,1911.0,76.0,1
C006186,Z23,Norte,rural,20553,39.0,F,Divorciado/a,2,Premium,Gama alta,3075.0,43.0,1
C006187,Z23,Norte,rural,20553,32.0,F,Casado/a,2,Premium,Gama baja,1457.0,20.0,0
C006188,Z09,Norte,urbana_premium,102625,43.0,M,Casado/a,4,Premium,Gama media,3311.0,23.0,1
C006189,Z20,Oeste,suburbana,46953,43.0,M,Soltero/a,2,Premium,Gama media,1431.0,50.0,0
C006190,Z19,Este,rural,12655,52.0,F,Casado/a,4,Contrato,Gama media,1618.0,14.0,0
C006191,Z27,Norte,suburbana,42704,35.0,F,Divorciado/a,2,Prepago,Gama media,1725.0,19.0,0
C006192,Z05,Este,urbana_premium,94471,35.0,M,Soltero/a,3,Premium,Gama alta,4949.0,30.0,0
C006193,Z06,Sur,rural,19752,19.0,M,Soltero/a,2,Premium,Gama media,2478.0,16.0,0
C006194,Z16,Este,urbana_premium,72683,41.0,M,Soltero/a,2,Contrato,Gama baja,2884.0,13.0,0
C006195,Z02,Oeste,suburbana,46400,41.0,F,Casado/a,3,Prepago,Gama media,973.0,9.0,1
C006196,Z15,Oeste,suburbana,62939,27.0,F,Soltero/a,1,Prepago,Gama alta,1748.0,37.0,0
C006197,Z26,Oeste,urbana_premium,107159,35.0,M,Soltero/a,2,Prepago,Gama media,2605.0,34.0,0
C006198,Z05,Este,urbana_premium,94471,33.0,F,Soltero/a,2,Contrato,Gama media,3374.0,42.0,0
C006199,Z15,Oeste,suburbana,62939,61.0,F,Casado/a,2,Premium,Gama media,3886.0,64.0,0
C006200,Z30,Centro,suburbana,33966,27.0,F,Soltero/a,2,Premium,Gama media,1802.0,16.0,0
C006201,Z16,Este,urbana_premium,72683,40.0,M,Casado/a,4,Premium,Gama alta,2386.0,13.0,1
C006202,Z16,Este,urbana_premium,72683,23.0,M,Soltero/a,3,Premium,Gama alta,2129.0,22.0,0
C006203,Z17,Sur,suburbana,56619,33.0,M,Soltero/a,1,Premium,Gama media,2984.0,,0
C006204,Z06,Sur,rural,19752,48.0,M,Casado/a,2,Contrato,Gama media,,2.0,0
C006205,Z05,Este,urbana_premium,94471,33.0,F,Soltero/a,2,Contrato,Gama media,2064.0,55.0,0
C006206,Z22,Este,suburbana,53534,40.0,F,Soltero/a,2,Premium,Gama media,3516.0,30.0,0
C006207,Z13,Este,suburbana,37333,44.0,M,Casado/a,3,Prepago,Gama alta,5082.0,58.0,0
C006208,Z09,Norte,urbana_premium,102625,30.0,F,Soltero/a,2,Premium,Gama media,3914.0,35.0,1
C006209,Z02,Oeste,suburbana,46400,51.0,F,Divorciado/a,1,Premium,Gama media,2671.0,20.0,0
C006210,Z27,Norte,suburbana,42704,36.0,F,Casado/a,1,Prepago,Gama alta,6389.0,28.0,0
C006211,Z02,Oeste,suburbana,46400,39.0,M,Casado/a,4,Contrato,Gama media,2484.0,26.0,0
C006212,Z26,Oeste,urbana_premium,107159,,F,Soltero/a,2,Contrato,Gama media,3193.0,5.0,1
C006213,Z13,Este,suburbana,37333,43.0,F,Casado/a,2,Contrato,Gama media,2471.0,100.0,1
C006214,Z18,Sur,urbana_premium,56342,44.0,F,Casado/a,2,Premium,Gama alta,6472.0,69.0,0
C006215,Z09,Norte,urbana_premium,102625,40.0,F,Soltero/a,3,Premium,Gama alta,4622.0,60.0,0
C006216,Z05,Este,urbana_premium,94471,42.0,F,Soltero/a,2,Prepago,Gama media,4605.0,93.0,0
C006217,Z17,Sur,suburbana,56619,36.0,M,Casado/a,1,Prepago,Gama media,3342.0,11.0,0
C006218,Z22,Este,suburbana,53534,27.0,F,Soltero/a,1,Prepago,Gama media,2541.0,32.0,0
C006219,Z06,Sur,rural,19752,28.0,M,Soltero/a,2,Prepago,Gama media,2073.0,35.0,0
C006220,Z15,Oeste,suburbana,62939,20.0,F,Soltero/a,1,Contrato,Gama baja,2127.0,66.0,0
C006221,Z15,Oeste,suburbana,62939,61.0,M,Casado/a,1,Prepago,Gama media,2595.0,10.0,0
C006222,Z08,Sur,rural,17023,18.0,M,Soltero/a,2,Premium,Gama alta,2563.0,,0
C006223,Z18,Sur,urbana_premium,56342,50.0,F,Soltero/a,2,Premium,Gama alta,3575.0,51.0,0
C006224,Z05,Este,urbana_premium,94471,26.0,F,Casado/a,3,Premium,Gama alta,5081.0,70.0,0
C006225,Z16,Este,urbana_premium,72683,50.0,F,Soltero/a,2,Contrato,Gama media,4196.0,15.0,0
C006226,Z05,Este,urbana_premium,94471,,F,Soltero/a,3,Premium,Gama alta,4091.0,44.0,0
C006227,Z16,Este,urbana_premium,72683,33.0,F,Casado/a,2,Prepago,Gama media,2825.0,31.0,0
C006228,Z10,Este,suburbana,27514,57.0,NA,Casado/a,4,Premium,Gama media,,32.0,0
C006229,Z15,Oeste,suburbana,62939,49.0,M,Soltero/a,1,Prepago,Gama media,2010.0,11.0,0
C006230,Z15,Oeste,suburbana,62939,36.0,F,Soltero/a,2,Premium,Gama alta,4362.0,-66.0,0
C006231,Z28,Sur,urbana_premium,64486,18.0,F,Soltero/a,2,Premium,Gama media,2091.0,67.0,1
C006232,Z16,Este,urbana_premium,72683,20.0,M,Casado/a,3,Premium,Gama alta,4091.0,65.0,0
C006233,Z26,Oeste,urbana_premium,107159,53.0,M,Soltero/a,3,Contrato,Gama baja,4091.0,17.0,0
C006234,Z09,Norte,urbana_premium,102625,32.0,M,Soltero/a,2,Prepago,Gama baja,3012.0,27.0,0
C006235,Z11,Oeste,suburbana,41163,39.0,F,Casado/a,1,Contrato,Gama media,,47.0,1
C006236,Z04,Centro,suburbana,55457,43.0,F,Soltero/a,1,Premium,Gama alta,3165.0,24.0,0
C006237,Z15,Oeste,suburbana,62939,24.0,M,Soltero/a,2,Prepago,Gama baja,1990.0,7.0,1
C006238,Z21,Centro,rural,19103,50.0,M,Soltero/a,2,Prepago,Gama media,1761.0,47.0,1
C006239,Z27,Norte,suburbana,42704,35.0,M,Soltero/a,2,Prepago,Gama alta,2844.0,11.0,0
C006240,Z18,Sur,urbana_premium,56342,,M,Casado/a,4,Contrato,Gama alta,3692.0,42.0,0
C006241,Z20,Oeste,suburbana,46953,33.0,M,Soltero/a,2,Prepago,Gama media,1812.0,6.0,0
C006242,Z05,Este,urbana_premium,94471,18.0,F,Soltero/a,2,Premium,Gama alta,3832.0,39.0,1
C006243,Z02,Oeste,suburbana,46400,35.0,F,Divorciado/a,1,Contrato,Gama media,3024.0,102.0,0
C006244,Z26,Oeste,urbana_premium,107159,44.0,F,Casado/a,4,Premium,Gama media,5274.0,79.0,0
C006245,Z05,Este,urbana_premium,94471,41.0,F,n/a,3,Premium,Gama media,3689.0,46.0,1
C006246,Z04,Centro,suburbana,55457,40.0,F,Soltero/a,2,Prepago,Gama media,2514.0,55.0,0
C006247,Z29,Oeste,urbana_premium,67334,47.0,F,Casado/a,3,Premium,Gama alta,4862.0,21.0,0
C006248,Z29,Oeste,urbana_premium,67334,34.0,F,Soltero/a,3,Premium,Gama media,5489.0,44.0,0
C006249,Z19,Este,rural,12655,46.0,F,Casado/a,4,Contrato,Gama media,1388.0,3.0,0
C006250,Z13,Este,suburbana,37333,34.0,F,Soltero/a,2,Premium,Gama media,2409.0,56.0,0
C006251,Z26,Oeste,urbana_premium,107159,47.0,M,Casado/a,4,Premium,Gama media,1772.0,55.0,0
C006252,Z07,Centro,rural,15473,48.0,M,Divorciado/a,1,Prepago,Gama baja,1608.0,53.0,0
C006253,Z15,Oeste,suburbana,62939,33.0,F,Soltero/a,1,Premium,Gama alta,4861.0,47.0,0
C006254,Z11,Oeste,suburbana,41163,22.0,F,Soltero/a,2,Prepago,Gama media,,77.0,0
C006255,Z28,Sur,urbana_premium,64486,49.0,F,Casado/a,5,Premium,Gama alta,4366.0,50.0,0
C006256,Z29,Oeste,urbana_premium,67334,27.0,M,Soltero/a,3,Contrato,Gama media,4281.0,20.0,1
C006257,Z20,Oeste,suburbana,46953,41.0,F,Soltero/a,2,Contrato,Gama media,2354.0,44.0,0
C006258,Z05,Este,urbana_premium,94471,64.0,F,Soltero/a,2,Prepago,Gama alta,3163.0,42.0,0
C006259,Z16,Este,urbana_premium,72683,46.0,F,Casado/a,2,Premium,Gama media,6036.0,31.0,1
C006260,Z09,Norte,urbana_premium,102625,55.0,F,Casado/a,5,Contrato,Gama alta,5158.0,39.0,0
C006261,Z28,Sur,urbana_premium,64486,30.0,X,Soltero/a,2,Premium,Gama media,8112.0,16.0,0
C006262,Z05,Este,urbana_premium,94471,49.0,M,Casado/a,5,Prepago,Gama media,1516.0,15.0,0
C006263,Z03,Sur,rural,16530,45.0,F,Casado/a,4,Prepago,Gama media,2711.0,18.0,0
C006264,Z22,Este,suburbana,53534,44.0,M,Soltero/a,2,Premium,Gama baja,1253.0,47.0,0
C006265,Z15,Oeste,suburbana,62939,64.0,F,Divorciado/a,1,Prepago,Gama media,2845.0,6.0,0
C006266,Z27,Norte,suburbana,42704,37.0,M,Soltero/a,2,Prepago,Gama media,2668.0,116.0,0
C006267,Z04,Centro,suburbana,55457,40.0,F,Casado/a,2,Premium,Gama media,1930.0,104.0,0
C006268,Z26,Oeste,urbana_premium,107159,25.0,M,Soltero/a,2,Contrato,Gama media,2994.0,-20.0,1
C006269,Z02,Oeste,suburbana,46400,51.0,F,Soltero/a,1,Contrato,Gama media,2595.0,27.0,1
C006270,Z02,Oeste,suburbana,46400,33.0,F,Soltero/a,2,Premium,Gama media,3357.0,46.0,0
C006271,Z16,Este,urbana_premium,72683,48.0,F,Soltero/a,3,Contrato,Gama media,2476.0,16.0,1
C006272,Z08,Sur,rural,17023,25.0,F,Soltero/a,2,Prepago,Gama baja,1733.0,24.0,0
C006273,Z18,Sur,urbana_premium,56342,43.0,M,Soltero/a,3,Premium,Gama alta,4436.0,48.0,1
C006274,Z02,Oeste,suburbana,46400,32.0,M,Soltero/a,1,Prepago,Gama media,3705.0,35.0,0
C006275,Z02,Oeste,suburbana,46400,49.0,M,Soltero/a,1,Premium,Gama media,7231.0,15.0,0
C006276,Z23,Norte,rural,20553,45.0,F,Casado/a,3,Prepago,Gama media,2379.0,56.0,0
C006277,Z07,Centro,rural,15473,39.0,F,Casado/a,4,Prepago,Gama media,2799.0,93.0,0
C006278,Z21,Centro,rural,19103,40.0,M,Casado/a,3,Premium,Gama media,2073.0,54.0,1
C006279,Z26,Oeste,urbana_premium,107159,26.0,NA,Soltero/a,2,Premium,Gama alta,6040.0,26.0,1
C006280,Z03,Sur,rural,16530,55.0,M,Casado/a,1,Prepago,Gama media,1618.0,19.0,0
C006281,Z26,Oeste,urbana_premium,107159,23.0,M,Soltero/a,3,Contrato,Gama baja,3611.0,20.0,0
C006282,Z09,Norte,urbana_premium,102625,33.0,M,Casado/a,4,Premium,Gama media,4036.0,-42.0,0
C006283,Z13,Este,suburbana,37333,44.0,F,Soltero/a,2,Prepago,Gama media,3416.0,39.0,0
C006284,Z04,Centro,suburbana,55457,59.0,M,Casado/a,4,Prepago,Gama alta,3995.0,43.0,0
C006285,Z27,Norte,suburbana,42704,40.0,F,Soltero/a,1,Premium,Gama media,2681.0,58.0,0
C006286,Z17,Sur,suburbana,56619,37.0,F,Casado/a,1,Premium,Gama media,3935.0,120.0,1
C006287,Z16,Este,urbana_premium,72683,39.0,F,Casado/a,4,Premium,Gama media,,52.0,1
C006288,Z29,Oeste,urbana_premium,67334,18.0,M,Soltero/a,3,Premium,Gama media,4037.0,16.0,0
C006289,Z11,Oeste,suburbana,41163,26.0,F,Soltero/a,2,Prepago,Gama media,1487.0,4.0,0
C006290,Z28,Sur,urbana_premium,64486,31.0,F,Soltero/a,2,Premium,Gama alta,3415.0,7.0,1
C006291,Z23,Norte,rural,20553,36.0,F,Soltero/a,1,Prepago,Gama alta,5379.0,30.0,0
C006292,Z29,Oeste,urbana_premium,67334,18.0,M,Soltero/a,3,Contrato,Gama media,4057.0,23.0,1
C006293,Z28,Sur,urbana_premium,64486,46.0,M,Casado/a,3,Prepago,Gama alta,,13.0,0
C006294,Z30,Centro,suburbana,33966,43.0,M,Casado/a,1,Prepago,Gama alta,3447.0,3.0,0
C006295,Z05,Este,urbana_premium,94471,38.0,M,Soltero/a,3,Premium,Gama media,3635.0,68.0,0
C006296,Z26,Oeste,urbana_premium,107159,28.0,F,Soltero/a,3,Contrato,Gama media,2493.0,23.0,1
C006297,Z26,Oeste,urbana_premium,107159,37.0,M,Soltero/a,3,Prepago,Gama media,1938.0,76.0,0
C006298,Z20,Oeste,suburbana,46953,46.0,F,Soltero/a,1,Premium,Gama media,,34.0,1
C006299,Z09,Norte,urbana_premium,102625,33.0,M,Soltero/a,2,Contrato,Gama media,3453.0,18.0,0
C006300,Z29,Oeste,urbana_premium,67334,41.0,F,Soltero/a,2,Prepago,Gama media,3382.0,15.0,0
C006301,Z07,Centro,rural,15473,35.0,F,Casado/a,4,Prepago,Gama media,3012.0,13.0,0
C006302,Z16,Este,urbana_premium,72683,37.0,M,Soltero/a,2,Prepago,Gama alta,,36.0,0
C006303,Z17,Sur,suburbana,56619,54.0,M,Casado/a,1,Contrato,Gama media,3736.0,14.0,0
C006304,Z05,Este,urbana_premium,94471,51.0,F,Casado/a,5,Contrato,Gama media,3309.0,30.0,0
C006305,Z23,Norte,rural,20553,61.0,F,Casado/a,4,Premium,Gama media,2366.0,87.0,0
C006306,Z04,Centro,suburbana,55457,43.0,F,Soltero/a,1,Premium,Gama alta,4279.0,15.0,0
C006307,Z22,Este,suburbana,53534,40.0,F,Casado/a,1,Premium,Gama media,3960.0,18.0,1
C006308,Z27,Norte,suburbana,42704,35.0,F,Soltero/a,2,Premium,Gama media,3563.0,23.0,0
C006309,Z11,Oeste,suburbana,41163,18.0,F,Soltero/a,2,Prepago,Gama media,2458.0,33.0,1
C006310,Z22,Este,suburbana,53534,24.0,M,Soltero/a,2,Premium,Gama media,4285.0,27.0,0
C006311,Z05,Este,urbana_premium,94471,34.0,M,Divorciado/a,3,Premium,Gama baja,6129.0,34.0,0
C006312,Z27,Norte,suburbana,42704,39.0,M,Casado/a,1,Contrato,Gama media,3972.0,65.0,0
C006313,Z29,Oeste,urbana_premium,67334,53.0,F,Divorciado/a,2,Contrato,Gama alta,10723.0,18.0,0
C006314,Z05,Este,urbana_premium,94471,52.0,M,Casado/a,5,Premium,Gama alta,4975.0,17.0,0
C006315,Z22,Este,suburbana,53534,32.0,M,Soltero/a,1,Prepago,Gama media,4454.0,23.0,0
C006316,Z16,Este,urbana_premium,72683,46.0,F,Casado/a,2,Premium,Gama alta,4790.0,50.0,0
C006317,Z17,Sur,suburbana,56619,34.0,M,Soltero/a,1,Contrato,Gama media,2849.0,13.0,0
C006318,Z22,Este,suburbana,53534,48.0,M,Soltero/a,2,Premium,Gama media,1975.0,4.0,0
C006319,Z16,Este,urbana_premium,72683,46.0,M,Soltero/a,3,Premium,Gama media,2924.0,120.0,0
C006320,Z18,Sur,urbana_premium,56342,51.0,M,Casado/a,4,Premium,Gama media,2935.0,23.0,0
C006321,Z99,Norte,urbana_premium,102625,30.0,M,Soltero/a,3,Premium,Gama media,2507.0,40.0,0
C006322,Z13,Este,suburbana,37333,52.0,M,Casado/a,1,Prepago,Gama media,2696.0,32.0,0
C006323,Z27,Norte,suburbana,42704,18.0,M,Soltero/a,2,Contrato,Gama media,2984.0,25.0,0
C006324,Z05,Este,urbana_premium,94471,52.0,F,Casado/a,4,Premium,Gama alta,5808.0,10.0,1
C006325,Z18,Sur,urbana_premium,56342,36.0,M,Soltero/a,2,Prepago,Gama media,2510.0,17.0,0
C006326,Z06,Sur,rural,19752,45.0,F,Casado/a,4,Contrato,Gama alta,3172.0,40.0,0
C006327,Z27,Norte,suburbana,42704,18.0,F,Soltero/a,2,Premium,Gama alta,3274.0,13.0,0
C006328,Z18,Sur,urbana_premium,56342,,F,Soltero/a,3,Premium,Gama media,4367.0,76.0,0
C006329,Z14,Norte,rural,13074,61.0,F,Casado/a,1,Contrato,Gama media,2245.0,18.0,0
C006330,Z09,Norte,urbana_premium,102625,31.0,F,Soltero/a,2,Premium,Gama alta,7960.0,43.0,0
C006331,Z15,Oeste,suburbana,62939,49.0,M,Casado/a,2,Prepago,Gama alta,2264.0,78.0,0
C006332,Z29,Oeste,urbana_premium,67334,36.0,M,Casado/a,3,Prepago,Gama media,3148.0,7.0,0
C006333,Z16,Este,urbana_premium,72683,49.0,M,Divorciado/a,3,Prepago,Gama alta,3989.0,17.0,1
C006334,Z16,Este,urbana_premium,72683,38.0,F,Casado/a,5,Premium,Gama alta,4396.0,30.0,1
C006335,Z25,Oeste,rural,11763,34.0,F,Divorciado/a,1,Contrato,Gama alta,2512.0,22.0,0
C006336,Z13,Este,suburbana,37333,41.0,M,Casado/a,4,Premium,Gama media,2929.0,20.0,1
C006337,Z15,Oeste,suburbana,62939,59.0,M,Casado/a,1,Premium,Gama media,3584.0,41.0,0
C006338,Z11,Oeste,suburbana,41163,46.0,F,Soltero/a,2,Contrato,Gama media,3680.0,36.0,1
C006339,Z05,Este,urbana_premium,94471,35.0,F,n/a,2,Premium,Gama alta,3776.0,33.0,1
C006340,Z23,Norte,rural,20553,72.0,M,Divorciado/a,1,Prepago,Gama media,4415.0,50.0,0
C006341,Z28,Sur,urbana_premium,64486,50.0,F,Casado/a,5,Premium,Gama alta,4467.0,10.0,1
C006342,Z28,Sur,urbana_premium,64486,46.0,F,Divorciado/a,2,Premium,Gama media,3476.0,37.0,0
C006343,Z28,Sur,urbana_premium,64486,40.0,M,Soltero/a,2,Premium,Gama alta,5915.0,35.0,0
C006344,Z15,Oeste,suburbana,62939,49.0,M,Soltero/a,2,Prepago,Gama media,1465.0,9.0,0
C006345,Z09,Norte,urbana_premium,102625,45.0,F,Casado/a,2,Prepago,Gama alta,2582.0,15.0,0
C006346,Z20,Oeste,suburbana,46953,18.0,M,Soltero/a,2,Premium,Gama media,2776.0,25.0,0
C006347,Z29,Oeste,urbana_premium,67334,41.0,F,Divorciado/a,3,Contrato,Gama media,,10.0,1
C006348,Z99,Norte,rural,20553,43.0,F,Divorciado/a,2,Prepago,Gama media,3075.0,34.0,0
C006349,Z16,Este,urbana_premium,72683,30.0,F,Soltero/a,3,Premium,Gama media,5010.0,23.0,1
C006350,Z22,Este,suburbana,53534,38.0,F,Soltero/a,1,Premium,Gama alta,5276.0,56.0,0
C006351,Z26,Oeste,urbana_premium,107159,18.0,F,Soltero/a,3,Contrato,Gama media,3127.0,50.0,0
C006352,Z28,Sur,urbana_premium,64486,18.0,M,Soltero/a,3,Premium,Gama alta,4669.0,69.0,0
C006353,Z26,Oeste,urbana_premium,107159,51.0,M,Divorciado/a,2,Premium,Gama alta,5990.0,,0
C006354,Z15,Oeste,suburbana,62939,46.0,F,Casado/a,4,Premium,Gama alta,3155.0,3.0,0
C006355,Z09,Norte,urbana_premium,102625,18.0,M,Soltero/a,2,Prepago,Gama media,,11.0,0
C006356,Z16,Este,urbana_premium,72683,29.0,F,Soltero/a,3,Premium,Gama media,3696.0,31.0,1
C006357,Z11,Oeste,suburbana,41163,51.0,F,Soltero/a,1,Premium,Gama alta,4723.0,23.0,1
C006358,Z29,Oeste,urbana_premium,67334,33.0,M,Soltero/a,3,Contrato,Gama media,2933.0,41.0,1
C006359,Z16,Este,urbana_premium,72683,51.0,M,Casado/a,3,Prepago,Gama baja,2224.0,22.0,0
C006360,Z16,Este,urbana_premium,72683,49.0,F,Casado/a,5,Premium,Gama media,3352.0,47.0,0
C006361,Z11,Oeste,suburbana,41163,24.0,M,Soltero/a,2,Contrato,Gama media,2891.0,10.0,0
C006362,Z20,Oeste,suburbana,46953,38.0,M,Soltero/a,1,Premium,Gama alta,3474.0,36.0,0
C006363,Z17,Sur,suburbana,56619,35.0,M,Soltero/a,1,Premium,Gama alta,3491.0,19.0,1
C006364,Z05,Este,urbana_premium,94471,19.0,M,Soltero/a,2,Prepago,Gama media,2986.0,18.0,0
C006365,Z28,Sur,urbana_premium,64486,19.0,F,Soltero/a,3,Contrato,Gama media,2699.0,18.0,0
C006366,Z11,Oeste,suburbana,41163,30.0,F,Soltero/a,1,Premium,Gama alta,5267.0,11.0,1
C006367,Z15,Oeste,suburbana,62939,32.0,F,Soltero/a,1,Contrato,Gama media,2841.0,49.0,1
C006368,Z07,Centro,rural,15473,,F,Divorciado/a,2,Contrato,Gama media,1965.0,,0
C006369,Z17,Sur,suburbana,56619,53.0,NA,Soltero/a,2,Prepago,Gama alta,3333.0,5.0,0
C006370,Z22,Este,suburbana,53534,46.0,F,Casado/a,4,Prepago,Gama media,2123.0,9.0,1
C006371,Z28,Sur,urbana_premium,64486,45.0,F,Casado/a,3,Prepago,Gama media,2980.0,30.0,0
C006372,Z03,Sur,rural,16530,42.0,F,Soltero/a,2,Premium,Gama alta,3063.0,35.0,0
C006373,Z30,Centro,suburbana,33966,47.0,M,Casado/a,2,Prepago,Gama media,2090.0,12.0,0
C006374,Z22,Este,suburbana,53534,38.0,M,Casado/a,1,Prepago,Gama baja,1872.0,13.0,1
C006375,Z09,Norte,urbana_premium,102625,31.0,M,Casado/a,2,Premium,Gama baja,3380.0,-35.0,1
C006376,Z07,Centro,rural,15473,68.0,M,Casado/a,1,Premium,Gama media,2542.0,62.0,0
C006377,Z09,Norte,urbana_premium,102625,18.0,M,Soltero/a,3,Premium,Gama alta,6193.0,10.0,0
C006378,Z28,Sur,urbana_premium,64486,18.0,F,Soltero/a,2,Premium,Gama media,4312.0,44.0,0
C006379,Z09,Norte,urbana_premium,102625,41.0,M,Soltero/a,2,Prepago,Gama alta,4585.0,38.0,0
C006380,Z16,Este,urbana_premium,72683,33.0,M,Soltero/a,2,Premium,Gama media,2676.0,20.0,0
C006381,Z22,Este,suburbana,53534,23.0,F,Soltero/a,1,Prepago,Gama media,3182.0,33.0,1
C006382,Z28,Sur,urbana_premium,64486,23.0,F,Soltero/a,2,Contrato,Gama media,2587.0,58.0,1
C006383,Z21,Centro,rural,19103,34.0,M,Casado/a,4,Contrato,Gama alta,3198.0,35.0,1
C006384,Z26,Oeste,urbana_premium,107159,47.0,M,Casado/a,2,Contrato,Gama media,3983.0,120.0,0
C006385,Z05,Este,urbana_premium,94471,51.0,F,Soltero/a,3,Premium,Gama media,3759.0,93.0,0
C006386,Z28,Sur,urbana_premium,64486,56.0,F,Divorciado/a,3,Prepago,Gama alta,4569.0,16.0,0
C006387,Z09,Norte,urbana_premium,102625,,F,Soltero/a,3,Contrato,Gama baja,3224.0,10.0,0
C006388,Z05,Este,urbana_premium,94471,20.0,M,Soltero/a,2,Premium,Gama media,3230.0,-84.0,0
C006389,Z30,Centro,suburbana,33966,23.0,F,Soltero/a,1,Prepago,Gama baja,2137.0,48.0,0
C006390,Z07,Centro,rural,15473,60.0,F,Soltero/a,1,Contrato,Gama media,4330.0,42.0,0
C006391,Z05,Este,urbana_premium,94471,41.0,M,Casado/a,4,Premium,Gama media,3534.0,20.0,0
C006392,Z20,Oeste,suburbana,46953,41.0,M,Soltero/a,2,Premium,Gama alta,2669.0,8.0,1
C006393,Z10,Este,suburbana,27514,43.0,F,Soltero/a,2,Premium,Gama media,3800.0,42.0,0
C006394,Z05,Este,urbana_premium,94471,35.0,F,Soltero/a,3,Prepago,Gama media,3843.0,19.0,1
C006395,Z18,Sur,urbana_premium,56342,23.0,M,Casado/a,3,Prepago,Gama media,1698.0,33.0,1
C006396,Z26,Oeste,urbana_premium,107159,42.0,F,Casado/a,2,Premium,Gama alta,7770.0,64.0,0
C006397,Z26,Oeste,urbana_premium,107159,34.0,F,Soltero/a,3,Premium,Gama media,3236.0,27.0,0
C006398,Z05,Este,urbana_premium,94471,22.0,M,Soltero/a,3,Premium,Gama media,2853.0,44.0,0
C006399,Z17,Sur,suburbana,56619,47.0,M,Casado/a,2,Premium,Gama media,,40.0,0
C006400,Z26,Oeste,urbana_premium,107159,31.0,M,Divorciado/a,2,Premium,Gama media,3195.0,53.0,1
C006401,Z05,Este,urbana_premium,94471,39.0,F,Casado/a,2,Prepago,Gama media,3217.0,17.0,0
C006402,Z07,Centro,rural,15473,44.0,M,Casado/a,3,Premium,Gama media,2418.0,17.0,1
C006403,Z01,Centro,rural,16625,56.0,F,Soltero/a,2,Prepago,Gama media,1211.0,27.0,0
C006404,Z99,Sur,suburbana,56619,43.0,F,Casado/a,2,Contrato,Gama media,3855.0,9.0,0
C006405,Z06,Sur,rural,19752,34.0,F,Soltero/a,2,Premium,Gama alta,3242.0,49.0,0
C006406,Z23,Norte,rural,20553,49.0,F,Soltero/a,1,Contrato,Gama media,1285.0,114.0,0
C006407,Z29,Oeste,urbana_premium,67334,40.0,F,Casado/a,2,Prepago,Gama baja,4489.0,17.0,0
C006408,Z07,Centro,rural,15473,51.0,F,Casado/a,1,Contrato,Gama media,,33.0,0
C006409,Z20,Oeste,suburbana,46953,52.0,M,Casado/a,2,Prepago,Gama media,2557.0,64.0,0
C006410,Z08,Sur,rural,17023,38.0,M,Soltero/a,1,Premium,Gama media,2626.0,19.0,0
C006411,Z02,Oeste,suburbana,46400,48.0,M,Divorciado/a,2,Premium,Gama alta,4037.0,22.0,0
C006412,Z26,Oeste,urbana_premium,107159,18.0,F,Soltero/a,2,Premium,Gama alta,4298.0,65.0,0
C006413,Z15,Oeste,suburbana,62939,39.0,M,Soltero/a,2,Prepago,Gama media,1833.0,16.0,0
C006414,Z29,Oeste,urbana_premium,67334,33.0,M,Divorciado/a,3,Premium,Gama media,3915.0,35.0,0
C006415,Z17,Sur,suburbana,56619,57.0,M,Casado/a,3,Premium,Gama alta,3538.0,44.0,0
C006416,Z05,Este,urbana_premium,94471,34.0,F,Soltero/a,3,Premium,Gama media,2921.0,30.0,0
C006417,Z15,Oeste,suburbana,62939,,M,Soltero/a,2,Premium,Gama media,2217.0,19.0,0
C006418,Z07,Centro,rural,15473,24.0,M,Soltero/a,1,Premium,Gama alta,2264.0,77.0,0
C006419,Z28,Sur,urbana_premium,64486,32.0,F,Soltero/a,3,Premium,Gama baja,4679.0,11.0,0
C006420,Z22,Este,suburbana,53534,30.0,F,Soltero/a,1,Premium,Gama media,2445.0,,0
C006421,Z11,Oeste,suburbana,41163,70.0,F,Casado/a,2,Prepago,Gama media,3243.0,12.0,0
C006422,Z17,Sur,suburbana,56619,32.0,F,Soltero/a,1,Premium,Gama media,1918.0,35.0,0
C006423,Z21,Centro,rural,19103,46.0,F,Casado/a,2,Premium,Gama alta,2552.0,62.0,0
C006424,Z26,Oeste,urbana_premium,107159,38.0,M,Soltero/a,3,Premium,Gama baja,2023.0,19.0,0
C006425,Z04,Centro,suburbana,55457,21.0,M,Soltero/a,1,Premium,Gama media,3322.0,45.0,0
C006426,Z02,Oeste,suburbana,46400,34.0,F,Casado/a,2,Premium,Gama media,4058.0,96.0,0
C006427,Z05,Este,urbana_premium,94471,,M,Soltero/a,2,Premium,Gama media,3610.0,21.0,1
C006428,Z13,Este,suburbana,37333,41.0,F,Casado/a,2,Premium,Gama media,3623.0,29.0,0
C006429,Z16,Este,urbana_premium,72683,18.0,F,Soltero/a,2,Premium,Gama alta,4171.0,12.0,1
C006430,Z05,Este,urbana_premium,94471,29.0,M,Soltero/a,2,Contrato,Gama media,2364.0,10.0,0
C006431,Z15,Oeste,suburbana,62939,52.0,F,Casado/a,4,Premium,Gama baja,1972.0,11.0,1
C006432,Z15,Oeste,suburbana,62939,47.0,M,Casado/a,3,Prepago,Gama alta,2626.0,18.0,0
C006433,Z05,Este,urbana_premium,94471,51.0,M,Divorciado/a,2,Contrato,Gama media,3634.0,41.0,0
C006434,Z28,Sur,urbana_premium,64486,24.0,M,Soltero/a,3,Contrato,Gama media,2911.0,41.0,1
C006435,Z18,Sur,urbana_premium,56342,51.0,F,Casado/a,3,Premium,Gama media,2497.0,28.0,0
C006436,Z13,Este,suburbana,37333,39.0,F,Soltero/a,2,Prepago,Gama media,1097.0,31.0,0
C006437,Z16,Este,urbana_premium,72683,55.0,M,Soltero/a,2,Contrato,Gama alta,6876.0,58.0,0
C006438,Z10,Este,suburbana,27514,40.0,F,Casado/a,1,Premium,Gama alta,5413.0,36.0,0
C006439,Z27,Norte,suburbana,42704,18.0,M,Soltero/a,1,Contrato,Gama media,2218.0,9.0,0
C006440,Z18,Sur,urbana_premium,56342,46.0,M,Soltero/a,3,Contrato,Gama media,2312.0,,0
C006441,Z16,Este,urbana_premium,72683,31.0,F,Soltero/a,2,Prepago,Gama alta,6369.0,120.0,0
C006442,Z28,Sur,urbana_premium,64486,31.0,F,Soltero/a,3,Premium,Gama media,1823.0,29.0,0
C006443,Z27,Norte,suburbana,42704,23.0,F,Soltero/a,2,Premium,Gama media,4272.0,38.0,0
C006444,Z26,Oeste,urbana_premium,107159,55.0,F,Casado/a,5,Contrato,Gama alta,4783.0,6.0,0
C006445,Z09,Norte,urbana_premium,102625,30.0,M,Soltero/a,2,Premium,Gama alta,3387.0,13.0,1
C006446,Z05,Este,urbana_premium,94471,55.0,F,Casado/a,2,Premium,Gama media,6233.0,47.0,0
C006447,Z22,Este,suburbana,53534,35.0,M,Soltero/a,2,Contrato,Gama media,2366.0,6.0,0
C006448,Z16,Este,urbana_premium,72683,25.0,F,Soltero/a,3,Contrato,Gama media,5137.0,31.0,0
C006449,Z22,Este,suburbana,53534,56.0,M,Soltero/a,1,Premium,Gama media,2732.0,54.0,0
C006450,Z26,Oeste,urbana_premium,107159,35.0,M,Soltero/a,3,Prepago,Gama alta,2500.0,21.0,1
C006451,Z09,Norte,urbana_premium,102625,35.0,F,Soltero/a,3,Contrato,Gama media,7824.0,44.0,0
C006452,Z09,Norte,urbana_premium,102625,21.0,M,Soltero/a,3,Premium,Gama alta,2987.0,47.0,0
C006453,Z16,Este,urbana_premium,72683,31.0,F,Casado/a,2,Premium,Gama media,3294.0,30.0,0
C006454,Z09,Norte,urbana_premium,102625,41.0,F,Casado/a,3,Premium,Gama alta,5088.0,20.0,0
C006455,Z21,Centro,rural,19103,29.0,M,Soltero/a,1,Contrato,Gama media,3584.0,8.0,0
C006456,Z25,Oeste,rural,11763,39.0,F,Casado/a,2,Prepago,Gama media,1463.0,17.0,1
C006457,Z16,Este,urbana_premium,72683,31.0,F,Soltero/a,3,Premium,Gama alta,6338.0,29.0,0
C006458,Z23,Norte,rural,20553,46.0,F,Divorciado/a,1,Prepago,Gama alta,2316.0,23.0,1
C006459,Z16,Este,urbana_premium,72683,54.0,M,Casado/a,5,Prepago,Gama alta,3712.0,48.0,0
C006460,Z22,Este,suburbana,53534,36.0,F,Casado/a,1,Premium,Gama media,2811.0,25.0,0
C006461,Z09,Norte,urbana_premium,102625,28.0,F,Soltero/a,2,Premium,Gama media,3805.0,30.0,1
C006462,Z24,Centro,rural,12558,78.0,F,Divorciado/a,1,Premium,Gama baja,1345.0,60.0,0
C006463,Z23,Norte,rural,20553,40.0,F,Soltero/a,1,Premium,Gama baja,2677.0,42.0,0
C006464,Z09,Norte,urbana_premium,102625,34.0,M,Soltero/a,3,Premium,Gama alta,4111.0,42.0,1
C006465,Z17,Sur,suburbana,56619,36.0,F,Soltero/a,1,Prepago,Gama media,2621.0,33.0,0
C006466,Z27,Norte,suburbana,42704,37.0,M,Soltero/a,2,Prepago,Gama media,3203.0,,0
C006467,Z09,Norte,urbana_premium,102625,37.0,F,Casado/a,2,Contrato,Gama media,3562.0,54.0,1
C006468,Z24,Centro,rural,12558,56.0,F,Casado/a,1,Contrato,Gama media,2262.0,4.0,0
C006469,Z29,Oeste,urbana_premium,67334,41.0,F,Soltero/a,2,Premium,Gama media,4430.0,30.0,0
C006470,Z27,Norte,suburbana,42704,53.0,M,Soltero/a,1,Premium,Gama alta,2754.0,37.0,0
C006471,Z14,Norte,rural,13074,58.0,M,Soltero/a,1,Prepago,Gama alta,1769.0,44.0,0
C006472,Z18,Sur,urbana_premium,56342,39.0,M,Soltero/a,3,Premium,Gama alta,4992.0,26.0,0
C006473,Z30,Centro,suburbana,33966,45.0,M,Soltero/a,2,Prepago,Gama media,,5.0,1
C006474,Z18,Sur,urbana_premium,56342,49.0,M,Divorciado/a,3,Contrato,Gama media,,13.0,1
C006475,Z05,Este,urbana_premium,94471,23.0,F,Soltero/a,3,Premium,Gama alta,3394.0,30.0,0
C006476,Z02,Oeste,suburbana,46400,70.0,M,n/a,1,Contrato,Gama media,4050.0,30.0,0
C006477,Z26,Oeste,urbana_premium,107159,30.0,F,Casado/a,4,Prepago,Gama alta,6331.0,27.0,0
C006478,Z15,Oeste,suburbana,62939,36.0,M,Soltero/a,2,Contrato,Gama media,2920.0,5.0,0
C006479,Z09,Norte,urbana_premium,102625,21.0,M,Soltero/a,3,Contrato,Gama media,5194.0,63.0,1
C006480,Z11,Oeste,suburbana,41163,26.0,F,Soltero/a,2,Prepago,Gama media,3717.0,15.0,0
C006481,Z26,Oeste,urbana_premium,107159,48.0,M,Casado/a,3,Premium,Gama media,4081.0,11.0,0
C006482,Z16,Este,urbana_premium,72683,63.0,F,Casado/a,2,Premium,Gama alta,4727.0,24.0,0
C006483,Z28,Sur,urbana_premium,64486,29.0,F,Soltero/a,2,Premium,Gama media,3470.0,19.0,0
C006484,Z24,Centro,rural,12558,49.0,F,Casado/a,4,Prepago,Gama media,4124.0,55.0,0
C006485,Z30,Centro,suburbana,33966,43.0,F,Casado/a,3,Prepago,Gama media,3070.0,29.0,0
C006486,Z28,Sur,urbana_premium,64486,48.0,F,Casado/a,5,Premium,Gama media,2964.0,32.0,0
C006487,Z09,Norte,urbana_premium,102625,,F,Soltero/a,2,Premium,Gama media,3288.0,9.0,1
C006488,Z21,Centro,rural,19103,63.0,M,Divorciado/a,2,Contrato,Gama media,3167.0,45.0,0
C006489,Z02,Oeste,suburbana,46400,37.0,F,Soltero/a,2,Contrato,Gama media,2160.0,66.0,0
C006490,Z30,Centro,suburbana,33966,46.0,F,Casado/a,2,Premium,Gama media,5780.0,67.0,0
C006491,Z09,Norte,urbana_premium,102625,44.0,M,Soltero/a,3,Premium,Gama media,6045.0,32.0,0
C006492,Z21,Centro,rural,19103,45.0,F,Soltero/a,2,Premium,Gama baja,1509.0,71.0,1
C006493,Z27,Norte,suburbana,42704,27.0,F,Soltero/a,2,Premium,Gama media,3908.0,85.0,0
C006494,Z05,Este,urbana_premium,94471,26.0,M,Soltero/a,2,Prepago,Gama baja,2728.0,8.0,1
C006495,Z27,Norte,suburbana,42704,54.0,X,Casado/a,4,Premium,Gama media,2227.0,29.0,0
C006496,Z01,Centro,rural,16625,60.0,F,Casado/a,3,Prepago,Gama baja,,,0
C006497,Z15,Oeste,suburbana,62939,38.0,M,Soltero/a,1,Prepago,Gama media,2299.0,,0
C006498,Z16,Este,urbana_premium,72683,39.0,M,Casado/a,5,Premium,Gama media,4934.0,32.0,0
C006499,Z13,Este,suburbana,37333,54.0,F,Divorciado/a,1,Premium,Gama media,3258.0,46.0,0
C006500,Z18,Sur,urbana_premium,56342,18.0,F,Soltero/a,2,Premium,Gama media,4438.0,13.0,0
C006501,Z28,Sur,urbana_premium,64486,31.0,NA,Soltero/a,3,Prepago,Gama media,3832.0,16.0,0
C006502,Z10,Este,suburbana,27514,64.0,M,Casado/a,1,Contrato,Gama media,2478.0,58.0,0
C006503,Z18,Sur,urbana_premium,56342,40.0,M,Soltero/a,3,Premium,Gama media,3190.0,48.0,0
C006504,Z28,Sur,urbana_premium,64486,22.0,F,Soltero/a,2,Premium,Gama media,5636.0,73.0,0
C006505,Z26,Oeste,urbana_premium,107159,37.0,M,Divorciado/a,2,Prepago,Gama media,3388.0,39.0,1
C006506,Z02,Oeste,suburbana,46400,52.0,F,Casado/a,1,Premium,Gama media,4858.0,11.0,1
C006507,Z29,Oeste,urbana_premium,67334,18.0,F,Soltero/a,2,Prepago,Gama media,3064.0,22.0,0
C006508,Z02,Oeste,suburbana,46400,42.0,M,Casado/a,4,Prepago,Gama media,3029.0,16.0,0
C006509,Z18,Sur,urbana_premium,56342,32.0,F,Soltero/a,2,Premium,Gama alta,4265.0,16.0,1
C006510,Z18,Sur,urbana_premium,56342,18.0,F,Soltero/a,3,Premium,Gama alta,5789.0,18.0,1
C006511,Z26,Oeste,urbana_premium,107159,37.0,F,Casado/a,2,Premium,Gama baja,5374.0,47.0,0
C006512,Z05,Este,urbana_premium,94471,34.0,F,Soltero/a,3,Premium,Gama media,4262.0,26.0,0
C006513,Z05,Este,urbana_premium,94471,36.0,M,Soltero/a,2,Premium,Gama media,3929.0,24.0,0
C006514,Z26,Oeste,urbana_premium,107159,32.0,F,Soltero/a,2,Premium,Gama alta,2785.0,63.0,1
C006515,Z05,Este,urbana_premium,94471,24.0,F,Soltero/a,2,Premium,Gama media,3578.0,30.0,0
C006516,Z16,Este,urbana_premium,72683,,F,desconocido,2,Premium,Gama media,8450.0,67.0,0
C006517,Z24,Centro,rural,12558,37.0,M,Casado/a,2,Contrato,Gama media,1660.0,16.0,0
C006518,Z20,Oeste,suburbana,46953,50.0,F,Casado/a,4,Premium,Gama media,2448.0,51.0,0
C006519,Z07,Centro,rural,15473,48.0,F,Casado/a,2,Premium,Gama alta,,54.0,1
C006520,Z09,Norte,urbana_premium,102625,35.0,M,Soltero/a,2,Prepago,Gama media,2947.0,22.0,0
C006521,Z29,Oeste,urbana_premium,67334,,M,Soltero/a,2,Prepago,Gama baja,2530.0,28.0,0
C006522,Z15,Oeste,suburbana,62939,36.0,M,Casado/a,4,Prepago,Gama media,1941.0,47.0,0
C006523,Z02,Oeste,suburbana,46400,49.0,M,Casado/a,2,Contrato,Gama media,3338.0,33.0,1
C006524,Z08,Sur,rural,17023,51.0,M,Casado/a,3,Prepago,Gama alta,2998.0,66.0,0
C006525,Z11,Oeste,suburbana,41163,34.0,F,Soltero/a,2,Contrato,Gama media,3373.0,26.0,0
C006526,Z30,Centro,suburbana,33966,18.0,M,Soltero/a,2,Contrato,Gama media,2085.0,6.0,1
C006527,Z09,Norte,urbana_premium,102625,28.0,M,Soltero/a,2,Contrato,Gama media,2123.0,24.0,1
C006528,Z02,Oeste,suburbana,46400,34.0,M,Divorciado/a,1,Premium,Gama media,1457.0,37.0,0
C006529,Z16,Este,urbana_premium,72683,25.0,M,Soltero/a,3,Premium,Gama media,2498.0,11.0,1
C006530,Z04,Centro,suburbana,55457,35.0,M,Soltero/a,1,Prepago,Gama baja,2082.0,5.0,0
C006531,Z99,Norte,urbana_premium,102625,46.0,M,Casado/a,3,Premium,Gama media,3260.0,34.0,1
C006532,Z30,Centro,suburbana,33966,40.0,F,Casado/a,2,Contrato,Gama media,3268.0,16.0,0
C006533,Z22,Este,suburbana,53534,52.0,M,Soltero/a,2,Contrato,Gama media,2604.0,32.0,1
C006534,Z03,Sur,rural,16530,27.0,F,Soltero/a,2,Premium,Gama media,4042.0,22.0,0
C006535,Z15,Oeste,suburbana,62939,36.0,M,Soltero/a,1,Premium,Gama baja,6683.0,31.0,0
C006536,Z05,Este,urbana_premium,94471,18.0,M,Soltero/a,2,Premium,Gama media,3688.0,15.0,0
C006537,Z05,Este,urbana_premium,94471,31.0,M,Soltero/a,2,Premium,Gama media,1959.0,9.0,1
C006538,Z18,Sur,urbana_premium,56342,23.0,M,Soltero/a,2,Premium,Gama media,3172.0,21.0,0
C006539,Z16,Este,urbana_premium,72683,51.0,F,Casado/a,4,Premium,Gama baja,3486.0,,0
C006540,Z25,Oeste,rural,11763,50.0,F,Casado/a,1,Premium,Gama media,2952.0,13.0,0
C006541,Z28,Sur,urbana_premium,64486,48.0,F,Soltero/a,2,Premium,Gama media,2398.0,20.0,1
C006542,Z99,Norte,urbana_premium,102625,31.0,M,Soltero/a,2,Contrato,Gama media,2169.0,26.0,0
C006543,Z29,Oeste,urbana_premium,67334,24.0,M,Soltero/a,2,Premium,Gama media,4195.0,21.0,0
C006544,Z17,Sur,suburbana,56619,27.0,F,Soltero/a,2,Contrato,Gama media,2462.0,9.0,0
C006545,Z09,Norte,urbana_premium,102625,39.0,M,Soltero/a,2,Premium,Gama alta,,21.0,1
C006546,Z27,Norte,suburbana,42704,62.0,M,Soltero/a,2,Premium,Gama media,2191.0,17.0,1
C006547,Z02,Oeste,suburbana,46400,45.0,M,Casado/a,3,Premium,Gama media,2588.0,35.0,0
C006548,Z17,Sur,suburbana,56619,36.0,F,Soltero/a,2,Prepago,Gama alta,3196.0,13.0,1
C006549,Z23,Norte,rural,20553,43.0,F,Soltero/a,1,Prepago,Gama media,1001.0,34.0,0
C006550,Z09,Norte,urbana_premium,102625,36.0,M,Casado/a,5,Premium,Gama media,3850.0,40.0,0
C006551,Z27,Norte,suburbana,42704,64.0,M,Casado/a,4,Premium,Gama alta,3792.0,54.0,0
C006552,Z09,Norte,urbana_premium,102625,51.0,F,Casado/a,4,Prepago,Gama alta,4476.0,4.0,0
C006553,Z27,Norte,suburbana,42704,43.0,M,Soltero/a,2,Premium,Gama alta,6232.0,94.0,0
C006554,Z04,Centro,suburbana,55457,41.0,M,Casado/a,2,Premium,Gama media,2558.0,17.0,0
C006555,Z05,Este,urbana_premium,94471,40.0,M,Soltero/a,2,Contrato,Gama media,3705.0,61.0,0
C006556,Z13,Este,suburbana,37333,46.0,M,Casado/a,2,Premium,Gama media,4655.0,25.0,0
C006557,Z27,Norte,suburbana,42704,35.0,M,Soltero/a,1,Contrato,Gama alta,3038.0,22.0,0
C006558,Z05,Este,urbana_premium,94471,26.0,F,Soltero/a,3,Premium,Gama alta,6483.0,42.0,0
C006559,Z28,Sur,urbana_premium,64486,48.0,F,Casado/a,3,Prepago,Gama media,5094.0,25.0,0
C006560,Z09,Norte,urbana_premium,102625,36.0,F,Soltero/a,3,Contrato,Gama alta,4025.0,62.0,0
C006561,Z15,Oeste,suburbana,62939,51.0,M,Soltero/a,2,Contrato,Gama media,2969.0,76.0,0
C006562,Z11,Oeste,suburbana,41163,60.0,M,Casado/a,3,Prepago,Gama media,2746.0,16.0,0
C006563,Z05,Este,urbana_premium,94471,42.0,F,Casado/a,2,Premium,Gama alta,3781.0,67.0,0
C006564,Z29,Oeste,urbana_premium,67334,40.0,M,Casado/a,3,Contrato,Gama media,2847.0,5.0,0
C006565,Z15,Oeste,suburbana,62939,78.0,M,Soltero/a,2,Contrato,Gama media,3779.0,26.0,0
C006566,Z22,Este,suburbana,53534,42.0,M,Soltero/a,1,Premium,Gama alta,5826.0,37.0,0
C006567,Z18,Sur,urbana_premium,56342,23.0,M,Soltero/a,2,Premium,Gama media,2030.0,21.0,0
C006568,Z16,Este,urbana_premium,72683,33.0,M,Soltero/a,3,Premium,Gama alta,5783.0,17.0,0
C006569,Z19,Este,rural,12655,64.0,M,Divorciado/a,2,Prepago,Gama media,2527.0,11.0,0
C006570,Z28,Sur,urbana_premium,64486,20.0,F,Soltero/a,2,Premium,Gama alta,5517.0,31.0,0
C006571,Z22,Este,suburbana,53534,31.0,M,Soltero/a,2,Contrato,Gama alta,2427.0,25.0,0
C006572,Z17,Sur,suburbana,56619,53.0,F,Casado/a,4,Premium,Gama media,2798.0,17.0,0
C006573,Z20,Oeste,suburbana,46953,37.0,F,Casado/a,1,Premium,Gama alta,4642.0,14.0,1
C006574,Z18,Sur,urbana_premium,56342,35.0,M,Soltero/a,3,Premium,Gama alta,3762.0,39.0,1
C006575,Z15,Oeste,suburbana,62939,53.0,F,Casado/a,4,Premium,Gama alta,3979.0,58.0,0
C006576,Z20,Oeste,suburbana,46953,31.0,F,Casado/a,1,Premium,Gama media,2426.0,36.0,1
C006577,Z15,Oeste,suburbana,62939,22.0,M,Soltero/a,2,Premium,Gama media,2781.0,49.0,0
C006578,Z26,Oeste,urbana_premium,107159,19.0,F,Soltero/a,2,Premium,Gama media,4575.0,31.0,1
C006579,Z29,Oeste,urbana_premium,67334,43.0,F,Divorciado/a,3,Premium,Gama media,4410.0,18.0,0
C006580,Z29,Oeste,urbana_premium,67334,39.0,F,Casado/a,2,Premium,Gama alta,5112.0,20.0,0
C006581,Z26,Oeste,urbana_premium,107159,28.0,M,Soltero/a,2,Contrato,Gama alta,3397.0,23.0,1
C006582,Z18,Sur,urbana_premium,56342,22.0,M,Soltero/a,3,Premium,Gama media,3828.0,43.0,0
C006583,Z26,Oeste,urbana_premium,107159,33.0,M,Soltero/a,3,Premium,Gama alta,5373.0,26.0,0
C006584,Z05,Este,urbana_premium,94471,49.0,M,Soltero/a,2,Premium,Gama alta,6342.0,15.0,0
C006585,Z16,Este,urbana_premium,72683,26.0,M,Soltero/a,3,Contrato,Gama media,2854.0,21.0,0
C006586,Z09,Norte,urbana_premium,102625,28.0,F,Soltero/a,3,Prepago,Gama media,5801.0,21.0,0
C006587,Z01,Centro,rural,16625,31.0,M,Soltero/a,1,Contrato,Gama media,1774.0,47.0,0
C006588,Z29,Oeste,urbana_premium,67334,32.0,M,Casado/a,3,Premium,Gama media,4116.0,12.0,1
C006589,Z27,Norte,suburbana,42704,44.0,M,Casado/a,3,Premium,Gama alta,3290.0,20.0,0
C006590,Z16,Este,urbana_premium,72683,61.0,M,Casado/a,4,Contrato,Gama media,3227.0,23.0,0
C006591,Z09,Norte,urbana_premium,102625,39.0,F,Casado/a,5,Premium,Gama media,3597.0,7.0,0
C006592,Z22,Este,suburbana,53534,39.0,NA,Divorciado/a,1,Prepago,Gama baja,1605.0,11.0,0
C006593,Z15,Oeste,suburbana,62939,50.0,M,Casado/a,1,Prepago,Gama media,3842.0,9.0,0
C006594,Z26,Oeste,urbana_premium,107159,44.0,M,Casado/a,2,Contrato,Gama media,3473.0,43.0,0
C006595,Z30,Centro,suburbana,33966,33.0,M,Soltero/a,1,Prepago,Gama media,2938.0,11.0,0
C006596,Z11,Oeste,suburbana,41163,68.0,F,desconocido,3,Prepago,Gama media,2440.0,39.0,0
C006597,Z09,Norte,urbana_premium,102625,36.0,M,Soltero/a,2,Contrato,Gama media,4939.0,120.0,0
C006598,Z09,Norte,urbana_premium,102625,39.0,M,Casado/a,5,Premium,Gama alta,4084.0,53.0,1
C006599,Z04,Centro,suburbana,55457,47.0,M,Divorciado/a,1,Prepago,Gama media,1994.0,42.0,0
C006600,Z13,Este,suburbana,37333,44.0,M,Soltero/a,2,Premium,Gama media,2866.0,78.0,0
C006601,Z02,Oeste,suburbana,46400,58.0,M,Soltero/a,1,Contrato,Gama media,2075.0,54.0,0
C006602,Z05,Este,urbana_premium,94471,29.0,F,Soltero/a,2,Prepago,Gama media,3855.0,50.0,0
C006603,Z09,Norte,urbana_premium,102625,45.0,M,Casado/a,2,Premium,Gama media,4861.0,24.0,0
C006604,Z05,Este,urbana_premium,94471,38.0,M,Soltero/a,3,Premium,Gama alta,4095.0,30.0,0
C006605,Z24,Centro,rural,12558,57.0,M,Casado/a,2,Prepago,Gama alta,2703.0,18.0,0
C006606,Z04,Centro,suburbana,55457,37.0,M,Soltero/a,1,Prepago,Gama media,4316.0,40.0,0
C006607,Z27,Norte,suburbana,42704,36.0,F,Casado/a,4,Prepago,Gama media,2238.0,3.0,0
C006608,Z08,Sur,rural,17023,54.0,F,Divorciado/a,1,Premium,Gama media,1991.0,38.0,0
C006609,Z05,Este,urbana_premium,94471,40.0,F,Casado/a,5,Prepago,Gama media,2039.0,53.0,0
C006610,Z01,Centro,rural,16625,35.0,F,Soltero/a,2,Contrato,Gama media,2033.0,15.0,0
C006611,Z23,Norte,rural,20553,61.0,F,Casado/a,3,Prepago,Gama media,1873.0,13.0,0
C006612,Z09,Norte,urbana_premium,102625,,F,Casado/a,5,Premium,Gama media,4812.0,31.0,1
C006613,Z16,Este,urbana_premium,72683,35.0,F,Soltero/a,3,Prepago,Gama alta,4498.0,37.0,0
C006614,Z05,Este,urbana_premium,94471,30.0,F,Soltero/a,3,Premium,Gama media,6472.0,8.0,0
C006615,Z30,Centro,suburbana,33966,44.0,F,Casado/a,4,Premium,Gama media,2501.0,35.0,0
C006616,Z05,Este,urbana_premium,94471,44.0,F,Casado/a,3,Premium,Gama media,4398.0,48.0,0
C006617,Z15,Oeste,suburbana,62939,21.0,M,Soltero/a,1,Premium,Gama media,,49.0,0
C006618,Z27,Norte,suburbana,42704,45.0,F,Soltero/a,1,Contrato,Gama alta,6647.0,8.0,0
C006619,Z09,Norte,urbana_premium,102625,44.0,M,Casado/a,4,Premium,Gama media,4458.0,9.0,0
C006620,Z09,Norte,urbana_premium,102625,18.0,F,Soltero/a,2,Premium,Gama alta,3764.0,24.0,1
C006621,Z26,Oeste,urbana_premium,107159,38.0,F,Soltero/a,3,Contrato,Gama media,4000.0,55.0,0
C006622,Z09,Norte,urbana_premium,102625,44.0,F,Divorciado/a,3,Premium,Gama alta,4505.0,30.0,0
C006623,Z01,Centro,rural,16625,52.0,F,Casado/a,1,Premium,Gama alta,,36.0,1
C006624,Z15,Oeste,suburbana,62939,50.0,F,Casado/a,3,Premium,Gama alta,2568.0,29.0,0
C006625,Z01,Centro,rural,16625,41.0,F,Divorciado/a,2,Contrato,Gama media,1810.0,5.0,0
C006626,Z28,Sur,urbana_premium,64486,24.0,M,Soltero/a,2,Premium,Gama media,9582.0,44.0,1
C006627,Z20,Oeste,suburbana,46953,18.0,M,Soltero/a,2,Contrato,Gama media,2009.0,68.0,0
C006628,Z18,Sur,urbana_premium,56342,49.0,M,Casado/a,5,Premium,Gama media,5164.0,14.0,1
C006629,Z07,Centro,rural,15473,53.0,M,Casado/a,1,Prepago,Gama media,2686.0,40.0,0
C006630,Z22,Este,suburbana,53534,54.0,M,Soltero/a,2,Premium,Gama media,3337.0,101.0,1
C006631,Z22,Este,suburbana,53534,31.0,F,Casado/a,3,Prepago,Gama media,1940.0,82.0,0
C006632,Z03,Sur,rural,16530,55.0,F,Casado/a,4,Prepago,Gama alta,5992.0,15.0,0
C006633,Z28,Sur,urbana_premium,64486,18.0,M,Soltero/a,3,Premium,Gama alta,4071.0,38.0,0
C006634,Z18,Sur,urbana_premium,56342,26.0,F,Soltero/a,3,Premium,Gama media,3196.0,26.0,0
C006635,Z26,Oeste,urbana_premium,107159,38.0,M,Soltero/a,2,Premium,Gama media,2403.0,44.0,0
C006636,Z09,Norte,urbana_premium,102625,44.0,F,Casado/a,4,Prepago,Gama media,1894.0,42.0,0
C006637,Z05,Este,urbana_premium,94471,56.0,M,Casado/a,4,Prepago,Gama media,4897.0,26.0,0
C006638,Z99,Este,suburbana,53534,37.0,F,Soltero/a,1,Contrato,Gama media,2223.0,11.0,0
C006639,Z26,Oeste,urbana_premium,107159,26.0,M,Soltero/a,3,Premium,Gama alta,3485.0,49.0,0
C006640,Z13,Este,suburbana,37333,29.0,M,Casado/a,1,Premium,Gama media,2414.0,22.0,0
C006641,Z02,Oeste,suburbana,46400,32.0,M,Soltero/a,1,Premium,Gama media,3598.0,20.0,1
C006642,Z26,Oeste,urbana_premium,107159,63.0,F,Casado/a,4,Premium,Gama alta,4387.0,26.0,0
C006643,Z07,Centro,rural,15473,54.0,F,Casado/a,4,Premium,Gama media,3021.0,70.0,0
C006644,Z11,Oeste,suburbana,41163,53.0,F,Casado/a,1,Premium,Gama media,3931.0,11.0,0
C006645,Z20,Oeste,suburbana,46953,37.0,F,Soltero/a,2,Premium,Gama media,2320.0,28.0,1
C006646,Z04,Centro,suburbana,55457,40.0,M,Soltero/a,2,Contrato,Gama media,1861.0,10.0,0
C006647,Z04,Centro,suburbana,55457,48.0,F,Soltero/a,1,Prepago,Gama media,2830.0,15.0,0
C006648,Z02,Oeste,suburbana,46400,34.0,F,Soltero/a,2,Premium,Gama alta,3573.0,,0
C006649,Z28,Sur,urbana_premium,64486,33.0,M,Soltero/a,2,Premium,Gama alta,3975.0,-19.0,1
C006650,Z10,Este,suburbana,27514,32.0,F,Casado/a,4,Prepago,Gama media,1550.0,6.0,0
C006651,Z21,Centro,rural,19103,40.0,M,Soltero/a,1,Premium,Gama media,2369.0,25.0,0
C006652,Z30,Centro,suburbana,33966,41.0,M,Casado/a,2,Prepago,Gama media,2100.0,21.0,1
C006653,Z21,Centro,rural,19103,35.0,M,Casado/a,1,Premium,Gama media,2340.0,28.0,0
C006654,Z17,Sur,suburbana,56619,43.0,F,Casado/a,4,Premium,Gama media,4178.0,68.0,0
C006655,Z17,Sur,suburbana,56619,43.0,F,Soltero/a,2,Contrato,Gama media,1246.0,23.0,0
C006656,Z13,Este,suburbana,37333,38.0,M,desconocido,1,Premium,Gama alta,5052.0,40.0,1
C006657,Z18,Sur,urbana_premium,56342,26.0,F,Soltero/a,3,Premium,Gama media,2654.0,36.0,0
C006658,Z29,Oeste,urbana_premium,67334,37.0,F,Casado/a,4,Premium,Gama alta,5424.0,46.0,0
C006659,Z26,Oeste,urbana_premium,107159,30.0,F,Soltero/a,3,Premium,Gama alta,5138.0,33.0,1
C006660,Z15,Oeste,suburbana,62939,41.0,F,Soltero/a,1,Premium,Gama alta,2683.0,84.0,0
C006661,Z11,Oeste,suburbana,41163,53.0,F,n/a,2,Prepago,Gama media,3495.0,14.0,0
C006662,Z28,Sur,urbana_premium,64486,21.0,M,Soltero/a,2,Premium,Gama media,2994.0,42.0,1
C006663,Z05,Este,urbana_premium,94471,62.0,F,Soltero/a,2,Prepago,Gama media,2092.0,10.0,1
C006664,Z27,Norte,suburbana,42704,39.0,M,Casado/a,4,Premium,Gama media,4439.0,14.0,0
C006665,Z09,Norte,urbana_premium,102625,41.0,M,Casado/a,2,Premium,Gama media,3014.0,47.0,0
C006666,Z23,Norte,rural,20553,36.0,M,Soltero/a,1,Prepago,Gama media,4360.0,33.0,0
C006667,Z26,Oeste,urbana_premium,107159,50.0,F,Soltero/a,2,Premium,Gama media,5214.0,31.0,0
C006668,Z16,Este,urbana_premium,72683,34.0,F,Soltero/a,3,Premium,Gama media,2848.0,37.0,0
C006669,Z06,Sur,rural,19752,40.0,M,Casado/a,3,Contrato,Gama media,2853.0,7.0,1
C006670,Z27,Norte,suburbana,42704,33.0,F,Soltero/a,2,Prepago,Gama media,3586.0,17.0,0
C006671,Z12,Norte,rural,11707,42.0,M,Casado/a,2,Premium,Gama media,4242.0,85.0,1
C006672,Z10,Este,suburbana,27514,45.0,F,Soltero/a,2,Premium,Gama media,2512.0,43.0,0
C006673,Z16,Este,urbana_premium,72683,38.0,M,Soltero/a,2,Prepago,Gama media,3529.0,49.0,0
C006674,Z15,Oeste,suburbana,62939,40.0,F,Soltero/a,2,Contrato,Gama baja,3469.0,41.0,0
C006675,Z22,Este,suburbana,53534,31.0,F,Casado/a,2,Premium,Gama media,3000.0,60.0,0
C006676,Z05,Este,urbana_premium,94471,27.0,M,Soltero/a,2,Premium,Gama media,2353.0,23.0,0
C006677,Z15,Oeste,suburbana,62939,34.0,F,Soltero/a,2,Premium,Gama alta,4252.0,45.0,1
C006678,Z28,Sur,urbana_premium,64486,42.0,F,Soltero/a,3,Premium,Gama alta,6697.0,40.0,0
C006679,Z02,Oeste,suburbana,46400,48.0,M,Soltero/a,1,Prepago,Gama media,3145.0,65.0,0
C006680,Z15,Oeste,suburbana,62939,50.0,F,Casado/a,2,Premium,Gama media,1909.0,37.0,1
C006681,Z21,Centro,rural,19103,45.0,F,Divorciado/a,1,Contrato,Gama media,2231.0,8.0,1
C006682,Z28,Sur,urbana_premium,64486,41.0,M,Soltero/a,2,Premium,Gama media,2784.0,20.0,0
C006683,Z18,Sur,urbana_premium,56342,34.0,M,Soltero/a,3,Premium,Gama media,3496.0,55.0,0
C006684,Z26,Oeste,urbana_premium,107159,18.0,F,Soltero/a,3,Premium,Gama alta,4084.0,33.0,1
C006685,Z08,Sur,rural,17023,42.0,F,Casado/a,3,Contrato,Gama media,2921.0,65.0,0
C006686,Z11,Oeste,suburbana,41163,35.0,F,Divorciado/a,2,Contrato,Gama media,4875.0,41.0,1
C006687,Z29,Oeste,urbana_premium,67334,24.0,F,Soltero/a,3,Contrato,Gama media,4767.0,68.0,0
C006688,Z28,Sur,urbana_premium,64486,29.0,F,Soltero/a,2,Premium,Gama media,2643.0,16.0,1
C006689,Z17,Sur,suburbana,56619,42.0,M,Casado/a,3,Premium,Gama alta,3784.0,37.0,0
C006690,Z16,Este,urbana_premium,72683,22.0,M,Soltero/a,3,Premium,Gama media,3463.0,27.0,1
C006691,Z15,Oeste,suburbana,62939,31.0,M,Casado/a,1,Premium,Gama alta,2806.0,68.0,0
C006692,Z03,Sur,rural,16530,64.0,M,Divorciado/a,1,Prepago,Gama alta,2310.0,22.0,0
C006693,Z28,Sur,urbana_premium,64486,18.0,F,Soltero/a,2,Premium,Gama media,4013.0,36.0,0
C006694,Z26,Oeste,urbana_premium,107159,34.0,F,Soltero/a,3,Premium,Gama alta,5456.0,25.0,0
C006695,Z15,Oeste,suburbana,62939,26.0,M,Soltero/a,1,Prepago,Gama media,3547.0,31.0,0
C006696,Z09,Norte,urbana_premium,102625,,F,Casado/a,3,Contrato,Gama media,2528.0,21.0,0
C006697,Z11,Oeste,suburbana,41163,38.0,M,Casado/a,4,Contrato,Gama baja,1762.0,24.0,1
C006698,Z05,Este,urbana_premium,94471,24.0,M,Soltero/a,2,Premium,Gama media,4806.0,23.0,0
C006699,Z23,Norte,rural,20553,52.0,F,Casado/a,4,Prepago,Gama media,2803.0,40.0,0
C006700,Z17,Sur,suburbana,56619,56.0,M,Soltero/a,1,Premium,Gama media,4635.0,32.0,1
C006701,Z09,Norte,urbana_premium,102625,46.0,F,Casado/a,5,Premium,Gama media,3698.0,44.0,1
C006702,Z20,Oeste,suburbana,46953,52.0,M,Casado/a,3,Prepago,Gama media,3288.0,-8.0,1
C006703,Z99,Centro,suburbana,33966,23.0,M,Soltero/a,2,Contrato,Gama media,3523.0,16.0,0
C006704,Z05,Este,urbana_premium,94471,33.0,F,Soltero/a,3,Premium,Gama media,2222.0,7.0,0
C006705,Z15,Oeste,suburbana,62939,46.0,NA,Casado/a,3,Prepago,Gama media,1695.0,,1
C006706,Z16,Este,urbana_premium,72683,46.0,F,Divorciado/a,3,Premium,Gama alta,4952.0,82.0,0
C006707,Z05,Este,urbana_premium,94471,57.0,F,Divorciado/a,3,Contrato,Gama media,4356.0,39.0,0
C006708,Z17,Sur,suburbana,56619,53.0,F,Casado/a,3,Contrato,Gama alta,4776.0,37.0,1
C006709,Z18,Sur,urbana_premium,56342,47.0,F,Casado/a,5,Premium,Gama media,7298.0,61.0,0
C006710,Z05,Este,urbana_premium,94471,68.0,M,Casado/a,2,Premium,Gama media,3446.0,44.0,1
C006711,Z05,Este,urbana_premium,94471,37.0,M,Soltero/a,3,Prepago,Gama media,3383.0,11.0,0
C006712,Z27,Norte,suburbana,42704,37.0,F,Soltero/a,1,Premium,Gama media,1854.0,32.0,1
C006713,Z10,Este,suburbana,27514,42.0,F,Soltero/a,2,Contrato,Gama media,3574.0,16.0,0
C006714,Z20,Oeste,suburbana,46953,29.0,M,Casado/a,4,Prepago,Gama media,1450.0,63.0,0
C006715,Z20,Oeste,suburbana,46953,41.0,M,Soltero/a,2,Contrato,Gama media,2123.0,,0
C006716,Z27,Norte,suburbana,42704,19.0,M,Soltero/a,1,Premium,Gama media,3321.0,,0
C006717,Z25,Oeste,rural,11763,39.0,M,Soltero/a,1,Premium,Gama baja,1843.0,32.0,1
C006718,Z27,Norte,suburbana,42704,39.0,M,Soltero/a,1,Prepago,Gama media,2932.0,42.0,0
C006719,Z20,Oeste,suburbana,46953,51.0,F,Casado/a,4,Premium,Gama alta,2773.0,31.0,0
C006720,Z15,Oeste,suburbana,62939,53.0,F,desconocido,2,Prepago,Gama media,2020.0,41.0,0
C006721,Z13,Este,suburbana,37333,28.0,F,Soltero/a,2,Prepago,Gama media,1447.0,29.0,0
C006722,Z13,Este,suburbana,37333,65.0,F,Soltero/a,2,Premium,Gama media,3809.0,16.0,0
C006723,Z15,Oeste,suburbana,62939,42.0,M,Soltero/a,1,Premium,Gama media,2801.0,31.0,0
C006724,Z05,Este,urbana_premium,94471,39.0,F,Divorciado/a,2,Contrato,Gama media,4311.0,46.0,0
C006725,Z15,Oeste,suburbana,62939,21.0,F,Soltero/a,1,Contrato,Gama media,2921.0,32.0,0
C006726,Z13,Este,suburbana,37333,33.0,F,Casado/a,4,Contrato,Gama media,2902.0,21.0,1
C006727,Z02,Oeste,suburbana,46400,53.0,M,Casado/a,1,Contrato,Gama media,3157.0,85.0,0
C006728,Z09,Norte,urbana_premium,102625,38.0,F,Casado/a,3,Premium,Gama media,3578.0,38.0,0
C006729,Z26,Oeste,urbana_premium,107159,37.0,M,Casado/a,4,Contrato,Gama media,3400.0,13.0,0
C006730,Z18,Sur,urbana_premium,56342,39.0,M,Divorciado/a,2,Premium,Gama media,2693.0,66.0,1
C006731,Z26,Oeste,urbana_premium,107159,19.0,M,Soltero/a,2,Prepago,Gama alta,9126.0,11.0,0
C006732,Z17,Sur,suburbana,56619,39.0,M,Casado/a,3,Premium,Gama media,4241.0,42.0,0
C006733,Z27,Norte,suburbana,42704,,F,Casado/a,3,Premium,Gama media,5023.0,20.0,0
C006734,Z26,Oeste,urbana_premium,107159,49.0,M,Soltero/a,2,Premium,Gama alta,5968.0,18.0,0
C006735,Z04,Centro,suburbana,55457,38.0,M,Casado/a,2,Prepago,Gama media,2703.0,30.0,1
C006736,Z30,Centro,suburbana,33966,59.0,F,Soltero/a,1,Prepago,Gama media,2797.0,19.0,0
C006737,Z02,Oeste,suburbana,46400,25.0,F,Soltero/a,1,Prepago,Gama media,2984.0,39.0,0
C006738,Z18,Sur,urbana_premium,56342,24.0,F,Soltero/a,3,Prepago,Gama media,3370.0,53.0,1
C006739,Z26,Oeste,urbana_premium,107159,58.0,M,Casado/a,5,Premium,Gama alta,5204.0,53.0,0
C006740,Z11,Oeste,suburbana,41163,47.0,M,Soltero/a,2,Contrato,Gama baja,2242.0,31.0,0
C006741,Z18,Sur,urbana_premium,56342,33.0,F,Soltero/a,2,Prepago,Gama media,2635.0,30.0,0
C006742,Z12,Norte,rural,11707,44.0,F,Divorciado/a,2,Prepago,Gama baja,,31.0,0
C006743,Z03,Sur,rural,16530,35.0,M,Casado/a,3,Contrato,Gama media,2073.0,72.0,0
C006744,Z01,Centro,rural,16625,48.0,F,Casado/a,1,Prepago,Gama media,1968.0,16.0,0
C006745,Z04,Centro,suburbana,55457,42.0,F,Soltero/a,1,Prepago,Gama media,2400.0,74.0,0
C006746,Z04,Centro,suburbana,55457,40.0,F,Soltero/a,1,Premium,Gama media,3070.0,10.0,1
C006747,Z19,Este,rural,12655,31.0,M,Casado/a,1,Premium,Gama alta,1544.0,74.0,0
C006748,Z17,Sur,suburbana,56619,43.0,F,Casado/a,1,Prepago,Gama media,3865.0,32.0,0
C006749,Z15,Oeste,suburbana,62939,34.0,F,Soltero/a,1,Contrato,Gama media,2031.0,71.0,0
C006750,Z22,Este,suburbana,53534,28.0,M,Soltero/a,1,Prepago,Gama media,1977.0,17.0,0
C006751,Z02,Oeste,suburbana,46400,55.0,M,Soltero/a,1,Prepago,Gama media,2380.0,41.0,0
C006752,Z09,Norte,urbana_premium,102625,62.0,M,Casado/a,5,Contrato,Gama alta,3647.0,47.0,1
C006753,Z26,Oeste,urbana_premium,107159,59.0,M,Casado/a,2,Premium,Gama media,5173.0,86.0,1
C006754,Z28,Sur,urbana_premium,64486,44.0,M,Casado/a,3,Premium,Gama media,3729.0,83.0,0
C006755,Z15,Oeste,suburbana,62939,37.0,M,Soltero/a,2,Prepago,Gama media,1700.0,27.0,0
C006756,Z04,Centro,suburbana,55457,39.0,F,Soltero/a,2,Premium,Gama alta,3536.0,27.0,0
C006757,Z26,Oeste,urbana_premium,107159,41.0,F,Soltero/a,2,Premium,Gama media,4509.0,33.0,0
C006758,Z28,Sur,urbana_premium,64486,31.0,F,Soltero/a,3,Premium,Gama alta,3124.0,60.0,0
C006759,Z15,Oeste,suburbana,62939,56.0,F,Casado/a,4,Prepago,Gama baja,3165.0,36.0,0
C006760,Z09,Norte,urbana_premium,102625,18.0,M,Soltero/a,3,Premium,Gama alta,6324.0,85.0,1
C006761,Z02,Oeste,suburbana,46400,36.0,M,Casado/a,1,Prepago,Gama media,2203.0,76.0,0
C006762,Z18,Sur,urbana_premium,56342,46.0,F,Soltero/a,2,Premium,Gama alta,5357.0,,0
C006763,Z28,Sur,urbana_premium,64486,26.0,F,Soltero/a,3,Premium,Gama media,5961.0,64.0,0
C006764,Z22,Este,suburbana,53534,37.0,M,Soltero/a,2,Prepago,Gama media,3170.0,23.0,0
C006765,Z10,Este,suburbana,27514,47.0,F,Casado/a,3,Prepago,Gama baja,1939.0,50.0,0
C006766,Z20,Oeste,suburbana,46953,58.0,F,Soltero/a,2,Premium,Gama alta,4710.0,50.0,1
C006767,Z26,Oeste,urbana_premium,107159,20.0,F,Soltero/a,3,Premium,Gama alta,5274.0,55.0,0
C006768,Z16,Este,urbana_premium,72683,20.0,F,Soltero/a,2,Premium,Gama alta,4638.0,20.0,0
C006769,Z26,Oeste,urbana_premium,107159,25.0,M,Casado/a,4,Premium,Gama media,3758.0,69.0,0
C006770,Z13,Este,suburbana,37333,22.0,F,Soltero/a,1,Prepago,Gama media,4470.0,46.0,0
C006771,Z11,Oeste,suburbana,41163,22.0,F,Soltero/a,1,Prepago,Gama media,2214.0,23.0,0
C006772,Z18,Sur,urbana_premium,56342,24.0,F,Soltero/a,3,Contrato,Gama alta,5167.0,15.0,0
C006773,Z16,Este,urbana_premium,72683,51.0,F,Casado/a,2,Premium,Gama media,3420.0,38.0,0
C006774,Z30,Centro,suburbana,33966,36.0,F,Soltero/a,2,Prepago,Gama media,1658.0,64.0,0
C006775,Z16,Este,urbana_premium,72683,36.0,F,Soltero/a,2,Contrato,Gama media,2693.0,26.0,1
C006776,Z13,Este,suburbana,37333,29.0,M,Soltero/a,2,Premium,Gama media,3434.0,35.0,0
C006777,Z13,Este,suburbana,37333,48.0,F,Divorciado/a,1,Prepago,Gama media,3222.0,12.0,0
C006778,Z17,Sur,suburbana,56619,,F,Soltero/a,1,Contrato,Gama media,3481.0,42.0,0
C006779,Z11,Oeste,suburbana,41163,29.0,F,Casado/a,1,Prepago,Gama media,2622.0,13.0,0
C006780,Z23,Norte,rural,20553,66.0,F,Divorciado/a,2,Contrato,Gama media,2500.0,28.0,0
C006781,Z13,Este,suburbana,37333,44.0,F,Casado/a,1,Premium,Gama media,3710.0,8.0,0
C006782,Z13,Este,suburbana,37333,40.0,F,Soltero/a,2,Contrato,Gama alta,6809.0,33.0,1
C006783,Z19,Este,rural,12655,50.0,M,Divorciado/a,1,Prepago,Gama media,2024.0,35.0,0
C006784,Z03,Sur,rural,16530,50.0,M,Casado/a,1,Contrato,Gama media,3323.0,11.0,1
C006785,Z21,Centro,rural,19103,67.0,F,Casado/a,2,Premium,Gama media,2911.0,17.0,0
C006786,Z16,Este,urbana_premium,72683,42.0,M,Casado/a,4,Prepago,Gama media,3996.0,46.0,0
C006787,Z15,Oeste,suburbana,62939,46.0,M,Soltero/a,2,Prepago,Gama media,1890.0,19.0,0
C006788,Z23,Norte,rural,20553,40.0,F,Soltero/a,2,Prepago,Gama media,3776.0,34.0,0
C006789,Z26,Oeste,urbana_premium,107159,46.0,F,Casado/a,5,Premium,Gama alta,4176.0,86.0,0
C006790,Z27,Norte,suburbana,42704,29.0,M,Soltero/a,1,Contrato,Gama media,2424.0,8.0,1
C006791,Z13,Este,suburbana,37333,41.0,M,Soltero/a,1,Contrato,Gama media,2187.0,19.0,0
C006792,Z10,Este,suburbana,27514,75.0,M,Casado/a,4,Prepago,Gama media,3266.0,12.0,1
C006793,Z23,Norte,rural,20553,18.0,F,Soltero/a,1,Prepago,Gama media,1672.0,,0
C006794,Z18,Sur,urbana_premium,56342,39.0,M,Divorciado/a,3,Premium,Gama media,3137.0,81.0,0
C006795,Z20,Oeste,suburbana,46953,43.0,M,Soltero/a,2,Premium,Gama alta,2424.0,22.0,1
C006796,Z17,Sur,suburbana,56619,37.0,F,Casado/a,3,Premium,Gama media,3030.0,18.0,0
C006797,Z26,Oeste,urbana_premium,107159,34.0,?,Casado/a,5,Premium,Gama media,4723.0,76.0,1
C006798,Z06,Sur,rural,19752,46.0,M,Casado/a,1,Premium,Gama alta,2077.0,28.0,0
C006799,Z17,Sur,suburbana,56619,37.0,F,Divorciado/a,1,Premium,Gama media,2767.0,21.0,0
C006800,Z05,Este,urbana_premium,94471,39.0,F,Divorciado/a,2,Premium,Gama media,3975.0,63.0,1
C006801,Z14,Norte,rural,13074,39.0,M,Soltero/a,1,Contrato,Gama media,1786.0,18.0,0
C006802,Z21,Centro,rural,19103,69.0,F,Soltero/a,2,Prepago,Gama baja,1890.0,21.0,1
C006803,Z16,Este,urbana_premium,72683,33.0,M,Soltero/a,3,Prepago,Gama media,3250.0,31.0,0
C006804,Z13,Este,suburbana,37333,47.0,M,Casado/a,3,Contrato,Gama media,3297.0,100.0,0
C006805,Z28,Sur,urbana_premium,64486,28.0,M,Casado/a,3,Premium,Gama media,6722.0,-52.0,0
C006806,Z26,Oeste,urbana_premium,107159,47.0,M,Soltero/a,3,Prepago,Gama media,2475.0,28.0,0
C006807,Z17,Sur,suburbana,56619,49.0,?,Casado/a,3,Prepago,Gama media,3241.0,41.0,0
C006808,Z29,Oeste,urbana_premium,67334,41.0,F,Soltero/a,3,Premium,Gama alta,3532.0,52.0,0
C006809,Z15,Oeste,suburbana,62939,28.0,F,Soltero/a,2,Contrato,Gama media,2809.0,20.0,0
C006810,Z26,Oeste,urbana_premium,107159,27.0,F,Soltero/a,3,Prepago,Gama media,3227.0,30.0,0
C006811,Z05,Este,urbana_premium,94471,56.0,M,Soltero/a,3,Premium,Gama alta,5707.0,67.0,0
C006812,Z09,Norte,urbana_premium,102625,27.0,F,Soltero/a,2,Premium,Gama media,1638.0,17.0,1
C006813,Z11,Oeste,suburbana,41163,48.0,F,Casado/a,1,Prepago,Gama alta,2003.0,8.0,0
C006814,Z04,Centro,suburbana,55457,29.0,M,Soltero/a,2,Prepago,Gama alta,4366.0,16.0,0
C006815,Z16,Este,urbana_premium,72683,48.0,F,Divorciado/a,2,Premium,Gama media,5754.0,36.0,1
C006816,Z06,Sur,rural,19752,37.0,F,Soltero/a,2,Contrato,Gama alta,,39.0,0
C006817,Z20,Oeste,suburbana,46953,28.0,M,Soltero/a,1,Prepago,Gama media,3319.0,16.0,0
C006818,Z06,Sur,rural,19752,36.0,M,Soltero/a,2,Prepago,Gama baja,2748.0,37.0,0
C006819,Z05,Este,urbana_premium,94471,29.0,M,Soltero/a,2,Contrato,Gama media,1994.0,39.0,1
C006820,Z29,Oeste,urbana_premium,67334,41.0,F,Soltero/a,3,Premium,Gama media,3832.0,16.0,1
C006821,Z21,Centro,rural,19103,46.0,F,Casado/a,2,Contrato,Gama media,2824.0,72.0,1
C006822,Z29,Oeste,urbana_premium,67334,23.0,F,Soltero/a,3,Premium,Gama alta,3227.0,14.0,0
C006823,Z16,Este,urbana_premium,72683,36.0,F,Soltero/a,2,Premium,Gama alta,3706.0,11.0,0
C006824,Z02,Oeste,suburbana,46400,26.0,M,Soltero/a,1,Premium,Gama alta,4588.0,24.0,0
C006825,Z18,Sur,urbana_premium,56342,44.0,F,Soltero/a,3,Premium,Gama media,6373.0,17.0,1
C006826,Z17,Sur,suburbana,56619,50.0,F,Casado/a,1,Premium,Gama media,,31.0,0
C006827,Z02,Oeste,suburbana,46400,40.0,X,Soltero/a,2,Prepago,Gama media,2928.0,14.0,0
C006828,Z27,Norte,suburbana,42704,43.0,M,Casado/a,4,Premium,Gama media,3847.0,24.0,0
C006829,Z20,Oeste,suburbana,46953,61.0,M,Casado/a,4,Premium,Gama media,2619.0,19.0,0
C006830,Z25,Oeste,rural,11763,43.0,M,Soltero/a,1,Prepago,Gama alta,3346.0,24.0,0
C006831,Z16,Este,urbana_premium,72683,,M,Soltero/a,2,Premium,Gama media,3185.0,25.0,0
C006832,Z20,Oeste,suburbana,46953,47.0,M,Divorciado/a,2,Premium,Gama alta,3876.0,11.0,1
C006833,Z09,Norte,urbana_premium,102625,22.0,M,Soltero/a,2,Prepago,Gama media,3801.0,17.0,0
C006834,Z30,Centro,suburbana,33966,37.0,F,Divorciado/a,1,Contrato,Gama media,2400.0,27.0,1
C006835,Z14,Norte,rural,13074,38.0,F,Soltero/a,1,Premium,Gama media,2633.0,18.0,0
C006836,Z05,Este,urbana_premium,94471,28.0,M,Soltero/a,2,Contrato,Gama media,3337.0,45.0,0
C006837,Z03,Sur,rural,16530,42.0,M,Casado/a,2,Contrato,Gama alta,3288.0,,0
C006838,Z20,Oeste,suburbana,46953,51.0,F,Soltero/a,1,Contrato,Gama media,2105.0,111.0,0
C006839,Z30,Centro,suburbana,33966,53.0,F,Casado/a,2,Premium,Gama media,3225.0,36.0,0
C006840,Z28,Sur,urbana_premium,64486,47.0,F,Soltero/a,3,Prepago,Gama media,2962.0,6.0,0
C006841,Z22,Este,suburbana,53534,,F,Divorciado/a,2,Contrato,Gama media,4539.0,58.0,0
C006842,Z30,Centro,suburbana,33966,37.0,M,Casado/a,1,Premium,Gama media,3828.0,12.0,0
C006843,Z23,Norte,rural,20553,18.0,M,Soltero/a,1,Prepago,Gama media,2285.0,23.0,0
C006844,Z11,Oeste,suburbana,41163,,F,Casado/a,2,Contrato,Gama media,2965.0,74.0,1
C006845,Z18,Sur,urbana_premium,56342,18.0,F,Soltero/a,3,Premium,Gama alta,6902.0,12.0,1
C006846,Z04,Centro,suburbana,55457,18.0,F,Soltero/a,2,Prepago,Gama media,3888.0,3.0,0
C006847,Z08,Sur,rural,17023,43.0,F,Soltero/a,1,Prepago,Gama baja,1782.0,62.0,0
C006848,Z15,Oeste,suburbana,62939,43.0,M,Casado/a,3,Contrato,Gama media,4135.0,10.0,0
C006849,Z07,Centro,rural,15473,40.0,M,Soltero/a,1,Premium,Gama media,1907.0,24.0,0
C006850,Z29,Oeste,urbana_premium,67334,54.0,M,Soltero/a,2,Premium,Gama media,4038.0,16.0,0
C006851,Z30,Centro,suburbana,33966,46.0,F,Soltero/a,2,Premium,Gama media,1430.0,37.0,0
C006852,Z13,Este,suburbana,37333,37.0,F,Soltero/a,1,Prepago,Gama media,3965.0,7.0,0
C006853,Z22,Este,suburbana,53534,57.0,M,Casado/a,2,Prepago,Gama alta,2358.0,33.0,0
C006854,Z14,Norte,rural,13074,64.0,M,Casado/a,3,Premium,Gama baja,2159.0,21.0,1
C006855,Z05,Este,urbana_premium,94471,42.0,F,Casado/a,5,Contrato,Gama media,2351.0,31.0,0
C006856,Z11,Oeste,suburbana,41163,31.0,M,Soltero/a,1,Contrato,Gama media,,70.0,0
C006857,Z09,Norte,urbana_premium,102625,29.0,F,Soltero/a,2,Premium,Gama media,3923.0,49.0,0
C006858,Z11,Oeste,suburbana,41163,23.0,M,Soltero/a,2,Prepago,Gama media,1908.0,110.0,1
C006859,Z08,Sur,rural,17023,44.0,F,Soltero/a,2,Contrato,Gama media,2348.0,25.0,1
C006860,Z05,Este,urbana_premium,94471,23.0,F,Casado/a,2,Premium,Gama media,3488.0,27.0,0
C006861,Z08,Sur,rural,17023,41.0,M,Casado/a,3,Contrato,Gama media,3563.0,14.0,0
C006862,Z28,Sur,urbana_premium,64486,39.0,F,Casado/a,4,Contrato,Gama media,2987.0,1.0,0
C006863,Z04,Centro,suburbana,55457,18.0,F,Soltero/a,2,Prepago,Gama media,3525.0,74.0,1
C006864,Z10,Este,suburbana,27514,25.0,M,Soltero/a,2,Contrato,Gama media,1782.0,64.0,0
C006865,Z17,Sur,suburbana,56619,34.0,M,Soltero/a,1,Prepago,Gama alta,3066.0,17.0,0
C006866,Z11,Oeste,suburbana,41163,39.0,F,Soltero/a,2,Prepago,Gama alta,3378.0,37.0,0
C006867,Z16,Este,urbana_premium,72683,30.0,F,Casado/a,2,Premium,Gama alta,4414.0,36.0,0
C006868,Z02,Oeste,suburbana,46400,37.0,F,Soltero/a,2,Premium,Gama alta,2860.0,27.0,1
C006869,Z20,Oeste,suburbana,46953,32.0,M,Soltero/a,2,Premium,Gama alta,5465.0,31.0,0
C006870,Z18,Sur,urbana_premium,56342,19.0,F,Soltero/a,3,Premium,Gama media,3374.0,13.0,0
C006871,Z22,Este,suburbana,53534,34.0,F,Casado/a,2,Premium,Gama media,3528.0,27.0,1
C006872,Z18,Sur,urbana_premium,56342,33.0,M,Soltero/a,3,Prepago,Gama media,3428.0,16.0,0
C006873,Z15,Oeste,suburbana,62939,36.0,M,Soltero/a,1,Prepago,Gama media,2223.0,21.0,0
C006874,Z11,Oeste,suburbana,41163,41.0,M,Soltero/a,2,Prepago,Gama media,1967.0,38.0,0
C006875,Z09,Norte,urbana_premium,102625,41.0,F,Casado/a,4,Premium,Gama media,2779.0,31.0,0
C006876,Z16,Este,urbana_premium,72683,44.0,M,desconocido,2,Premium,Gama media,4729.0,59.0,1
C006877,Z02,Oeste,suburbana,46400,32.0,F,Soltero/a,2,Contrato,Gama media,4743.0,18.0,0
C006878,Z11,Oeste,suburbana,41163,21.0,M,Soltero/a,1,Premium,Gama media,3679.0,37.0,0
C006879,Z22,Este,suburbana,53534,55.0,F,Soltero/a,2,Premium,Gama media,2651.0,8.0,1
C006880,Z05,Este,urbana_premium,94471,41.0,M,Casado/a,3,Premium,Gama media,3072.0,26.0,1
C006881,Z03,Sur,rural,16530,34.0,F,Casado/a,2,Premium,Gama media,2459.0,40.0,0
C006882,Z20,Oeste,suburbana,46953,43.0,F,Soltero/a,1,Prepago,Gama media,2070.0,25.0,0
C006883,Z13,Este,suburbana,37333,53.0,F,Casado/a,3,Premium,Gama alta,4062.0,39.0,0
C006884,Z26,Oeste,urbana_premium,107159,57.0,F,Casado/a,2,Prepago,Gama media,4356.0,7.0,0
C006885,Z29,Oeste,urbana_premium,67334,39.0,M,Soltero/a,3,Prepago,Gama baja,2728.0,13.0,0
C006886,Z29,Oeste,urbana_premium,67334,49.0,M,Divorciado/a,2,Prepago,Gama alta,6451.0,22.0,0
C006887,Z15,Oeste,suburbana,62939,25.0,M,Casado/a,1,Prepago,Gama media,1954.0,20.0,1
C006888,Z09,Norte,urbana_premium,102625,36.0,F,Casado/a,4,Prepago,Gama alta,3898.0,40.0,0
C006889,Z19,Este,rural,12655,41.0,F,Casado/a,2,Premium,Gama media,3108.0,10.0,1
C006890,Z20,Oeste,suburbana,46953,44.0,M,Casado/a,3,Contrato,Gama media,3855.0,88.0,0
C006891,Z20,Oeste,suburbana,46953,59.0,F,Soltero/a,2,Premium,Gama media,2395.0,23.0,0
C006892,Z10,Este,suburbana,27514,43.0,M,Casado/a,2,Premium,Gama media,2580.0,63.0,0
C006893,Z04,Centro,suburbana,55457,29.0,F,Soltero/a,1,Premium,Gama alta,2133.0,16.0,1
C006894,Z07,Centro,rural,15473,30.0,M,Soltero/a,1,Prepago,Gama baja,2506.0,32.0,0
C006895,Z05,Este,urbana_premium,94471,56.0,F,Soltero/a,3,Prepago,Gama media,5100.0,66.0,0
C006896,Z05,Este,urbana_premium,94471,42.0,F,Casado/a,2,Premium,Gama media,1962.0,42.0,0
C006897,Z29,Oeste,urbana_premium,67334,41.0,F,Soltero/a,3,Premium,Gama alta,4650.0,36.0,0
C006898,Z02,Oeste,suburbana,46400,36.0,F,Soltero/a,2,Prepago,Gama media,2509.0,17.0,0
C006899,Z18,Sur,urbana_premium,56342,39.0,M,Divorciado/a,3,Premium,Gama media,3705.0,,0
C006900,Z29,Oeste,urbana_premium,67334,24.0,F,Soltero/a,3,Contrato,Gama media,2637.0,46.0,0
C006901,Z11,Oeste,suburbana,41163,45.0,M,Soltero/a,1,Premium,Gama alta,2400.0,17.0,1
C006902,Z17,Sur,suburbana,56619,26.0,M,Soltero/a,2,Premium,Gama alta,5987.0,38.0,1
C006903,Z22,Este,suburbana,53534,36.0,M,Soltero/a,2,Premium,Gama media,2648.0,57.0,0
C006904,Z10,Este,suburbana,27514,32.0,F,Soltero/a,1,Contrato,Gama media,2970.0,30.0,0
C006905,Z16,Este,urbana_premium,72683,18.0,F,Soltero/a,2,Prepago,Gama media,2779.0,26.0,0
C006906,Z26,Oeste,urbana_premium,107159,32.0,M,Soltero/a,3,Premium,Gama alta,9452.0,51.0,0
C006907,Z25,Oeste,rural,11763,34.0,F,Casado/a,3,Premium,Gama media,2733.0,48.0,0
C006908,Z26,Oeste,urbana_premium,107159,33.0,M,Soltero/a,3,Premium,Gama baja,,,1
C006909,Z30,Centro,suburbana,33966,40.0,M,Soltero/a,2,Contrato,Gama alta,4114.0,25.0,0
C006910,Z13,Este,suburbana,37333,61.0,M,Casado/a,3,Prepago,Gama media,3375.0,33.0,0
C006911,Z25,Oeste,rural,11763,49.0,NA,Divorciado/a,2,Contrato,Gama media,2186.0,34.0,0
C006912,Z18,Sur,urbana_premium,56342,40.0,F,Divorciado/a,3,Premium,Gama alta,3660.0,32.0,1
C006913,Z21,Centro,rural,19103,51.0,M,Casado/a,4,Prepago,Gama media,1355.0,37.0,0
C006914,Z25,Oeste,rural,11763,55.0,M,Casado/a,3,Contrato,Gama baja,2043.0,72.0,0
C006915,Z26,Oeste,urbana_premium,107159,41.0,M,Soltero/a,2,Premium,Gama media,3207.0,36.0,0
C006916,Z28,Sur,urbana_premium,64486,39.0,F,Soltero/a,3,Premium,Gama media,4283.0,16.0,1
C006917,Z11,Oeste,suburbana,41163,49.0,F,Casado/a,1,Premium,Gama media,,11.0,0
C006918,Z20,Oeste,suburbana,46953,18.0,M,Soltero/a,1,Contrato,Gama media,3790.0,14.0,0
C006919,Z09,Norte,urbana_premium,102625,61.0,F,Soltero/a,2,Premium,Gama media,3964.0,31.0,0
C006920,Z18,Sur,urbana_premium,56342,55.0,M,Casado/a,2,Premium,Gama media,2851.0,54.0,0
C006921,Z26,Oeste,urbana_premium,107159,39.0,F,Soltero/a,2,Premium,Gama alta,6445.0,29.0,0
C006922,Z26,Oeste,urbana_premium,107159,19.0,M,Soltero/a,2,Prepago,Gama media,3343.0,47.0,0
C006923,Z15,Oeste,suburbana,62939,55.0,M,Soltero/a,1,Contrato,Gama media,3619.0,44.0,1
C006924,Z16,Este,urbana_premium,72683,28.0,M,Soltero/a,2,Premium,Gama media,2419.0,19.0,1
C006925,Z11,Oeste,suburbana,41163,46.0,M,Casado/a,4,Premium,Gama alta,3903.0,21.0,0
C006926,Z05,Este,urbana_premium,94471,21.0,M,Soltero/a,3,Premium,Gama media,2159.0,12.0,0
C006927,Z09,Norte,urbana_premium,102625,63.0,F,Casado/a,3,Premium,Gama media,7540.0,55.0,1
C006928,Z28,Sur,urbana_premium,64486,19.0,M,Soltero/a,2,Premium,Gama alta,4864.0,24.0,0
C006929,Z10,Este,suburbana,27514,41.0,M,Casado/a,2,Contrato,Gama baja,2762.0,18.0,0
C006930,Z30,Centro,suburbana,33966,18.0,F,Soltero/a,1,Premium,Gama baja,3641.0,41.0,0
C006931,Z09,Norte,urbana_premium,102625,36.0,F,Casado/a,4,Prepago,Gama media,2456.0,5.0,0
C006932,Z23,Norte,rural,20553,40.0,X,Casado/a,2,Premium,Gama media,2163.0,25.0,1
C006933,Z18,Sur,urbana_premium,56342,50.0,M,Casado/a,3,Premium,Gama media,4968.0,30.0,1
C006934,Z22,Este,suburbana,53534,35.0,F,Soltero/a,1,Premium,Gama baja,3643.0,13.0,0
C006935,Z20,Oeste,suburbana,46953,54.0,F,Casado/a,2,Prepago,Gama media,2973.0,28.0,0
C006936,Z22,Este,suburbana,53534,28.0,F,Soltero/a,1,Prepago,Gama media,3329.0,59.0,0
C006937,Z28,Sur,urbana_premium,64486,33.0,M,Soltero/a,3,Premium,Gama alta,5587.0,27.0,0
C006938,Z18,Sur,urbana_premium,56342,33.0,M,Soltero/a,2,Contrato,Gama media,4930.0,43.0,0
C006939,Z04,Centro,suburbana,55457,46.0,M,Soltero/a,1,Premium,Gama alta,1545.0,20.0,0
C006940,Z09,Norte,urbana_premium,102625,40.0,F,Soltero/a,3,Premium,Gama media,,-22.0,0
C006941,Z22,Este,suburbana,53534,49.0,F,Casado/a,2,Contrato,Gama media,3000.0,54.0,0
C006942,Z16,Este,urbana_premium,72683,39.0,M,Casado/a,2,Premium,Gama media,2471.0,14.0,0
C006943,Z17,Sur,suburbana,56619,48.0,M,Soltero/a,1,Prepago,Gama media,2060.0,21.0,1
C006944,Z18,Sur,urbana_premium,56342,25.0,F,Soltero/a,2,Premium,Gama media,6464.0,74.0,1
C006945,Z13,Este,suburbana,37333,45.0,M,Casado/a,2,Prepago,Gama baja,2312.0,14.0,0
C006946,Z26,Oeste,urbana_premium,107159,55.0,F,Soltero/a,2,Premium,Gama media,3300.0,43.0,0
C006947,Z23,Norte,rural,20553,25.0,F,Soltero/a,2,Prepago,Gama baja,1755.0,45.0,0
C006948,Z23,Norte,rural,20553,51.0,M,Divorciado/a,1,Prepago,Gama media,2683.0,38.0,0
C006949,Z23,Norte,rural,20553,53.0,F,Casado/a,1,Premium,Gama media,2560.0,40.0,0
C006950,Z28,Sur,urbana_premium,64486,54.0,F,Casado/a,2,Premium,Gama media,7544.0,56.0,0
C006951,Z18,Sur,urbana_premium,56342,45.0,M,Casado/a,3,Premium,Gama alta,3172.0,10.0,0
C006952,Z29,Oeste,urbana_premium,67334,37.0,M,Casado/a,2,Prepago,Gama media,4597.0,60.0,0
C006953,Z05,Este,urbana_premium,94471,41.0,F,Casado/a,4,Prepago,Gama baja,1978.0,28.0,1
C006954,Z20,Oeste,suburbana,46953,31.0,M,Casado/a,1,Prepago,Gama media,1815.0,-30.0,1
C006955,Z23,Norte,rural,20553,40.0,M,Divorciado/a,1,Premium,Gama alta,3700.0,36.0,0
C006956,Z16,Este,urbana_premium,72683,20.0,M,Soltero/a,3,Premium,Gama alta,5635.0,12.0,1
C006957,Z09,Norte,urbana_premium,102625,54.0,F,Casado/a,3,Premium,Gama alta,4471.0,72.0,0
C006958,Z17,Sur,suburbana,56619,45.0,M,Casado/a,1,Premium,Gama media,4422.0,10.0,1
C006959,Z12,Norte,rural,11707,34.0,M,Soltero/a,1,Prepago,Gama baja,1593.0,17.0,0
C006960,Z28,Sur,urbana_premium,64486,39.0,M,Soltero/a,3,Contrato,Gama alta,6826.0,60.0,0
C006961,Z11,Oeste,suburbana,41163,54.0,M,Casado/a,3,Premium,Gama media,2075.0,55.0,0
C006962,Z05,Este,urbana_premium,94471,48.0,F,Casado/a,3,Premium,Gama media,4287.0,20.0,0
C006963,Z18,Sur,urbana_premium,56342,25.0,F,Soltero/a,3,Premium,Gama alta,10099.0,15.0,0
C006964,Z13,Este,suburbana,37333,18.0,M,Soltero/a,2,Prepago,Gama media,2189.0,22.0,1
C006965,Z04,Centro,suburbana,55457,45.0,F,Soltero/a,2,Premium,Gama media,4779.0,17.0,1
C006966,Z18,Sur,urbana_premium,56342,25.0,F,Soltero/a,2,Premium,Gama media,5368.0,7.0,0
C006967,Z17,Sur,suburbana,56619,47.0,F,Divorciado/a,2,Contrato,Gama media,2473.0,37.0,1
C006968,Z05,Este,urbana_premium,94471,47.0,F,Casado/a,3,Premium,Gama alta,7955.0,120.0,0
C006969,Z18,Sur,urbana_premium,56342,49.0,M,Casado/a,5,Prepago,Gama media,2782.0,12.0,0
C006970,Z18,Sur,urbana_premium,56342,57.0,F,Casado/a,3,Premium,Gama alta,3779.0,62.0,0
C006971,Z26,Oeste,urbana_premium,107159,51.0,F,Casado/a,4,Premium,Gama media,4791.0,38.0,0
C006972,Z12,Norte,rural,11707,66.0,F,Casado/a,2,Premium,Gama media,2245.0,-41.0,0
C006973,Z09,Norte,urbana_premium,102625,53.0,M,Divorciado/a,2,Premium,Gama alta,11361.0,31.0,0
C006974,Z29,Oeste,urbana_premium,67334,54.0,M,Casado/a,5,Prepago,Gama media,2464.0,3.0,1
C006975,Z17,Sur,suburbana,56619,40.0,M,Casado/a,3,Prepago,Gama alta,5252.0,30.0,0
C006976,Z02,Oeste,suburbana,46400,25.0,M,Soltero/a,1,Prepago,Gama media,1350.0,17.0,0
C006977,Z26,Oeste,urbana_premium,107159,66.0,M,Soltero/a,3,Prepago,Gama baja,1391.0,13.0,0
C006978,Z06,Sur,rural,19752,46.0,M,Divorciado/a,1,Contrato,Gama media,2365.0,71.0,0
C006979,Z26,Oeste,urbana_premium,107159,51.0,M,Soltero/a,3,Premium,Gama media,4954.0,39.0,0
C006980,Z22,Este,suburbana,53534,33.0,M,Soltero/a,2,Prepago,Gama alta,5022.0,11.0,0
C006981,Z29,Oeste,urbana_premium,67334,48.0,F,Divorciado/a,3,Prepago,Gama media,6721.0,33.0,0
C006982,Z29,Oeste,urbana_premium,67334,18.0,F,Soltero/a,3,Premium,Gama media,4105.0,21.0,0
C006983,Z09,Norte,urbana_premium,102625,31.0,M,Soltero/a,3,Premium,Gama media,4557.0,20.0,1
C006984,Z26,Oeste,urbana_premium,107159,35.0,F,Casado/a,5,Premium,Gama media,4167.0,31.0,1
C006985,Z10,Este,suburbana,27514,46.0,M,Casado/a,3,Prepago,Gama alta,,36.0,0
C006986,Z20,Oeste,suburbana,46953,53.0,M,Casado/a,2,Contrato,Gama media,,57.0,0
C006987,Z18,Sur,urbana_premium,56342,23.0,F,Soltero/a,3,Premium,Gama alta,3033.0,26.0,1
C006988,Z03,Sur,rural,16530,53.0,M,Casado/a,3,Premium,Gama media,3133.0,42.0,0
C006989,Z01,Centro,rural,16625,60.0,F,Casado/a,3,Premium,Gama media,3356.0,36.0,0
C006990,Z03,Sur,rural,16530,,M,Casado/a,3,Premium,Gama media,3718.0,29.0,0
C006991,Z05,Este,urbana_premium,94471,44.0,M,Soltero/a,3,Premium,Gama alta,3734.0,17.0,0
C006992,Z09,Norte,urbana_premium,102625,30.0,M,Soltero/a,2,Premium,Gama media,3215.0,25.0,1
C006993,Z28,Sur,urbana_premium,64486,21.0,M,Soltero/a,2,Premium,Gama alta,4897.0,25.0,0
C006994,Z17,Sur,suburbana,56619,62.0,F,Casado/a,3,Premium,Gama alta,2031.0,18.0,1
C006995,Z26,Oeste,urbana_premium,107159,45.0,M,Casado/a,3,Contrato,Gama alta,6858.0,55.0,1
C006996,Z27,Norte,suburbana,42704,40.0,M,Casado/a,1,Prepago,Gama media,2500.0,56.0,0
C006997,Z24,Centro,rural,12558,26.0,M,Soltero/a,2,Contrato,Gama media,2107.0,29.0,0
C006998,Z13,Este,suburbana,37333,29.0,F,Soltero/a,1,Premium,Gama media,3878.0,77.0,1
C006999,Z27,Norte,suburbana,42704,48.0,F,Casado/a,3,Contrato,Gama media,2312.0,11.0,0
C007000,Z25,Oeste,rural,11763,49.0,F,Casado/a,1,Prepago,Gama media,1553.0,8.0,0
C007001,Z25,Oeste,rural,11763,22.0,F,Soltero/a,1,Prepago,Gama media,3475.0,38.0,0
C007002,Z28,Sur,urbana_premium,64486,44.0,F,Soltero/a,2,Premium,Gama media,2657.0,17.0,0
C007003,Z18,Sur,urbana_premium,56342,18.0,M,Soltero/a,3,Prepago,Gama alta,4192.0,76.0,0
C007004,Z17,Sur,suburbana,56619,56.0,F,Casado/a,1,Premium,Gama media,3003.0,27.0,0
C007005,Z28,Sur,urbana_premium,64486,39.0,M,Soltero/a,2,Premium,Gama media,1969.0,62.0,0
C007006,Z15,Oeste,suburbana,62939,,M,Casado/a,3,Prepago,Gama baja,2067.0,15.0,1
C007007,Z26,Oeste,urbana_premium,107159,48.0,F,Soltero/a,2,Premium,Gama alta,4333.0,14.0,0
C007008,Z03,Sur,rural,16530,49.0,F,Casado/a,2,Premium,Gama media,3574.0,43.0,0
C007009,Z01,Centro,rural,16625,,F,Divorciado/a,1,Prepago,Gama media,1778.0,19.0,0
C007010,Z17,Sur,suburbana,56619,41.0,M,Casado/a,4,Premium,Gama media,2186.0,24.0,0
C007011,Z04,Centro,suburbana,55457,42.0,F,Casado/a,2,Premium,Gama media,3718.0,19.0,0
C007012,Z30,Centro,suburbana,33966,37.0,M,Casado/a,3,Premium,Gama alta,3947.0,53.0,1
C007013,Z01,Centro,rural,16625,48.0,F,Casado/a,2,Premium,Gama alta,3219.0,41.0,0
C007014,Z23,Norte,rural,20553,65.0,M,Casado/a,4,Prepago,Gama alta,2508.0,13.0,0
C007015,Z09,Norte,urbana_premium,102625,30.0,M,Casado/a,4,Premium,Gama media,3179.0,25.0,1
C007016,Z29,Oeste,urbana_premium,67334,44.0,M,Casado/a,2,Premium,Gama alta,5036.0,29.0,0
C007017,Z13,Este,suburbana,37333,29.0,F,Soltero/a,1,Contrato,Gama media,2895.0,16.0,0
C007018,Z02,Oeste,suburbana,46400,18.0,M,Soltero/a,2,Premium,Gama media,3770.0,47.0,0
C007019,Z02,Oeste,suburbana,46400,42.0,M,Divorciado/a,2,Contrato,Gama media,2486.0,32.0,0
C007020,Z17,Sur,suburbana,56619,44.0,M,Casado/a,3,Premium,Gama media,2770.0,20.0,1
C007021,Z30,Centro,suburbana,33966,39.0,F,Casado/a,2,Premium,Gama alta,3595.0,80.0,0
C007022,Z30,Centro,suburbana,33966,22.0,M,Soltero/a,1,Contrato,Gama media,1451.0,32.0,0
C007023,Z11,Oeste,suburbana,41163,44.0,F,Casado/a,2,Contrato,Gama baja,4763.0,19.0,0
C007024,Z16,Este,urbana_premium,72683,39.0,M,Casado/a,3,Contrato,Gama media,3761.0,15.0,0
C007025,Z04,Centro,suburbana,55457,29.0,M,Soltero/a,2,Contrato,Gama media,1112.0,16.0,0
C007026,Z17,Sur,suburbana,56619,24.0,M,Soltero/a,1,Contrato,Gama media,3163.0,6.0,0
C007027,Z18,Sur,urbana_premium,56342,33.0,M,n/a,2,Premium,Gama alta,3289.0,15.0,0
C007028,Z09,Norte,urbana_premium,102625,44.0,F,Casado/a,4,Premium,Gama media,2658.0,27.0,0
C007029,Z19,Este,rural,12655,50.0,M,Casado/a,3,Premium,Gama media,4607.0,37.0,1
C007030,Z28,Sur,urbana_premium,64486,25.0,F,Soltero/a,3,Premium,Gama alta,5130.0,30.0,1
C007031,Z01,Centro,rural,16625,47.0,M,Casado/a,3,Premium,Gama media,2197.0,18.0,0
C007032,Z09,Norte,urbana_premium,102625,47.0,M,Soltero/a,3,Prepago,Gama media,3901.0,14.0,0
C007033,Z07,Centro,rural,15473,31.0,M,Soltero/a,1,Contrato,Gama media,2549.0,49.0,1
C007034,Z05,Este,urbana_premium,94471,37.0,F,Soltero/a,3,Premium,Gama media,2165.0,23.0,0
C007035,Z05,Este,urbana_premium,94471,52.0,M,Divorciado/a,2,Prepago,Gama alta,9605.0,32.0,1
C007036,Z20,Oeste,suburbana,46953,25.0,F,Soltero/a,1,Premium,Gama media,3028.0,27.0,1
C007037,Z04,Centro,suburbana,55457,54.0,F,Soltero/a,1,Premium,Gama alta,5614.0,22.0,0
C007038,Z24,Centro,rural,12558,64.0,M,Divorciado/a,1,Prepago,Gama media,1725.0,64.0,0
C007039,Z28,Sur,urbana_premium,64486,33.0,M,Soltero/a,2,Premium,Gama alta,4700.0,120.0,1
C007040,Z29,Oeste,urbana_premium,67334,32.0,M,Soltero/a,2,Prepago,Gama media,2529.0,47.0,0
C007041,Z21,Centro,rural,19103,57.0,M,Divorciado/a,1,Contrato,Gama media,900.0,35.0,0
C007042,Z06,Sur,rural,19752,43.0,M,Soltero/a,1,Premium,Gama media,3186.0,51.0,0
C007043,Z04,Centro,suburbana,55457,18.0,F,Soltero/a,1,Premium,Gama alta,3191.0,58.0,0
C007044,Z09,Norte,urbana_premium,102625,35.0,F,Soltero/a,3,Premium,Gama alta,3179.0,33.0,0
C007045,Z29,Oeste,urbana_premium,67334,42.0,F,Soltero/a,3,Premium,Gama media,1175.0,,1
C007046,Z29,Oeste,urbana_premium,67334,45.0,M,Soltero/a,3,Contrato,Gama media,3246.0,29.0,1
C007047,Z13,Este,suburbana,37333,29.0,M,Soltero/a,1,Prepago,Gama media,3281.0,30.0,0
C007048,Z10,Este,suburbana,27514,37.0,F,Casado/a,1,Prepago,Gama baja,2045.0,66.0,0
C007049,Z16,Este,urbana_premium,72683,48.0,M,Soltero/a,3,Prepago,Gama media,4008.0,37.0,0
C007050,Z09,Norte,urbana_premium,102625,35.0,F,Soltero/a,2,Premium,Gama alta,3065.0,48.0,0
C007051,Z30,Centro,suburbana,33966,22.0,F,Soltero/a,1,Contrato,Gama media,1957.0,34.0,0
C007052,Z08,Sur,rural,17023,60.0,M,Casado/a,2,Premium,Gama media,2209.0,34.0,1
C007053,Z12,Norte,rural,11707,42.0,M,Soltero/a,1,Premium,Gama baja,1086.0,108.0,0
C007054,Z15,Oeste,suburbana,62939,53.0,F,Casado/a,4,Contrato,Gama media,3553.0,46.0,0
C007055,Z05,Este,urbana_premium,94471,19.0,F,Soltero/a,2,Premium,Gama alta,3962.0,54.0,1
C007056,Z13,Este,suburbana,37333,39.0,M,Soltero/a,2,Prepago,Gama media,3684.0,-33.0,0
C007057,Z27,Norte,suburbana,42704,46.0,M,Soltero/a,2,Premium,Gama alta,4425.0,44.0,1
C007058,Z05,Este,urbana_premium,94471,35.0,M,Soltero/a,2,Contrato,Gama media,3504.0,59.0,0
C007059,Z18,Sur,urbana_premium,56342,22.0,F,Soltero/a,2,Prepago,Gama baja,1494.0,53.0,0
C007060,Z14,Norte,rural,13074,18.0,M,Soltero/a,1,Contrato,Gama media,2122.0,,0
C007061,Z05,Este,urbana_premium,94471,54.0,F,Soltero/a,3,Contrato,Gama media,2564.0,21.0,0
C007062,Z01,Centro,rural,16625,48.0,F,Soltero/a,2,Prepago,Gama alta,3833.0,8.0,0
C007063,Z09,Norte,urbana_premium,102625,50.0,F,Casado/a,4,Premium,Gama alta,3362.0,25.0,0
C007064,Z03,Sur,rural,16530,56.0,M,Casado/a,2,Contrato,Gama media,3117.0,,0
C007065,Z13,Este,suburbana,37333,47.0,?,Divorciado/a,1,Premium,Gama alta,4971.0,14.0,1
C007066,Z26,Oeste,urbana_premium,107159,32.0,F,Soltero/a,3,Contrato,Gama media,2946.0,35.0,1
C007067,Z23,Norte,rural,20553,51.0,F,Casado/a,2,Premium,Gama media,2384.0,30.0,1
C007068,Z29,Oeste,urbana_premium,67334,53.0,M,Soltero/a,3,Contrato,Gama media,3881.0,34.0,0
C007069,Z15,Oeste,suburbana,62939,41.0,F,Soltero/a,2,Contrato,Gama media,6452.0,19.0,0
C007070,Z22,Este,suburbana,53534,63.0,F,Casado/a,1,Premium,Gama media,4643.0,57.0,1
C007071,Z21,Centro,rural,19103,27.0,F,Soltero/a,2,Prepago,Gama baja,1600.0,8.0,0
C007072,Z08,Sur,rural,17023,26.0,F,Soltero/a,2,Prepago,Gama baja,1875.0,25.0,0
C007073,Z09,Norte,urbana_premium,102625,48.0,F,Soltero/a,2,Premium,Gama alta,3254.0,24.0,0
C007074,Z17,Sur,suburbana,56619,30.0,F,Soltero/a,2,Premium,Gama alta,2243.0,10.0,0
C007075,Z26,Oeste,urbana_premium,107159,61.0,M,Casado/a,3,Premium,Gama media,3426.0,4.0,1
C007076,Z16,Este,urbana_premium,72683,52.0,F,Casado/a,2,Premium,Gama alta,3180.0,36.0,1
C007077,Z09,Norte,urbana_premium,102625,55.0,F,Casado/a,4,Contrato,Gama media,3877.0,27.0,1
C007078,Z99,Centro,suburbana,33966,51.0,F,Casado/a,4,Prepago,Gama media,2863.0,9.0,0
C007079,Z05,Este,urbana_premium,94471,25.0,M,Soltero/a,2,Premium,Gama alta,5732.0,8.0,1
C007080,Z29,Oeste,urbana_premium,67334,18.0,F,Soltero/a,2,Premium,Gama alta,2932.0,46.0,0
C007081,Z26,Oeste,urbana_premium,107159,54.0,F,Casado/a,5,Prepago,Gama media,2134.0,24.0,0
C007082,Z27,Norte,suburbana,42704,22.0,F,Soltero/a,2,Prepago,Gama media,2508.0,51.0,0
C007083,Z26,Oeste,urbana_premium,107159,55.0,F,Casado/a,4,Premium,Gama baja,3088.0,24.0,1
C007084,Z07,Centro,rural,15473,53.0,M,Casado/a,1,Premium,Gama media,3888.0,64.0,0
C007085,Z20,Oeste,suburbana,46953,39.0,F,Casado/a,3,Prepago,Gama media,4007.0,15.0,0
C007086,Z26,Oeste,urbana_premium,107159,41.0,F,Casado/a,3,Prepago,Gama alta,6028.0,9.0,0
C007087,Z25,Oeste,rural,11763,51.0,F,Casado/a,3,Prepago,Gama media,3252.0,40.0,1
C007088,Z09,Norte,urbana_premium,102625,34.0,M,Soltero/a,2,Prepago,Gama media,1919.0,6.0,0
C007089,Z05,Este,urbana_premium,94471,53.0,F,Casado/a,5,Contrato,Gama media,2840.0,53.0,0
C007090,Z11,Oeste,suburbana,41163,,F,Soltero/a,2,Prepago,Gama media,1764.0,25.0,0
C007091,Z99,Este,urbana_premium,72683,38.0,M,Soltero/a,2,Premium,Gama alta,,-54.0,0
C007092,Z18,Sur,urbana_premium,56342,29.0,F,Soltero/a,3,Premium,Gama alta,5136.0,74.0,0
C007093,Z27,Norte,suburbana,42704,56.0,F,Casado/a,1,Premium,Gama alta,3427.0,26.0,0
C007094,Z26,Oeste,urbana_premium,107159,18.0,F,Soltero/a,2,Contrato,Gama media,3137.0,29.0,0
C007095,Z22,Este,suburbana,53534,45.0,F,Casado/a,3,Contrato,Gama media,2541.0,35.0,0
C007096,Z09,Norte,urbana_premium,102625,45.0,M,Soltero/a,2,Premium,Gama media,2833.0,92.0,0
C007097,Z16,Este,urbana_premium,72683,26.0,F,Soltero/a,3,Premium,Gama alta,4805.0,27.0,0
C007098,Z11,Oeste,suburbana,41163,52.0,F,Casado/a,2,Prepago,Gama media,3091.0,19.0,0
C007099,Z09,Norte,urbana_premium,102625,36.0,F,Soltero/a,3,Premium,Gama media,4880.0,55.0,0
C007100,Z01,Centro,rural,16625,38.0,M,Soltero/a,2,Prepago,Gama media,2688.0,13.0,0
C007101,Z11,Oeste,suburbana,41163,52.0,M,Casado/a,4,Prepago,Gama media,3980.0,5.0,1
C007102,Z09,Norte,urbana_premium,102625,23.0,M,Soltero/a,2,Prepago,Gama alta,4586.0,64.0,0
C007103,Z18,Sur,urbana_premium,56342,46.0,F,Soltero/a,3,Premium,Gama alta,5629.0,15.0,0
C007104,Z03,Sur,rural,16530,21.0,F,Soltero/a,1,Premium,Gama media,3008.0,83.0,0
C007105,Z09,Norte,urbana_premium,102625,39.0,F,Divorciado/a,2,Premium,Gama alta,3197.0,40.0,0
C007106,Z02,Oeste,suburbana,46400,41.0,F,Soltero/a,1,Contrato,Gama media,3538.0,6.0,0
C007107,Z20,Oeste,suburbana,46953,34.0,M,Casado/a,1,Premium,Gama media,3322.0,20.0,0
C007108,Z18,Sur,urbana_premium,56342,41.0,M,Soltero/a,2,Contrato,Gama alta,3581.0,15.0,1
C007109,Z11,Oeste,suburbana,41163,39.0,F,Casado/a,1,Premium,Gama media,2963.0,33.0,0
C007110,Z05,Este,urbana_premium,94471,49.0,M,Divorciado/a,3,Premium,Gama baja,5445.0,58.0,1
C007111,Z29,Oeste,urbana_premium,67334,43.0,F,Soltero/a,2,Premium,Gama alta,4625.0,-26.0,0
C007112,Z18,Sur,urbana_premium,56342,41.0,F,Casado/a,2,Contrato,Gama alta,5301.0,17.0,0
C007113,Z22,Este,suburbana,53534,44.0,M,Soltero/a,1,Premium,Gama alta,3023.0,59.0,1
C007114,Z17,Sur,suburbana,56619,34.0,F,Soltero/a,2,Prepago,Gama media,4458.0,11.0,0
C007115,Z26,Oeste,urbana_premium,107159,32.0,F,Soltero/a,3,Prepago,Gama media,5018.0,47.0,0
C007116,Z28,Sur,urbana_premium,64486,39.0,F,Casado/a,2,Premium,Gama media,2887.0,,1
C007117,Z13,Este,suburbana,37333,38.0,F,Soltero/a,2,Premium,Gama alta,2630.0,47.0,0
C007118,Z22,Este,suburbana,53534,53.0,F,Casado/a,3,Prepago,Gama alta,2214.0,3.0,1
C007119,Z09,Norte,urbana_premium,102625,37.0,F,Soltero/a,2,Premium,Gama media,2623.0,42.0,1
C007120,Z20,Oeste,suburbana,46953,45.0,M,Casado/a,3,Premium,Gama alta,7615.0,32.0,1
C007121,Z13,Este,suburbana,37333,23.0,F,Soltero/a,1,Premium,Gama media,5345.0,35.0,0
C007122,Z01,Centro,rural,16625,56.0,F,Divorciado/a,1,Prepago,Gama media,3479.0,,0
C007123,Z29,Oeste,urbana_premium,67334,29.0,F,Soltero/a,2,Contrato,Gama baja,4479.0,3.0,0
C007124,Z28,Sur,urbana_premium,64486,23.0,M,Soltero/a,3,Premium,Gama media,3166.0,26.0,1
C007125,Z09,Norte,urbana_premium,102625,56.0,M,Casado/a,4,Contrato,Gama media,2597.0,31.0,1
C007126,Z30,Centro,suburbana,33966,48.0,F,Casado/a,4,Premium,Gama alta,2770.0,36.0,0
C007127,Z10,Este,suburbana,27514,52.0,F,Soltero/a,2,Prepago,Gama baja,2317.0,18.0,0
C007128,Z15,Oeste,suburbana,62939,45.0,F,Casado/a,1,Prepago,Gama media,3827.0,7.0,0
C007129,Z27,Norte,suburbana,42704,39.0,M,Soltero/a,1,Prepago,Gama media,3144.0,9.0,0
C007130,Z09,Norte,urbana_premium,102625,33.0,F,Soltero/a,3,Contrato,Gama media,5165.0,95.0,0
C007131,Z15,Oeste,suburbana,62939,49.0,F,Casado/a,3,Premium,Gama baja,3245.0,19.0,1
C007132,Z21,Centro,rural,19103,59.0,F,Soltero/a,2,Prepago,Gama media,,50.0,0
C007133,Z05,Este,urbana_premium,94471,35.0,F,Soltero/a,3,Premium,Gama media,3604.0,,1
C007134,Z15,Oeste,suburbana,62939,65.0,M,Casado/a,1,Premium,Gama media,3414.0,34.0,1
C007135,Z10,Este,suburbana,27514,38.0,F,Soltero/a,2,Contrato,Gama alta,3282.0,27.0,0
C007136,Z22,Este,suburbana,53534,23.0,NA,Soltero/a,2,Contrato,Gama media,2455.0,23.0,0
C007137,Z05,Este,urbana_premium,94471,18.0,F,Soltero/a,3,Premium,Gama alta,3224.0,45.0,0
C007138,Z09,Norte,urbana_premium,102625,18.0,M,Soltero/a,3,Contrato,Gama media,3033.0,2.0,0
C007139,Z22,Este,suburbana,53534,35.0,F,Soltero/a,2,Premium,Gama media,1662.0,27.0,0
C007140,Z05,Este,urbana_premium,94471,33.0,M,Soltero/a,3,Contrato,Gama media,3789.0,19.0,0
C007141,Z15,Oeste,suburbana,62939,48.0,M,Divorciado/a,2,Prepago,Gama alta,3916.0,18.0,1
C007142,Z22,Este,suburbana,53534,40.0,F,Soltero/a,2,Contrato,Gama media,2524.0,18.0,0
C007143,Z26,Oeste,urbana_premium,107159,46.0,M,Casado/a,2,Contrato,Gama media,,33.0,1
C007144,Z99,Centro,suburbana,55457,41.0,M,Casado/a,3,Prepago,Gama media,4222.0,19.0,0
C007145,Z27,Norte,suburbana,42704,40.0,F,Casado/a,4,Premium,Gama alta,4803.0,28.0,1
C007146,Z23,Norte,rural,20553,38.0,M,Soltero/a,1,Premium,Gama baja,1990.0,23.0,1
C007147,Z11,Oeste,suburbana,41163,57.0,F,Soltero/a,1,Contrato,Gama media,2147.0,95.0,0
C007148,Z26,Oeste,urbana_premium,107159,18.0,F,Soltero/a,3,Premium,Gama baja,3638.0,9.0,0
C007149,Z23,Norte,rural,20553,49.0,M,Casado/a,4,Contrato,Gama baja,2561.0,24.0,0
C007150,Z18,Sur,urbana_premium,56342,34.0,M,Soltero/a,2,Contrato,Gama media,3270.0,15.0,0
C007151,Z17,Sur,suburbana,56619,49.0,F,Casado/a,4,Contrato,Gama media,,14.0,1
C007152,Z24,Centro,rural,12558,45.0,F,Casado/a,2,Contrato,Gama media,3249.0,5.0,0
C007153,Z30,Centro,suburbana,33966,40.0,M,Soltero/a,1,Premium,Gama alta,3245.0,17.0,0
C007154,Z18,Sur,urbana_premium,56342,33.0,F,Soltero/a,3,Premium,Gama alta,6582.0,38.0,0
C007155,Z26,Oeste,urbana_premium,107159,53.0,M,Casado/a,5,Premium,Gama media,3885.0,63.0,0
C007156,Z25,Oeste,rural,11763,45.0,M,Divorciado/a,2,Premium,Gama media,3887.0,14.0,0
C007157,Z27,Norte,suburbana,42704,64.0,M,Casado/a,1,Prepago,Gama media,2754.0,33.0,0
C007158,Z29,Oeste,urbana_premium,67334,,F,Soltero/a,2,Prepago,Gama media,3098.0,34.0,0
C007159,Z06,Sur,rural,19752,45.0,M,Soltero/a,2,Prepago,Gama media,1949.0,30.0,1
C007160,Z05,Este,urbana_premium,94471,34.0,M,Casado/a,3,Premium,Gama baja,7248.0,29.0,0
C007161,Z18,Sur,urbana_premium,56342,43.0,F,Soltero/a,3,Contrato,Gama media,3584.0,45.0,0
C007162,Z15,Oeste,suburbana,62939,33.0,M,Soltero/a,1,Prepago,Gama alta,,11.0,0
C007163,Z18,Sur,urbana_premium,56342,38.0,F,Divorciado/a,2,Prepago,Gama baja,3257.0,,0
C007164,Z26,Oeste,urbana_premium,107159,36.0,F,Soltero/a,3,Premium,Gama media,2358.0,34.0,1
C007165,Z29,Oeste,urbana_premium,67334,40.0,M,Casado/a,5,Premium,Gama alta,4888.0,37.0,0
C007166,Z15,Oeste,suburbana,62939,44.0,M,Soltero/a,1,Contrato,Gama media,2382.0,25.0,1
C007167,Z23,Norte,rural,20553,50.0,M,Casado/a,3,Premium,Gama media,2582.0,31.0,0
C007168,Z06,Sur,rural,19752,46.0,M,Soltero/a,2,Prepago,Gama alta,2491.0,47.0,0
C007169,Z17,Sur,suburbana,56619,59.0,M,Casado/a,1,Prepago,Gama alta,3182.0,56.0,0
C007170,Z02,Oeste,suburbana,46400,45.0,M,Soltero/a,2,Premium,Gama media,5308.0,93.0,0
C007171,Z16,Este,urbana_premium,72683,67.0,M,Casado/a,2,Premium,Gama media,,16.0,1
C007172,Z17,Sur,suburbana,56619,41.0,F,Soltero/a,2,Premium,Gama media,3108.0,15.0,1
C007173,Z24,Centro,rural,12558,57.0,M,Casado/a,2,Contrato,Gama media,2050.0,111.0,0
C007174,Z20,Oeste,suburbana,46953,31.0,M,Casado/a,3,Prepago,Gama alta,3598.0,27.0,0
C007175,Z11,Oeste,suburbana,41163,57.0,M,Casado/a,3,Prepago,Gama media,3485.0,39.0,0
C007176,Z01,Centro,rural,16625,37.0,M,Divorciado/a,1,Contrato,Gama media,2017.0,16.0,0
C007177,Z05,Este,urbana_premium,94471,41.0,F,Soltero/a,3,Contrato,Gama alta,5323.0,45.0,0
C007178,Z30,Centro,suburbana,33966,37.0,F,Soltero/a,2,Prepago,Gama media,,6.0,0
C007179,Z29,Oeste,urbana_premium,67334,41.0,M,Soltero/a,2,Premium,Gama media,4689.0,9.0,0
C007180,Z10,Este,suburbana,27514,37.0,F,Casado/a,3,Premium,Gama baja,1874.0,83.0,0
C007181,Z09,Norte,urbana_premium,102625,27.0,M,Soltero/a,2,Premium,Gama alta,5270.0,52.0,1
C007182,Z15,Oeste,suburbana,62939,37.0,F,Casado/a,2,Contrato,Gama media,2319.0,16.0,0
C007183,Z22,Este,suburbana,53534,58.0,M,Casado/a,1,Premium,Gama media,3776.0,53.0,0
C007184,Z11,Oeste,suburbana,41163,46.0,F,Casado/a,4,Premium,Gama alta,4667.0,30.0,0
C007185,Z04,Centro,suburbana,55457,25.0,M,Soltero/a,2,Premium,Gama media,3441.0,15.0,0
C007186,Z14,Norte,rural,13074,58.0,M,Divorciado/a,2,Contrato,Gama media,3475.0,30.0,0
C007187,Z09,Norte,urbana_premium,102625,25.0,F,Soltero/a,2,Contrato,Gama media,2624.0,25.0,0
C007188,Z10,Este,suburbana,27514,49.0,M,Casado/a,4,Premium,Gama alta,2896.0,21.0,1
C007189,Z05,Este,urbana_premium,94471,43.0,F,Soltero/a,2,Prepago,Gama media,3051.0,10.0,1
C007190,Z21,Centro,rural,19103,52.0,F,Casado/a,1,Contrato,Gama media,1842.0,47.0,1
C007191,Z17,Sur,suburbana,56619,62.0,M,Casado/a,2,Prepago,Gama baja,1716.0,28.0,1
C007192,Z09,Norte,urbana_premium,102625,26.0,F,Casado/a,5,Premium,Gama media,3937.0,37.0,1
C007193,Z17,Sur,suburbana,56619,47.0,M,Soltero/a,2,Premium,Gama alta,4143.0,16.0,0
C007194,Z16,Este,urbana_premium,72683,51.0,F,Soltero/a,3,Premium,Gama alta,5962.0,21.0,0
C007195,Z26,Oeste,urbana_premium,107159,28.0,F,Soltero/a,3,Premium,Gama media,2644.0,37.0,1
C007196,Z29,Oeste,urbana_premium,67334,27.0,M,Soltero/a,2,Premium,Gama alta,3236.0,9.0,1
C007197,Z05,Este,urbana_premium,94471,33.0,M,Soltero/a,3,Premium,Gama media,2953.0,,0
C007198,Z28,Sur,urbana_premium,64486,40.0,F,Soltero/a,3,Prepago,Gama media,2884.0,74.0,0
C007199,Z22,Este,suburbana,53534,23.0,F,Soltero/a,2,Contrato,Gama media,2687.0,41.0,0
C007200,Z22,Este,suburbana,53534,47.0,F,Soltero/a,2,Contrato,Gama media,3002.0,43.0,0
C007201,Z13,Este,suburbana,37333,23.0,M,Soltero/a,1,Prepago,Gama media,2693.0,28.0,0
C007202,Z11,Oeste,suburbana,41163,56.0,M,Casado/a,4,Contrato,Gama media,1831.0,50.0,1
C007203,Z01,Centro,rural,16625,51.0,F,Casado/a,2,Premium,Gama media,3259.0,43.0,0
C007204,Z30,Centro,suburbana,33966,63.0,F,Divorciado/a,1,Prepago,Gama media,3173.0,32.0,0
C007205,Z18,Sur,urbana_premium,56342,44.0,M,Divorciado/a,3,Premium,Gama baja,4393.0,46.0,0
C007206,Z14,Norte,rural,13074,41.0,F,Casado/a,4,Premium,Gama alta,2719.0,28.0,0
C007207,Z17,Sur,suburbana,56619,30.0,F,Soltero/a,2,Prepago,Gama alta,3699.0,88.0,0
C007208,Z02,Oeste,suburbana,46400,43.0,F,Casado/a,1,Prepago,Gama alta,3145.0,8.0,0
C007209,Z05,Este,urbana_premium,94471,36.0,F,Soltero/a,3,Premium,Gama media,2859.0,44.0,0
C007210,Z20,Oeste,suburbana,46953,54.0,M,Divorciado/a,2,Premium,Gama alta,5066.0,10.0,0
C007211,Z16,Este,urbana_premium,72683,25.0,M,Soltero/a,2,Premium,Gama alta,4786.0,21.0,1
C007212,Z26,Oeste,urbana_premium,107159,60.0,F,Soltero/a,2,Premium,Gama media,2796.0,36.0,0
C007213,Z21,Centro,rural,19103,60.0,F,Casado/a,1,Premium,Gama media,1704.0,23.0,0
C007214,Z18,Sur,urbana_premium,56342,34.0,F,Casado/a,4,Premium,Gama alta,7681.0,,0
C007215,Z26,Oeste,urbana_premium,107159,58.0,M,Casado/a,5,Prepago,Gama media,3616.0,4.0,0
C007216,Z04,Centro,suburbana,55457,31.0,M,Soltero/a,2,Prepago,Gama media,2352.0,25.0,0
C007217,Z22,Este,suburbana,53534,42.0,M,Casado/a,2,Premium,Gama alta,2476.0,17.0,1
C007218,Z23,Norte,rural,20553,30.0,F,Soltero/a,1,Contrato,Gama media,2719.0,32.0,0
C007219,Z09,Norte,urbana_premium,102625,58.0,M,Casado/a,2,Prepago,Gama media,3241.0,21.0,1
C007220,Z06,Sur,rural,19752,25.0,M,Soltero/a,2,Premium,Gama alta,2432.0,,1
C007221,Z08,Sur,rural,17023,28.0,F,Soltero/a,2,Contrato,Gama alta,5210.0,23.0,0
C007222,Z06,Sur,rural,19752,,M,Casado/a,4,Prepago,Gama media,1340.0,13.0,0
C007223,Z17,Sur,suburbana,56619,56.0,M,Casado/a,3,Contrato,Gama alta,2586.0,27.0,0
C007224,Z05,Este,urbana_premium,94471,47.0,F,Casado/a,4,Premium,Gama alta,3911.0,14.0,0
C007225,Z21,Centro,rural,19103,46.0,M,Soltero/a,2,Prepago,Gama baja,1252.0,16.0,0
C007226,Z04,Centro,suburbana,55457,52.0,M,Divorciado/a,2,Premium,Gama alta,3572.0,27.0,0
C007227,Z02,Oeste,suburbana,46400,39.0,M,Casado/a,4,Contrato,Gama media,4078.0,47.0,0
C007228,Z10,Este,suburbana,27514,45.0,M,Divorciado/a,2,Contrato,Gama media,1834.0,14.0,0
C007229,Z06,Sur,rural,19752,65.0,F,Casado/a,3,Prepago,Gama media,2256.0,13.0,0
C007230,Z30,Centro,suburbana,33966,37.0,F,Casado/a,4,Contrato,Gama media,3178.0,,0
C007231,Z09,Norte,urbana_premium,102625,27.0,M,Soltero/a,3,Prepago,Gama alta,4680.0,19.0,1
C007232,Z08,Sur,rural,17023,51.0,M,Casado/a,2,Premium,Gama media,5908.0,96.0,1
C007233,Z06,Sur,rural,19752,54.0,M,Casado/a,3,Prepago,Gama media,1791.0,36.0,0
C007234,Z13,Este,suburbana,37333,41.0,F,Divorciado/a,1,Contrato,Gama media,3598.0,78.0,0
C007235,Z18,Sur,urbana_premium,56342,48.0,F,Soltero/a,2,Premium,Gama baja,3661.0,27.0,0
C007236,Z26,Oeste,urbana_premium,107159,34.0,F,Soltero/a,3,Contrato,Gama baja,3448.0,23.0,0
C007237,Z12,Norte,rural,11707,47.0,M,Soltero/a,2,Contrato,Gama media,2335.0,27.0,0
C007238,Z20,Oeste,suburbana,46953,44.0,F,Soltero/a,1,Premium,Gama media,3442.0,32.0,1
C007239,Z16,Este,urbana_premium,72683,39.0,F,Soltero/a,2,Premium,Gama media,3841.0,41.0,1
C007240,Z27,Norte,suburbana,42704,59.0,M,Casado/a,1,Premium,Gama alta,3283.0,4.0,0
C007241,Z18,Sur,urbana_premium,56342,40.0,M,Casado/a,4,Contrato,Gama media,3721.0,20.0,0
C007242,Z09,Norte,urbana_premium,102625,32.0,M,Soltero/a,2,Premium,Gama alta,2757.0,21.0,0
C007243,Z22,Este,suburbana,53534,46.0,F,Casado/a,4,Premium,Gama baja,3980.0,56.0,0
C007244,Z26,Oeste,urbana_premium,107159,,M,Soltero/a,2,Prepago,Gama media,5483.0,33.0,0
C007245,Z16,Este,urbana_premium,72683,45.0,M,Casado/a,3,Premium,Gama alta,5396.0,30.0,0
C007246,Z30,Centro,suburbana,33966,49.0,F,Casado/a,1,Premium,Gama alta,3775.0,37.0,1
C007247,Z28,Sur,urbana_premium,64486,18.0,F,desconocido,2,Premium,Gama media,2917.0,52.0,0
C007248,Z06,Sur,rural,19752,18.0,M,Soltero/a,1,Prepago,Gama baja,1663.0,41.0,0
C007249,Z26,Oeste,urbana_premium,107159,51.0,M,Casado/a,4,Prepago,Gama alta,5274.0,13.0,0
C007250,Z18,Sur,urbana_premium,56342,41.0,M,Soltero/a,2,Premium,Gama media,2511.0,32.0,0
C007251,Z17,Sur,suburbana,56619,40.0,X,Divorciado/a,1,Contrato,Gama media,2345.0,18.0,1
C007252,Z16,Este,urbana_premium,72683,44.0,F,Soltero/a,2,Premium,Gama alta,8112.0,25.0,0
C007253,Z27,Norte,suburbana,42704,63.0,F,Casado/a,2,Prepago,Gama media,3561.0,13.0,0
C007254,Z19,Este,rural,12655,62.0,F,Soltero/a,2,Contrato,Gama media,2455.0,37.0,0
C007255,Z17,Sur,suburbana,56619,52.0,F,Casado/a,1,Prepago,Gama media,1559.0,42.0,0
C007256,Z02,Oeste,suburbana,46400,29.0,F,Soltero/a,1,Premium,Gama media,2357.0,31.0,0
C007257,Z15,Oeste,suburbana,62939,31.0,M,Casado/a,2,Prepago,Gama media,3994.0,41.0,1
C007258,Z28,Sur,urbana_premium,64486,,M,Soltero/a,3,Premium,Gama media,2278.0,18.0,0
C007259,Z22,Este,suburbana,53534,48.0,F,Soltero/a,1,Premium,Gama media,3432.0,58.0,0
C007260,Z03,Sur,rural,16530,58.0,F,Casado/a,1,Prepago,Gama baja,1431.0,15.0,0
C007261,Z28,Sur,urbana_premium,64486,50.0,F,Soltero/a,2,Premium,Gama media,3077.0,47.0,1
C007262,Z26,Oeste,urbana_premium,107159,44.0,F,Casado/a,3,Prepago,Gama media,,16.0,0
C007263,Z17,Sur,suburbana,56619,38.0,M,Soltero/a,2,Contrato,Gama media,3082.0,62.0,0
C007264,Z02,Oeste,suburbana,46400,33.0,M,Soltero/a,1,Prepago,Gama baja,1644.0,28.0,0
C007265,Z17,Sur,suburbana,56619,30.0,M,Soltero/a,2,Premium,Gama media,2895.0,37.0,0
C007266,Z03,Sur,rural,16530,43.0,F,Casado/a,4,Premium,Gama alta,2903.0,30.0,1
C007267,Z10,Este,suburbana,27514,,F,Soltero/a,2,Premium,Gama alta,3197.0,42.0,0
C007268,Z20,Oeste,suburbana,46953,61.0,F,Casado/a,4,Contrato,Gama alta,3508.0,47.0,0
C007269,Z28,Sur,urbana_premium,64486,20.0,F,Soltero/a,3,Premium,Gama alta,4142.0,58.0,0
C007270,Z11,Oeste,suburbana,41163,38.0,M,Soltero/a,2,Prepago,Gama media,2888.0,8.0,0
C007271,Z27,Norte,suburbana,42704,18.0,M,n/a,1,Premium,Gama media,2910.0,8.0,0
C007272,Z28,Sur,urbana_premium,64486,40.0,M,Soltero/a,3,Prepago,Gama alta,4241.0,6.0,0
C007273,Z02,Oeste,suburbana,46400,40.0,F,Casado/a,1,Premium,Gama media,2034.0,46.0,1
C007274,Z09,Norte,urbana_premium,102625,32.0,F,Soltero/a,3,Premium,Gama alta,3332.0,24.0,0
C007275,Z22,Este,suburbana,53534,29.0,F,Soltero/a,1,Premium,Gama alta,6075.0,29.0,0
C007276,Z26,Oeste,urbana_premium,107159,36.0,F,Casado/a,3,Premium,Gama alta,4535.0,20.0,0
C007277,Z13,Este,suburbana,37333,33.0,M,Soltero/a,1,Prepago,Gama baja,4616.0,20.0,0
C007278,Z21,Centro,rural,19103,43.0,F,Soltero/a,1,Prepago,Gama baja,2615.0,49.0,0
C007279,Z19,Este,rural,12655,68.0,F,Casado/a,1,Prepago,Gama baja,1797.0,18.0,0
C007280,Z99,Oeste,rural,11763,47.0,M,Divorciado/a,2,Contrato,Gama media,2087.0,12.0,0
C007281,Z23,Norte,rural,20553,51.0,F,Casado/a,2,Prepago,Gama media,1262.0,62.0,0
C007282,Z04,Centro,suburbana,55457,34.0,M,Soltero/a,1,Premium,Gama alta,4822.0,75.0,1
C007283,Z05,Este,urbana_premium,94471,27.0,F,Soltero/a,3,Premium,Gama alta,5236.0,12.0,1
C007284,Z05,Este,urbana_premium,94471,36.0,M,Soltero/a,2,Premium,Gama media,2856.0,39.0,0
C007285,Z29,Oeste,urbana_premium,67334,,M,Casado/a,5,Premium,Gama media,5001.0,58.0,1
C007286,Z28,Sur,urbana_premium,64486,33.0,F,Casado/a,5,Contrato,Gama alta,4847.0,9.0,1
C007287,Z26,Oeste,urbana_premium,107159,40.0,M,Casado/a,3,Premium,Gama media,3933.0,31.0,0
C007288,Z05,Este,urbana_premium,94471,26.0,M,Soltero/a,3,Premium,Gama media,4522.0,41.0,1
C007289,Z18,Sur,urbana_premium,56342,18.0,F,Soltero/a,2,Premium,Gama alta,4673.0,10.0,1
C007290,Z06,Sur,rural,19752,36.0,M,Soltero/a,2,Contrato,Gama media,2656.0,16.0,1
C007291,Z12,Norte,rural,11707,74.0,F,Casado/a,2,Prepago,Gama media,2448.0,23.0,1
C007292,Z09,Norte,urbana_premium,102625,43.0,F,Soltero/a,3,Prepago,Gama media,3944.0,37.0,0
C007293,Z26,Oeste,urbana_premium,107159,56.0,M,Divorciado/a,3,Contrato,Gama media,3138.0,9.0,0
C007294,Z05,Este,urbana_premium,94471,32.0,F,Soltero/a,3,Contrato,Gama alta,5260.0,22.0,1
C007295,Z20,Oeste,suburbana,46953,18.0,M,Soltero/a,2,Prepago,Gama alta,,24.0,0
C007296,Z30,Centro,suburbana,33966,27.0,M,Soltero/a,2,Premium,Gama baja,2014.0,27.0,0
C007297,Z22,Este,suburbana,53534,45.0,M,Divorciado/a,2,Premium,Gama alta,3017.0,111.0,0
C007298,Z04,Centro,suburbana,55457,43.0,F,Divorciado/a,2,Prepago,Gama media,2371.0,17.0,1
C007299,Z28,Sur,urbana_premium,64486,36.0,M,Casado/a,2,Premium,Gama media,4641.0,35.0,1
C007300,Z20,Oeste,suburbana,46953,34.0,M,Casado/a,4,Premium,Gama media,3461.0,48.0,0
C007301,Z15,Oeste,suburbana,62939,51.0,F,Casado/a,4,Premium,Gama alta,3125.0,46.0,1
C007302,Z21,Centro,rural,19103,39.0,F,Soltero/a,1,Contrato,Gama media,1887.0,22.0,0
C007303,Z28,Sur,urbana_premium,64486,40.0,M,Soltero/a,2,Premium,Gama baja,3244.0,42.0,1
C007304,Z16,Este,urbana_premium,72683,38.0,M,Divorciado/a,2,Premium,Gama media,2933.0,36.0,0
C007305,Z17,Sur,suburbana,56619,36.0,M,Casado/a,2,Prepago,Gama media,1632.0,44.0,0
C007306,Z15,Oeste,suburbana,62939,29.0,M,Soltero/a,1,Contrato,Gama alta,4583.0,10.0,0
C007307,Z04,Centro,suburbana,55457,35.0,F,Casado/a,2,Contrato,Gama media,3767.0,35.0,0
C007308,Z26,Oeste,urbana_premium,107159,58.0,M,Casado/a,5,Prepago,Gama alta,6013.0,13.0,0
C007309,Z05,Este,urbana_premium,94471,49.0,M,Casado/a,5,Premium,Gama alta,3388.0,64.0,0
C007310,Z13,Este,suburbana,37333,52.0,M,Soltero/a,2,Premium,Gama media,3539.0,18.0,0
C007311,Z13,Este,suburbana,37333,31.0,F,Soltero/a,1,Prepago,Gama baja,2216.0,18.0,0
C007312,Z09,Norte,urbana_premium,102625,19.0,F,Soltero/a,3,Premium,Gama alta,3136.0,23.0,0
C007313,Z14,Norte,rural,13074,58.0,M,Casado/a,3,Prepago,Gama alta,4757.0,10.0,0
C007314,Z20,Oeste,suburbana,46953,51.0,F,Casado/a,4,Contrato,Gama alta,2616.0,26.0,1
C007315,Z10,Este,suburbana,27514,42.0,F,Soltero/a,1,Prepago,Gama media,4153.0,11.0,0
C007316,Z05,Este,urbana_premium,94471,32.0,M,Soltero/a,3,Prepago,Gama media,4179.0,20.0,0
C007317,Z28,Sur,urbana_premium,64486,18.0,M,Soltero/a,3,Premium,Gama baja,2349.0,,0
C007318,Z29,Oeste,urbana_premium,67334,46.0,M,Casado/a,5,Premium,Gama alta,,45.0,0
C007319,Z15,Oeste,suburbana,62939,54.0,F,Casado/a,1,Premium,Gama media,3402.0,19.0,1
C007320,Z10,Este,suburbana,27514,32.0,M,Soltero/a,1,Premium,Gama media,3822.0,37.0,1
C007321,Z02,Oeste,suburbana,46400,31.0,M,Casado/a,3,Prepago,Gama media,1595.0,13.0,1
C007322,Z02,Oeste,suburbana,46400,55.0,F,Casado/a,3,Premium,Gama media,2126.0,6.0,0
C007323,Z13,Este,suburbana,37333,32.0,F,Soltero/a,2,Contrato,Gama baja,3323.0,13.0,0
C007324,Z29,Oeste,urbana_premium,67334,57.0,F,Soltero/a,3,Contrato,Gama media,2754.0,7.0,0
C007325,Z99,Centro,rural,12558,44.0,M,Soltero/a,2,Prepago,Gama media,3557.0,10.0,0
C007326,Z11,Oeste,suburbana,41163,35.0,M,Soltero/a,1,Contrato,Gama media,2917.0,37.0,0
C007327,Z29,Oeste,urbana_premium,67334,37.0,F,Divorciado/a,3,Premium,Gama alta,4538.0,28.0,0
C007328,Z15,Oeste,suburbana,62939,35.0,F,Divorciado/a,2,Prepago,Gama alta,4692.0,32.0,0
C007329,Z09,Norte,urbana_premium,102625,50.0,F,Casado/a,3,Premium,Gama alta,2502.0,19.0,0
C007330,Z15,Oeste,suburbana,62939,51.0,F,Casado/a,3,Premium,Gama alta,3505.0,35.0,1
C007331,Z08,Sur,rural,17023,58.0,F,Soltero/a,2,Prepago,Gama media,2434.0,9.0,0
C007332,Z28,Sur,urbana_premium,64486,38.0,M,Casado/a,2,Premium,Gama alta,4055.0,30.0,0
C007333,Z12,Norte,rural,11707,40.0,F,Casado/a,4,Prepago,Gama media,2147.0,16.0,0
C007334,Z21,Centro,rural,19103,45.0,F,Soltero/a,1,Contrato,Gama media,2455.0,38.0,1
C007335,Z13,Este,suburbana,37333,35.0,M,Casado/a,4,Prepago,Gama baja,1071.0,69.0,1
C007336,Z28,Sur,urbana_premium,64486,54.0,M,Divorciado/a,3,Premium,Gama alta,5916.0,15.0,1
C007337,Z20,Oeste,suburbana,46953,52.0,F,Soltero/a,1,Prepago,Gama media,1867.0,16.0,0
C007338,Z16,Este,urbana_premium,72683,35.0,M,Casado/a,3,Premium,Gama alta,7123.0,24.0,0
C007339,Z05,Este,urbana_premium,94471,25.0,F,Soltero/a,2,Contrato,Gama alta,2745.0,12.0,0
C007340,Z28,Sur,urbana_premium,64486,54.0,F,Casado/a,3,Premium,Gama media,2704.0,24.0,0
C007341,Z17,Sur,suburbana,56619,,M,Casado/a,4,Prepago,Gama alta,3435.0,29.0,0
C007342,Z99,Norte,urbana_premium,102625,34.0,F,Soltero/a,2,Premium,Gama media,4209.0,81.0,1
C007343,Z28,Sur,urbana_premium,64486,55.0,F,Casado/a,3,Prepago,Gama media,4482.0,21.0,0
C007344,Z03,Sur,rural,16530,39.0,M,Soltero/a,1,Contrato,Gama media,2635.0,8.0,1
C007345,Z10,Este,suburbana,27514,36.0,M,Soltero/a,1,Prepago,Gama alta,2838.0,10.0,0
C007346,Z17,Sur,suburbana,56619,37.0,F,Soltero/a,2,Premium,Gama alta,2621.0,27.0,0
C007347,Z11,Oeste,suburbana,41163,24.0,M,desconocido,1,Premium,Gama media,3655.0,39.0,0
C007348,Z16,Este,urbana_premium,72683,40.0,F,Divorciado/a,3,Premium,Gama media,,24.0,0
C007349,Z09,Norte,urbana_premium,102625,,M,Soltero/a,3,Prepago,Gama media,3991.0,51.0,0
C007350,Z05,Este,urbana_premium,94471,,NA,Soltero/a,2,Contrato,Gama media,2115.0,,1
C007351,Z02,Oeste,suburbana,46400,32.0,F,Casado/a,2,Premium,Gama alta,3258.0,42.0,0
C007352,Z05,Este,urbana_premium,94471,29.0,M,Casado/a,4,Premium,Gama media,3962.0,40.0,1
C007353,Z29,Oeste,urbana_premium,67334,26.0,F,Soltero/a,3,Premium,Gama media,3773.0,65.0,1
C007354,Z18,Sur,urbana_premium,56342,39.0,M,Casado/a,2,Prepago,Gama media,6955.0,28.0,0
C007355,Z16,Este,urbana_premium,72683,34.0,M,Soltero/a,3,Premium,Gama alta,6459.0,21.0,0
C007356,Z13,Este,suburbana,37333,41.0,M,Soltero/a,1,Premium,Gama alta,4105.0,74.0,0
C007357,Z22,Este,suburbana,53534,68.0,M,Casado/a,4,Premium,Gama media,4074.0,21.0,0
C007358,Z05,Este,urbana_premium,94471,34.0,M,Divorciado/a,2,Premium,Gama alta,3972.0,27.0,0
C007359,Z09,Norte,urbana_premium,102625,43.0,M,Casado/a,2,Contrato,Gama media,4262.0,57.0,0
C007360,Z21,Centro,rural,19103,54.0,M,Casado/a,2,Prepago,Gama media,2701.0,46.0,1
C007361,Z16,Este,urbana_premium,72683,35.0,M,Casado/a,2,Premium,Gama alta,4726.0,26.0,0
C007362,Z26,Oeste,urbana_premium,107159,39.0,M,Casado/a,5,Premium,Gama alta,3924.0,59.0,1
C007363,Z28,Sur,urbana_premium,64486,36.0,F,Soltero/a,2,Premium,Gama media,4627.0,31.0,0
C007364,Z26,Oeste,urbana_premium,107159,38.0,M,Casado/a,2,Contrato,Gama alta,3915.0,42.0,0
C007365,Z06,Sur,rural,19752,38.0,F,Divorciado/a,1,Premium,Gama alta,2691.0,21.0,1
C007366,Z04,Centro,suburbana,55457,34.0,M,Soltero/a,2,Premium,Gama baja,4110.0,17.0,0
C007367,Z05,Este,urbana_premium,94471,36.0,M,Soltero/a,3,Prepago,Gama media,3042.0,13.0,1
C007368,Z26,Oeste,urbana_premium,107159,18.0,M,Soltero/a,3,Prepago,Gama media,4009.0,4.0,1
C007369,Z28,Sur,urbana_premium,64486,54.0,M,Soltero/a,3,Prepago,Gama media,3931.0,36.0,0
C007370,Z29,Oeste,urbana_premium,67334,62.0,F,Soltero/a,3,Prepago,Gama media,2680.0,45.0,0
C007371,Z09,Norte,urbana_premium,102625,38.0,F,Soltero/a,3,Premium,Gama alta,6228.0,26.0,0
C007372,Z27,Norte,suburbana,42704,48.0,M,Casado/a,1,Contrato,Gama media,2233.0,23.0,1
C007373,Z17,Sur,suburbana,56619,53.0,M,Casado/a,2,Contrato,Gama baja,4922.0,4.0,0
C007374,Z26,Oeste,urbana_premium,107159,20.0,F,Soltero/a,3,Prepago,Gama media,2393.0,,1
C007375,Z17,Sur,suburbana,56619,51.0,M,Divorciado/a,1,Prepago,Gama media,1766.0,65.0,0
C007376,Z05,Este,urbana_premium,94471,31.0,F,Soltero/a,3,Contrato,Gama media,3403.0,23.0,0
C007377,Z04,Centro,suburbana,55457,67.0,F,Soltero/a,2,Premium,Gama alta,3426.0,30.0,0
C007378,Z29,Oeste,urbana_premium,67334,34.0,M,Casado/a,3,Premium,Gama alta,4391.0,22.0,0
C007379,Z15,Oeste,suburbana,62939,51.0,M,Soltero/a,2,Prepago,Gama alta,4687.0,38.0,0
C007380,Z11,Oeste,suburbana,41163,38.0,M,Soltero/a,2,Prepago,Gama media,2277.0,18.0,1
C007381,Z11,Oeste,suburbana,41163,66.0,F,Casado/a,2,Prepago,Gama media,4122.0,29.0,0
C007382,Z13,Este,suburbana,37333,34.0,F,Soltero/a,2,Premium,Gama media,1668.0,55.0,1
C007383,Z29,Oeste,urbana_premium,67334,50.0,M,Casado/a,4,Prepago,Gama media,2729.0,25.0,0
C007384,Z03,Sur,rural,16530,53.0,F,Casado/a,4,Prepago,Gama media,2117.0,-47.0,0
C007385,Z05,Este,urbana_premium,94471,41.0,M,Soltero/a,2,Contrato,Gama media,,20.0,0
C007386,Z26,Oeste,urbana_premium,107159,39.0,M,Casado/a,2,Premium,Gama alta,4635.0,38.0,0
C007387,Z17,Sur,suburbana,56619,32.0,F,Soltero/a,1,Premium,Gama media,2374.0,17.0,0
C007388,Z05,Este,urbana_premium,94471,18.0,F,Soltero/a,2,Premium,Gama alta,5437.0,37.0,1
C007389,Z02,Oeste,suburbana,46400,53.0,M,Divorciado/a,1,Premium,Gama alta,4040.0,60.0,0
C007390,Z09,Norte,urbana_premium,102625,30.0,F,Soltero/a,3,Premium,Gama alta,3022.0,49.0,0
C007391,Z99,Norte,urbana_premium,102625,50.0,M,Casado/a,5,Premium,Gama media,3384.0,37.0,1
C007392,Z02,Oeste,suburbana,46400,44.0,F,Casado/a,1,Prepago,Gama alta,2889.0,-28.0,1
C007393,Z08,Sur,rural,17023,59.0,F,Divorciado/a,1,Contrato,Gama baja,3730.0,46.0,0
C007394,Z24,Centro,rural,12558,55.0,F,Casado/a,1,Contrato,Gama media,1669.0,27.0,1
C007395,Z27,Norte,suburbana,42704,18.0,F,Soltero/a,1,Contrato,Gama media,1299.0,38.0,0
C007396,Z28,Sur,urbana_premium,64486,43.0,F,Divorciado/a,2,Premium,Gama media,3300.0,22.0,0
C007397,Z13,Este,suburbana,37333,36.0,F,Soltero/a,2,Premium,Gama media,2161.0,46.0,0
C007398,Z10,Este,suburbana,27514,54.0,F,Divorciado/a,1,Contrato,Gama media,1744.0,22.0,0
C007399,Z30,Centro,suburbana,33966,47.0,M,Casado/a,4,Prepago,Gama media,2943.0,21.0,0
C007400,Z26,Oeste,urbana_premium,107159,43.0,F,Soltero/a,3,Premium,Gama media,2538.0,22.0,1
C007401,Z17,Sur,suburbana,56619,37.0,F,Soltero/a,1,Prepago,Gama media,3355.0,21.0,1
C007402,Z09,Norte,urbana_premium,102625,25.0,F,Soltero/a,2,Premium,Gama media,2512.0,35.0,0
C007403,Z10,Este,suburbana,27514,35.0,F,Casado/a,2,Contrato,Gama media,8380.0,8.0,0
C007404,Z16,Este,urbana_premium,72683,18.0,M,Soltero/a,3,Premium,Gama media,5545.0,22.0,1
C007405,Z17,Sur,suburbana,56619,33.0,M,Soltero/a,2,Contrato,Gama media,2306.0,5.0,0
C007406,Z02,Oeste,suburbana,46400,22.0,M,Soltero/a,1,Contrato,Gama media,2276.0,5.0,1
C007407,Z29,Oeste,urbana_premium,67334,19.0,F,Soltero/a,2,Premium,Gama alta,3581.0,28.0,0
C007408,Z18,Sur,urbana_premium,56342,,F,Soltero/a,2,Premium,Gama alta,4952.0,3.0,0
C007409,Z18,Sur,urbana_premium,56342,42.0,F,Casado/a,4,Premium,Gama alta,3272.0,26.0,1
C007410,Z08,Sur,rural,17023,45.0,M,Divorciado/a,1,Prepago,Gama media,1546.0,50.0,0
C007411,Z26,Oeste,urbana_premium,107159,30.0,F,Soltero/a,2,Premium,Gama media,2303.0,21.0,0
C007412,Z24,Centro,rural,12558,34.0,M,Soltero/a,1,Contrato,Gama media,2306.0,16.0,0
C007413,Z04,Centro,suburbana,55457,36.0,M,Casado/a,1,Premium,Gama media,2313.0,48.0,0
C007414,Z18,Sur,urbana_premium,56342,26.0,F,Casado/a,4,Premium,Gama media,4226.0,56.0,1
C007415,Z21,Centro,rural,19103,44.0,F,Divorciado/a,2,Prepago,Gama baja,1103.0,27.0,0
C007416,Z27,Norte,suburbana,42704,22.0,F,Soltero/a,1,Prepago,Gama alta,3517.0,31.0,0
C007417,Z07,Centro,rural,15473,53.0,F,Soltero/a,2,Prepago,Gama alta,2075.0,26.0,0
C007418,Z28,Sur,urbana_premium,64486,29.0,M,Soltero/a,3,Premium,Gama media,2071.0,38.0,1
C007419,Z16,Este,urbana_premium,72683,41.0,M,Casado/a,3,Premium,Gama media,4345.0,67.0,0
C007420,Z04,Centro,suburbana,55457,51.0,F,Casado/a,4,Contrato,Gama media,3549.0,,0
C007421,Z04,Centro,suburbana,55457,44.0,M,Casado/a,1,Prepago,Gama baja,2248.0,23.0,0
C007422,Z06,Sur,rural,19752,55.0,F,Soltero/a,2,Premium,Gama media,2911.0,31.0,0
C007423,Z09,Norte,urbana_premium,102625,18.0,M,Soltero/a,3,Premium,Gama media,2373.0,108.0,1
C007424,Z16,Este,urbana_premium,72683,30.0,M,Soltero/a,3,Premium,Gama media,1714.0,63.0,0
C007425,Z25,Oeste,rural,11763,58.0,F,Casado/a,3,Prepago,Gama media,,19.0,0
C007426,Z06,Sur,rural,19752,51.0,F,Divorciado/a,1,Prepago,Gama baja,1702.0,4.0,0
C007427,Z30,Centro,suburbana,33966,62.0,M,Casado/a,4,Premium,Gama alta,1927.0,59.0,0
C007428,Z05,Este,urbana_premium,94471,56.0,M,Casado/a,2,Contrato,Gama alta,4674.0,32.0,0
C007429,Z18,Sur,urbana_premium,56342,40.0,M,Casado/a,3,Prepago,Gama alta,4126.0,95.0,0
C007430,Z29,Oeste,urbana_premium,67334,33.0,M,Soltero/a,3,Premium,Gama alta,6796.0,101.0,0
C007431,Z26,Oeste,urbana_premium,107159,24.0,F,Soltero/a,3,Premium,Gama alta,4429.0,30.0,1
C007432,Z20,Oeste,suburbana,46953,34.0,M,Soltero/a,2,Premium,Gama media,,21.0,0
C007433,Z99,Norte,rural,20553,40.0,M,Soltero/a,1,Prepago,Gama baja,1710.0,22.0,0
C007434,Z05,Este,urbana_premium,94471,29.0,F,Casado/a,2,Premium,Gama media,1810.0,25.0,0
C007435,Z01,Centro,rural,16625,34.0,F,Soltero/a,2,Premium,Gama media,4639.0,28.0,0
C007436,Z15,Oeste,suburbana,62939,45.0,M,Divorciado/a,2,Contrato,Gama alta,3542.0,-58.0,1
C007437,Z99,Centro,suburbana,55457,60.0,F,Casado/a,4,Premium,Gama alta,5226.0,27.0,1
C007438,Z11,Oeste,suburbana,41163,51.0,M,Divorciado/a,1,Premium,Gama media,1971.0,30.0,1
C007439,Z08,Sur,rural,17023,41.0,M,Casado/a,3,Premium,Gama alta,3302.0,22.0,0
C007440,Z28,Sur,urbana_premium,64486,48.0,F,Soltero/a,3,Prepago,Gama media,4235.0,32.0,1
C007441,Z28,Sur,urbana_premium,64486,40.0,M,Casado/a,3,Prepago,Gama alta,5551.0,6.0,0
C007442,Z26,Oeste,urbana_premium,107159,36.0,F,Soltero/a,3,Premium,Gama alta,4690.0,21.0,1
C007443,Z23,Norte,rural,20553,44.0,F,Soltero/a,2,Contrato,Gama media,2143.0,23.0,0
C007444,Z05,Este,urbana_premium,94471,34.0,F,Soltero/a,2,Premium,Gama alta,4223.0,27.0,0
C007445,Z02,Oeste,suburbana,46400,48.0,M,Divorciado/a,2,Contrato,Gama media,2634.0,,1
C007446,Z20,Oeste,suburbana,46953,42.0,M,Soltero/a,1,Premium,Gama media,3996.0,34.0,0
C007447,Z20,Oeste,suburbana,46953,31.0,F,Soltero/a,1,Premium,Gama media,2256.0,45.0,0
C007448,Z12,Norte,rural,11707,36.0,F,Casado/a,1,Contrato,Gama media,1816.0,64.0,0
C007449,Z16,Este,urbana_premium,72683,40.0,F,Divorciado/a,3,Premium,Gama media,3618.0,47.0,1
C007450,Z16,Este,urbana_premium,72683,41.0,M,Divorciado/a,3,Premium,Gama media,4747.0,61.0,1
C007451,Z09,Norte,urbana_premium,102625,32.0,F,Soltero/a,3,Premium,Gama media,3900.0,-87.0,0
C007452,Z10,Este,suburbana,27514,26.0,M,Soltero/a,1,Contrato,Gama media,2658.0,84.0,1
C007453,Z15,Oeste,suburbana,62939,55.0,M,Soltero/a,1,Contrato,Gama alta,4314.0,11.0,0
C007454,Z18,Sur,urbana_premium,56342,48.0,F,Divorciado/a,2,Prepago,Gama media,4703.0,45.0,0
C007455,Z29,Oeste,urbana_premium,67334,18.0,F,Soltero/a,3,Prepago,Gama media,3259.0,17.0,0
C007456,Z17,Sur,suburbana,56619,56.0,F,Casado/a,2,Prepago,Gama media,2070.0,34.0,0
C007457,Z24,Centro,rural,12558,42.0,M,Soltero/a,1,Contrato,Gama media,2183.0,10.0,0
C007458,Z26,Oeste,urbana_premium,107159,38.0,F,Soltero/a,2,Premium,Gama media,3077.0,12.0,1
C007459,Z05,Este,urbana_premium,94471,50.0,F,Soltero/a,3,Premium,Gama media,2921.0,58.0,0
C007460,Z20,Oeste,suburbana,46953,60.0,M,Casado/a,3,Prepago,Gama media,3875.0,15.0,0
C007461,Z16,Este,urbana_premium,72683,48.0,F,Casado/a,4,Premium,Gama baja,5679.0,40.0,0
C007462,Z18,Sur,urbana_premium,56342,39.0,F,Soltero/a,3,Premium,Gama alta,3749.0,-38.0,0
C007463,Z02,Oeste,suburbana,46400,23.0,M,Soltero/a,2,Premium,Gama media,2975.0,35.0,0
C007464,Z28,Sur,urbana_premium,64486,18.0,F,Soltero/a,3,Prepago,Gama baja,2954.0,39.0,0
C007465,Z29,Oeste,urbana_premium,67334,47.0,F,Casado/a,3,Contrato,Gama media,2638.0,62.0,0
C007466,Z01,Centro,rural,16625,61.0,F,Soltero/a,1,Prepago,Gama alta,3067.0,33.0,0
C007467,Z08,Sur,rural,17023,35.0,M,Soltero/a,2,Prepago,Gama media,1488.0,16.0,1
C007468,Z05,Este,urbana_premium,94471,33.0,F,Soltero/a,2,Premium,Gama alta,3082.0,31.0,1
C007469,Z99,Oeste,urbana_premium,107159,29.0,F,Casado/a,5,Contrato,Gama media,3047.0,29.0,1
C007470,Z18,Sur,urbana_premium,56342,29.0,F,Soltero/a,2,Premium,Gama alta,4440.0,43.0,1
C007471,Z05,Este,urbana_premium,94471,49.0,M,Casado/a,2,Premium,Gama media,3572.0,42.0,0
C007472,Z26,Oeste,urbana_premium,107159,39.0,M,Casado/a,2,Prepago,Gama media,3136.0,30.0,0
C007473,Z11,Oeste,suburbana,41163,37.0,F,Soltero/a,2,Premium,Gama alta,4797.0,19.0,0
C007474,Z16,Este,urbana_premium,72683,68.0,M,Soltero/a,3,Premium,Gama alta,6772.0,31.0,0
C007475,Z13,Este,suburbana,37333,23.0,F,Soltero/a,1,Premium,Gama alta,3416.0,13.0,0
C007476,Z17,Sur,suburbana,56619,47.0,M,Soltero/a,1,Contrato,Gama media,3135.0,43.0,0
C007477,Z16,Este,urbana_premium,72683,23.0,F,Soltero/a,3,Premium,Gama media,3209.0,43.0,0
C007478,Z09,Norte,urbana_premium,102625,34.0,M,Soltero/a,3,Premium,Gama media,3803.0,58.0,1
C007479,Z15,Oeste,suburbana,62939,42.0,NA,Soltero/a,1,Contrato,Gama media,1955.0,29.0,0
C007480,Z28,Sur,urbana_premium,64486,46.0,F,Soltero/a,3,Contrato,Gama alta,5410.0,22.0,0
C007481,Z16,Este,urbana_premium,72683,,M,Soltero/a,3,Contrato,Gama alta,3655.0,55.0,0
C007482,Z28,Sur,urbana_premium,64486,32.0,M,Soltero/a,2,Premium,Gama alta,,50.0,0
C007483,Z17,Sur,suburbana,56619,37.0,F,Soltero/a,1,Contrato,Gama media,2654.0,24.0,0
C007484,Z26,Oeste,urbana_premium,107159,23.0,F,Soltero/a,3,Premium,Gama alta,4901.0,,0
C007485,Z09,Norte,urbana_premium,102625,44.0,F,Soltero/a,3,Premium,Gama media,3499.0,17.0,1
C007486,Z26,Oeste,urbana_premium,107159,39.0,M,Divorciado/a,2,Prepago,Gama media,2906.0,15.0,0
C007487,Z09,Norte,urbana_premium,102625,41.0,F,Soltero/a,3,Premium,Gama media,1842.0,5.0,0
C007488,Z02,Oeste,suburbana,46400,39.0,F,Soltero/a,1,Prepago,Gama media,2901.0,12.0,1
C007489,Z05,Este,urbana_premium,94471,34.0,M,Soltero/a,3,Premium,Gama alta,4365.0,,0
C007490,Z02,Oeste,suburbana,46400,54.0,F,Casado/a,4,Prepago,Gama media,2511.0,33.0,0
C007491,Z29,Oeste,urbana_premium,67334,48.0,M,Casado/a,4,Contrato,Gama media,2899.0,36.0,0
C007492,Z30,Centro,suburbana,33966,57.0,F,Casado/a,2,Prepago,Gama baja,2010.0,16.0,1
C007493,Z26,Oeste,urbana_premium,107159,40.0,F,Soltero/a,2,Premium,Gama media,3355.0,27.0,1
C007494,Z05,Este,urbana_premium,94471,52.0,M,Casado/a,4,Premium,Gama media,2592.0,43.0,0
C007495,Z28,Sur,urbana_premium,64486,31.0,M,Soltero/a,2,Prepago,Gama media,2586.0,17.0,1
C007496,Z25,Oeste,rural,11763,43.0,M,Soltero/a,1,Prepago,Gama media,1963.0,16.0,0
C007497,Z11,Oeste,suburbana,41163,,M,Soltero/a,2,Contrato,Gama alta,5764.0,13.0,1
C007498,Z16,Este,urbana_premium,72683,46.0,F,Soltero/a,2,Premium,Gama media,8667.0,57.0,0
C007499,Z21,Centro,rural,19103,42.0,F,Soltero/a,1,Premium,Gama alta,3506.0,50.0,1
C007500,Z02,Oeste,suburbana,46400,27.0,M,Soltero/a,2,Contrato,Gama media,3735.0,75.0,1
C007501,Z16,Este,urbana_premium,72683,34.0,M,Divorciado/a,2,Premium,Gama media,1943.0,13.0,0
C007502,Z24,Centro,rural,12558,37.0,M,Soltero/a,1,Prepago,Gama media,5923.0,16.0,0
C007503,Z06,Sur,rural,19752,66.0,F,Divorciado/a,1,Prepago,Gama media,2663.0,40.0,0
C007504,Z15,Oeste,suburbana,62939,49.0,M,Soltero/a,1,Premium,Gama media,2029.0,109.0,0
C007505,Z17,Sur,suburbana,56619,31.0,M,Casado/a,1,Premium,Gama alta,7633.0,56.0,0
C007506,Z24,Centro,rural,12558,32.0,F,Soltero/a,1,Prepago,Gama media,2243.0,7.0,0
C007507,Z29,Oeste,urbana_premium,67334,27.0,F,Soltero/a,2,Premium,Gama media,5126.0,87.0,0
C007508,Z27,Norte,suburbana,42704,33.0,F,Soltero/a,2,Prepago,Gama media,2670.0,52.0,0
C007509,Z20,Oeste,suburbana,46953,38.0,M,Soltero/a,1,Contrato,Gama media,3636.0,26.0,1
C007510,Z18,Sur,urbana_premium,56342,49.0,M,Casado/a,2,Premium,Gama media,4867.0,44.0,0
C007511,Z18,Sur,urbana_premium,56342,24.0,F,Soltero/a,2,Premium,Gama alta,5172.0,72.0,1
C007512,Z17,Sur,suburbana,56619,67.0,F,Soltero/a,1,Premium,Gama alta,4671.0,21.0,1
C007513,Z03,Sur,rural,16530,34.0,F,Casado/a,1,Prepago,Gama media,2451.0,44.0,0
C007514,Z22,Este,suburbana,53534,23.0,F,Soltero/a,1,Contrato,Gama baja,3208.0,86.0,0
C007515,Z23,Norte,rural,20553,65.0,M,Divorciado/a,1,Premium,Gama baja,2283.0,12.0,0
C007516,Z16,Este,urbana_premium,72683,52.0,F,Soltero/a,3,Prepago,Gama media,2656.0,43.0,0
C007517,Z28,Sur,urbana_premium,64486,34.0,M,Casado/a,4,Prepago,Gama media,2789.0,59.0,1
C007518,Z22,Este,suburbana,53534,45.0,M,Soltero/a,1,Prepago,Gama media,2676.0,20.0,0
C007519,Z12,Norte,rural,11707,50.0,F,Soltero/a,1,Contrato,Gama alta,3611.0,17.0,0
C007520,Z02,Oeste,suburbana,46400,42.0,M,Divorciado/a,1,Prepago,Gama alta,3515.0,8.0,1
C007521,Z03,Sur,rural,16530,,M,Soltero/a,1,Contrato,Gama media,2247.0,14.0,0
C007522,Z11,Oeste,suburbana,41163,18.0,M,Soltero/a,2,Prepago,Gama media,2718.0,6.0,0
C007523,Z16,Este,urbana_premium,72683,26.0,M,Soltero/a,2,Premium,Gama alta,2544.0,17.0,1
C007524,Z05,Este,urbana_premium,94471,58.0,F,Casado/a,5,Premium,Gama media,2795.0,22.0,0
C007525,Z06,Sur,rural,19752,67.0,F,Divorciado/a,1,Contrato,Gama media,2451.0,9.0,0
C007526,Z09,Norte,urbana_premium,102625,33.0,M,Casado/a,4,Premium,Gama alta,3839.0,37.0,0
C007527,Z26,Oeste,urbana_premium,107159,25.0,?,Soltero/a,3,Premium,Gama media,5026.0,28.0,1
C007528,Z26,Oeste,urbana_premium,107159,39.0,F,Soltero/a,3,Premium,Gama media,3548.0,8.0,0
C007529,Z13,Este,suburbana,37333,45.0,M,Casado/a,3,Contrato,Gama media,3636.0,26.0,0
C007530,Z05,Este,urbana_premium,94471,43.0,F,Casado/a,3,Premium,Gama media,2240.0,42.0,1
C007531,Z05,Este,urbana_premium,94471,18.0,M,Soltero/a,2,Contrato,Gama media,2745.0,54.0,0
C007532,Z04,Centro,suburbana,55457,78.0,F,Divorciado/a,1,Prepago,Gama media,3269.0,63.0,0
C007533,Z13,Este,suburbana,37333,54.0,M,Divorciado/a,2,Contrato,Gama media,2998.0,52.0,0
C007534,Z02,Oeste,suburbana,46400,38.0,F,Soltero/a,2,Prepago,Gama media,,34.0,0
C007535,Z11,Oeste,suburbana,41163,31.0,F,Soltero/a,2,Prepago,Gama alta,4498.0,30.0,0
C007536,Z29,Oeste,urbana_premium,67334,48.0,M,Soltero/a,2,Premium,Gama alta,5869.0,36.0,0
C007537,Z16,Este,urbana_premium,72683,42.0,M,Divorciado/a,3,Contrato,Gama alta,6668.0,20.0,1
C007538,Z26,Oeste,urbana_premium,107159,37.0,F,Divorciado/a,3,Premium,Gama media,7239.0,26.0,0
C007539,Z05,Este,urbana_premium,94471,42.0,F,Divorciado/a,3,Premium,Gama alta,3379.0,18.0,0
C007540,Z09,Norte,urbana_premium,102625,35.0,M,Casado/a,4,Premium,Gama baja,8560.0,23.0,0
C007541,Z29,Oeste,urbana_premium,67334,41.0,M,Casado/a,5,Prepago,Gama baja,10522.0,20.0,0
C007542,Z13,Este,suburbana,37333,49.0,F,Casado/a,2,Prepago,Gama media,1890.0,5.0,0
C007543,Z20,Oeste,suburbana,46953,44.0,M,Soltero/a,1,Contrato,Gama media,2426.0,46.0,0
C007544,Z30,Centro,suburbana,33966,43.0,F,Soltero/a,2,Prepago,Gama media,3381.0,24.0,0
C007545,Z17,Sur,suburbana,56619,57.0,X,Divorciado/a,2,Contrato,Gama media,3233.0,41.0,0
C007546,Z09,Norte,urbana_premium,102625,18.0,M,Soltero/a,2,Prepago,Gama media,2121.0,16.0,1
C007547,Z17,Sur,suburbana,56619,30.0,F,Soltero/a,2,Contrato,Gama media,2138.0,20.0,0
C007548,Z03,Sur,rural,16530,45.0,F,Soltero/a,1,Premium,Gama media,2505.0,-29.0,0
C007549,Z05,Este,urbana_premium,94471,27.0,M,Soltero/a,3,Premium,Gama alta,3547.0,33.0,0
C007550,Z01,Centro,rural,16625,40.0,F,Casado/a,3,Prepago,Gama alta,2885.0,16.0,0
C007551,Z28,Sur,urbana_premium,64486,51.0,M,Casado/a,5,Prepago,Gama alta,7589.0,41.0,0
C007552,Z22,Este,suburbana,53534,38.0,M,Soltero/a,2,Premium,Gama media,1928.0,10.0,0
C007553,Z09,Norte,urbana_premium,102625,18.0,F,Soltero/a,2,Prepago,Gama alta,8604.0,40.0,0
C007554,Z08,Sur,rural,17023,40.0,F,Soltero/a,2,Contrato,Gama media,,5.0,0
C007555,Z22,Este,suburbana,53534,41.0,F,Casado/a,2,Contrato,Gama baja,1629.0,47.0,1
C007556,Z29,Oeste,urbana_premium,67334,36.0,M,Casado/a,3,Contrato,Gama media,2520.0,4.0,1
C007557,Z09,Norte,urbana_premium,102625,43.0,F,Soltero/a,2,Contrato,Gama media,3323.0,18.0,0
C007558,Z10,Este,suburbana,27514,46.0,M,Casado/a,4,Contrato,Gama media,2135.0,29.0,0
C007559,Z27,Norte,suburbana,42704,38.0,F,Casado/a,3,Contrato,Gama media,3654.0,20.0,0
C007560,Z28,Sur,urbana_premium,64486,22.0,M,Soltero/a,2,Premium,Gama alta,4780.0,11.0,1
C007561,Z28,Sur,urbana_premium,64486,31.0,F,Soltero/a,3,Premium,Gama baja,4022.0,-16.0,1
C007562,Z09,Norte,urbana_premium,102625,29.0,M,Soltero/a,2,Premium,Gama alta,4363.0,38.0,0
C007563,Z05,Este,urbana_premium,94471,33.0,M,Soltero/a,3,Premium,Gama media,3652.0,26.0,0
C007564,Z15,Oeste,suburbana,62939,48.0,M,Casado/a,2,Prepago,Gama media,3425.0,38.0,0
C007565,Z09,Norte,urbana_premium,102625,41.0,F,Divorciado/a,2,Premium,Gama media,7476.0,39.0,0
C007566,Z28,Sur,urbana_premium,64486,46.0,M,Divorciado/a,3,Premium,Gama baja,,23.0,0
C007567,Z02,Oeste,suburbana,46400,35.0,M,Soltero/a,2,Contrato,Gama media,3000.0,12.0,0
C007568,Z20,Oeste,suburbana,46953,58.0,M,Casado/a,1,Prepago,Gama alta,3508.0,63.0,1
C007569,Z28,Sur,urbana_premium,64486,44.0,F,Divorciado/a,2,Premium,Gama alta,3698.0,36.0,0
C007570,Z30,Centro,suburbana,33966,41.0,F,Soltero/a,1,Prepago,Gama alta,3326.0,22.0,1
C007571,Z20,Oeste,suburbana,46953,47.0,F,Casado/a,3,Premium,Gama media,4535.0,68.0,0
C007572,Z29,Oeste,urbana_premium,67334,28.0,F,Soltero/a,2,Contrato,Gama media,3195.0,47.0,0
C007573,Z04,Centro,suburbana,55457,18.0,F,Soltero/a,2,Prepago,Gama alta,,,0
C007574,Z11,Oeste,suburbana,41163,,M,Soltero/a,2,Prepago,Gama baja,1773.0,45.0,0
C007575,Z01,Centro,rural,16625,54.0,M,Casado/a,4,Premium,Gama media,2885.0,47.0,1
C007576,Z30,Centro,suburbana,33966,41.0,M,Casado/a,4,Premium,Gama baja,2967.0,40.0,1
C007577,Z28,Sur,urbana_premium,64486,34.0,M,Soltero/a,2,Premium,Gama alta,4192.0,45.0,1
C007578,Z02,Oeste,suburbana,46400,30.0,F,Casado/a,3,Premium,Gama alta,3891.0,14.0,0
C007579,Z02,Oeste,suburbana,46400,18.0,F,Soltero/a,2,Premium,Gama alta,2401.0,14.0,0
C007580,Z12,Norte,rural,11707,62.0,F,Divorciado/a,2,Premium,Gama media,3415.0,17.0,1
C007581,Z09,Norte,urbana_premium,102625,34.0,F,Soltero/a,3,Premium,Gama alta,7641.0,36.0,1
C007582,Z27,Norte,suburbana,42704,35.0,F,Casado/a,1,Prepago,Gama media,2693.0,30.0,0
C007583,Z05,Este,urbana_premium,94471,28.0,M,Casado/a,5,Contrato,Gama media,3193.0,35.0,1
C007584,Z26,Oeste,urbana_premium,107159,51.0,M,Soltero/a,3,Premium,Gama baja,5960.0,38.0,1
C007585,Z17,Sur,suburbana,56619,51.0,F,Casado/a,1,Prepago,Gama media,4204.0,41.0,0
C007586,Z13,Este,suburbana,37333,28.0,F,Soltero/a,1,Premium,Gama media,1723.0,38.0,0
C007587,Z05,Este,urbana_premium,94471,50.0,M,Soltero/a,3,Contrato,Gama alta,4644.0,34.0,0
C007588,Z30,Centro,suburbana,33966,38.0,M,Casado/a,2,Prepago,Gama alta,3910.0,18.0,0
C007589,Z20,Oeste,suburbana,46953,33.0,F,Soltero/a,1,Prepago,Gama media,2924.0,-8.0,0
C007590,Z15,Oeste,suburbana,62939,36.0,F,Casado/a,4,Prepago,Gama media,5040.0,19.0,1
C007591,Z13,Este,suburbana,37333,31.0,F,Soltero/a,1,Premium,Gama media,1700.0,69.0,0
C007592,Z28,Sur,urbana_premium,64486,20.0,F,Soltero/a,3,Premium,Gama media,1803.0,13.0,0
C007593,Z26,Oeste,urbana_premium,107159,45.0,M,Casado/a,4,Prepago,Gama media,5556.0,17.0,0
C007594,Z26,Oeste,urbana_premium,107159,33.0,F,Casado/a,2,Premium,Gama alta,2880.0,,0
C007595,Z19,Este,rural,12655,52.0,F,Soltero/a,1,Contrato,Gama media,2294.0,7.0,0
C007596,Z28,Sur,urbana_premium,64486,39.0,F,Soltero/a,3,Premium,Gama alta,2575.0,63.0,0
C007597,Z09,Norte,urbana_premium,102625,43.0,F,Soltero/a,2,Contrato,Gama alta,5158.0,3.0,1
C007598,Z22,Este,suburbana,53534,18.0,F,Soltero/a,1,Premium,Gama alta,3359.0,29.0,1
C007599,Z14,Norte,rural,13074,35.0,M,Soltero/a,1,Contrato,Gama media,2216.0,35.0,1
C007600,Z18,Sur,urbana_premium,56342,43.0,F,Divorciado/a,2,Prepago,Gama media,2485.0,56.0,1
C007601,Z30,Centro,suburbana,33966,25.0,F,Soltero/a,2,Contrato,Gama media,,20.0,0
C007602,Z30,Centro,suburbana,33966,44.0,M,Soltero/a,1,Prepago,Gama media,3350.0,44.0,1
C007603,Z16,Este,urbana_premium,72683,19.0,F,Soltero/a,2,Prepago,Gama media,3178.0,29.0,0
C007604,Z18,Sur,urbana_premium,56342,36.0,F,Soltero/a,2,Contrato,Gama alta,3216.0,40.0,1
C007605,Z28,Sur,urbana_premium,64486,55.0,F,Soltero/a,2,Premium,Gama baja,3842.0,40.0,1
C007606,Z30,Centro,suburbana,33966,49.0,M,Casado/a,4,Premium,Gama media,3774.0,37.0,1
C007607,Z26,Oeste,urbana_premium,107159,18.0,M,Soltero/a,3,Premium,Gama alta,4440.0,60.0,1
C007608,Z04,Centro,suburbana,55457,50.0,M,Divorciado/a,2,Premium,Gama alta,4499.0,29.0,0
C007609,Z10,Este,suburbana,27514,62.0,F,Casado/a,2,Prepago,Gama media,2889.0,35.0,1
C007610,Z28,Sur,urbana_premium,64486,70.0,M,Soltero/a,2,Contrato,Gama media,5456.0,6.0,0
C007611,Z26,Oeste,urbana_premium,107159,42.0,F,Casado/a,4,Contrato,Gama media,2545.0,36.0,0
C007612,Z25,Oeste,rural,11763,29.0,NA,Casado/a,3,Premium,Gama media,2669.0,7.0,0
C007613,Z21,Centro,rural,19103,50.0,M,Soltero/a,1,Contrato,Gama media,2620.0,9.0,1
C007614,Z15,Oeste,suburbana,62939,59.0,M,Casado/a,2,Contrato,Gama alta,6803.0,43.0,1
C007615,Z14,Norte,rural,13074,43.0,M,Casado/a,4,Prepago,Gama media,1836.0,37.0,0
C007616,Z26,Oeste,urbana_premium,107159,49.0,F,Soltero/a,2,Prepago,Gama media,2514.0,11.0,0
C007617,Z09,Norte,urbana_premium,102625,26.0,F,Soltero/a,2,Prepago,Gama media,2923.0,14.0,0
C007618,Z22,Este,suburbana,53534,44.0,M,Casado/a,4,Contrato,Gama media,2389.0,11.0,0
C007619,Z23,Norte,rural,20553,18.0,M,Soltero/a,1,Prepago,Gama media,2680.0,64.0,0
C007620,Z27,Norte,suburbana,42704,29.0,F,Soltero/a,2,Prepago,Gama media,1918.0,48.0,0
C007621,Z10,Este,suburbana,27514,40.0,M,Soltero/a,1,Contrato,Gama media,3364.0,,0
C007622,Z25,Oeste,rural,11763,41.0,F,Casado/a,4,Prepago,Gama media,2350.0,30.0,0
C007623,Z04,Centro,suburbana,55457,24.0,M,Soltero/a,2,Contrato,Gama alta,4105.0,20.0,0
C007624,Z05,Este,urbana_premium,94471,30.0,F,Soltero/a,2,Premium,Gama alta,4754.0,13.0,0
C007625,Z15,Oeste,suburbana,62939,44.0,M,Casado/a,1,Premium,Gama media,3983.0,19.0,1
C007626,Z03,Sur,rural,16530,44.0,F,Divorciado/a,2,Premium,Gama media,2757.0,,0
C007627,Z29,Oeste,urbana_premium,67334,37.0,M,Soltero/a,3,Prepago,Gama baja,5760.0,7.0,0
C007628,Z28,Sur,urbana_premium,64486,45.0,M,Casado/a,2,Premium,Gama alta,2272.0,21.0,1
C007629,Z02,Oeste,suburbana,46400,36.0,F,Casado/a,1,Contrato,Gama alta,1791.0,55.0,0
C007630,Z27,Norte,suburbana,42704,56.0,M,Divorciado/a,2,Prepago,Gama media,2960.0,48.0,0
C007631,Z16,Este,urbana_premium,72683,24.0,M,Soltero/a,2,Contrato,Gama media,3942.0,31.0,0
C007632,Z22,Este,suburbana,53534,63.0,M,Casado/a,1,Prepago,Gama baja,2083.0,25.0,0
C007633,Z28,Sur,urbana_premium,64486,49.0,F,Casado/a,3,Contrato,Gama media,4657.0,18.0,1
C007634,Z18,Sur,urbana_premium,56342,32.0,F,Soltero/a,2,Prepago,Gama media,2425.0,41.0,0
C007635,Z05,Este,urbana_premium,94471,33.0,F,Soltero/a,3,Prepago,Gama baja,3485.0,9.0,0
C007636,Z01,Centro,rural,16625,47.0,M,Casado/a,3,Prepago,Gama media,2307.0,26.0,0
C007637,Z16,Este,urbana_premium,72683,43.0,M,Soltero/a,3,Contrato,Gama media,4676.0,3.0,1
C007638,Z29,Oeste,urbana_premium,67334,49.0,M,Soltero/a,3,Contrato,Gama media,3209.0,16.0,0
C007639,Z18,Sur,urbana_premium,56342,20.0,M,Soltero/a,2,Premium,Gama alta,5857.0,33.0,1
C007640,Z13,Este,suburbana,37333,45.0,M,Casado/a,1,Contrato,Gama alta,5367.0,74.0,1
C007641,Z02,Oeste,suburbana,46400,18.0,F,Soltero/a,1,Premium,Gama baja,5107.0,35.0,0
C007642,Z28,Sur,urbana_premium,64486,34.0,F,Soltero/a,2,Premium,Gama alta,7207.0,-48.0,1
C007643,Z10,Este,suburbana,27514,57.0,F,Soltero/a,2,Premium,Gama alta,4329.0,70.0,0
C007644,Z22,Este,suburbana,53534,23.0,F,Soltero/a,2,Premium,Gama alta,3697.0,25.0,1
C007645,Z22,Este,suburbana,53534,21.0,F,Soltero/a,2,Contrato,Gama media,2293.0,10.0,1
C007646,Z09,Norte,urbana_premium,102625,39.0,M,Casado/a,5,Premium,Gama media,3142.0,24.0,1
C007647,Z99,Centro,suburbana,55457,57.0,F,Casado/a,2,Premium,Gama media,4155.0,44.0,1
C007648,Z13,Este,suburbana,37333,44.0,M,Casado/a,4,Contrato,Gama baja,1598.0,18.0,0
C007649,Z10,Este,suburbana,27514,18.0,F,Soltero/a,2,Premium,Gama media,4737.0,49.0,0
C007650,Z22,Este,suburbana,53534,20.0,M,Soltero/a,2,Premium,Gama media,2411.0,32.0,1
C007651,Z26,Oeste,urbana_premium,107159,37.0,F,Soltero/a,3,Premium,Gama media,3175.0,17.0,0
C007652,Z08,Sur,rural,17023,31.0,F,Soltero/a,2,Prepago,Gama media,3046.0,20.0,0
C007653,Z99,Sur,suburbana,56619,42.0,M,Divorciado/a,1,Contrato,Gama media,3288.0,54.0,0
C007654,Z02,Oeste,suburbana,46400,42.0,M,Casado/a,1,Prepago,Gama alta,2574.0,26.0,0
C007655,Z08,Sur,rural,17023,39.0,F,Casado/a,2,Contrato,Gama media,1688.0,56.0,0
C007656,Z26,Oeste,urbana_premium,107159,58.0,M,Casado/a,4,Contrato,Gama media,2263.0,10.0,0
C007657,Z26,Oeste,urbana_premium,107159,43.0,M,Casado/a,3,Premium,Gama media,1795.0,120.0,0
C007658,Z26,Oeste,urbana_premium,107159,51.0,M,Casado/a,2,Premium,Gama media,6388.0,27.0,0
C007659,Z05,Este,urbana_premium,94471,47.0,M,Soltero/a,2,Prepago,Gama media,3548.0,48.0,0
C007660,Z17,Sur,suburbana,56619,38.0,F,Soltero/a,1,Premium,Gama baja,2184.0,73.0,0
C007661,Z15,Oeste,suburbana,62939,,F,Casado/a,2,Premium,Gama alta,3878.0,64.0,0
C007662,Z30,Centro,suburbana,33966,36.0,F,Soltero/a,2,Prepago,Gama media,2269.0,23.0,0
C007663,Z20,Oeste,suburbana,46953,48.0,F,Casado/a,3,Contrato,Gama media,,43.0,0
C007664,Z29,Oeste,urbana_premium,67334,28.0,F,Soltero/a,3,Contrato,Gama alta,5804.0,62.0,0
C007665,Z05,Este,urbana_premium,94471,57.0,F,Soltero/a,2,Prepago,Gama alta,4962.0,45.0,1
C007666,Z15,Oeste,suburbana,62939,31.0,M,Casado/a,2,Prepago,Gama alta,3178.0,11.0,0
C007667,Z26,Oeste,urbana_premium,107159,39.0,F,Soltero/a,3,Premium,Gama media,3153.0,51.0,0
C007668,Z12,Norte,rural,11707,42.0,M,Casado/a,1,Premium,Gama alta,2519.0,38.0,0
C007669,Z20,Oeste,suburbana,46953,35.0,M,Casado/a,1,Premium,Gama media,3653.0,-28.0,1
C007670,Z16,Este,urbana_premium,72683,62.0,?,Casado/a,3,Premium,Gama media,4189.0,68.0,0
C007671,Z30,Centro,suburbana,33966,35.0,F,Soltero/a,2,Premium,Gama media,4560.0,14.0,0
C007672,Z05,Este,urbana_premium,94471,32.0,F,Casado/a,4,Prepago,Gama baja,2696.0,46.0,0
C007673,Z29,Oeste,urbana_premium,67334,28.0,F,Casado/a,2,Premium,Gama media,3497.0,28.0,0
C007674,Z14,Norte,rural,13074,45.0,M,Casado/a,3,Contrato,Gama media,2821.0,54.0,0
C007675,Z16,Este,urbana_premium,72683,35.0,M,Soltero/a,3,Premium,Gama media,3132.0,19.0,0
C007676,Z17,Sur,suburbana,56619,27.0,M,Soltero/a,2,Premium,Gama media,4161.0,56.0,1
C007677,Z09,Norte,urbana_premium,102625,31.0,M,n/a,2,Premium,Gama alta,6124.0,15.0,0
C007678,Z29,Oeste,urbana_premium,67334,43.0,F,Soltero/a,3,Premium,Gama alta,3908.0,33.0,0
C007679,Z28,Sur,urbana_premium,64486,48.0,F,Soltero/a,2,Premium,Gama media,4376.0,31.0,0
C007680,Z29,Oeste,urbana_premium,67334,36.0,M,Soltero/a,2,Contrato,Gama media,3558.0,41.0,0
C007681,Z30,Centro,suburbana,33966,41.0,M,Casado/a,3,Prepago,Gama alta,2691.0,27.0,0
C007682,Z21,Centro,rural,19103,41.0,M,Casado/a,1,Contrato,Gama media,3638.0,27.0,1
C007683,Z15,Oeste,suburbana,62939,34.0,F,Soltero/a,1,Prepago,Gama baja,2225.0,16.0,0
C007684,Z27,Norte,suburbana,42704,29.0,M,Soltero/a,1,Premium,Gama media,3981.0,75.0,0
C007685,Z02,Oeste,suburbana,46400,21.0,M,Soltero/a,1,Contrato,Gama media,2509.0,57.0,0
C007686,Z27,Norte,suburbana,42704,32.0,M,Casado/a,4,Prepago,Gama baja,2217.0,71.0,0
C007687,Z16,Este,urbana_premium,72683,47.0,M,Soltero/a,3,Premium,Gama media,5447.0,27.0,0
C007688,Z22,Este,suburbana,53534,35.0,M,Soltero/a,1,Premium,Gama media,3804.0,,0
C007689,Z13,Este,suburbana,37333,36.0,F,Soltero/a,2,Contrato,Gama media,2372.0,18.0,0
C007690,Z12,Norte,rural,11707,41.0,M,Soltero/a,1,Prepago,Gama media,2189.0,51.0,0
C007691,Z02,Oeste,suburbana,46400,55.0,M,Casado/a,3,Contrato,Gama media,2854.0,47.0,0
C007692,Z15,Oeste,suburbana,62939,,M,Soltero/a,1,Contrato,Gama alta,3237.0,4.0,0
C007693,Z14,Norte,rural,13074,48.0,M,Soltero/a,1,Prepago,Gama media,1956.0,-5.0,0
C007694,Z09,Norte,urbana_premium,102625,35.0,F,Soltero/a,3,Premium,Gama alta,7029.0,14.0,1
C007695,Z09,Norte,urbana_premium,102625,37.0,F,Casado/a,5,Premium,Gama media,2597.0,27.0,0
C007696,Z18,Sur,urbana_premium,56342,39.0,M,Casado/a,2,Prepago,Gama media,2252.0,19.0,0
C007697,Z10,Este,suburbana,27514,41.0,F,Casado/a,2,Premium,Gama baja,2861.0,40.0,1
C007698,Z26,Oeste,urbana_premium,107159,46.0,M,Soltero/a,2,Contrato,Gama media,1909.0,16.0,1
C007699,Z05,Este,urbana_premium,94471,36.0,M,Soltero/a,2,Premium,Gama media,2916.0,23.0,1
C007700,Z18,Sur,urbana_premium,56342,57.0,M,Casado/a,2,Premium,Gama media,3067.0,36.0,1
C007701,Z05,Este,urbana_premium,94471,37.0,F,Soltero/a,2,Premium,Gama alta,3848.0,42.0,0
C007702,Z17,Sur,suburbana,56619,20.0,F,Soltero/a,1,Prepago,Gama media,2782.0,,0
C007703,Z17,Sur,suburbana,56619,48.0,M,Soltero/a,2,Prepago,Gama media,3238.0,9.0,0
C007704,Z20,Oeste,suburbana,46953,,F,Casado/a,3,Prepago,Gama media,2269.0,53.0,0
C007705,Z15,Oeste,suburbana,62939,40.0,M,Divorciado/a,2,Prepago,Gama media,2611.0,17.0,0
C007706,Z16,Este,urbana_premium,72683,33.0,M,Soltero/a,3,Premium,Gama media,4687.0,60.0,0
C007707,Z05,Este,urbana_premium,94471,18.0,M,Soltero/a,3,Contrato,Gama media,1730.0,61.0,0
C007708,Z16,Este,urbana_premium,72683,18.0,M,Soltero/a,3,Premium,Gama alta,4435.0,53.0,0
C007709,Z13,Este,suburbana,37333,60.0,M,Casado/a,4,Premium,Gama media,1407.0,66.0,0
C007710,Z21,Centro,rural,19103,38.0,F,Casado/a,4,Prepago,Gama media,2330.0,30.0,0
C007711,Z15,Oeste,suburbana,62939,52.0,M,Casado/a,4,Contrato,Gama alta,3576.0,29.0,0
C007712,Z26,Oeste,urbana_premium,107159,18.0,M,Soltero/a,2,Premium,Gama alta,4263.0,46.0,0
C007713,Z15,Oeste,suburbana,62939,27.0,M,Soltero/a,1,Premium,Gama media,2399.0,37.0,0
C007714,Z09,Norte,urbana_premium,102625,44.0,M,Casado/a,4,Prepago,Gama alta,4188.0,15.0,0
C007715,Z09,Norte,urbana_premium,102625,35.0,M,Soltero/a,3,Contrato,Gama media,2752.0,31.0,0
C007716,Z02,Oeste,suburbana,46400,46.0,M,Casado/a,4,Premium,Gama alta,4835.0,35.0,0
C007717,Z17,Sur,suburbana,56619,40.0,M,Casado/a,4,Prepago,Gama media,3988.0,63.0,1
C007718,Z26,Oeste,urbana_premium,107159,34.0,M,Casado/a,2,Premium,Gama media,2746.0,25.0,0
C007719,Z26,Oeste,urbana_premium,107159,28.0,M,Soltero/a,2,Premium,Gama alta,6198.0,9.0,0
C007720,Z15,Oeste,suburbana,62939,26.0,F,Soltero/a,2,Premium,Gama media,3191.0,-62.0,0
C007721,Z06,Sur,rural,19752,62.0,F,Casado/a,3,Prepago,Gama baja,1563.0,7.0,1
C007722,Z27,Norte,suburbana,42704,59.0,M,Casado/a,4,Premium,Gama alta,4486.0,20.0,0
C007723,Z03,Sur,rural,16530,33.0,F,Soltero/a,2,Prepago,Gama alta,4127.0,19.0,0
C007724,Z13,Este,suburbana,37333,27.0,F,Soltero/a,2,Premium,Gama alta,2726.0,21.0,1
C007725,Z27,Norte,suburbana,42704,36.0,F,Soltero/a,1,Prepago,Gama alta,3388.0,21.0,0
C007726,Z13,Este,suburbana,37333,44.0,F,Casado/a,2,Contrato,Gama media,2967.0,20.0,1
C007727,Z05,Este,urbana_premium,94471,34.0,F,Soltero/a,2,Prepago,Gama alta,4688.0,,0
C007728,Z09,Norte,urbana_premium,102625,42.0,F,Casado/a,2,Premium,Gama media,5055.0,27.0,0
C007729,Z18,Sur,urbana_premium,56342,35.0,M,Soltero/a,2,Premium,Gama alta,5405.0,81.0,0
C007730,Z05,Este,urbana_premium,94471,35.0,M,Soltero/a,3,Prepago,Gama media,2005.0,5.0,0
C007731,Z20,Oeste,suburbana,46953,69.0,F,Soltero/a,1,Prepago,Gama alta,2486.0,46.0,0
C007732,Z15,Oeste,suburbana,62939,34.0,F,Casado/a,1,Contrato,Gama alta,4179.0,19.0,0
C007733,Z11,Oeste,suburbana,41163,60.0,M,Casado/a,1,Premium,Gama media,2335.0,58.0,1
C007734,Z09,Norte,urbana_premium,102625,53.0,F,Casado/a,3,Prepago,Gama media,4322.0,54.0,0
C007735,Z26,Oeste,urbana_premium,107159,42.0,F,Soltero/a,3,Contrato,Gama media,2777.0,36.0,0
C007736,Z13,Este,suburbana,37333,18.0,F,Soltero/a,2,Contrato,Gama media,3779.0,69.0,1
C007737,Z24,Centro,rural,12558,45.0,F,Soltero/a,2,Contrato,Gama media,2352.0,26.0,0
C007738,Z15,Oeste,suburbana,62939,34.0,F,Soltero/a,2,Premium,Gama media,3683.0,70.0,1
C007739,Z04,Centro,suburbana,55457,40.0,F,Soltero/a,1,Premium,Gama media,3423.0,26.0,1
C007740,Z15,Oeste,suburbana,62939,27.0,F,Soltero/a,1,Contrato,Gama baja,1823.0,20.0,0
C007741,Z16,Este,urbana_premium,72683,45.0,M,Divorciado/a,2,Premium,Gama alta,7968.0,62.0,0
C007742,Z99,Oeste,suburbana,62939,52.0,F,Soltero/a,1,Prepago,Gama media,1886.0,11.0,1
C007743,Z26,Oeste,urbana_premium,107159,50.0,F,Casado/a,4,Premium,Gama alta,9135.0,39.0,1
C007744,Z28,Sur,urbana_premium,64486,31.0,F,Soltero/a,3,Premium,Gama media,1797.0,47.0,0
C007745,Z26,Oeste,urbana_premium,107159,,M,Casado/a,5,Premium,Gama media,3920.0,59.0,0
C007746,Z18,Sur,urbana_premium,56342,40.0,M,Divorciado/a,3,Premium,Gama alta,2339.0,20.0,0
C007747,Z17,Sur,suburbana,56619,,M,Soltero/a,1,Premium,Gama alta,5248.0,60.0,0
C007748,Z20,Oeste,suburbana,46953,41.0,M,Soltero/a,2,Premium,Gama media,2090.0,19.0,1
C007749,Z09,Norte,urbana_premium,102625,41.0,F,Casado/a,2,Premium,Gama media,2609.0,41.0,0
C007750,Z26,Oeste,urbana_premium,107159,33.0,F,Soltero/a,2,Premium,Gama media,3874.0,16.0,0
C007751,Z27,Norte,suburbana,42704,34.0,F,Casado/a,3,Premium,Gama alta,4918.0,19.0,0
C007752,Z09,Norte,urbana_premium,102625,44.0,M,Soltero/a,2,Prepago,Gama media,5893.0,46.0,0
C007753,Z28,Sur,urbana_premium,64486,35.0,F,Soltero/a,3,Premium,Gama alta,3541.0,,0
C007754,Z27,Norte,suburbana,42704,45.0,F,Soltero/a,2,Prepago,Gama media,2665.0,33.0,0
C007755,Z15,Oeste,suburbana,62939,46.0,F,Divorciado/a,2,Contrato,Gama alta,3578.0,7.0,0
C007756,Z28,Sur,urbana_premium,64486,40.0,M,Soltero/a,3,Premium,Gama alta,3750.0,27.0,0
C007757,Z05,Este,urbana_premium,94471,43.0,F,Casado/a,4,Premium,Gama media,3937.0,15.0,0
C007758,Z02,Oeste,suburbana,46400,30.0,M,Soltero/a,1,Prepago,Gama media,2837.0,21.0,0
C007759,Z11,Oeste,suburbana,41163,29.0,M,Soltero/a,1,Premium,Gama media,3691.0,25.0,0
C007760,Z18,Sur,urbana_premium,56342,35.0,F,Casado/a,2,Premium,Gama media,4482.0,32.0,0
C007761,Z11,Oeste,suburbana,41163,40.0,F,Soltero/a,1,Premium,Gama alta,,23.0,1
C007762,Z29,Oeste,urbana_premium,67334,30.0,M,Soltero/a,3,Premium,Gama media,3063.0,17.0,0
C007763,Z09,Norte,urbana_premium,102625,39.0,F,Soltero/a,2,Prepago,Gama alta,3053.0,5.0,0
C007764,Z09,Norte,urbana_premium,102625,47.0,F,Soltero/a,2,Premium,Gama media,3705.0,56.0,1
C007765,Z20,Oeste,suburbana,46953,54.0,F,Casado/a,2,Premium,Gama media,2777.0,17.0,0
C007766,Z01,Centro,rural,16625,62.0,M,Casado/a,3,Contrato,Gama media,3140.0,40.0,0
C007767,Z23,Norte,rural,20553,29.0,M,Soltero/a,1,Prepago,Gama baja,1605.0,31.0,0
C007768,Z13,Este,suburbana,37333,26.0,F,Soltero/a,2,Premium,Gama alta,4650.0,10.0,0
C007769,Z30,Centro,suburbana,33966,37.0,F,Casado/a,2,Premium,Gama media,2698.0,,0
C007770,Z22,Este,suburbana,53534,41.0,F,Divorciado/a,2,Contrato,Gama alta,4507.0,35.0,0
C007771,Z03,Sur,rural,16530,42.0,M,Soltero/a,1,Contrato,Gama media,5630.0,34.0,0
C007772,Z04,Centro,suburbana,55457,33.0,M,Casado/a,2,Contrato,Gama media,4270.0,23.0,0
C007773,Z99,Centro,suburbana,55457,36.0,M,Soltero/a,1,Prepago,Gama media,3710.0,51.0,0
C007774,Z99,Oeste,urbana_premium,67334,42.0,F,Casado/a,3,Premium,Gama alta,5656.0,24.0,1
C007775,Z22,Este,suburbana,53534,24.0,M,Soltero/a,2,Premium,Gama alta,2689.0,37.0,1
C007776,Z15,Oeste,suburbana,62939,68.0,M,Soltero/a,2,Prepago,Gama media,3268.0,35.0,0
C007777,Z07,Centro,rural,15473,45.0,F,Soltero/a,2,Prepago,Gama media,1835.0,29.0,0
C007778,Z28,Sur,urbana_premium,64486,49.0,F,Divorciado/a,3,Premium,Gama media,3093.0,18.0,0
C007779,Z07,Centro,rural,15473,38.0,M,Soltero/a,2,Prepago,Gama media,2586.0,33.0,0
C007780,Z22,Este,suburbana,53534,47.0,M,Soltero/a,1,Prepago,Gama alta,3083.0,18.0,0
C007781,Z26,Oeste,urbana_premium,107159,37.0,F,Divorciado/a,3,Premium,Gama media,4451.0,62.0,0
C007782,Z09,Norte,urbana_premium,102625,46.0,F,n/a,3,Premium,Gama alta,4012.0,61.0,0
C007783,Z16,Este,urbana_premium,72683,34.0,M,Divorciado/a,3,Prepago,Gama baja,3467.0,48.0,0
C007784,Z08,Sur,rural,17023,64.0,M,Soltero/a,1,Contrato,Gama baja,,21.0,0
C007785,Z13,Este,suburbana,37333,22.0,F,Soltero/a,1,Prepago,Gama media,2402.0,85.0,0
C007786,Z29,Oeste,urbana_premium,67334,47.0,M,Casado/a,2,Premium,Gama alta,4179.0,27.0,0
C007787,Z22,Este,suburbana,53534,41.0,F,Casado/a,3,Premium,Gama alta,4455.0,21.0,1
C007788,Z27,Norte,suburbana,42704,28.0,F,Soltero/a,2,Prepago,Gama media,3821.0,26.0,1
C007789,Z17,Sur,suburbana,56619,63.0,M,Soltero/a,2,Premium,Gama media,2951.0,25.0,1
C007790,Z09,Norte,urbana_premium,102625,58.0,F,Casado/a,2,Contrato,Gama media,2041.0,34.0,0
C007791,Z22,Este,suburbana,53534,18.0,F,Soltero/a,2,Prepago,Gama media,2646.0,24.0,0
C007792,Z16,Este,urbana_premium,72683,38.0,F,Soltero/a,2,Premium,Gama alta,8051.0,90.0,1
C007793,Z05,Este,urbana_premium,94471,44.0,M,Casado/a,5,Premium,Gama media,3509.0,16.0,0
C007794,Z15,Oeste,suburbana,62939,45.0,F,Divorciado/a,2,Prepago,Gama media,2976.0,50.0,0
C007795,Z20,Oeste,suburbana,46953,58.0,F,Casado/a,2,Contrato,Gama media,3163.0,80.0,0
C007796,Z24,Centro,rural,12558,61.0,M,Casado/a,4,Premium,Gama media,2696.0,19.0,0
C007797,Z09,Norte,urbana_premium,102625,39.0,M,Casado/a,3,Premium,Gama media,3043.0,40.0,0
C007798,Z28,Sur,urbana_premium,64486,63.0,F,Casado/a,3,Prepago,Gama media,4991.0,19.0,1
C007799,Z13,Este,suburbana,37333,51.0,M,Casado/a,3,Premium,Gama media,3439.0,26.0,0
C007800,Z09,Norte,urbana_premium,102625,32.0,M,Soltero/a,3,Prepago,Gama media,2095.0,73.0,0
C007801,Z06,Sur,rural,19752,38.0,M,Soltero/a,2,Contrato,Gama media,953.0,18.0,0
C007802,Z26,Oeste,urbana_premium,107159,51.0,F,Soltero/a,2,Prepago,Gama media,,36.0,0
C007803,Z11,Oeste,suburbana,41163,30.0,F,Soltero/a,2,Contrato,Gama baja,1951.0,68.0,0
C007804,Z16,Este,urbana_premium,72683,31.0,M,Soltero/a,3,Premium,Gama alta,4265.0,75.0,0
C007805,Z08,Sur,rural,17023,,M,Casado/a,3,Prepago,Gama media,2036.0,37.0,0
C007806,Z22,Este,suburbana,53534,44.0,F,Casado/a,4,Premium,Gama alta,3514.0,46.0,0
C007807,Z26,Oeste,urbana_premium,107159,34.0,F,Divorciado/a,2,Premium,Gama baja,4533.0,15.0,0
C007808,Z11,Oeste,suburbana,41163,24.0,M,Soltero/a,2,Prepago,Gama baja,2096.0,43.0,1
C007809,Z29,Oeste,urbana_premium,67334,50.0,M,Soltero/a,2,Premium,Gama alta,3369.0,19.0,0
C007810,Z02,Oeste,suburbana,46400,35.0,F,Soltero/a,2,Prepago,Gama alta,2456.0,24.0,0
C007811,Z05,Este,urbana_premium,94471,60.0,M,Casado/a,2,Prepago,Gama media,5306.0,55.0,0
C007812,Z18,Sur,urbana_premium,56342,40.0,M,Casado/a,5,Contrato,Gama media,3599.0,25.0,0
C007813,Z22,Este,suburbana,53534,55.0,F,Casado/a,1,Premium,Gama alta,4619.0,67.0,0
C007814,Z99,Norte,urbana_premium,102625,44.0,F,Soltero/a,3,Premium,Gama media,6047.0,11.0,1
C007815,Z17,Sur,suburbana,56619,56.0,M,Casado/a,1,Premium,Gama alta,2843.0,19.0,0
C007816,Z10,Este,suburbana,27514,47.0,F,Soltero/a,1,Premium,Gama media,2423.0,17.0,0
C007817,Z17,Sur,suburbana,56619,43.0,F,Divorciado/a,1,Contrato,Gama media,2194.0,2.0,1
C007818,Z21,Centro,rural,19103,58.0,F,Soltero/a,2,Prepago,Gama media,2976.0,5.0,0
C007819,Z29,Oeste,urbana_premium,67334,66.0,F,Divorciado/a,3,Prepago,Gama alta,3696.0,55.0,0
C007820,Z15,Oeste,suburbana,62939,37.0,F,Soltero/a,1,Prepago,Gama media,2310.0,96.0,0
C007821,Z20,Oeste,suburbana,46953,50.0,M,Casado/a,1,Premium,Gama alta,4081.0,63.0,0
C007822,Z18,Sur,urbana_premium,56342,36.0,M,Soltero/a,3,Prepago,Gama alta,5273.0,,1
C007823,Z10,Este,suburbana,27514,46.0,F,Soltero/a,1,Premium,Gama baja,2139.0,23.0,0
C007824,Z09,Norte,urbana_premium,102625,37.0,M,Divorciado/a,3,Premium,Gama alta,4344.0,68.0,0
C007825,Z30,Centro,suburbana,33966,18.0,F,Soltero/a,1,Premium,Gama media,3663.0,7.0,1
C007826,Z07,Centro,rural,15473,43.0,M,Casado/a,1,Premium,Gama media,4211.0,19.0,1
C007827,Z26,Oeste,urbana_premium,107159,48.0,F,Soltero/a,3,Premium,Gama alta,3613.0,117.0,1
C007828,Z05,Este,urbana_premium,94471,,F,Soltero/a,3,Premium,Gama alta,3828.0,96.0,0
C007829,Z26,Oeste,urbana_premium,107159,47.0,M,Casado/a,5,Premium,Gama alta,4824.0,24.0,1
C007830,Z06,Sur,rural,19752,47.0,F,Casado/a,3,Contrato,Gama media,3620.0,24.0,0
C007831,Z29,Oeste,urbana_premium,67334,34.0,F,Soltero/a,2,Premium,Gama media,4404.0,10.0,0
C007832,Z22,Este,suburbana,53534,51.0,F,Soltero/a,1,Premium,Gama media,3226.0,39.0,0
C007833,Z04,Centro,suburbana,55457,48.0,F,Casado/a,3,Premium,Gama media,2449.0,42.0,0
C007834,Z22,Este,suburbana,53534,45.0,F,Soltero/a,2,Premium,Gama media,2662.0,29.0,0
C007835,Z18,Sur,urbana_premium,56342,48.0,M,Casado/a,4,Premium,Gama alta,3633.0,64.0,1
C007836,Z11,Oeste,suburbana,41163,42.0,M,Casado/a,4,Contrato,Gama alta,3810.0,11.0,0
C007837,Z09,Norte,urbana_premium,102625,18.0,M,Soltero/a,3,Premium,Gama alta,4479.0,40.0,1
C007838,Z23,Norte,rural,20553,40.0,M,Soltero/a,1,Contrato,Gama media,1824.0,20.0,0
C007839,Z25,Oeste,rural,11763,23.0,F,Soltero/a,1,Prepago,Gama media,3126.0,31.0,0
C007840,Z10,Este,suburbana,27514,48.0,F,Casado/a,1,Premium,Gama media,2810.0,12.0,1
C007841,Z28,Sur,urbana_premium,64486,47.0,M,Casado/a,4,Premium,Gama media,3626.0,19.0,0
C007842,Z09,Norte,urbana_premium,102625,47.0,M,Casado/a,4,Prepago,Gama alta,5008.0,7.0,0
C007843,Z04,Centro,suburbana,55457,46.0,M,Soltero/a,2,Premium,Gama alta,4074.0,39.0,0
C007844,Z18,Sur,urbana_premium,56342,48.0,M,Casado/a,2,Prepago,Gama media,4320.0,17.0,0
C007845,Z04,Centro,suburbana,55457,21.0,F,Soltero/a,2,Prepago,Gama media,,5.0,1
C007846,Z09,Norte,urbana_premium,102625,35.0,M,Soltero/a,3,Prepago,Gama media,1986.0,26.0,0
C007847,Z16,Este,urbana_premium,72683,,F,Soltero/a,3,Contrato,Gama baja,5367.0,28.0,0
C007848,Z09,Norte,urbana_premium,102625,32.0,F,Soltero/a,2,Premium,Gama media,2698.0,23.0,0
C007849,Z08,Sur,rural,17023,64.0,F,Casado/a,3,Contrato,Gama media,2308.0,40.0,1
C007850,Z22,Este,suburbana,53534,53.0,F,Casado/a,2,Prepago,Gama media,3007.0,45.0,0
C007851,Z17,Sur,suburbana,56619,48.0,F,Casado/a,3,Premium,Gama media,2930.0,72.0,1
C007852,Z27,Norte,suburbana,42704,38.0,NA,desconocido,2,Contrato,Gama media,2173.0,66.0,0
C007853,Z18,Sur,urbana_premium,56342,24.0,M,Soltero/a,3,Premium,Gama media,2387.0,58.0,0
C007854,Z16,Este,urbana_premium,72683,38.0,M,Soltero/a,3,Premium,Gama media,1959.0,49.0,1
C007855,Z09,Norte,urbana_premium,102625,,M,Casado/a,2,Premium,Gama alta,3570.0,46.0,1
C007856,Z26,Oeste,urbana_premium,107159,41.0,M,Soltero/a,3,Premium,Gama media,4025.0,-12.0,0
C007857,Z06,Sur,rural,19752,26.0,X,Soltero/a,2,Premium,Gama alta,2867.0,43.0,0
C007858,Z09,Norte,urbana_premium,102625,37.0,M,Casado/a,2,Prepago,Gama alta,5765.0,9.0,0
C007859,Z27,Norte,suburbana,42704,18.0,M,Soltero/a,2,Prepago,Gama alta,4012.0,49.0,0
C007860,Z25,Oeste,rural,11763,55.0,M,Casado/a,4,Prepago,Gama alta,3291.0,56.0,0
C007861,Z19,Este,rural,12655,37.0,M,Soltero/a,2,Prepago,Gama media,1641.0,14.0,0
C007862,Z02,Oeste,suburbana,46400,25.0,F,Soltero/a,1,Premium,Gama media,4401.0,33.0,1
C007863,Z05,Este,urbana_premium,94471,46.0,M,Casado/a,2,Contrato,Gama media,4377.0,28.0,1
C007864,Z16,Este,urbana_premium,72683,43.0,M,Divorciado/a,3,Premium,Gama media,2436.0,34.0,1
C007865,Z25,Oeste,rural,11763,48.0,M,Soltero/a,1,Prepago,Gama media,3387.0,46.0,0
C007866,Z16,Este,urbana_premium,72683,62.0,F,Soltero/a,2,Premium,Gama alta,2819.0,70.0,0
C007867,Z99,Oeste,suburbana,46400,48.0,M,Casado/a,4,Prepago,Gama media,2081.0,31.0,0
C007868,Z06,Sur,rural,19752,37.0,F,Soltero/a,2,Premium,Gama alta,3996.0,17.0,1
C007869,Z18,Sur,urbana_premium,56342,42.0,F,Soltero/a,2,Premium,Gama alta,4175.0,34.0,1
C007870,Z22,Este,suburbana,53534,37.0,F,Casado/a,1,Premium,Gama media,2076.0,31.0,1
C007871,Z02,Oeste,suburbana,46400,55.0,M,Casado/a,2,Prepago,Gama baja,2477.0,17.0,0
C007872,Z02,Oeste,suburbana,46400,43.0,F,Soltero/a,2,Premium,Gama alta,4330.0,27.0,0
C007873,Z09,Norte,urbana_premium,102625,41.0,M,Casado/a,3,Premium,Gama media,2522.0,12.0,0
C007874,Z04,Centro,suburbana,55457,23.0,F,Soltero/a,1,Contrato,Gama media,2845.0,38.0,0
C007875,Z17,Sur,suburbana,56619,41.0,F,Soltero/a,2,Prepago,Gama alta,,44.0,0
C007876,Z05,Este,urbana_premium,94471,35.0,M,Soltero/a,3,Premium,Gama alta,9954.0,112.0,0
C007877,Z20,Oeste,suburbana,46953,28.0,M,Casado/a,1,Prepago,Gama media,1795.0,23.0,1
C007878,Z26,Oeste,urbana_premium,107159,33.0,F,Soltero/a,3,Prepago,Gama media,2338.0,12.0,0
C007879,Z29,Oeste,urbana_premium,67334,41.0,F,Soltero/a,3,Premium,Gama alta,,64.0,0
C007880,Z99,Oeste,urbana_premium,67334,36.0,M,Casado/a,4,Premium,Gama alta,3068.0,33.0,0
C007881,Z09,Norte,urbana_premium,102625,19.0,F,n/a,3,Contrato,Gama media,3885.0,1.0,0
C007882,Z02,Oeste,suburbana,46400,37.0,M,Soltero/a,1,Premium,Gama media,2534.0,19.0,0
C007883,Z11,Oeste,suburbana,41163,34.0,F,Casado/a,3,Prepago,Gama media,4020.0,23.0,0
C007884,Z22,Este,suburbana,53534,42.0,F,Casado/a,1,Contrato,Gama alta,3083.0,,1
C007885,Z03,Sur,rural,16530,46.0,M,Soltero/a,2,Contrato,Gama baja,1660.0,53.0,0
C007886,Z11,Oeste,suburbana,41163,35.0,M,Soltero/a,2,Premium,Gama alta,2751.0,16.0,0
C007887,Z99,Norte,urbana_premium,102625,31.0,M,Soltero/a,3,Premium,Gama alta,3492.0,92.0,0
C007888,Z08,Sur,rural,17023,46.0,F,Casado/a,1,Premium,Gama media,3475.0,46.0,0
C007889,Z22,Este,suburbana,53534,52.0,M,Casado/a,1,Contrato,Gama alta,4048.0,27.0,0
C007890,Z21,Centro,rural,19103,48.0,M,Casado/a,2,Contrato,Gama media,2990.0,-4.0,0
C007891,Z17,Sur,suburbana,56619,57.0,F,Casado/a,1,Contrato,Gama alta,2319.0,31.0,0
C007892,Z28,Sur,urbana_premium,64486,50.0,M,Casado/a,3,Contrato,Gama media,4285.0,38.0,0
C007893,Z04,Centro,suburbana,55457,,M,Casado/a,1,Contrato,Gama media,1999.0,14.0,0
C007894,Z05,Este,urbana_premium,94471,52.0,F,Soltero/a,2,Premium,Gama media,4826.0,28.0,0
C007895,Z13,Este,suburbana,37333,59.0,?,Soltero/a,2,Contrato,Gama media,4579.0,41.0,0
C007896,Z21,Centro,rural,19103,31.0,F,Soltero/a,2,Premium,Gama baja,1122.0,41.0,1
C007897,Z18,Sur,urbana_premium,56342,44.0,M,Casado/a,2,Premium,Gama media,3730.0,29.0,0
C007898,Z04,Centro,suburbana,55457,55.0,F,Casado/a,1,Contrato,Gama baja,2904.0,25.0,0
C007899,Z29,Oeste,urbana_premium,67334,53.0,F,Casado/a,3,Premium,Gama alta,5285.0,11.0,0
C007900,Z09,Norte,urbana_premium,102625,27.0,M,Soltero/a,3,Contrato,Gama media,3130.0,18.0,0
C007901,Z11,Oeste,suburbana,41163,48.0,F,Soltero/a,2,Contrato,Gama media,2426.0,,0
C007902,Z20,Oeste,suburbana,46953,41.0,M,Soltero/a,2,Premium,Gama alta,3173.0,26.0,1
C007903,Z29,Oeste,urbana_premium,67334,58.0,M,Soltero/a,2,Contrato,Gama media,4767.0,11.0,0
C007904,Z21,Centro,rural,19103,28.0,F,Soltero/a,1,Contrato,Gama media,2512.0,-76.0,1
C007905,Z29,Oeste,urbana_premium,67334,27.0,M,desconocido,2,Premium,Gama alta,5246.0,13.0,0
C007906,Z06,Sur,rural,19752,23.0,F,Soltero/a,2,Premium,Gama alta,2975.0,38.0,0
C007907,Z20,Oeste,suburbana,46953,42.0,M,Soltero/a,2,Premium,Gama alta,2505.0,72.0,1
C007908,Z26,Oeste,urbana_premium,107159,63.0,M,Casado/a,5,Premium,Gama alta,3887.0,24.0,0
C007909,Z16,Este,urbana_premium,72683,35.0,M,Soltero/a,3,Premium,Gama alta,4673.0,7.0,0
C007910,Z12,Norte,rural,11707,46.0,M,Soltero/a,1,Prepago,Gama media,1772.0,28.0,1
C007911,Z30,Centro,suburbana,33966,,F,Casado/a,2,Prepago,Gama media,2368.0,17.0,0
C007912,Z05,Este,urbana_premium,94471,35.0,F,Soltero/a,3,Prepago,Gama media,2315.0,17.0,0
C007913,Z15,Oeste,suburbana,62939,44.0,F,Soltero/a,1,Prepago,Gama media,4541.0,43.0,0
C007914,Z28,Sur,urbana_premium,64486,41.0,M,Divorciado/a,3,Prepago,Gama alta,8239.0,43.0,0
C007915,Z28,Sur,urbana_premium,64486,26.0,M,Soltero/a,3,Prepago,Gama alta,3044.0,22.0,0
C007916,Z30,Centro,suburbana,33966,39.0,M,Divorciado/a,2,Premium,Gama alta,3676.0,27.0,0
C007917,Z28,Sur,urbana_premium,64486,45.0,M,Divorciado/a,3,Prepago,Gama media,5976.0,30.0,0
C007918,Z03,Sur,rural,16530,56.0,M,Casado/a,3,Prepago,Gama baja,1556.0,15.0,0
C007919,Z29,Oeste,urbana_premium,67334,52.0,M,Divorciado/a,3,Premium,Gama alta,4361.0,32.0,1
C007920,Z15,Oeste,suburbana,62939,44.0,M,Casado/a,3,Premium,Gama media,4786.0,21.0,1
C007921,Z20,Oeste,suburbana,46953,44.0,F,Casado/a,3,Prepago,Gama media,2744.0,76.0,0
C007922,Z13,Este,suburbana,37333,49.0,M,Soltero/a,2,Premium,Gama media,2928.0,21.0,0
C007923,Z26,Oeste,urbana_premium,107159,29.0,M,Soltero/a,2,Prepago,Gama media,6274.0,21.0,0
C007924,Z18,Sur,urbana_premium,56342,28.0,M,Soltero/a,2,Premium,Gama media,3337.0,44.0,0
C007925,Z27,Norte,suburbana,42704,39.0,NA,Soltero/a,2,Premium,Gama media,2466.0,52.0,0
C007926,Z06,Sur,rural,19752,30.0,F,Soltero/a,2,Premium,Gama media,2202.0,22.0,1
C007927,Z06,Sur,rural,19752,50.0,M,Soltero/a,1,Prepago,Gama media,4445.0,3.0,0
C007928,Z15,Oeste,suburbana,62939,53.0,F,Divorciado/a,2,Premium,Gama media,3992.0,55.0,0
C007929,Z01,Centro,rural,16625,36.0,F,Casado/a,3,Prepago,Gama media,2841.0,52.0,0
C007930,Z22,Este,suburbana,53534,45.0,M,Soltero/a,1,Contrato,Gama media,3635.0,31.0,0
C007931,Z09,Norte,urbana_premium,102625,28.0,M,Soltero/a,3,Premium,Gama media,2628.0,7.0,0
C007932,Z17,Sur,suburbana,56619,28.0,F,Soltero/a,1,Premium,Gama alta,3686.0,19.0,0
C007933,Z04,Centro,suburbana,55457,65.0,M,Casado/a,4,Contrato,Gama media,,13.0,0
C007934,Z05,Este,urbana_premium,94471,24.0,M,Soltero/a,3,Premium,Gama media,3644.0,23.0,0
C007935,Z20,Oeste,suburbana,46953,25.0,F,Soltero/a,1,Prepago,Gama baja,2788.0,24.0,0
C007936,Z09,Norte,urbana_premium,102625,39.0,M,Casado/a,2,Prepago,Gama alta,5434.0,75.0,0
C007937,Z08,Sur,rural,17023,48.0,F,Casado/a,4,Premium,Gama media,4500.0,23.0,0
C007938,Z09,Norte,urbana_premium,102625,44.0,F,Soltero/a,3,Premium,Gama media,2842.0,61.0,0
C007939,Z99,Sur,rural,17023,69.0,F,Casado/a,2,Premium,Gama media,3455.0,55.0,0
C007940,Z20,Oeste,suburbana,46953,31.0,F,Casado/a,4,Contrato,Gama media,2898.0,8.0,0
C007941,Z05,Este,urbana_premium,94471,29.0,F,Casado/a,5,Contrato,Gama alta,5175.0,5.0,0
C007942,Z12,Norte,rural,11707,64.0,M,Soltero/a,1,Contrato,Gama alta,2674.0,18.0,0
C007943,Z22,Este,suburbana,53534,51.0,F,Casado/a,3,Prepago,Gama media,2494.0,39.0,0
C007944,Z16,Este,urbana_premium,72683,,M,Divorciado/a,2,Premium,Gama media,3185.0,58.0,0
C007945,Z18,Sur,urbana_premium,56342,29.0,M,Soltero/a,3,Premium,Gama alta,3687.0,64.0,0
C007946,Z09,Norte,urbana_premium,102625,50.0,F,Casado/a,3,Premium,Gama media,4507.0,33.0,0
C007947,Z29,Oeste,urbana_premium,67334,46.0,F,Soltero/a,3,Premium,Gama alta,4731.0,59.0,0
C007948,Z15,Oeste,suburbana,62939,42.0,F,Soltero/a,2,Prepago,Gama media,8760.0,8.0,0
C007949,Z09,Norte,urbana_premium,102625,29.0,F,Soltero/a,2,Premium,Gama media,4817.0,13.0,0
C007950,Z28,Sur,urbana_premium,64486,37.0,M,Soltero/a,2,Premium,Gama alta,2528.0,23.0,1
C007951,Z21,Centro,rural,19103,65.0,F,Casado/a,2,Premium,Gama alta,3752.0,43.0,0
C007952,Z19,Este,rural,12655,,M,Soltero/a,2,Prepago,Gama media,2977.0,20.0,0
C007953,Z28,Sur,urbana_premium,64486,26.0,M,Soltero/a,3,Premium,Gama alta,3765.0,26.0,0
C007954,Z03,Sur,rural,16530,37.0,M,Divorciado/a,2,Prepago,Gama baja,1640.0,24.0,0
C007955,Z27,Norte,suburbana,42704,35.0,F,Casado/a,1,Premium,Gama baja,2816.0,31.0,0
C007956,Z22,Este,suburbana,53534,40.0,F,Casado/a,1,Premium,Gama media,4678.0,83.0,0
C007957,Z11,Oeste,suburbana,41163,52.0,F,Casado/a,3,Contrato,Gama alta,3697.0,8.0,0
C007958,Z09,Norte,urbana_premium,102625,42.0,F,Soltero/a,2,Premium,Gama alta,6412.0,23.0,1
C007959,Z04,Centro,suburbana,55457,41.0,M,Casado/a,3,Premium,Gama media,4902.0,27.0,1
C007960,Z29,Oeste,urbana_premium,67334,39.0,M,Soltero/a,2,Premium,Gama alta,4285.0,69.0,0
C007961,Z05,Este,urbana_premium,94471,43.0,M,Casado/a,2,Premium,Gama media,1324.0,82.0,0
C007962,Z09,Norte,urbana_premium,102625,18.0,M,Soltero/a,3,Premium,Gama media,2907.0,69.0,0
C007963,Z22,Este,suburbana,53534,53.0,F,Divorciado/a,1,Premium,Gama media,1810.0,,1
C007964,Z22,Este,suburbana,53534,30.0,M,Casado/a,4,Prepago,Gama alta,5099.0,18.0,0
C007965,Z05,Este,urbana_premium,94471,31.0,F,Soltero/a,3,Premium,Gama alta,4772.0,39.0,0
C007966,Z26,Oeste,urbana_premium,107159,40.0,M,Casado/a,3,Premium,Gama media,3695.0,85.0,0
C007967,Z16,Este,urbana_premium,72683,35.0,M,Soltero/a,2,Premium,Gama alta,3320.0,48.0,1
C007968,Z27,Norte,suburbana,42704,46.0,F,Soltero/a,1,Prepago,Gama media,4534.0,32.0,0
C007969,Z04,Centro,suburbana,55457,,F,Soltero/a,1,Prepago,Gama media,2265.0,23.0,0
C007970,Z02,Oeste,suburbana,46400,37.0,M,Soltero/a,2,Premium,Gama media,1974.0,36.0,0
C007971,Z20,Oeste,suburbana,46953,58.0,F,Casado/a,3,Prepago,Gama media,1916.0,5.0,0
C007972,Z05,Este,urbana_premium,94471,44.0,F,Soltero/a,3,Premium,Gama alta,4135.0,50.0,0
C007973,Z99,Sur,suburbana,56619,44.0,M,Casado/a,2,Premium,Gama alta,2331.0,34.0,1
C007974,Z02,Oeste,suburbana,46400,48.0,?,Casado/a,3,Premium,Gama alta,4395.0,60.0,0
C007975,Z26,Oeste,urbana_premium,107159,28.0,F,Soltero/a,3,Premium,Gama alta,3957.0,42.0,1
C007976,Z28,Sur,urbana_premium,64486,62.0,M,Casado/a,2,Premium,Gama media,2431.0,79.0,1
C007977,Z27,Norte,suburbana,42704,27.0,M,Soltero/a,1,Prepago,Gama baja,2831.0,13.0,0
C007978,Z29,Oeste,urbana_premium,67334,37.0,M,Soltero/a,2,Premium,Gama media,2806.0,9.0,0
C007979,Z28,Sur,urbana_premium,64486,33.0,F,Casado/a,4,Contrato,Gama media,3772.0,16.0,0
C007980,Z15,Oeste,suburbana,62939,36.0,F,Soltero/a,1,Contrato,Gama alta,,16.0,0
C007981,Z13,Este,suburbana,37333,35.0,M,Soltero/a,2,Premium,Gama media,2902.0,51.0,0
C007982,Z28,Sur,urbana_premium,64486,27.0,F,Soltero/a,3,Premium,Gama alta,3110.0,45.0,0
C007983,Z29,Oeste,urbana_premium,67334,50.0,F,Casado/a,2,Premium,Gama alta,4586.0,89.0,0
C007984,Z29,Oeste,urbana_premium,67334,22.0,M,Soltero/a,2,Premium,Gama media,3379.0,14.0,0
C007985,Z26,Oeste,urbana_premium,107159,48.0,F,Soltero/a,3,Premium,Gama alta,4729.0,39.0,0
C007986,Z07,Centro,rural,15473,53.0,F,Casado/a,4,Contrato,Gama media,2667.0,42.0,0
C007987,Z29,Oeste,urbana_premium,67334,31.0,F,Soltero/a,3,Premium,Gama media,2710.0,14.0,0
C007988,Z29,Oeste,urbana_premium,67334,42.0,F,Casado/a,4,Premium,Gama media,2474.0,12.0,0
C007989,Z21,Centro,rural,19103,43.0,M,Soltero/a,1,Premium,Gama media,2087.0,27.0,0
C007990,Z27,Norte,suburbana,42704,27.0,M,Soltero/a,2,Premium,Gama media,3520.0,18.0,1
C007991,Z17,Sur,suburbana,56619,27.0,M,Soltero/a,1,Premium,Gama media,5585.0,57.0,0
C007992,Z29,Oeste,urbana_premium,67334,44.0,F,Casado/a,2,Premium,Gama media,2632.0,74.0,0
C007993,Z04,Centro,suburbana,55457,47.0,M,Casado/a,4,Prepago,Gama media,2138.0,68.0,0
C007994,Z27,Norte,suburbana,42704,43.0,F,Casado/a,2,Premium,Gama media,4275.0,35.0,0
C007995,Z03,Sur,rural,16530,40.0,F,Casado/a,1,Premium,Gama media,2527.0,11.0,1
C007996,Z11,Oeste,suburbana,41163,38.0,M,Soltero/a,2,Contrato,Gama media,2847.0,11.0,0
C007997,Z05,Este,urbana_premium,94471,32.0,F,Casado/a,3,Premium,Gama alta,4923.0,26.0,0
C007998,Z16,Este,urbana_premium,72683,18.0,M,Casado/a,2,Premium,Gama media,6007.0,11.0,1
C007999,Z09,Norte,urbana_premium,102625,37.0,M,Soltero/a,3,Premium,Gama alta,5593.0,52.0,0
C008000,Z29,Oeste,urbana_premium,67334,42.0,F,Casado/a,4,Prepago,Gama alta,3042.0,4.0,0
C008001,Z17,Sur,suburbana,56619,41.0,M,Divorciado/a,1,Premium,Gama alta,3532.0,17.0,1
C008002,Z28,Sur,urbana_premium,64486,57.0,M,Casado/a,2,Prepago,Gama alta,5778.0,15.0,0
C008003,Z09,Norte,urbana_premium,102625,24.0,F,Soltero/a,2,Premium,Gama media,3515.0,78.0,1
C008004,Z02,Oeste,suburbana,46400,32.0,F,Soltero/a,2,Contrato,Gama alta,3452.0,16.0,0
C008005,Z26,Oeste,urbana_premium,107159,38.0,F,Casado/a,5,Prepago,Gama media,3168.0,27.0,0
C008006,Z22,Este,suburbana,53534,43.0,X,Soltero/a,1,Prepago,Gama baja,2170.0,27.0,0
C008007,Z17,Sur,suburbana,56619,18.0,M,Soltero/a,1,Premium,Gama alta,3503.0,33.0,0
C008008,Z26,Oeste,urbana_premium,107159,43.0,M,Casado/a,4,Prepago,Gama alta,5377.0,47.0,1
C008009,Z27,Norte,suburbana,42704,43.0,M,Casado/a,1,Prepago,Gama media,3961.0,23.0,1
C008010,Z18,Sur,urbana_premium,56342,18.0,X,Soltero/a,3,Premium,Gama alta,2439.0,,0
C008011,Z29,Oeste,urbana_premium,67334,35.0,M,Soltero/a,3,Premium,Gama baja,6169.0,20.0,0
C008012,Z23,Norte,rural,20553,35.0,F,Casado/a,2,Contrato,Gama media,2898.0,29.0,0
C008013,Z22,Este,suburbana,53534,35.0,M,Soltero/a,2,Premium,Gama media,4507.0,18.0,1
C008014,Z12,Norte,rural,11707,29.0,F,Casado/a,2,Prepago,Gama media,1710.0,16.0,0
C008015,Z01,Centro,rural,16625,50.0,M,Divorciado/a,1,Premium,Gama media,3180.0,28.0,1
C008016,Z09,Norte,urbana_premium,102625,57.0,M,Divorciado/a,2,Contrato,Gama media,4888.0,48.0,0
C008017,Z26,Oeste,urbana_premium,107159,39.0,M,Soltero/a,3,Prepago,Gama media,2511.0,5.0,0
C008018,Z22,Este,suburbana,53534,18.0,F,Soltero/a,2,Premium,Gama alta,3554.0,11.0,0
C008019,Z11,Oeste,suburbana,41163,43.0,F,Soltero/a,1,Premium,Gama media,2124.0,30.0,1
C008020,Z20,Oeste,suburbana,46953,38.0,F,Soltero/a,1,Premium,Gama media,3065.0,55.0,0
C008021,Z06,Sur,rural,19752,32.0,M,Soltero/a,2,Contrato,Gama alta,5345.0,34.0,0
C008022,Z09,Norte,urbana_premium,102625,40.0,F,Soltero/a,3,Premium,Gama media,4333.0,81.0,1
C008023,Z29,Oeste,urbana_premium,67334,47.0,F,Soltero/a,2,Prepago,Gama media,3763.0,25.0,0
C008024,Z15,Oeste,suburbana,62939,32.0,M,Soltero/a,1,Prepago,Gama baja,1814.0,3.0,1
C008025,Z09,Norte,urbana_premium,102625,18.0,F,Soltero/a,3,Premium,Gama alta,4334.0,50.0,0
C008026,Z16,Este,urbana_premium,72683,18.0,F,Casado/a,5,Premium,Gama alta,3714.0,96.0,1
C008027,Z13,Este,suburbana,37333,32.0,F,Soltero/a,1,Prepago,Gama baja,,20.0,0
C008028,Z24,Centro,rural,12558,43.0,F,Casado/a,3,Prepago,Gama baja,1622.0,44.0,0
C008029,Z29,Oeste,urbana_premium,67334,30.0,M,Soltero/a,3,Prepago,Gama alta,5349.0,36.0,0
C008030,Z18,Sur,urbana_premium,56342,28.0,M,Casado/a,5,Premium,Gama alta,6156.0,35.0,1
C008031,Z18,Sur,urbana_premium,56342,43.0,M,Soltero/a,3,Premium,Gama alta,4020.0,31.0,0
C008032,Z12,Norte,rural,11707,51.0,M,Casado/a,1,Premium,Gama media,3385.0,34.0,0
C008033,Z18,Sur,urbana_premium,56342,38.0,M,Soltero/a,3,Premium,Gama alta,3965.0,114.0,1
C008034,Z10,Este,suburbana,27514,50.0,M,Casado/a,4,Premium,Gama media,2342.0,14.0,0
C008035,Z01,Centro,rural,16625,37.0,F,Casado/a,4,Premium,Gama alta,5135.0,34.0,0
C008036,Z27,Norte,suburbana,42704,27.0,F,Soltero/a,1,Contrato,Gama baja,1862.0,7.0,0
C008037,Z15,Oeste,suburbana,62939,34.0,F,Soltero/a,1,Contrato,Gama media,3540.0,38.0,0
C008038,Z16,Este,urbana_premium,72683,29.0,F,Soltero/a,3,Contrato,Gama media,3121.0,12.0,0
C008039,Z04,Centro,suburbana,55457,18.0,M,Soltero/a,1,Contrato,Gama media,2838.0,18.0,0
C008040,Z27,Norte,suburbana,42704,,M,Soltero/a,1,Contrato,Gama media,5323.0,8.0,0
C008041,Z05,Este,urbana_premium,94471,49.0,F,Casado/a,3,Premium,Gama media,3981.0,55.0,0
C008042,Z15,Oeste,suburbana,62939,50.0,F,Soltero/a,2,Contrato,Gama media,2725.0,40.0,0
C008043,Z27,Norte,suburbana,42704,46.0,M,Casado/a,1,Contrato,Gama media,2521.0,21.0,0
C008044,Z15,Oeste,suburbana,62939,42.0,F,Soltero/a,1,Prepago,Gama media,3716.0,27.0,0
C008045,Z29,Oeste,urbana_premium,67334,53.0,M,Casado/a,3,Premium,Gama media,2814.0,8.0,0
C008046,Z07,Centro,rural,15473,32.0,F,Soltero/a,1,Prepago,Gama alta,2457.0,33.0,0
C008047,Z23,Norte,rural,20553,,F,Soltero/a,1,Contrato,Gama media,2268.0,23.0,1
C008048,Z30,Centro,suburbana,33966,53.0,M,Casado/a,4,Premium,Gama media,2321.0,-21.0,0
C008049,Z17,Sur,suburbana,56619,40.0,F,Casado/a,2,Prepago,Gama media,1849.0,,1
C008050,Z22,Este,suburbana,53534,32.0,M,Soltero/a,1,Premium,Gama alta,3089.0,17.0,0
C008051,Z13,Este,suburbana,37333,47.0,M,Casado/a,1,Premium,Gama media,2679.0,6.0,0
C008052,Z26,Oeste,urbana_premium,107159,31.0,M,n/a,4,Premium,Gama media,4238.0,90.0,0
C008053,Z28,Sur,urbana_premium,64486,26.0,F,Soltero/a,3,Contrato,Gama media,1835.0,23.0,1
C008054,Z22,Este,suburbana,53534,30.0,F,Soltero/a,2,Premium,Gama media,2599.0,21.0,0
C008055,Z29,Oeste,urbana_premium,67334,40.0,F,Soltero/a,2,Premium,Gama media,5282.0,120.0,0
C008056,Z18,Sur,urbana_premium,56342,38.0,F,Soltero/a,3,Prepago,Gama media,2200.0,39.0,1
C008057,Z18,Sur,urbana_premium,56342,54.0,M,Casado/a,3,Prepago,Gama alta,7552.0,30.0,1
C008058,Z09,Norte,urbana_premium,102625,33.0,F,Soltero/a,2,Prepago,Gama media,4449.0,10.0,0
C008059,Z99,Este,suburbana,53534,36.0,M,Casado/a,3,Premium,Gama media,2903.0,55.0,1
C008060,Z28,Sur,urbana_premium,64486,53.0,F,Soltero/a,2,Premium,Gama alta,,25.0,0
C008061,Z20,Oeste,suburbana,46953,52.0,M,Soltero/a,2,Contrato,Gama media,2263.0,34.0,0
C008062,Z09,Norte,urbana_premium,102625,38.0,F,Casado/a,3,Contrato,Gama alta,6436.0,25.0,1
C008063,Z17,Sur,suburbana,56619,21.0,F,Soltero/a,1,Contrato,Gama alta,3247.0,8.0,0
C008064,Z26,Oeste,urbana_premium,107159,26.0,M,Soltero/a,2,Premium,Gama alta,4008.0,57.0,0
C008065,Z29,Oeste,urbana_premium,67334,23.0,F,Soltero/a,2,Contrato,Gama alta,5563.0,119.0,0
C008066,Z05,Este,urbana_premium,94471,36.0,F,Casado/a,2,Premium,Gama alta,4485.0,32.0,1
C008067,Z05,Este,urbana_premium,94471,30.0,M,Casado/a,4,Prepago,Gama media,3087.0,23.0,0
C008068,Z15,Oeste,suburbana,62939,59.0,M,Divorciado/a,2,Premium,Gama alta,3014.0,37.0,1
C008069,Z05,Este,urbana_premium,94471,18.0,F,Soltero/a,3,Contrato,Gama media,4776.0,37.0,0
C008070,Z30,Centro,suburbana,33966,26.0,?,Soltero/a,2,Premium,Gama media,3113.0,25.0,0
C008071,Z15,Oeste,suburbana,62939,43.0,M,Casado/a,2,Premium,Gama media,1903.0,31.0,1
C008072,Z17,Sur,suburbana,56619,46.0,F,Casado/a,4,Prepago,Gama media,4977.0,33.0,1
C008073,Z09,Norte,urbana_premium,102625,,F,Soltero/a,2,Premium,Gama media,4141.0,32.0,0
C008074,Z15,Oeste,suburbana,62939,19.0,M,Soltero/a,2,Prepago,Gama media,2655.0,46.0,0
C008075,Z30,Centro,suburbana,33966,37.0,F,Soltero/a,1,Premium,Gama alta,3828.0,58.0,0
C008076,Z16,Este,urbana_premium,72683,52.0,F,Casado/a,5,Premium,Gama alta,3292.0,38.0,0
C008077,Z01,Centro,rural,16625,68.0,F,Casado/a,2,Contrato,Gama baja,1388.0,50.0,0
C008078,Z09,Norte,urbana_premium,102625,31.0,F,Soltero/a,2,Premium,Gama media,3906.0,56.0,0
C008079,Z30,Centro,suburbana,33966,38.0,M,Casado/a,1,Prepago,Gama media,3851.0,17.0,0
C008080,Z30,Centro,suburbana,33966,30.0,M,Soltero/a,1,Contrato,Gama media,2771.0,21.0,0
C008081,Z07,Centro,rural,15473,53.0,F,Soltero/a,1,Premium,Gama baja,2187.0,65.0,0
C008082,Z19,Este,rural,12655,63.0,F,Casado/a,3,Prepago,Gama media,2222.0,50.0,0
C008083,Z04,Centro,suburbana,55457,55.0,F,Soltero/a,1,Prepago,Gama media,2937.0,18.0,0
C008084,Z18,Sur,urbana_premium,56342,36.0,F,desconocido,2,Premium,Gama alta,4115.0,21.0,0
C008085,Z05,Este,urbana_premium,94471,26.0,M,Soltero/a,2,Premium,Gama alta,5167.0,16.0,1
C008086,Z26,Oeste,urbana_premium,107159,,F,Soltero/a,3,Premium,Gama media,5057.0,41.0,0
C008087,Z29,Oeste,urbana_premium,67334,53.0,M,Soltero/a,3,Contrato,Gama alta,7959.0,12.0,1
C008088,Z05,Este,urbana_premium,94471,31.0,F,Soltero/a,3,Premium,Gama alta,7194.0,22.0,0
C008089,Z16,Este,urbana_premium,72683,18.0,F,Soltero/a,3,Premium,Gama alta,2891.0,12.0,0
C008090,Z04,Centro,suburbana,55457,36.0,F,Casado/a,2,Contrato,Gama media,2809.0,28.0,1
C008091,Z99,Oeste,suburbana,41163,37.0,M,Soltero/a,1,Contrato,Gama media,,13.0,0
C008092,Z04,Centro,suburbana,55457,18.0,F,Soltero/a,1,Contrato,Gama baja,1625.0,16.0,0
C008093,Z09,Norte,urbana_premium,102625,39.0,M,Soltero/a,3,Contrato,Gama media,4360.0,28.0,0
C008094,Z30,Centro,suburbana,33966,46.0,M,Soltero/a,2,Premium,Gama media,2254.0,46.0,0
C008095,Z02,Oeste,suburbana,46400,62.0,M,Casado/a,1,Prepago,Gama alta,2985.0,20.0,0
C008096,Z27,Norte,suburbana,42704,24.0,M,Soltero/a,2,Contrato,Gama media,3054.0,31.0,0
C008097,Z04,Centro,suburbana,55457,49.0,M,Soltero/a,1,Prepago,Gama media,1637.0,4.0,0
C008098,Z17,Sur,suburbana,56619,52.0,M,Soltero/a,1,Premium,Gama alta,7089.0,40.0,0
C008099,Z15,Oeste,suburbana,62939,46.0,M,Soltero/a,1,Contrato,Gama baja,2517.0,26.0,0
C008100,Z29,Oeste,urbana_premium,67334,24.0,M,Casado/a,5,Premium,Gama alta,6459.0,47.0,1
C008101,Z07,Centro,rural,15473,32.0,F,Soltero/a,2,Prepago,Gama baja,1336.0,35.0,0
C008102,Z05,Este,urbana_premium,94471,37.0,F,Divorciado/a,3,Prepago,Gama media,3103.0,13.0,0
C008103,Z25,Oeste,rural,11763,46.0,M,Soltero/a,2,Prepago,Gama media,3113.0,49.0,0
C008104,Z23,Norte,rural,20553,38.0,M,Soltero/a,1,Prepago,Gama media,2163.0,120.0,0
C008105,Z22,Este,suburbana,53534,55.0,M,Divorciado/a,2,Premium,Gama media,3998.0,-24.0,1
C008106,Z02,Oeste,suburbana,46400,35.0,M,Soltero/a,2,Contrato,Gama alta,3773.0,46.0,0
C008107,Z09,Norte,urbana_premium,102625,18.0,F,Soltero/a,3,Prepago,Gama media,2902.0,22.0,0
C008108,Z27,Norte,suburbana,42704,37.0,F,Casado/a,1,Premium,Gama media,4637.0,19.0,1
C008109,Z18,Sur,urbana_premium,56342,42.0,M,Soltero/a,3,Premium,Gama alta,4743.0,72.0,1
C008110,Z18,Sur,urbana_premium,56342,40.0,M,Soltero/a,3,Contrato,Gama media,2336.0,19.0,0
C008111,Z09,Norte,urbana_premium,102625,40.0,M,Soltero/a,3,Premium,Gama media,4018.0,94.0,0
C008112,Z09,Norte,urbana_premium,102625,54.0,M,Casado/a,5,Premium,Gama alta,4868.0,23.0,0
C008113,Z29,Oeste,urbana_premium,67334,23.0,F,Casado/a,3,Premium,Gama alta,3740.0,53.0,1
C008114,Z23,Norte,rural,20553,40.0,F,Divorciado/a,1,Premium,Gama media,2389.0,56.0,0
C008115,Z05,Este,urbana_premium,94471,55.0,F,Soltero/a,3,Premium,Gama media,4592.0,-13.0,1
C008116,Z29,Oeste,urbana_premium,67334,18.0,F,Soltero/a,3,Premium,Gama media,2186.0,15.0,1
C008117,Z18,Sur,urbana_premium,56342,35.0,F,Casado/a,5,Prepago,Gama media,3610.0,15.0,0
C008118,Z11,Oeste,suburbana,41163,55.0,M,Casado/a,4,Prepago,Gama media,2646.0,16.0,0
C008119,Z13,Este,suburbana,37333,55.0,F,Casado/a,4,Contrato,Gama media,3929.0,63.0,0
C008120,Z23,Norte,rural,20553,53.0,F,Soltero/a,1,Prepago,Gama media,1928.0,120.0,0
C008121,Z13,Este,suburbana,37333,48.0,M,Casado/a,1,Premium,Gama alta,5962.0,22.0,0
C008122,Z18,Sur,urbana_premium,56342,24.0,F,Soltero/a,2,Premium,Gama media,3153.0,16.0,0
C008123,Z22,Este,suburbana,53534,56.0,M,Casado/a,1,Prepago,Gama media,2032.0,25.0,0
C008124,Z06,Sur,rural,19752,31.0,M,Soltero/a,2,Prepago,Gama media,3607.0,64.0,1
C008125,Z29,Oeste,urbana_premium,67334,22.0,F,Soltero/a,2,Contrato,Gama media,4765.0,14.0,1
C008126,Z11,Oeste,suburbana,41163,45.0,M,Casado/a,1,Premium,Gama alta,3444.0,10.0,1
C008127,Z15,Oeste,suburbana,62939,34.0,M,Divorciado/a,1,Contrato,Gama media,2763.0,27.0,0
C008128,Z22,Este,suburbana,53534,42.0,M,Casado/a,1,Contrato,Gama media,2657.0,32.0,1
C008129,Z19,Este,rural,12655,50.0,F,Soltero/a,1,Prepago,Gama media,2749.0,17.0,0
C008130,Z15,Oeste,suburbana,62939,61.0,F,Casado/a,3,Premium,Gama media,2464.0,65.0,0
C008131,Z20,Oeste,suburbana,46953,45.0,F,Soltero/a,2,Premium,Gama alta,5603.0,30.0,0
C008132,Z28,Sur,urbana_premium,64486,29.0,F,Soltero/a,3,Contrato,Gama media,4194.0,48.0,0
C008133,Z26,Oeste,urbana_premium,107159,44.0,M,Divorciado/a,2,Prepago,Gama alta,3510.0,4.0,0
C008134,Z26,Oeste,urbana_premium,107159,26.0,F,Soltero/a,3,Premium,Gama media,3338.0,18.0,0
C008135,Z09,Norte,urbana_premium,102625,,M,Casado/a,3,Premium,Gama media,2520.0,30.0,1
C008136,Z15,Oeste,suburbana,62939,41.0,M,Casado/a,3,Prepago,Gama baja,3848.0,27.0,0
C008137,Z17,Sur,suburbana,56619,45.0,F,Casado/a,3,Contrato,Gama media,2278.0,52.0,0
C008138,Z02,Oeste,suburbana,46400,19.0,M,Soltero/a,1,Prepago,Gama media,2850.0,47.0,0
C008139,Z26,Oeste,urbana_premium,107159,18.0,F,Soltero/a,2,Premium,Gama alta,9336.0,24.0,0
C008140,Z10,Este,suburbana,27514,22.0,M,Soltero/a,1,Contrato,Gama media,1586.0,14.0,0
C008141,Z09,Norte,urbana_premium,102625,57.0,F,Casado/a,2,Premium,Gama media,3697.0,32.0,1
C008142,Z09,Norte,urbana_premium,102625,22.0,M,Soltero/a,2,Contrato,Gama media,2371.0,32.0,0
C008143,Z99,Norte,urbana_premium,102625,45.0,F,Casado/a,3,Contrato,Gama media,3172.0,15.0,0
C008144,Z11,Oeste,suburbana,41163,32.0,F,Soltero/a,1,Contrato,Gama media,2836.0,49.0,0
C008145,Z18,Sur,urbana_premium,56342,33.0,M,Soltero/a,2,Premium,Gama media,2425.0,50.0,1
C008146,Z18,Sur,urbana_premium,56342,35.0,F,Soltero/a,2,Premium,Gama alta,4417.0,29.0,0
C008147,Z09,Norte,urbana_premium,102625,,F,Divorciado/a,3,Premium,Gama alta,6399.0,15.0,0
C008148,Z07,Centro,rural,15473,52.0,M,n/a,1,Contrato,Gama media,2608.0,54.0,0
C008149,Z26,Oeste,urbana_premium,107159,41.0,F,Casado/a,4,Contrato,Gama alta,5136.0,80.0,1
C008150,Z04,Centro,suburbana,55457,56.0,M,Casado/a,3,Premium,Gama alta,5263.0,40.0,0
C008151,Z16,Este,urbana_premium,72683,28.0,F,Soltero/a,3,Prepago,Gama media,4734.0,30.0,1
C008152,Z17,Sur,suburbana,56619,53.0,M,Casado/a,4,Prepago,Gama baja,1307.0,45.0,0
C008153,Z18,Sur,urbana_premium,56342,47.0,F,Soltero/a,2,Premium,Gama alta,,,1
C008154,Z28,Sur,urbana_premium,64486,47.0,M,Soltero/a,3,Contrato,Gama baja,1594.0,27.0,0
C008155,Z20,Oeste,suburbana,46953,38.0,F,Casado/a,4,Contrato,Gama media,2315.0,3.0,0
C008156,Z30,Centro,suburbana,33966,35.0,F,Soltero/a,1,Contrato,Gama baja,1764.0,34.0,0
C008157,Z28,Sur,urbana_premium,64486,26.0,F,Soltero/a,2,Premium,Gama alta,4211.0,42.0,1
C008158,Z08,Sur,rural,17023,35.0,F,Soltero/a,1,Prepago,Gama media,1696.0,17.0,0
C008159,Z09,Norte,urbana_premium,102625,25.0,F,Soltero/a,2,Premium,Gama alta,4252.0,34.0,0
C008160,Z11,Oeste,suburbana,41163,44.0,F,Casado/a,2,Contrato,Gama media,3918.0,41.0,1
C008161,Z13,Este,suburbana,37333,37.0,M,Casado/a,3,Contrato,Gama baja,2132.0,18.0,1
C008162,Z17,Sur,suburbana,56619,45.0,F,Soltero/a,2,Prepago,Gama alta,3255.0,23.0,0
C008163,Z09,Norte,urbana_premium,102625,42.0,F,Casado/a,4,Premium,Gama media,1531.0,29.0,0
C008164,Z08,Sur,rural,17023,32.0,M,Soltero/a,1,Prepago,Gama baja,1377.0,41.0,1
C008165,Z13,Este,suburbana,37333,27.0,F,Casado/a,4,Premium,Gama alta,4646.0,62.0,0
C008166,Z22,Este,suburbana,53534,37.0,M,Soltero/a,1,Contrato,Gama media,2189.0,37.0,1
C008167,Z22,Este,suburbana,53534,31.0,F,Soltero/a,1,Contrato,Gama media,2480.0,82.0,1
C008168,Z30,Centro,suburbana,33966,29.0,M,Casado/a,2,Contrato,Gama media,2239.0,19.0,0
C008169,Z07,Centro,rural,15473,65.0,F,Casado/a,3,Premium,Gama media,1266.0,29.0,1
C008170,Z13,Este,suburbana,37333,22.0,M,Soltero/a,2,Premium,Gama baja,2076.0,30.0,0
C008171,Z29,Oeste,urbana_premium,67334,60.0,M,Soltero/a,3,Contrato,Gama alta,,5.0,0
C008172,Z22,Este,suburbana,53534,43.0,F,Soltero/a,2,Premium,Gama media,2605.0,7.0,0
C008173,Z18,Sur,urbana_premium,56342,48.0,M,Casado/a,5,Premium,Gama alta,5573.0,16.0,0
C008174,Z17,Sur,suburbana,56619,50.0,M,Divorciado/a,1,Contrato,Gama media,2401.0,11.0,0
C008175,Z04,Centro,suburbana,55457,47.0,F,Soltero/a,2,Premium,Gama media,2968.0,23.0,1
C008176,Z28,Sur,urbana_premium,64486,56.0,F,Soltero/a,2,Premium,Gama media,3164.0,7.0,0
C008177,Z20,Oeste,suburbana,46953,27.0,F,Soltero/a,2,Premium,Gama media,4134.0,62.0,0
C008178,Z18,Sur,urbana_premium,56342,34.0,M,Soltero/a,2,Contrato,Gama media,2318.0,29.0,0
C008179,Z17,Sur,suburbana,56619,30.0,M,Casado/a,2,Premium,Gama alta,3523.0,-49.0,0
C008180,Z13,Este,suburbana,37333,20.0,F,Soltero/a,2,Contrato,Gama media,3435.0,22.0,1
C008181,Z09,Norte,urbana_premium,102625,28.0,F,Soltero/a,2,Prepago,Gama baja,2871.0,17.0,0
C008182,Z26,Oeste,urbana_premium,107159,58.0,F,Casado/a,3,Premium,Gama alta,3697.0,63.0,0
C008183,Z16,Este,urbana_premium,72683,34.0,M,Divorciado/a,2,Premium,Gama media,4383.0,55.0,1
C008184,Z02,Oeste,suburbana,46400,64.0,F,Casado/a,2,Prepago,Gama media,2340.0,15.0,0
C008185,Z13,Este,suburbana,37333,65.0,F,Casado/a,1,Contrato,Gama media,2323.0,14.0,1
C008186,Z29,Oeste,urbana_premium,67334,72.0,M,Soltero/a,2,Premium,Gama media,2489.0,78.0,0
C008187,Z13,Este,suburbana,37333,63.0,F,Casado/a,4,Contrato,Gama baja,6050.0,78.0,0
C008188,Z15,Oeste,suburbana,62939,68.0,M,Divorciado/a,1,Prepago,Gama media,2532.0,4.0,0
C008189,Z20,Oeste,suburbana,46953,44.0,F,Casado/a,4,Prepago,Gama media,1941.0,,0
C008190,Z26,Oeste,urbana_premium,107159,39.0,M,Divorciado/a,2,Prepago,Gama media,2061.0,14.0,0
C008191,Z21,Centro,rural,19103,49.0,F,Casado/a,2,Prepago,Gama baja,1753.0,18.0,0
C008192,Z27,Norte,suburbana,42704,40.0,F,Casado/a,3,Prepago,Gama baja,,26.0,0
C008193,Z05,Este,urbana_premium,94471,38.0,M,Soltero/a,3,Prepago,Gama media,3500.0,-49.0,0
C008194,Z29,Oeste,urbana_premium,67334,,F,Casado/a,2,Premium,Gama alta,4327.0,50.0,0
C008195,Z28,Sur,urbana_premium,64486,30.0,M,Soltero/a,3,Premium,Gama alta,4916.0,13.0,0
C008196,Z17,Sur,suburbana,56619,23.0,M,Soltero/a,2,Contrato,Gama media,2828.0,9.0,0
C008197,Z20,Oeste,suburbana,46953,44.0,?,Casado/a,4,Premium,Gama alta,2851.0,75.0,0
C008198,Z08,Sur,rural,17023,37.0,F,Soltero/a,1,Premium,Gama media,4016.0,15.0,0
C008199,Z15,Oeste,suburbana,62939,33.0,M,Soltero/a,1,Premium,Gama media,3858.0,21.0,0
C008200,Z07,Centro,rural,15473,43.0,M,Casado/a,1,Prepago,Gama media,2656.0,56.0,1
C008201,Z02,Oeste,suburbana,46400,36.0,M,Casado/a,2,Premium,Gama media,2644.0,33.0,0
C008202,Z30,Centro,suburbana,33966,53.0,M,Soltero/a,2,Premium,Gama media,3776.0,24.0,0
C008203,Z09,Norte,urbana_premium,102625,34.0,M,Casado/a,3,Premium,Gama alta,4330.0,14.0,0
C008204,Z18,Sur,urbana_premium,56342,,M,Casado/a,3,Premium,Gama media,4273.0,18.0,1
C008205,Z09,Norte,urbana_premium,102625,38.0,F,Casado/a,4,Premium,Gama media,4920.0,21.0,1
C008206,Z13,Este,suburbana,37333,39.0,M,Soltero/a,1,Premium,Gama baja,3341.0,44.0,0
C008207,Z13,Este,suburbana,37333,42.0,F,Casado/a,3,Prepago,Gama media,1752.0,20.0,1
C008208,Z11,Oeste,suburbana,41163,25.0,M,Casado/a,2,Premium,Gama media,3039.0,31.0,0
C008209,Z20,Oeste,suburbana,46953,44.0,F,Casado/a,2,Premium,Gama media,2018.0,24.0,0
C008210,Z29,Oeste,urbana_premium,67334,46.0,M,Soltero/a,3,Prepago,Gama media,4777.0,21.0,0
C008211,Z15,Oeste,suburbana,62939,52.0,M,Divorciado/a,2,Prepago,Gama baja,1722.0,13.0,0
C008212,Z30,Centro,suburbana,33966,24.0,F,Soltero/a,2,Contrato,Gama media,2949.0,39.0,0
C008213,Z21,Centro,rural,19103,27.0,M,Soltero/a,2,Contrato,Gama media,2369.0,28.0,0
C008214,Z18,Sur,urbana_premium,56342,30.0,M,Casado/a,2,Premium,Gama media,,17.0,0
C008215,Z09,Norte,urbana_premium,102625,,M,Casado/a,3,Prepago,Gama alta,3721.0,41.0,0
C008216,Z03,Sur,rural,16530,,F,Soltero/a,2,Prepago,Gama media,3037.0,10.0,0
C008217,Z27,Norte,suburbana,42704,31.0,M,Soltero/a,2,Premium,Gama media,2453.0,27.0,0
C008218,Z18,Sur,urbana_premium,56342,19.0,M,Soltero/a,2,Premium,Gama alta,4236.0,28.0,0
C008219,Z99,Oeste,suburbana,62939,32.0,M,Soltero/a,1,Premium,Gama media,3561.0,48.0,0
C008220,Z26,Oeste,urbana_premium,107159,27.0,F,Soltero/a,3,Premium,Gama alta,,16.0,0
C008221,Z10,Este,suburbana,27514,51.0,F,Casado/a,3,Prepago,Gama media,3024.0,5.0,0
C008222,Z26,Oeste,urbana_premium,107159,48.0,M,Casado/a,2,Prepago,Gama alta,3555.0,36.0,0
C008223,Z11,Oeste,suburbana,41163,27.0,M,Soltero/a,2,Premium,Gama alta,,53.0,0
C008224,Z29,Oeste,urbana_premium,67334,45.0,M,Casado/a,4,Prepago,Gama media,2183.0,,0
C008225,Z09,Norte,urbana_premium,102625,44.0,F,Casado/a,5,Prepago,Gama media,2339.0,120.0,0
C008226,Z05,Este,urbana_premium,94471,22.0,M,Soltero/a,3,Premium,Gama alta,5867.0,19.0,0
C008227,Z22,Este,suburbana,53534,39.0,F,Soltero/a,1,Premium,Gama alta,3884.0,67.0,0
C008228,Z05,Este,urbana_premium,94471,40.0,F,Soltero/a,2,Premium,Gama media,4134.0,53.0,0
C008229,Z29,Oeste,urbana_premium,67334,38.0,M,Soltero/a,2,Premium,Gama alta,5248.0,53.0,0
C008230,Z21,Centro,rural,19103,24.0,F,Soltero/a,1,Contrato,Gama alta,1460.0,48.0,0
C008231,Z09,Norte,urbana_premium,102625,38.0,F,Casado/a,3,Premium,Gama media,3535.0,20.0,1
C008232,Z07,Centro,rural,15473,53.0,M,Casado/a,4,Premium,Gama baja,2075.0,47.0,1
C008233,Z29,Oeste,urbana_premium,67334,55.0,M,Casado/a,3,Premium,Gama alta,2923.0,32.0,0
C008234,Z19,Este,rural,12655,37.0,M,Casado/a,1,Prepago,Gama media,1561.0,,0
C008235,Z28,Sur,urbana_premium,64486,29.0,M,Soltero/a,3,Premium,Gama alta,6067.0,28.0,0
C008236,Z05,Este,urbana_premium,94471,33.0,F,Casado/a,5,Premium,Gama media,3071.0,39.0,1
C008237,Z29,Oeste,urbana_premium,67334,39.0,F,Soltero/a,2,Contrato,Gama alta,4482.0,39.0,1
C008238,Z17,Sur,suburbana,56619,41.0,F,Soltero/a,1,Premium,Gama media,3349.0,16.0,0
C008239,Z21,Centro,rural,19103,,F,Casado/a,1,Prepago,Gama baja,3347.0,33.0,1
C008240,Z13,Este,suburbana,37333,26.0,M,Soltero/a,2,Premium,Gama alta,3854.0,60.0,0
C008241,Z03,Sur,rural,16530,50.0,M,Divorciado/a,1,Contrato,Gama media,2085.0,62.0,0
C008242,Z29,Oeste,urbana_premium,67334,27.0,F,Soltero/a,2,Contrato,Gama media,2458.0,38.0,0
C008243,Z99,Centro,suburbana,33966,38.0,M,Casado/a,3,Premium,Gama media,4074.0,18.0,0
C008244,Z12,Norte,rural,11707,65.0,M,Casado/a,4,Premium,Gama baja,3561.0,28.0,1
C008245,Z29,Oeste,urbana_premium,67334,19.0,F,Soltero/a,3,Premium,Gama media,9064.0,29.0,1
C008246,Z05,Este,urbana_premium,94471,33.0,F,Soltero/a,2,Premium,Gama alta,,46.0,0
C008247,Z05,Este,urbana_premium,94471,21.0,M,Soltero/a,2,Premium,Gama media,3061.0,61.0,1
C008248,Z04,Centro,suburbana,55457,42.0,F,Soltero/a,2,Prepago,Gama media,2495.0,47.0,0
C008249,Z13,Este,suburbana,37333,53.0,M,Casado/a,1,Contrato,Gama media,1441.0,41.0,0
C008250,Z03,Sur,rural,16530,47.0,F,Soltero/a,1,Premium,Gama media,1747.0,20.0,0
C008251,Z13,Este,suburbana,37333,39.0,F,Casado/a,1,Prepago,Gama media,1912.0,29.0,0
C008252,Z05,Este,urbana_premium,94471,52.0,F,Soltero/a,2,Premium,Gama alta,4702.0,16.0,0
C008253,Z24,Centro,rural,12558,49.0,M,Casado/a,1,Contrato,Gama alta,3246.0,47.0,0
C008254,Z26,Oeste,urbana_premium,107159,46.0,F,Soltero/a,2,Premium,Gama alta,8437.0,24.0,1
C008255,Z22,Este,suburbana,53534,49.0,M,Soltero/a,1,Prepago,Gama alta,8783.0,56.0,0
C008256,Z07,Centro,rural,15473,18.0,F,Soltero/a,1,Prepago,Gama media,2533.0,16.0,0
C008257,Z26,Oeste,urbana_premium,107159,35.0,F,Casado/a,5,Premium,Gama media,3121.0,16.0,0
C008258,Z09,Norte,urbana_premium,102625,23.0,M,Soltero/a,3,Prepago,Gama alta,3338.0,26.0,1
C008259,Z26,Oeste,urbana_premium,107159,26.0,F,Soltero/a,3,Contrato,Gama alta,3004.0,-14.0,0
C008260,Z18,Sur,urbana_premium,56342,54.0,M,Soltero/a,3,Premium,Gama alta,8693.0,58.0,0
C008261,Z12,Norte,rural,11707,41.0,F,Casado/a,1,Prepago,Gama media,900.0,26.0,0
C008262,Z04,Centro,suburbana,55457,63.0,F,Casado/a,2,Premium,Gama alta,5256.0,22.0,1
C008263,Z26,Oeste,urbana_premium,107159,19.0,M,Soltero/a,2,Premium,Gama media,2761.0,47.0,0
C008264,Z29,Oeste,urbana_premium,67334,23.0,F,Soltero/a,3,Premium,Gama media,3338.0,22.0,1
C008265,Z21,Centro,rural,19103,54.0,F,Casado/a,1,Contrato,Gama baja,941.0,40.0,0
C008266,Z29,Oeste,urbana_premium,67334,32.0,F,Casado/a,2,Premium,Gama media,5537.0,24.0,0
C008267,Z29,Oeste,urbana_premium,67334,40.0,F,Soltero/a,2,Premium,Gama alta,5052.0,18.0,0
C008268,Z06,Sur,rural,19752,44.0,M,Soltero/a,1,Premium,Gama baja,1583.0,11.0,0
C008269,Z24,Centro,rural,12558,43.0,F,Soltero/a,1,Contrato,Gama media,3421.0,25.0,0
C008270,Z11,Oeste,suburbana,41163,,M,Soltero/a,1,Prepago,Gama media,4106.0,16.0,0
C008271,Z16,Este,urbana_premium,72683,38.0,M,Soltero/a,3,Premium,Gama media,3179.0,34.0,0
C008272,Z05,Este,urbana_premium,94471,44.0,M,Casado/a,2,Prepago,Gama baja,1866.0,57.0,0
C008273,Z30,Centro,suburbana,33966,59.0,M,Soltero/a,2,Prepago,Gama media,2761.0,8.0,0
C008274,Z23,Norte,rural,20553,43.0,F,Soltero/a,2,Prepago,Gama media,3343.0,12.0,1
C008275,Z09,Norte,urbana_premium,102625,31.0,NA,Casado/a,5,Premium,Gama alta,2779.0,14.0,1
C008276,Z13,Este,suburbana,37333,34.0,F,Soltero/a,2,Contrato,Gama media,4352.0,11.0,0
C008277,Z15,Oeste,suburbana,62939,58.0,M,Casado/a,4,Prepago,Gama media,2206.0,7.0,0
C008278,Z25,Oeste,rural,11763,53.0,M,Casado/a,4,Premium,Gama media,2249.0,26.0,0
C008279,Z29,Oeste,urbana_premium,67334,18.0,F,Soltero/a,2,Premium,Gama media,2958.0,20.0,0
C008280,Z10,Este,suburbana,27514,18.0,F,Casado/a,2,Prepago,Gama baja,3149.0,58.0,0
C008281,Z16,Este,urbana_premium,72683,26.0,M,Soltero/a,2,Premium,Gama alta,5102.0,41.0,0
C008282,Z18,Sur,urbana_premium,56342,39.0,F,Casado/a,2,Premium,Gama alta,6773.0,52.0,0
C008283,Z13,Este,suburbana,37333,40.0,F,Soltero/a,2,Prepago,Gama media,3206.0,6.0,0
C008284,Z16,Este,urbana_premium,72683,42.0,M,Soltero/a,3,Prepago,Gama media,2218.0,14.0,0
C008285,Z04,Centro,suburbana,55457,,M,Casado/a,4,Premium,Gama alta,3719.0,33.0,1
C008286,Z05,Este,urbana_premium,94471,53.0,F,Soltero/a,2,Contrato,Gama alta,3449.0,15.0,0
C008287,Z14,Norte,rural,13074,54.0,M,Casado/a,2,Prepago,Gama media,2076.0,11.0,0
C008288,Z28,Sur,urbana_premium,64486,37.0,M,Divorciado/a,3,Premium,Gama media,3972.0,33.0,0
C008289,Z11,Oeste,suburbana,41163,54.0,M,Divorciado/a,2,Prepago,Gama media,,11.0,1
C008290,Z09,Norte,urbana_premium,102625,18.0,M,Soltero/a,2,Contrato,Gama media,,5.0,1
C008291,Z25,Oeste,rural,11763,44.0,F,Soltero/a,2,Prepago,Gama media,2845.0,24.0,0
C008292,Z29,Oeste,urbana_premium,67334,38.0,F,Soltero/a,2,Premium,Gama alta,4410.0,16.0,0
C008293,Z15,Oeste,suburbana,62939,47.0,F,Casado/a,2,Prepago,Gama media,3654.0,100.0,0
C008294,Z01,Centro,rural,16625,24.0,F,Soltero/a,2,Prepago,Gama media,,50.0,0
C008295,Z22,Este,suburbana,53534,37.0,F,Divorciado/a,1,Contrato,Gama media,1377.0,32.0,0
C008296,Z15,Oeste,suburbana,62939,45.0,F,Soltero/a,1,Contrato,Gama media,2598.0,31.0,0
C008297,Z22,Este,suburbana,53534,,F,Casado/a,3,Prepago,Gama baja,2826.0,59.0,0
C008298,Z09,Norte,urbana_premium,102625,50.0,F,Casado/a,3,Premium,Gama media,3508.0,50.0,0
C008299,Z01,Centro,rural,16625,54.0,M,Casado/a,3,Premium,Gama baja,1714.0,78.0,0
C008300,Z11,Oeste,suburbana,41163,39.0,M,Casado/a,2,Contrato,Gama media,2372.0,,0
C008301,Z22,Este,suburbana,53534,48.0,F,Casado/a,2,Prepago,Gama media,3578.0,14.0,0
C008302,Z13,Este,suburbana,37333,38.0,F,Soltero/a,1,Premium,Gama media,3503.0,8.0,0
C008303,Z08,Sur,rural,17023,47.0,M,Soltero/a,2,Prepago,Gama media,2348.0,69.0,0
C008304,Z16,Este,urbana_premium,72683,46.0,NA,Casado/a,4,Premium,Gama media,2693.0,,1
C008305,Z26,Oeste,urbana_premium,107159,35.0,F,Soltero/a,3,Premium,Gama media,5171.0,59.0,0
C008306,Z05,Este,urbana_premium,94471,40.0,F,Divorciado/a,2,Premium,Gama alta,5042.0,66.0,1
C008307,Z22,Este,suburbana,53534,52.0,F,Casado/a,4,Premium,Gama alta,4400.0,40.0,0
C008308,Z21,Centro,rural,19103,54.0,F,Casado/a,4,Prepago,Gama media,1766.0,23.0,0
C008309,Z13,Este,suburbana,37333,55.0,X,Divorciado/a,1,Premium,Gama alta,10609.0,53.0,1
C008310,Z29,Oeste,urbana_premium,67334,64.0,F,Soltero/a,2,Premium,Gama media,4134.0,15.0,1
C008311,Z28,Sur,urbana_premium,64486,44.0,F,Casado/a,4,Premium,Gama media,2936.0,22.0,0
C008312,Z10,Este,suburbana,27514,,M,Soltero/a,2,Contrato,Gama alta,6854.0,52.0,0
C008313,Z02,Oeste,suburbana,46400,46.0,M,Casado/a,3,Premium,Gama media,3873.0,55.0,0
C008314,Z10,Este,suburbana,27514,46.0,M,Soltero/a,1,Prepago,Gama media,3200.0,25.0,0
C008315,Z07,Centro,rural,15473,,F,Casado/a,2,Prepago,Gama media,2600.0,51.0,0
C008316,Z17,Sur,suburbana,56619,58.0,F,Casado/a,4,Contrato,Gama media,4670.0,12.0,0
C008317,Z28,Sur,urbana_premium,64486,18.0,?,Soltero/a,2,Premium,Gama alta,4181.0,42.0,0
C008318,Z28,Sur,urbana_premium,64486,54.0,F,Divorciado/a,3,Prepago,Gama media,2093.0,5.0,0
C008319,Z09,Norte,urbana_premium,102625,58.0,F,Casado/a,5,Contrato,Gama alta,3804.0,-44.0,0
C008320,Z15,Oeste,suburbana,62939,47.0,M,Soltero/a,2,Prepago,Gama media,4084.0,61.0,0
C008321,Z02,Oeste,suburbana,46400,47.0,M,Soltero/a,1,Contrato,Gama media,2932.0,60.0,0
C008322,Z17,Sur,suburbana,56619,37.0,F,Soltero/a,1,Prepago,Gama baja,2112.0,11.0,0
C008323,Z04,Centro,suburbana,55457,40.0,M,Soltero/a,1,Premium,Gama media,2943.0,73.0,0
C008324,Z29,Oeste,urbana_premium,67334,44.0,F,Soltero/a,3,Premium,Gama media,,24.0,1
C008325,Z27,Norte,suburbana,42704,48.0,F,Casado/a,2,Prepago,Gama media,4659.0,9.0,0
C008326,Z08,Sur,rural,17023,54.0,F,Casado/a,1,Prepago,Gama baja,1575.0,24.0,0
C008327,Z22,Este,suburbana,53534,48.0,M,Soltero/a,2,Contrato,Gama alta,1974.0,49.0,0
C008328,Z18,Sur,urbana_premium,56342,47.0,M,Divorciado/a,2,Premium,Gama alta,3750.0,83.0,0
C008329,Z26,Oeste,urbana_premium,107159,45.0,F,Soltero/a,3,Premium,Gama media,3003.0,-48.0,1
C008330,Z16,Este,urbana_premium,72683,24.0,M,Casado/a,5,Premium,Gama alta,3126.0,79.0,1
C008331,Z06,Sur,rural,19752,55.0,M,Casado/a,3,Premium,Gama media,2113.0,43.0,1
C008332,Z20,Oeste,suburbana,46953,62.0,M,Soltero/a,2,Contrato,Gama media,3898.0,9.0,0
C008333,Z04,Centro,suburbana,55457,40.0,F,Soltero/a,1,Prepago,Gama media,2219.0,31.0,0
C008334,Z18,Sur,urbana_premium,56342,54.0,M,desconocido,2,Premium,Gama media,2545.0,38.0,0
C008335,Z08,Sur,rural,17023,34.0,F,Soltero/a,2,Premium,Gama baja,1792.0,32.0,0
C008336,Z22,Este,suburbana,53534,40.0,M,Soltero/a,1,Prepago,Gama media,1755.0,18.0,0
C008337,Z26,Oeste,urbana_premium,107159,28.0,F,Soltero/a,2,Prepago,Gama media,3899.0,92.0,0
C008338,Z05,Este,urbana_premium,94471,53.0,F,Soltero/a,3,Premium,Gama media,3977.0,25.0,0
C008339,Z14,Norte,rural,13074,65.0,F,Soltero/a,2,Contrato,Gama alta,3306.0,2.0,0
C008340,Z24,Centro,rural,12558,44.0,F,Casado/a,1,Contrato,Gama baja,1603.0,32.0,0
C008341,Z05,Este,urbana_premium,94471,50.0,F,Casado/a,3,Prepago,Gama media,3996.0,39.0,0
C008342,Z18,Sur,urbana_premium,56342,56.0,F,Soltero/a,2,Premium,Gama alta,4304.0,22.0,1
C008343,Z22,Este,suburbana,53534,40.0,M,Casado/a,1,Prepago,Gama media,1734.0,13.0,0
C008344,Z11,Oeste,suburbana,41163,42.0,F,Casado/a,4,Premium,Gama alta,3219.0,69.0,0
C008345,Z26,Oeste,urbana_premium,107159,45.0,M,Casado/a,4,Premium,Gama media,4187.0,27.0,1
C008346,Z16,Este,urbana_premium,72683,26.0,M,Soltero/a,2,Premium,Gama alta,3660.0,25.0,1
C008347,Z20,Oeste,suburbana,46953,41.0,M,Casado/a,3,Prepago,Gama baja,1904.0,8.0,0
C008348,Z05,Este,urbana_premium,94471,62.0,M,Soltero/a,3,Prepago,Gama media,,20.0,0
C008349,Z02,Oeste,suburbana,46400,34.0,M,Casado/a,1,Premium,Gama baja,1503.0,95.0,0
C008350,Z03,Sur,rural,16530,55.0,F,Casado/a,3,Contrato,Gama media,2601.0,18.0,0
C008351,Z28,Sur,urbana_premium,64486,42.0,F,Divorciado/a,3,Premium,Gama alta,4962.0,5.0,0
C008352,Z28,Sur,urbana_premium,64486,34.0,M,Divorciado/a,2,Premium,Gama alta,3545.0,51.0,1
C008353,Z26,Oeste,urbana_premium,107159,39.0,M,Soltero/a,2,Premium,Gama baja,5990.0,45.0,0
C008354,Z07,Centro,rural,15473,66.0,F,Divorciado/a,1,Prepago,Gama media,1819.0,33.0,0
C008355,Z17,Sur,suburbana,56619,47.0,F,Soltero/a,1,Prepago,Gama media,2310.0,27.0,0
C008356,Z26,Oeste,urbana_premium,107159,45.0,F,Casado/a,2,Premium,Gama media,3472.0,26.0,1
C008357,Z22,Este,suburbana,53534,59.0,M,Divorciado/a,1,Premium,Gama media,6583.0,36.0,0
C008358,Z05,Este,urbana_premium,94471,33.0,F,n/a,3,Contrato,Gama media,3465.0,39.0,0
C008359,Z28,Sur,urbana_premium,64486,23.0,M,Soltero/a,3,Premium,Gama media,8104.0,63.0,0
C008360,Z05,Este,urbana_premium,94471,57.0,F,Casado/a,5,Contrato,Gama alta,3776.0,69.0,0
C008361,Z05,Este,urbana_premium,94471,38.0,M,Soltero/a,2,Prepago,Gama media,2886.0,27.0,1
C008362,Z28,Sur,urbana_premium,64486,47.0,M,Casado/a,3,Contrato,Gama alta,7582.0,42.0,0
C008363,Z16,Este,urbana_premium,72683,27.0,F,Soltero/a,2,Prepago,Gama baja,4083.0,36.0,0
C008364,Z13,Este,suburbana,37333,45.0,F,Soltero/a,2,Prepago,Gama baja,2689.0,22.0,0
C008365,Z17,Sur,suburbana,56619,27.0,M,Soltero/a,2,Premium,Gama alta,4029.0,28.0,1
C008366,Z30,Centro,suburbana,33966,41.0,M,Casado/a,1,Premium,Gama alta,4613.0,19.0,0
C008367,Z05,Este,urbana_premium,94471,28.0,F,Casado/a,5,Premium,Gama media,3123.0,16.0,0
C008368,Z26,Oeste,urbana_premium,107159,25.0,M,Soltero/a,3,Premium,Gama alta,5248.0,8.0,0
C008369,Z11,Oeste,suburbana,41163,36.0,F,Soltero/a,1,Premium,Gama baja,2754.0,48.0,0
C008370,Z05,Este,urbana_premium,94471,18.0,M,Soltero/a,3,Prepago,Gama media,2715.0,19.0,1
C008371,Z15,Oeste,suburbana,62939,26.0,M,Casado/a,2,Contrato,Gama media,2327.0,42.0,0
C008372,Z17,Sur,suburbana,56619,49.0,M,Casado/a,1,Contrato,Gama media,1978.0,18.0,1
C008373,Z07,Centro,rural,15473,49.0,F,Casado/a,2,Contrato,Gama media,2393.0,31.0,0
C008374,Z14,Norte,rural,13074,32.0,M,Soltero/a,1,Prepago,Gama media,2396.0,20.0,0
C008375,Z99,Oeste,suburbana,46953,47.0,M,Casado/a,2,Contrato,Gama media,4446.0,18.0,0
C008376,Z18,Sur,urbana_premium,56342,25.0,F,Soltero/a,2,Prepago,Gama alta,5187.0,27.0,0
C008377,Z23,Norte,rural,20553,,M,Casado/a,4,Premium,Gama media,2016.0,71.0,0
C008378,Z27,Norte,suburbana,42704,39.0,F,Soltero/a,2,Premium,Gama media,2786.0,14.0,0
C008379,Z14,Norte,rural,13074,41.0,M,Casado/a,4,Prepago,Gama baja,1850.0,44.0,0
C008380,Z15,Oeste,suburbana,62939,39.0,F,Casado/a,2,Premium,Gama media,,15.0,1
C008381,Z16,Este,urbana_premium,72683,67.0,M,Casado/a,2,Premium,Gama media,3543.0,29.0,1
C008382,Z18,Sur,urbana_premium,56342,27.0,F,Casado/a,3,Contrato,Gama media,3895.0,42.0,0
C008383,Z05,Este,urbana_premium,94471,39.0,F,Soltero/a,2,Premium,Gama alta,6385.0,48.0,0
C008384,Z10,Este,suburbana,27514,49.0,F,Casado/a,1,Contrato,Gama alta,5064.0,19.0,0
C008385,Z05,Este,urbana_premium,94471,24.0,F,Soltero/a,3,Prepago,Gama media,3076.0,46.0,0
C008386,Z13,Este,suburbana,37333,21.0,M,Soltero/a,1,Premium,Gama media,3912.0,47.0,1
C008387,Z30,Centro,suburbana,33966,33.0,M,Soltero/a,1,Contrato,Gama media,3747.0,,0
C008388,Z18,Sur,urbana_premium,56342,45.0,M,Casado/a,2,Premium,Gama media,3158.0,34.0,0
C008389,Z15,Oeste,suburbana,62939,36.0,F,Soltero/a,2,Premium,Gama alta,4886.0,70.0,0
C008390,Z18,Sur,urbana_premium,56342,33.0,M,Casado/a,2,Prepago,Gama media,2281.0,44.0,0
C008391,Z21,Centro,rural,19103,56.0,F,Casado/a,4,Prepago,Gama media,3383.0,22.0,1
C008392,Z15,Oeste,suburbana,62939,30.0,F,Soltero/a,2,Prepago,Gama alta,2861.0,10.0,0
C008393,Z15,Oeste,suburbana,62939,39.0,M,Casado/a,2,Contrato,Gama media,2049.0,24.0,0
C008394,Z22,Este,suburbana,53534,22.0,M,Soltero/a,2,Contrato,Gama alta,2795.0,40.0,0
C008395,Z03,Sur,rural,16530,49.0,F,Soltero/a,2,Premium,Gama alta,4480.0,43.0,1
C008396,Z17,Sur,suburbana,56619,43.0,M,Casado/a,1,Premium,Gama alta,7178.0,20.0,0
C008397,Z17,Sur,suburbana,56619,50.0,M,Casado/a,1,Prepago,Gama media,2270.0,44.0,0
C008398,Z26,Oeste,urbana_premium,107159,22.0,M,Soltero/a,3,Premium,Gama media,3776.0,67.0,0
C008399,Z30,Centro,suburbana,33966,38.0,F,Casado/a,1,Contrato,Gama media,,6.0,0
C008400,Z26,Oeste,urbana_premium,107159,21.0,F,Soltero/a,2,Premium,Gama media,3802.0,120.0,0
C008401,Z16,Este,urbana_premium,72683,33.0,M,Casado/a,4,Premium,Gama alta,6760.0,62.0,0
C008402,Z05,Este,urbana_premium,94471,54.0,M,Soltero/a,2,Prepago,Gama media,3338.0,16.0,0
C008403,Z18,Sur,urbana_premium,56342,32.0,F,Soltero/a,2,Premium,Gama media,2911.0,120.0,1
C008404,Z27,Norte,suburbana,42704,24.0,M,Soltero/a,1,Premium,Gama media,2551.0,39.0,0
C008405,Z29,Oeste,urbana_premium,67334,28.0,F,Soltero/a,2,Prepago,Gama media,3585.0,49.0,0
C008406,Z26,Oeste,urbana_premium,107159,18.0,F,Soltero/a,3,Premium,Gama alta,5012.0,15.0,0
C008407,Z06,Sur,rural,19752,29.0,F,Soltero/a,1,Prepago,Gama media,2426.0,37.0,0
C008408,Z22,Este,suburbana,53534,48.0,F,Soltero/a,2,Premium,Gama alta,3763.0,87.0,0
C008409,Z28,Sur,urbana_premium,64486,19.0,F,Soltero/a,3,Premium,Gama media,5544.0,30.0,0
C008410,Z22,Este,suburbana,53534,44.0,F,Casado/a,4,Premium,Gama alta,2701.0,28.0,0
C008411,Z22,Este,suburbana,53534,40.0,F,Casado/a,4,Premium,Gama media,2909.0,29.0,0
C008412,Z16,Este,urbana_premium,72683,30.0,M,Soltero/a,2,Premium,Gama media,4545.0,79.0,0
C008413,Z20,Oeste,suburbana,46953,43.0,F,Soltero/a,2,Premium,Gama media,2403.0,58.0,1
C008414,Z09,Norte,urbana_premium,102625,25.0,F,Soltero/a,3,Prepago,Gama media,3887.0,12.0,0
C008415,Z04,Centro,suburbana,55457,50.0,M,Soltero/a,2,Premium,Gama media,4318.0,48.0,0
C008416,Z26,Oeste,urbana_premium,107159,28.0,F,Soltero/a,3,Premium,Gama alta,3995.0,33.0,1
C008417,Z29,Oeste,urbana_premium,67334,31.0,M,Soltero/a,3,Prepago,Gama alta,,15.0,0
C008418,Z27,Norte,suburbana,42704,34.0,M,Soltero/a,2,Contrato,Gama media,2167.0,13.0,1
C008419,Z11,Oeste,suburbana,41163,48.0,M,Casado/a,1,Contrato,Gama media,3355.0,15.0,0
C008420,Z04,Centro,suburbana,55457,47.0,M,Soltero/a,2,Premium,Gama media,3649.0,36.0,0
C008421,Z09,Norte,urbana_premium,102625,18.0,M,Soltero/a,3,Premium,Gama media,4276.0,25.0,1
C008422,Z27,Norte,suburbana,42704,43.0,F,Soltero/a,1,Premium,Gama alta,2695.0,13.0,0
C008423,Z21,Centro,rural,19103,24.0,F,desconocido,1,Prepago,Gama baja,1393.0,90.0,0
C008424,Z29,Oeste,urbana_premium,67334,32.0,F,Soltero/a,3,Premium,Gama media,5661.0,24.0,0
C008425,Z11,Oeste,suburbana,41163,39.0,F,Casado/a,1,Prepago,Gama media,1819.0,76.0,0
C008426,Z17,Sur,suburbana,56619,36.0,M,Soltero/a,1,Premium,Gama media,1868.0,18.0,0
C008427,Z26,Oeste,urbana_premium,107159,,F,Casado/a,3,Premium,Gama alta,4691.0,20.0,1
C008428,Z09,Norte,urbana_premium,102625,45.0,M,Casado/a,4,Contrato,Gama alta,,9.0,0
C008429,Z29,Oeste,urbana_premium,67334,27.0,F,Soltero/a,2,Contrato,Gama media,,20.0,0
C008430,Z18,Sur,urbana_premium,56342,26.0,F,Soltero/a,2,Prepago,Gama media,2443.0,19.0,0
C008431,Z01,Centro,rural,16625,45.0,M,Soltero/a,2,Prepago,Gama media,2571.0,12.0,0
C008432,Z02,Oeste,suburbana,46400,21.0,M,Soltero/a,2,Premium,Gama alta,3994.0,63.0,0
C008433,Z28,Sur,urbana_premium,64486,30.0,F,Soltero/a,2,Prepago,Gama media,2216.0,9.0,0
C008434,Z20,Oeste,suburbana,46953,56.0,M,Casado/a,3,Contrato,Gama baja,3256.0,23.0,0
C008435,Z26,Oeste,urbana_premium,107159,18.0,M,Soltero/a,2,Contrato,Gama media,5249.0,27.0,0
C008436,Z26,Oeste,urbana_premium,107159,32.0,F,Soltero/a,2,Premium,Gama media,2400.0,79.0,0
C008437,Z15,Oeste,suburbana,62939,33.0,M,Casado/a,3,Prepago,Gama media,3136.0,-6.0,0
C008438,Z26,Oeste,urbana_premium,107159,60.0,F,Casado/a,5,Contrato,Gama media,3897.0,49.0,0
C008439,Z29,Oeste,urbana_premium,67334,30.0,F,Soltero/a,2,Premium,Gama media,4337.0,46.0,0
C008440,Z05,Este,urbana_premium,94471,30.0,M,Casado/a,4,Premium,Gama media,3479.0,32.0,0
C008441,Z26,Oeste,urbana_premium,107159,24.0,M,Soltero/a,2,Contrato,Gama media,2299.0,33.0,0
C008442,Z10,Este,suburbana,27514,,M,Soltero/a,1,Contrato,Gama media,2594.0,77.0,0
C008443,Z10,Este,suburbana,27514,43.0,F,Soltero/a,2,Contrato,Gama media,2454.0,23.0,0
C008444,Z15,Oeste,suburbana,62939,29.0,F,Soltero/a,2,Contrato,Gama media,2911.0,23.0,0
C008445,Z27,Norte,suburbana,42704,52.0,M,desconocido,3,Prepago,Gama baja,4545.0,26.0,0
C008446,Z02,Oeste,suburbana,46400,43.0,F,Casado/a,2,Prepago,Gama baja,1772.0,69.0,0
C008447,Z15,Oeste,suburbana,62939,50.0,M,Divorciado/a,2,Prepago,Gama media,4172.0,,0
C008448,Z22,Este,suburbana,53534,36.0,M,Soltero/a,1,Premium,Gama alta,5535.0,20.0,1
C008449,Z05,Este,urbana_premium,94471,39.0,M,Soltero/a,2,Premium,Gama alta,6957.0,47.0,1
C008450,Z26,Oeste,urbana_premium,107159,33.0,F,Soltero/a,2,Premium,Gama alta,7163.0,35.0,0
C008451,Z29,Oeste,urbana_premium,67334,53.0,M,Soltero/a,2,Premium,Gama media,4095.0,43.0,0
C008452,Z04,Centro,suburbana,55457,41.0,F,Soltero/a,2,Prepago,Gama media,3057.0,32.0,1
C008453,Z05,Este,urbana_premium,94471,36.0,M,Soltero/a,3,Premium,Gama media,2033.0,20.0,0
C008454,Z30,Centro,suburbana,33966,35.0,F,Casado/a,1,Prepago,Gama media,2763.0,10.0,0
C008455,Z06,Sur,rural,19752,39.0,F,Casado/a,3,Prepago,Gama alta,3451.0,21.0,0
C008456,Z04,Centro,suburbana,55457,43.0,M,Divorciado/a,2,Contrato,Gama alta,1813.0,28.0,0
C008457,Z29,Oeste,urbana_premium,67334,46.0,M,Casado/a,3,Prepago,Gama media,2833.0,35.0,0
C008458,Z28,Sur,urbana_premium,64486,28.0,F,Soltero/a,3,Premium,Gama media,3977.0,41.0,0
C008459,Z21,Centro,rural,19103,47.0,M,Casado/a,4,Contrato,Gama media,1301.0,13.0,1
C008460,Z17,Sur,suburbana,56619,42.0,M,Soltero/a,2,Premium,Gama alta,5643.0,,0
C008461,Z28,Sur,urbana_premium,64486,40.0,F,Soltero/a,3,Contrato,Gama alta,4695.0,21.0,0
C008462,Z21,Centro,rural,19103,25.0,F,Soltero/a,2,Premium,Gama media,2618.0,25.0,1
C008463,Z21,Centro,rural,19103,34.0,F,Soltero/a,1,Prepago,Gama media,3082.0,35.0,0
C008464,Z27,Norte,suburbana,42704,24.0,M,Soltero/a,2,Prepago,Gama media,2648.0,23.0,0
C008465,Z20,Oeste,suburbana,46953,40.0,M,Casado/a,4,Premium,Gama media,3288.0,38.0,1
C008466,Z16,Este,urbana_premium,72683,25.0,F,Soltero/a,3,Premium,Gama media,2719.0,22.0,0
C008467,Z13,Este,suburbana,37333,34.0,F,Soltero/a,1,Contrato,Gama baja,1325.0,47.0,0
C008468,Z16,Este,urbana_premium,72683,22.0,M,Soltero/a,3,Premium,Gama alta,3784.0,63.0,0
C008469,Z17,Sur,suburbana,56619,35.0,M,Soltero/a,2,Contrato,Gama media,5186.0,18.0,1
C008470,Z99,Norte,rural,11707,32.0,M,Casado/a,1,Contrato,Gama alta,4172.0,19.0,1
C008471,Z15,Oeste,suburbana,62939,49.0,M,Casado/a,2,Prepago,Gama media,2790.0,31.0,0
C008472,Z26,Oeste,urbana_premium,107159,42.0,F,Soltero/a,2,Prepago,Gama media,3474.0,85.0,0
C008473,Z15,Oeste,suburbana,62939,42.0,M,Soltero/a,1,Premium,Gama media,1729.0,59.0,0
C008474,Z02,Oeste,suburbana,46400,36.0,F,Soltero/a,1,Contrato,Gama media,4323.0,17.0,0
C008475,Z09,Norte,urbana_premium,102625,18.0,M,Soltero/a,2,Contrato,Gama alta,4439.0,16.0,0
C008476,Z09,Norte,urbana_premium,102625,31.0,M,Casado/a,5,Premium,Gama media,3582.0,30.0,0
C008477,Z26,Oeste,urbana_premium,107159,27.0,F,Soltero/a,2,Premium,Gama media,1919.0,79.0,0
C008478,Z15,Oeste,suburbana,62939,,F,Casado/a,4,Contrato,Gama media,1586.0,26.0,0
C008479,Z09,Norte,urbana_premium,102625,43.0,M,Casado/a,2,Premium,Gama media,4005.0,65.0,0
C008480,Z26,Oeste,urbana_premium,107159,40.0,M,Casado/a,5,Prepago,Gama media,2231.0,61.0,0
C008481,Z02,Oeste,suburbana,46400,55.0,M,Casado/a,2,Premium,Gama baja,,38.0,1
C008482,Z05,Este,urbana_premium,94471,29.0,M,Soltero/a,2,Premium,Gama media,4700.0,16.0,1
C008483,Z26,Oeste,urbana_premium,107159,29.0,F,Casado/a,4,Prepago,Gama baja,2416.0,7.0,0
C008484,Z17,Sur,suburbana,56619,52.0,M,Divorciado/a,1,Premium,Gama media,3032.0,20.0,0
C008485,Z26,Oeste,urbana_premium,107159,38.0,M,desconocido,2,Premium,Gama media,2756.0,61.0,0
C008486,Z27,Norte,suburbana,42704,37.0,F,Soltero/a,1,Premium,Gama media,4144.0,44.0,0
C008487,Z29,Oeste,urbana_premium,67334,58.0,F,Casado/a,5,Premium,Gama alta,12000.0,7.0,0
C008488,Z04,Centro,suburbana,55457,47.0,M,Soltero/a,1,Prepago,Gama media,2859.0,37.0,0
C008489,Z26,Oeste,urbana_premium,107159,34.0,F,Casado/a,5,Premium,Gama alta,6420.0,8.0,1
C008490,Z22,Este,suburbana,53534,32.0,M,Soltero/a,2,Contrato,Gama media,4272.0,3.0,0
C008491,Z07,Centro,rural,15473,61.0,M,Soltero/a,1,Prepago,Gama media,2259.0,39.0,0
C008492,Z29,Oeste,urbana_premium,67334,38.0,M,Casado/a,2,Prepago,Gama media,4611.0,30.0,0
C008493,Z14,Norte,rural,13074,45.0,F,Soltero/a,1,Premium,Gama baja,1491.0,77.0,0
C008494,Z28,Sur,urbana_premium,64486,44.0,M,Soltero/a,2,Premium,Gama alta,4017.0,31.0,0
C008495,Z18,Sur,urbana_premium,56342,47.0,F,Divorciado/a,2,Prepago,Gama media,3446.0,32.0,0
C008496,Z17,Sur,suburbana,56619,47.0,M,Casado/a,3,Contrato,Gama media,4797.0,23.0,1
C008497,Z05,Este,urbana_premium,94471,47.0,F,Soltero/a,2,Premium,Gama media,3074.0,21.0,0
C008498,Z28,Sur,urbana_premium,64486,41.0,M,Soltero/a,3,Premium,Gama media,2647.0,54.0,0
C008499,Z17,Sur,suburbana,56619,47.0,M,Casado/a,1,Contrato,Gama media,2089.0,13.0,0
C008500,Z01,Centro,rural,16625,36.0,F,Soltero/a,2,Prepago,Gama media,3132.0,24.0,0
C008501,Z02,Oeste,suburbana,46400,62.0,M,Soltero/a,1,Premium,Gama media,2795.0,53.0,1
C008502,Z26,Oeste,urbana_premium,107159,21.0,F,Soltero/a,2,Prepago,Gama media,2123.0,66.0,0
C008503,Z05,Este,urbana_premium,94471,40.0,F,Divorciado/a,2,Premium,Gama alta,5459.0,52.0,1
C008504,Z18,Sur,urbana_premium,56342,20.0,F,Casado/a,3,Premium,Gama alta,2256.0,34.0,0
C008505,Z22,Este,suburbana,53534,39.0,F,Soltero/a,1,Prepago,Gama alta,2460.0,8.0,0
C008506,Z09,Norte,urbana_premium,102625,29.0,M,Soltero/a,3,Premium,Gama baja,3556.0,26.0,0
C008507,Z18,Sur,urbana_premium,56342,38.0,F,Soltero/a,2,Premium,Gama media,2608.0,,1
C008508,Z09,Norte,urbana_premium,102625,40.0,F,Casado/a,5,Premium,Gama media,2114.0,21.0,1
C008509,Z29,Oeste,urbana_premium,67334,25.0,F,Soltero/a,3,Premium,Gama media,5088.0,51.0,1
C008510,Z27,Norte,suburbana,42704,40.0,F,Casado/a,4,Premium,Gama baja,3745.0,12.0,0
C008511,Z09,Norte,urbana_premium,102625,53.0,F,Casado/a,5,Contrato,Gama media,3900.0,43.0,0
C008512,Z17,Sur,suburbana,56619,24.0,?,Soltero/a,2,Contrato,Gama alta,3388.0,45.0,0
C008513,Z16,Este,urbana_premium,72683,26.0,M,Soltero/a,2,Premium,Gama media,2110.0,31.0,0
C008514,Z29,Oeste,urbana_premium,67334,46.0,M,Divorciado/a,3,Premium,Gama media,4595.0,62.0,0
C008515,Z13,Este,suburbana,37333,,M,Casado/a,3,Contrato,Gama media,3445.0,21.0,1
C008516,Z17,Sur,suburbana,56619,42.0,M,Soltero/a,2,Contrato,Gama media,3480.0,31.0,0
C008517,Z29,Oeste,urbana_premium,67334,48.0,F,Soltero/a,2,Premium,Gama media,4463.0,38.0,0
C008518,Z05,Este,urbana_premium,94471,26.0,M,Soltero/a,3,Premium,Gama alta,5421.0,,1
C008519,Z17,Sur,suburbana,56619,34.0,M,Casado/a,3,Prepago,Gama media,2862.0,21.0,0
C008520,Z04,Centro,suburbana,55457,32.0,F,Divorciado/a,2,Prepago,Gama baja,3047.0,27.0,0
C008521,Z19,Este,rural,12655,41.0,F,Casado/a,2,Prepago,Gama baja,1455.0,-110.0,0
C008522,Z12,Norte,rural,11707,61.0,F,Casado/a,4,Premium,Gama media,2951.0,28.0,0
C008523,Z29,Oeste,urbana_premium,67334,18.0,M,Soltero/a,2,Contrato,Gama media,3029.0,20.0,0
C008524,Z15,Oeste,suburbana,62939,26.0,M,Soltero/a,2,Premium,Gama media,2419.0,25.0,0
C008525,Z05,Este,urbana_premium,94471,20.0,M,Soltero/a,2,Prepago,Gama media,3317.0,19.0,1
C008526,Z26,Oeste,urbana_premium,107159,53.0,M,Divorciado/a,3,Prepago,Gama media,2630.0,51.0,0
C008527,Z26,Oeste,urbana_premium,107159,29.0,M,Soltero/a,2,Premium,Gama media,3688.0,36.0,0
C008528,Z22,Este,suburbana,53534,,F,Soltero/a,1,Premium,Gama alta,3978.0,119.0,1
C008529,Z26,Oeste,urbana_premium,107159,18.0,M,Soltero/a,2,Premium,Gama media,2594.0,16.0,0
C008530,Z09,Norte,urbana_premium,102625,33.0,M,Soltero/a,3,Premium,Gama media,3805.0,47.0,0
C008531,Z20,Oeste,suburbana,46953,50.0,F,Soltero/a,1,Premium,Gama media,3764.0,39.0,0
C008532,Z02,Oeste,suburbana,46400,,M,Casado/a,1,Prepago,Gama media,1251.0,60.0,1
C008533,Z06,Sur,rural,19752,,M,Soltero/a,2,Premium,Gama media,4443.0,25.0,0
C008534,Z29,Oeste,urbana_premium,67334,18.0,M,Soltero/a,2,Premium,Gama media,3256.0,18.0,1
C008535,Z24,Centro,rural,12558,41.0,M,Divorciado/a,1,Prepago,Gama baja,1674.0,38.0,0
C008536,Z09,Norte,urbana_premium,102625,38.0,F,Soltero/a,2,Premium,Gama alta,3938.0,13.0,0
C008537,Z05,Este,urbana_premium,94471,24.0,M,Soltero/a,3,Prepago,Gama alta,3022.0,36.0,0
C008538,Z29,Oeste,urbana_premium,67334,44.0,M,Casado/a,5,Premium,Gama alta,3734.0,23.0,0
C008539,Z05,Este,urbana_premium,94471,47.0,F,Divorciado/a,3,Prepago,Gama media,2945.0,19.0,0
C008540,Z09,Norte,urbana_premium,102625,,F,Soltero/a,2,Premium,Gama alta,5678.0,77.0,0
C008541,Z05,Este,urbana_premium,94471,45.0,F,Soltero/a,2,Premium,Gama alta,9792.0,51.0,0
C008542,Z01,Centro,rural,16625,44.0,F,Casado/a,2,Prepago,Gama media,2990.0,54.0,0
C008543,Z10,Este,suburbana,27514,54.0,M,Casado/a,2,Premium,Gama alta,3197.0,43.0,0
C008544,Z30,Centro,suburbana,33966,64.0,M,Casado/a,3,Contrato,Gama alta,2457.0,14.0,0
C008545,Z11,Oeste,suburbana,41163,27.0,F,Soltero/a,1,Prepago,Gama media,4322.0,16.0,0
C008546,Z16,Este,urbana_premium,72683,45.0,M,Soltero/a,3,Prepago,Gama baja,2925.0,72.0,0
C008547,Z25,Oeste,rural,11763,61.0,M,Casado/a,1,Contrato,Gama media,2595.0,21.0,0
C008548,Z17,Sur,suburbana,56619,28.0,F,Soltero/a,1,Prepago,Gama media,2485.0,19.0,0
C008549,Z25,Oeste,rural,11763,38.0,M,Soltero/a,1,Contrato,Gama media,1496.0,,1
C008550,Z21,Centro,rural,19103,38.0,M,Divorciado/a,1,Premium,Gama media,2155.0,29.0,1
C008551,Z19,Este,rural,12655,43.0,M,Soltero/a,2,Prepago,Gama baja,1644.0,28.0,0
C008552,Z20,Oeste,suburbana,46953,36.0,F,Soltero/a,1,Premium,Gama alta,4996.0,21.0,0
C008553,Z26,Oeste,urbana_premium,107159,34.0,M,Divorciado/a,2,Prepago,Gama media,2940.0,10.0,0
C008554,Z22,Este,suburbana,53534,50.0,F,Soltero/a,2,Contrato,Gama media,2848.0,42.0,1
C008555,Z26,Oeste,urbana_premium,107159,18.0,M,Soltero/a,3,Premium,Gama media,3049.0,39.0,1
C008556,Z05,Este,urbana_premium,94471,24.0,F,Soltero/a,3,Premium,Gama media,2484.0,23.0,1
C008557,Z22,Este,suburbana,53534,48.0,M,Casado/a,3,Premium,Gama media,3788.0,31.0,0
C008558,Z24,Centro,rural,12558,52.0,M,Soltero/a,1,Contrato,Gama media,2246.0,25.0,0
C008559,Z09,Norte,urbana_premium,102625,23.0,M,Soltero/a,3,Contrato,Gama alta,8692.0,60.0,0
C008560,Z28,Sur,urbana_premium,64486,43.0,M,Divorciado/a,2,Premium,Gama media,5523.0,22.0,0
C008561,Z09,Norte,urbana_premium,102625,52.0,M,Divorciado/a,2,Contrato,Gama media,3923.0,23.0,0
C008562,Z09,Norte,urbana_premium,102625,35.0,M,Soltero/a,3,Premium,Gama media,4352.0,64.0,0
C008563,Z27,Norte,suburbana,42704,28.0,F,Soltero/a,1,Prepago,Gama media,2888.0,20.0,0
C008564,Z09,Norte,urbana_premium,102625,46.0,F,Soltero/a,3,Premium,Gama alta,2672.0,13.0,0
C008565,Z15,Oeste,suburbana,62939,61.0,M,Casado/a,3,Contrato,Gama media,1803.0,,1
C008566,Z12,Norte,rural,11707,34.0,F,Casado/a,3,Contrato,Gama media,1605.0,13.0,0
C008567,Z28,Sur,urbana_premium,64486,36.0,F,Soltero/a,3,Premium,Gama alta,6112.0,25.0,0
C008568,Z15,Oeste,suburbana,62939,53.0,F,Casado/a,1,Prepago,Gama media,3262.0,75.0,0
C008569,Z22,Este,suburbana,53534,41.0,M,Divorciado/a,2,Contrato,Gama media,3598.0,10.0,0
C008570,Z26,Oeste,urbana_premium,107159,18.0,M,Soltero/a,3,Premium,Gama media,5042.0,27.0,0
C008571,Z20,Oeste,suburbana,46953,45.0,F,Soltero/a,2,Contrato,Gama media,2779.0,89.0,1
C008572,Z29,Oeste,urbana_premium,67334,24.0,F,Soltero/a,2,Contrato,Gama media,3097.0,31.0,0
C008573,Z26,Oeste,urbana_premium,107159,21.0,F,Soltero/a,2,Prepago,Gama alta,7761.0,23.0,0
C008574,Z14,Norte,rural,13074,24.0,F,Casado/a,3,Contrato,Gama media,2796.0,120.0,0
C008575,Z29,Oeste,urbana_premium,67334,50.0,F,Casado/a,3,Contrato,Gama media,2138.0,8.0,0
C008576,Z17,Sur,suburbana,56619,30.0,F,Soltero/a,2,Prepago,Gama baja,1613.0,27.0,0
C008577,Z02,Oeste,suburbana,46400,44.0,M,Soltero/a,2,Contrato,Gama media,3876.0,24.0,0
C008578,Z09,Norte,urbana_premium,102625,43.0,M,Soltero/a,2,Premium,Gama alta,2810.0,45.0,0
C008579,Z20,Oeste,suburbana,46953,42.0,F,Soltero/a,1,Contrato,Gama media,2848.0,21.0,0
C008580,Z05,Este,urbana_premium,94471,40.0,F,Casado/a,3,Prepago,Gama media,1780.0,33.0,0
C008581,Z18,Sur,urbana_premium,56342,41.0,M,Soltero/a,3,Prepago,Gama media,3255.0,34.0,0
C008582,Z12,Norte,rural,11707,47.0,M,Casado/a,4,Contrato,Gama alta,3195.0,38.0,0
C008583,Z17,Sur,suburbana,56619,31.0,F,Soltero/a,1,Premium,Gama media,2472.0,13.0,1
C008584,Z01,Centro,rural,16625,35.0,M,Casado/a,3,Prepago,Gama media,1541.0,20.0,0
C008585,Z27,Norte,suburbana,42704,39.0,F,Casado/a,1,Contrato,Gama alta,2737.0,10.0,1
C008586,Z12,Norte,rural,11707,43.0,M,Casado/a,4,Premium,Gama media,2350.0,12.0,1
C008587,Z05,Este,urbana_premium,94471,41.0,M,Soltero/a,3,Premium,Gama alta,3384.0,31.0,0
C008588,Z15,Oeste,suburbana,62939,53.0,F,Soltero/a,2,Prepago,Gama alta,,34.0,0
C008589,Z16,Este,urbana_premium,72683,40.0,F,Casado/a,3,Premium,Gama media,4393.0,18.0,1
C008590,Z20,Oeste,suburbana,46953,30.0,F,Soltero/a,2,Premium,Gama media,2439.0,19.0,0
C008591,Z17,Sur,suburbana,56619,18.0,M,Soltero/a,2,Contrato,Gama alta,3169.0,55.0,0
C008592,Z02,Oeste,suburbana,46400,31.0,M,Casado/a,2,Contrato,Gama media,2118.0,10.0,1
C008593,Z28,Sur,urbana_premium,64486,20.0,M,Soltero/a,2,Premium,Gama alta,5920.0,21.0,1
C008594,Z15,Oeste,suburbana,62939,31.0,F,Soltero/a,2,Contrato,Gama media,3825.0,11.0,1
C008595,Z04,Centro,suburbana,55457,43.0,M,Divorciado/a,2,Contrato,Gama media,2628.0,59.0,0
C008596,Z26,Oeste,urbana_premium,107159,37.0,F,Soltero/a,2,Premium,Gama alta,4258.0,32.0,0
C008597,Z21,Centro,rural,19103,67.0,F,Soltero/a,1,Premium,Gama media,4115.0,35.0,1
C008598,Z20,Oeste,suburbana,46953,46.0,M,Soltero/a,1,Premium,Gama alta,4497.0,45.0,1
C008599,Z15,Oeste,suburbana,62939,63.0,M,Casado/a,4,Premium,Gama alta,5056.0,-27.0,0
C008600,Z15,Oeste,suburbana,62939,49.0,F,Casado/a,3,Prepago,Gama media,3684.0,43.0,0
C008601,Z17,Sur,suburbana,56619,53.0,M,Casado/a,3,Prepago,Gama baja,2466.0,25.0,0
C008602,Z03,Sur,rural,16530,41.0,F,Casado/a,1,Contrato,Gama baja,2852.0,13.0,0
C008603,Z09,Norte,urbana_premium,102625,23.0,M,Soltero/a,2,Premium,Gama alta,6938.0,21.0,1
C008604,Z30,Centro,suburbana,33966,35.0,M,Soltero/a,1,Prepago,Gama alta,3685.0,6.0,0
C008605,Z21,Centro,rural,19103,45.0,M,Soltero/a,2,Premium,Gama media,1738.0,14.0,0
C008606,Z15,Oeste,suburbana,62939,32.0,M,Casado/a,1,Contrato,Gama alta,3051.0,48.0,0
C008607,Z08,Sur,rural,17023,33.0,F,Soltero/a,2,Prepago,Gama media,3029.0,,0
C008608,Z25,Oeste,rural,11763,50.0,F,Casado/a,2,Contrato,Gama media,2466.0,30.0,1
C008609,Z09,Norte,urbana_premium,102625,24.0,M,Soltero/a,2,Premium,Gama alta,5000.0,17.0,1
C008610,Z99,Este,urbana_premium,94471,18.0,F,Soltero/a,2,Prepago,Gama media,3082.0,37.0,0
C008611,Z05,Este,urbana_premium,94471,,M,Soltero/a,3,Premium,Gama media,3550.0,35.0,0
C008612,Z23,Norte,rural,20553,42.0,F,Casado/a,3,Prepago,Gama media,2616.0,74.0,0
C008613,Z20,Oeste,suburbana,46953,28.0,F,Soltero/a,2,Premium,Gama media,3415.0,37.0,0
C008614,Z04,Centro,suburbana,55457,37.0,F,Soltero/a,2,Premium,Gama media,2389.0,15.0,0
C008615,Z05,Este,urbana_premium,94471,43.0,F,Casado/a,4,Prepago,Gama baja,1624.0,49.0,0
C008616,Z20,Oeste,suburbana,46953,47.0,M,Casado/a,3,Prepago,Gama baja,1087.0,24.0,0
C008617,Z18,Sur,urbana_premium,56342,28.0,M,Soltero/a,3,Premium,Gama baja,3765.0,43.0,0
C008618,Z22,Este,suburbana,53534,24.0,M,Soltero/a,1,Premium,Gama media,3178.0,9.0,0
C008619,Z05,Este,urbana_premium,94471,29.0,F,Soltero/a,2,Premium,Gama alta,3560.0,63.0,1
C008620,Z23,Norte,rural,20553,53.0,M,Divorciado/a,2,Prepago,Gama media,2350.0,9.0,0
C008621,Z29,Oeste,urbana_premium,67334,47.0,F,Casado/a,5,Premium,Gama alta,6703.0,55.0,0
C008622,Z18,Sur,urbana_premium,56342,40.0,M,Soltero/a,3,Contrato,Gama alta,3217.0,11.0,0
C008623,Z06,Sur,rural,19752,59.0,M,Soltero/a,2,Prepago,Gama media,2638.0,53.0,0
C008624,Z22,Este,suburbana,53534,61.0,F,Casado/a,1,Premium,Gama alta,5374.0,33.0,0
C008625,Z11,Oeste,suburbana,41163,34.0,F,Soltero/a,1,Premium,Gama alta,2074.0,54.0,1
C008626,Z02,Oeste,suburbana,46400,58.0,M,Divorciado/a,2,Premium,Gama media,5539.0,23.0,0
C008627,Z09,Norte,urbana_premium,102625,33.0,F,Soltero/a,3,Prepago,Gama alta,5377.0,14.0,0
C008628,Z28,Sur,urbana_premium,64486,48.0,F,Casado/a,5,Premium,Gama media,3434.0,34.0,0
C008629,Z15,Oeste,suburbana,62939,49.0,M,Casado/a,4,Premium,Gama baja,1228.0,21.0,0
C008630,Z27,Norte,suburbana,42704,18.0,F,Soltero/a,1,Contrato,Gama alta,,16.0,0
C008631,Z16,Este,urbana_premium,72683,24.0,M,Soltero/a,2,Premium,Gama alta,7112.0,22.0,0
C008632,Z16,Este,urbana_premium,72683,21.0,F,Casado/a,2,Contrato,Gama media,3002.0,28.0,1
C008633,Z01,Centro,rural,16625,24.0,M,Soltero/a,1,Premium,Gama media,4410.0,24.0,0
C008634,Z20,Oeste,suburbana,46953,51.0,F,Soltero/a,2,Prepago,Gama baja,1650.0,30.0,0
C008635,Z05,Este,urbana_premium,94471,61.0,M,Casado/a,5,Premium,Gama media,4239.0,24.0,1
C008636,Z16,Este,urbana_premium,72683,33.0,M,Casado/a,5,Contrato,Gama alta,3597.0,12.0,0
C008637,Z99,Norte,urbana_premium,102625,46.0,F,Casado/a,3,Contrato,Gama media,2397.0,42.0,0
C008638,Z99,Este,suburbana,37333,58.0,M,Soltero/a,1,Contrato,Gama media,,80.0,0
C008639,Z99,Sur,suburbana,56619,42.0,F,Casado/a,3,Contrato,Gama media,2949.0,15.0,1
C008640,Z02,Oeste,suburbana,46400,40.0,F,Casado/a,4,Prepago,Gama media,1966.0,33.0,1
C008641,Z09,Norte,urbana_premium,102625,33.0,M,Soltero/a,2,Premium,Gama baja,4848.0,31.0,0
C008642,Z30,Centro,suburbana,33966,46.0,M,Soltero/a,2,Prepago,Gama baja,2348.0,61.0,0
C008643,Z03,Sur,rural,16530,,F,Divorciado/a,2,Contrato,Gama media,2047.0,13.0,1
C008644,Z10,Este,suburbana,27514,46.0,M,Soltero/a,1,Prepago,Gama alta,4946.0,46.0,0
C008645,Z10,Este,suburbana,27514,45.0,M,Soltero/a,2,Prepago,Gama media,2371.0,29.0,0
C008646,Z13,Este,suburbana,37333,39.0,M,Soltero/a,1,Contrato,Gama media,1351.0,31.0,0
C008647,Z22,Este,suburbana,53534,21.0,M,Soltero/a,2,Premium,Gama media,2730.0,45.0,1
C008648,Z09,Norte,urbana_premium,102625,47.0,F,Casado/a,4,Premium,Gama alta,3976.0,47.0,1
C008649,Z16,Este,urbana_premium,72683,21.0,F,Soltero/a,2,Contrato,Gama alta,3517.0,8.0,1
C008650,Z20,Oeste,suburbana,46953,47.0,F,Divorciado/a,2,Premium,Gama media,4028.0,31.0,1
C008651,Z10,Este,suburbana,27514,49.0,F,Casado/a,3,Premium,Gama media,3429.0,8.0,1
C008652,Z29,Oeste,urbana_premium,67334,22.0,M,Soltero/a,2,Contrato,Gama media,3103.0,11.0,0
C008653,Z30,Centro,suburbana,33966,33.0,F,Soltero/a,2,Premium,Gama alta,3804.0,46.0,1
C008654,Z05,Este,urbana_premium,94471,61.0,F,Casado/a,2,Contrato,Gama alta,4502.0,28.0,1
C008655,Z11,Oeste,suburbana,41163,39.0,M,Soltero/a,2,Premium,Gama alta,3469.0,36.0,1
C008656,Z07,Centro,rural,15473,30.0,F,Soltero/a,1,Contrato,Gama media,2195.0,11.0,0
C008657,Z06,Sur,rural,19752,55.0,M,Casado/a,1,Contrato,Gama media,2565.0,25.0,1
C008658,Z16,Este,urbana_premium,72683,27.0,M,Soltero/a,2,Premium,Gama media,3977.0,28.0,1
C008659,Z18,Sur,urbana_premium,56342,18.0,M,Soltero/a,3,Premium,Gama alta,3446.0,,1
C008660,Z15,Oeste,suburbana,62939,46.0,M,Casado/a,3,Contrato,Gama alta,3525.0,32.0,0
C008661,Z09,Norte,urbana_premium,102625,,M,Soltero/a,2,Premium,Gama alta,4651.0,21.0,0
C008662,Z09,Norte,urbana_premium,102625,40.0,M,Soltero/a,3,Premium,Gama media,4652.0,37.0,0
C008663,Z30,Centro,suburbana,33966,30.0,M,Soltero/a,2,Premium,Gama media,3700.0,17.0,0
C008664,Z29,Oeste,urbana_premium,67334,44.0,M,Soltero/a,2,Premium,Gama media,1742.0,25.0,1
C008665,Z04,Centro,suburbana,55457,42.0,M,Casado/a,1,Prepago,Gama media,4091.0,15.0,0
C008666,Z21,Centro,rural,19103,18.0,M,Soltero/a,2,Prepago,Gama baja,1657.0,24.0,1
C008667,Z15,Oeste,suburbana,62939,45.0,F,Casado/a,1,Premium,Gama media,4412.0,24.0,0
C008668,Z22,Este,suburbana,53534,37.0,F,Soltero/a,1,Contrato,Gama baja,1852.0,15.0,0
C008669,Z18,Sur,urbana_premium,56342,53.0,M,Casado/a,3,Premium,Gama alta,6659.0,24.0,1
C008670,Z28,Sur,urbana_premium,64486,41.0,M,Casado/a,5,Premium,Gama media,1782.0,35.0,0
C008671,Z04,Centro,suburbana,55457,,M,Divorciado/a,1,Prepago,Gama alta,3338.0,44.0,0
C008672,Z11,Oeste,suburbana,41163,31.0,M,Soltero/a,2,Contrato,Gama media,2623.0,39.0,0
C008673,Z30,Centro,suburbana,33966,31.0,M,Soltero/a,1,Contrato,Gama media,3506.0,,1
C008674,Z05,Este,urbana_premium,94471,36.0,M,Soltero/a,3,Premium,Gama alta,7002.0,10.0,0
C008675,Z05,Este,urbana_premium,94471,32.0,F,Soltero/a,3,Premium,Gama media,4158.0,1.0,1
C008676,Z23,Norte,rural,20553,61.0,F,Casado/a,2,Premium,Gama media,3226.0,,1
C008677,Z26,Oeste,urbana_premium,107159,34.0,M,Casado/a,5,Premium,Gama alta,6549.0,64.0,1
C008678,Z22,Este,suburbana,53534,,M,Soltero/a,2,Contrato,Gama media,2400.0,91.0,0
C008679,Z26,Oeste,urbana_premium,107159,26.0,M,Soltero/a,3,Prepago,Gama media,4345.0,33.0,1
C008680,Z22,Este,suburbana,53534,52.0,F,Casado/a,3,Premium,Gama alta,4812.0,58.0,0
C008681,Z99,Este,urbana_premium,94471,34.0,F,Soltero/a,3,Premium,Gama alta,4331.0,23.0,0
C008682,Z19,Este,rural,12655,42.0,F,Casado/a,4,Contrato,Gama media,1891.0,32.0,1
C008683,Z26,Oeste,urbana_premium,107159,49.0,F,Divorciado/a,2,Premium,Gama alta,4584.0,11.0,0
C008684,Z27,Norte,suburbana,42704,29.0,F,Soltero/a,2,Prepago,Gama alta,3103.0,48.0,0
C008685,Z09,Norte,urbana_premium,102625,18.0,M,Soltero/a,2,Premium,Gama alta,4574.0,41.0,0
C008686,Z05,Este,urbana_premium,94471,26.0,F,Soltero/a,3,Premium,Gama media,3181.0,78.0,1
C008687,Z26,Oeste,urbana_premium,107159,39.0,M,Casado/a,5,Prepago,Gama media,4166.0,6.0,0
C008688,Z09,Norte,urbana_premium,102625,33.0,F,Soltero/a,2,Premium,Gama alta,3645.0,47.0,0
C008689,Z02,Oeste,suburbana,46400,21.0,M,Soltero/a,2,Premium,Gama media,2507.0,33.0,1
C008690,Z26,Oeste,urbana_premium,107159,48.0,M,Divorciado/a,2,Prepago,Gama media,6054.0,-9.0,0
C008691,Z16,Este,urbana_premium,72683,,M,Divorciado/a,2,Contrato,Gama alta,3198.0,19.0,0
C008692,Z10,Este,suburbana,27514,45.0,M,Soltero/a,1,Premium,Gama media,2288.0,25.0,0
C008693,Z01,Centro,rural,16625,50.0,F,Casado/a,4,Prepago,Gama media,1533.0,17.0,0
C008694,Z02,Oeste,suburbana,46400,24.0,M,Soltero/a,2,Contrato,Gama media,2914.0,17.0,1
C008695,Z26,Oeste,urbana_premium,107159,40.0,M,Casado/a,2,Premium,Gama media,3629.0,13.0,1
C008696,Z16,Este,urbana_premium,72683,47.0,M,Casado/a,5,Premium,Gama alta,4928.0,23.0,1
C008697,Z05,Este,urbana_premium,94471,50.0,F,n/a,5,Prepago,Gama media,2487.0,4.0,0
C008698,Z11,Oeste,suburbana,41163,49.0,F,Casado/a,1,Prepago,Gama media,1653.0,49.0,1
C008699,Z05,Este,urbana_premium,94471,42.0,F,Soltero/a,3,Contrato,Gama media,2000.0,46.0,0
C008700,Z05,Este,urbana_premium,94471,18.0,M,Soltero/a,2,Premium,Gama alta,4490.0,77.0,0
C008701,Z09,Norte,urbana_premium,102625,36.0,M,Soltero/a,3,Premium,Gama alta,5498.0,22.0,0
C008702,Z17,Sur,suburbana,56619,29.0,M,Soltero/a,2,Premium,Gama baja,4161.0,11.0,0
C008703,Z07,Centro,rural,15473,60.0,M,Casado/a,2,Contrato,Gama media,1948.0,78.0,0
C008704,Z11,Oeste,suburbana,41163,54.0,M,n/a,1,Contrato,Gama media,3120.0,21.0,0
C008705,Z16,Este,urbana_premium,72683,25.0,F,Soltero/a,3,Premium,Gama media,1743.0,20.0,0
C008706,Z15,Oeste,suburbana,62939,39.0,F,Soltero/a,2,Contrato,Gama media,5251.0,13.0,1
C008707,Z05,Este,urbana_premium,94471,39.0,M,Soltero/a,2,Prepago,Gama baja,5738.0,120.0,0
C008708,Z02,Oeste,suburbana,46400,51.0,X,Divorciado/a,2,Premium,Gama media,,20.0,1
C008709,Z02,Oeste,suburbana,46400,20.0,M,Soltero/a,2,Prepago,Gama media,2177.0,65.0,0
C008710,Z11,Oeste,suburbana,41163,18.0,M,Soltero/a,1,Premium,Gama media,2625.0,18.0,0
C008711,Z23,Norte,rural,20553,45.0,F,Soltero/a,2,Premium,Gama alta,2172.0,21.0,0
C008712,Z05,Este,urbana_premium,94471,18.0,F,Soltero/a,3,Premium,Gama media,6940.0,50.0,0
C008713,Z26,Oeste,urbana_premium,107159,38.0,F,n/a,3,Contrato,Gama alta,5432.0,30.0,1
C008714,Z23,Norte,rural,20553,52.0,F,desconocido,2,Prepago,Gama alta,2175.0,37.0,0
C008715,Z01,Centro,rural,16625,60.0,M,desconocido,2,Premium,Gama media,2849.0,31.0,0
C008716,Z02,Oeste,suburbana,46400,33.0,F,Soltero/a,2,Prepago,Gama media,2167.0,32.0,0
C008717,Z06,Sur,rural,19752,47.0,F,Casado/a,4,Prepago,Gama media,1430.0,35.0,0
C008718,Z03,Sur,rural,16530,53.0,M,Casado/a,1,Premium,Gama media,2266.0,38.0,0
C008719,Z17,Sur,suburbana,56619,26.0,F,Soltero/a,2,Prepago,Gama media,2002.0,12.0,0
C008720,Z02,Oeste,suburbana,46400,51.0,F,Soltero/a,2,Prepago,Gama baja,1649.0,29.0,0
C008721,Z26,Oeste,urbana_premium,107159,39.0,F,Soltero/a,2,Premium,Gama media,3872.0,47.0,1
C008722,Z16,Este,urbana_premium,72683,29.0,M,Soltero/a,2,Premium,Gama media,3489.0,18.0,1
C008723,Z23,Norte,rural,20553,47.0,M,Soltero/a,1,Prepago,Gama media,1631.0,25.0,1
C008724,Z26,Oeste,urbana_premium,107159,34.0,F,Soltero/a,2,Contrato,Gama media,3327.0,32.0,0
C008725,Z16,Este,urbana_premium,72683,45.0,F,Divorciado/a,3,Prepago,Gama alta,4370.0,47.0,0
C008726,Z29,Oeste,urbana_premium,67334,32.0,M,Soltero/a,3,Premium,Gama media,3537.0,23.0,1
C008727,Z30,Centro,suburbana,33966,43.0,M,Casado/a,1,Prepago,Gama alta,3131.0,34.0,0
C008728,Z11,Oeste,suburbana,41163,33.0,M,Soltero/a,1,Premium,Gama alta,2809.0,39.0,1
C008729,Z05,Este,urbana_premium,94471,25.0,M,Soltero/a,2,Contrato,Gama alta,7013.0,38.0,0
C008730,Z12,Norte,rural,11707,47.0,F,Casado/a,4,Prepago,Gama media,3697.0,57.0,0
C008731,Z08,Sur,rural,17023,34.0,F,Soltero/a,2,Contrato,Gama media,2418.0,42.0,0
C008732,Z17,Sur,suburbana,56619,50.0,F,Soltero/a,1,Prepago,Gama media,2238.0,16.0,0
C008733,Z13,Este,suburbana,37333,47.0,F,Casado/a,2,Contrato,Gama media,2450.0,19.0,0
C008734,Z16,Este,urbana_premium,72683,27.0,F,Soltero/a,3,Prepago,Gama media,2436.0,22.0,0
C008735,Z26,Oeste,urbana_premium,107159,39.0,F,Soltero/a,2,Premium,Gama media,2895.0,46.0,1
C008736,Z09,Norte,urbana_premium,102625,27.0,M,Soltero/a,2,Prepago,Gama alta,4836.0,25.0,0
C008737,Z17,Sur,suburbana,56619,21.0,M,Soltero/a,2,Prepago,Gama media,2422.0,24.0,0
C008738,Z11,Oeste,suburbana,41163,33.0,F,Casado/a,3,Premium,Gama media,,,1
C008739,Z26,Oeste,urbana_premium,107159,35.0,M,Divorciado/a,3,Premium,Gama alta,5788.0,78.0,1
C008740,Z20,Oeste,suburbana,46953,46.0,M,Casado/a,4,Prepago,Gama media,,12.0,1
C008741,Z01,Centro,rural,16625,47.0,M,Divorciado/a,2,Prepago,Gama alta,2378.0,17.0,0
C008742,Z21,Centro,rural,19103,56.0,F,Casado/a,4,Contrato,Gama media,2231.0,35.0,0
C008743,Z05,Este,urbana_premium,94471,24.0,M,Soltero/a,2,Premium,Gama media,3571.0,7.0,0
C008744,Z23,Norte,rural,20553,40.0,F,Soltero/a,1,Prepago,Gama media,3216.0,21.0,1
C008745,Z18,Sur,urbana_premium,56342,56.0,M,Soltero/a,3,Contrato,Gama alta,4248.0,44.0,0
C008746,Z14,Norte,rural,13074,22.0,F,Soltero/a,2,Premium,Gama media,2122.0,34.0,1
C008747,Z22,Este,suburbana,53534,35.0,F,Soltero/a,1,Prepago,Gama media,1909.0,31.0,0
C008748,Z27,Norte,suburbana,42704,27.0,F,Casado/a,1,Premium,Gama alta,3530.0,39.0,1
C008749,Z26,Oeste,urbana_premium,107159,34.0,F,Divorciado/a,3,Premium,Gama media,4315.0,,0
C008750,Z17,Sur,suburbana,56619,35.0,F,Soltero/a,1,Prepago,Gama media,1713.0,30.0,0
C008751,Z23,Norte,rural,20553,52.0,M,Casado/a,1,Premium,Gama media,2199.0,76.0,1
C008752,Z15,Oeste,suburbana,62939,43.0,M,Casado/a,4,Premium,Gama alta,3352.0,38.0,0
C008753,Z26,Oeste,urbana_premium,107159,20.0,F,Soltero/a,2,Premium,Gama baja,3493.0,,1
C008754,Z26,Oeste,urbana_premium,107159,29.0,F,Casado/a,5,Prepago,Gama alta,7222.0,53.0,0
C008755,Z05,Este,urbana_premium,94471,36.0,F,Soltero/a,2,Premium,Gama media,6532.0,35.0,1
C008756,Z09,Norte,urbana_premium,102625,45.0,F,Casado/a,3,Premium,Gama alta,2461.0,35.0,1
C008757,Z09,Norte,urbana_premium,102625,65.0,F,Casado/a,4,Premium,Gama alta,3509.0,37.0,1
C008758,Z05,Este,urbana_premium,94471,44.0,F,Casado/a,2,Premium,Gama alta,5373.0,38.0,0
C008759,Z13,Este,suburbana,37333,28.0,F,Soltero/a,2,Premium,Gama alta,2895.0,18.0,0
C008760,Z06,Sur,rural,19752,44.0,M,Divorciado/a,2,Premium,Gama media,3005.0,33.0,1
C008761,Z18,Sur,urbana_premium,56342,38.0,F,Casado/a,5,Premium,Gama media,3051.0,12.0,1
C008762,Z04,Centro,suburbana,55457,34.0,F,Casado/a,2,Prepago,Gama alta,1721.0,44.0,0
C008763,Z09,Norte,urbana_premium,102625,42.0,F,Casado/a,5,Premium,Gama media,4879.0,16.0,1
C008764,Z21,Centro,rural,19103,18.0,M,desconocido,1,Prepago,Gama media,2067.0,20.0,1
C008765,Z13,Este,suburbana,37333,47.0,F,Casado/a,4,Contrato,Gama alta,7349.0,28.0,1
C008766,Z15,Oeste,suburbana,62939,34.0,F,Casado/a,3,Prepago,Gama alta,4143.0,12.0,0
C008767,Z26,Oeste,urbana_premium,107159,35.0,M,Soltero/a,3,Contrato,Gama media,2641.0,28.0,0
C008768,Z30,Centro,suburbana,33966,58.0,M,Casado/a,3,Prepago,Gama baja,3773.0,40.0,0
C008769,Z99,Sur,urbana_premium,56342,21.0,F,Soltero/a,2,Premium,Gama media,3734.0,36.0,1
C008770,Z04,Centro,suburbana,55457,43.0,F,Casado/a,2,Premium,Gama media,3583.0,83.0,0
C008771,Z04,Centro,suburbana,55457,50.0,F,Soltero/a,1,Premium,Gama alta,2314.0,,0
C008772,Z29,Oeste,urbana_premium,67334,38.0,F,Soltero/a,2,Premium,Gama media,4269.0,22.0,1
C008773,Z22,Este,suburbana,53534,21.0,M,Soltero/a,2,Prepago,Gama alta,4319.0,18.0,0
C008774,Z26,Oeste,urbana_premium,107159,52.0,M,Soltero/a,2,Premium,Gama alta,5104.0,25.0,0
C008775,Z22,Este,suburbana,53534,37.0,F,Soltero/a,2,Prepago,Gama alta,4372.0,62.0,0
C008776,Z05,Este,urbana_premium,94471,30.0,M,Casado/a,4,Contrato,Gama alta,11390.0,60.0,0
C008777,Z15,Oeste,suburbana,62939,36.0,M,Divorciado/a,1,Premium,Gama media,2532.0,49.0,0
C008778,Z26,Oeste,urbana_premium,107159,31.0,M,Soltero/a,3,Contrato,Gama alta,7200.0,7.0,1
C008779,Z27,Norte,suburbana,42704,26.0,M,Soltero/a,1,Contrato,Gama media,3306.0,16.0,1
C008780,Z09,Norte,urbana_premium,102625,38.0,M,Casado/a,5,Premium,Gama alta,3343.0,25.0,0
C008781,Z18,Sur,urbana_premium,56342,29.0,F,Casado/a,5,Premium,Gama media,3818.0,28.0,0
C008782,Z05,Este,urbana_premium,94471,44.0,M,Casado/a,3,Premium,Gama alta,5250.0,,0
C008783,Z29,Oeste,urbana_premium,67334,42.0,F,Soltero/a,2,Premium,Gama alta,3365.0,41.0,0
C008784,Z09,Norte,urbana_premium,102625,56.0,M,Casado/a,2,Prepago,Gama media,1928.0,36.0,0
C008785,Z23,Norte,rural,20553,42.0,F,Soltero/a,1,Premium,Gama media,3115.0,14.0,1
C008786,Z09,Norte,urbana_premium,102625,26.0,M,Soltero/a,3,Premium,Gama alta,4145.0,7.0,1
C008787,Z19,Este,rural,12655,27.0,M,Soltero/a,2,Premium,Gama media,1936.0,30.0,0
C008788,Z21,Centro,rural,19103,71.0,M,Divorciado/a,1,Contrato,Gama baja,1493.0,32.0,0
C008789,Z11,Oeste,suburbana,41163,48.0,NA,Divorciado/a,2,Contrato,Gama media,3437.0,12.0,0
C008790,Z26,Oeste,urbana_premium,107159,28.0,?,Casado/a,3,Contrato,Gama alta,6014.0,39.0,0
C008791,Z28,Sur,urbana_premium,64486,56.0,F,Divorciado/a,2,Premium,Gama media,2797.0,23.0,1
C008792,Z27,Norte,suburbana,42704,56.0,M,Casado/a,3,Prepago,Gama baja,3290.0,24.0,0
C008793,Z11,Oeste,suburbana,41163,24.0,M,Soltero/a,1,Premium,Gama alta,6469.0,12.0,0
C008794,Z25,Oeste,rural,11763,36.0,F,Casado/a,1,Premium,Gama alta,3236.0,20.0,0
C008795,Z17,Sur,suburbana,56619,38.0,M,Soltero/a,2,Premium,Gama media,2986.0,14.0,0
C008796,Z18,Sur,urbana_premium,56342,23.0,F,Soltero/a,3,Premium,Gama alta,3701.0,47.0,0
C008797,Z16,Este,urbana_premium,72683,35.0,F,Soltero/a,2,Contrato,Gama media,3250.0,56.0,0
C008798,Z18,Sur,urbana_premium,56342,45.0,F,Soltero/a,2,Contrato,Gama alta,3940.0,85.0,0
C008799,Z05,Este,urbana_premium,94471,20.0,M,Soltero/a,3,Premium,Gama alta,3322.0,,1
C008800,Z14,Norte,rural,13074,49.0,M,Divorciado/a,2,Premium,Gama media,2122.0,57.0,0
C008801,Z05,Este,urbana_premium,94471,50.0,M,Casado/a,4,Contrato,Gama media,3689.0,6.0,1
C008802,Z09,Norte,urbana_premium,102625,41.0,F,Divorciado/a,2,Premium,Gama media,2191.0,51.0,0
C008803,Z05,Este,urbana_premium,94471,35.0,F,Soltero/a,2,Contrato,Gama alta,3660.0,19.0,0
C008804,Z08,Sur,rural,17023,37.0,M,Soltero/a,1,Premium,Gama media,6043.0,49.0,0
C008805,Z26,Oeste,urbana_premium,107159,46.0,F,Casado/a,2,Premium,Gama media,2386.0,27.0,1
C008806,Z17,Sur,suburbana,56619,26.0,M,Casado/a,4,Premium,Gama media,5175.0,32.0,0
C008807,Z02,Oeste,suburbana,46400,,M,Divorciado/a,2,Contrato,Gama media,4377.0,23.0,0
C008808,Z26,Oeste,urbana_premium,107159,36.0,M,Casado/a,5,Premium,Gama media,4886.0,35.0,0
C008809,Z28,Sur,urbana_premium,64486,50.0,F,Soltero/a,2,Prepago,Gama media,3241.0,32.0,0
C008810,Z28,Sur,urbana_premium,64486,29.0,M,Soltero/a,2,Premium,Gama baja,5398.0,25.0,0
C008811,Z26,Oeste,urbana_premium,107159,30.0,M,Soltero/a,2,Premium,Gama media,7456.0,14.0,0
C008812,Z30,Centro,suburbana,33966,25.0,M,Soltero/a,1,Premium,Gama alta,4477.0,52.0,1
C008813,Z18,Sur,urbana_premium,56342,41.0,M,Soltero/a,2,Premium,Gama media,4305.0,29.0,1
C008814,Z29,Oeste,urbana_premium,67334,31.0,F,Casado/a,5,Premium,Gama alta,3975.0,20.0,0
C008815,Z29,Oeste,urbana_premium,67334,26.0,M,Soltero/a,3,Premium,Gama media,3159.0,23.0,0
C008816,Z10,Este,suburbana,27514,31.0,F,Soltero/a,2,Contrato,Gama alta,3196.0,32.0,0
C008817,Z27,Norte,suburbana,42704,46.0,F,Soltero/a,1,Premium,Gama media,3730.0,34.0,0
C008818,Z26,Oeste,urbana_premium,107159,23.0,M,Soltero/a,2,Premium,Gama alta,4020.0,41.0,0
C008819,Z26,Oeste,urbana_premium,107159,24.0,F,Soltero/a,3,Premium,Gama alta,3859.0,47.0,1
C008820,Z28,Sur,urbana_premium,64486,47.0,F,Divorciado/a,3,Contrato,Gama alta,3877.0,42.0,0
C008821,Z13,Este,suburbana,37333,38.0,F,Soltero/a,2,Contrato,Gama alta,5871.0,25.0,0
C008822,Z14,Norte,rural,13074,56.0,M,Casado/a,2,Contrato,Gama media,2560.0,27.0,0
C008823,Z20,Oeste,suburbana,46953,36.0,F,Divorciado/a,1,Premium,Gama media,3330.0,24.0,1
C008824,Z24,Centro,rural,12558,45.0,F,Casado/a,1,Contrato,Gama media,1040.0,12.0,0
C008825,Z28,Sur,urbana_premium,64486,38.0,M,Soltero/a,3,Premium,Gama media,5566.0,34.0,0
C008826,Z28,Sur,urbana_premium,64486,53.0,F,Divorciado/a,3,Premium,Gama alta,4874.0,18.0,0
C008827,Z23,Norte,rural,20553,61.0,M,Divorciado/a,2,Prepago,Gama media,2908.0,15.0,0
C008828,Z29,Oeste,urbana_premium,67334,50.0,F,Casado/a,5,Premium,Gama alta,,-49.0,1
C008829,Z05,Este,urbana_premium,94471,28.0,F,Casado/a,4,Contrato,Gama media,2847.0,31.0,1
C008830,Z29,Oeste,urbana_premium,67334,24.0,F,Soltero/a,2,Premium,Gama media,3585.0,25.0,0
C008831,Z99,Centro,suburbana,55457,49.0,M,Casado/a,1,Premium,Gama alta,5727.0,62.0,0
C008832,Z17,Sur,suburbana,56619,57.0,F,Divorciado/a,2,Contrato,Gama media,1893.0,,0
C008833,Z04,Centro,suburbana,55457,54.0,M,Casado/a,4,Prepago,Gama media,1933.0,51.0,0
C008834,Z18,Sur,urbana_premium,56342,36.0,F,Soltero/a,3,Contrato,Gama media,2373.0,38.0,1
C008835,Z13,Este,suburbana,37333,49.0,F,Soltero/a,1,Premium,Gama media,2897.0,38.0,0
C008836,Z04,Centro,suburbana,55457,49.0,M,Soltero/a,2,Premium,Gama alta,5401.0,16.0,1
C008837,Z20,Oeste,suburbana,46953,42.0,F,Casado/a,2,Premium,Gama media,3406.0,53.0,0
C008838,Z24,Centro,rural,12558,47.0,F,Soltero/a,2,Prepago,Gama media,3521.0,21.0,1
C008839,Z05,Este,urbana_premium,94471,37.0,F,Soltero/a,2,Prepago,Gama media,1971.0,51.0,1
C008840,Z22,Este,suburbana,53534,31.0,M,Soltero/a,2,Contrato,Gama media,2302.0,95.0,0
C008841,Z05,Este,urbana_premium,94471,28.0,M,Casado/a,2,Contrato,Gama media,3125.0,38.0,0
C008842,Z05,Este,urbana_premium,94471,28.0,M,Soltero/a,2,Premium,Gama alta,6950.0,24.0,0
C008843,Z05,Este,urbana_premium,94471,18.0,F,Soltero/a,2,Premium,Gama media,4172.0,12.0,0
C008844,Z18,Sur,urbana_premium,56342,38.0,M,Casado/a,2,Contrato,Gama media,3900.0,6.0,0
C008845,Z26,Oeste,urbana_premium,107159,36.0,M,Soltero/a,3,Prepago,Gama alta,4249.0,19.0,0
C008846,Z18,Sur,urbana_premium,56342,45.0,M,Divorciado/a,2,Premium,Gama media,3652.0,35.0,0
C008847,Z26,Oeste,urbana_premium,107159,51.0,F,Soltero/a,2,Prepago,Gama alta,7962.0,7.0,0
C008848,Z18,Sur,urbana_premium,56342,52.0,M,Casado/a,4,Premium,Gama alta,7851.0,38.0,0
C008849,Z26,Oeste,urbana_premium,107159,53.0,F,Soltero/a,3,Premium,Gama alta,5874.0,31.0,0
C008850,Z30,Centro,suburbana,33966,31.0,M,Soltero/a,1,Prepago,Gama alta,4398.0,55.0,0
C008851,Z13,Este,suburbana,37333,23.0,F,Soltero/a,2,Premium,Gama media,2585.0,14.0,0
C008852,Z05,Este,urbana_premium,94471,47.0,F,Soltero/a,3,Premium,Gama alta,4677.0,50.0,0
C008853,Z05,Este,urbana_premium,94471,53.0,F,Soltero/a,3,Prepago,Gama alta,1969.0,78.0,0
C008854,Z18,Sur,urbana_premium,56342,55.0,F,Casado/a,5,Premium,Gama media,3415.0,40.0,0
C008855,Z17,Sur,suburbana,56619,46.0,M,Divorciado/a,2,Prepago,Gama baja,1795.0,33.0,1
C008856,Z06,Sur,rural,19752,21.0,M,Soltero/a,2,Prepago,Gama media,2869.0,21.0,0
C008857,Z28,Sur,urbana_premium,64486,40.0,M,Soltero/a,2,Premium,Gama alta,3831.0,38.0,0
C008858,Z29,Oeste,urbana_premium,67334,43.0,M,Soltero/a,2,Premium,Gama media,5192.0,16.0,0
C008859,Z09,Norte,urbana_premium,102625,51.0,F,Casado/a,2,Premium,Gama alta,4992.0,72.0,0
C008860,Z07,Centro,rural,15473,62.0,M,Soltero/a,1,Premium,Gama alta,3569.0,38.0,1
C008861,Z08,Sur,rural,17023,56.0,F,Casado/a,2,Prepago,Gama baja,1842.0,-18.0,0
C008862,Z13,Este,suburbana,37333,33.0,M,Soltero/a,1,Premium,Gama baja,1648.0,61.0,0
C008863,Z27,Norte,suburbana,42704,28.0,F,Soltero/a,2,Premium,Gama alta,6101.0,17.0,1
C008864,Z18,Sur,urbana_premium,56342,,F,Soltero/a,3,Premium,Gama media,3282.0,28.0,1
C008865,Z04,Centro,suburbana,55457,30.0,F,Soltero/a,1,Contrato,Gama media,3043.0,16.0,0
C008866,Z16,Este,urbana_premium,72683,54.0,M,Divorciado/a,2,Prepago,Gama media,5777.0,10.0,0
C008867,Z04,Centro,suburbana,55457,20.0,F,Soltero/a,2,Prepago,Gama baja,2791.0,14.0,0
C008868,Z14,Norte,rural,13074,52.0,F,Casado/a,3,Prepago,Gama baja,1614.0,23.0,1
C008869,Z14,Norte,rural,13074,49.0,M,Casado/a,4,Contrato,Gama alta,5051.0,12.0,0
C008870,Z20,Oeste,suburbana,46953,38.0,F,Soltero/a,1,Premium,Gama alta,2552.0,25.0,1
C008871,Z17,Sur,suburbana,56619,29.0,F,Soltero/a,2,Premium,Gama alta,5906.0,39.0,1
C008872,Z28,Sur,urbana_premium,64486,18.0,M,Soltero/a,3,Premium,Gama media,4522.0,16.0,1
C008873,Z02,Oeste,suburbana,46400,34.0,M,Soltero/a,2,Premium,Gama alta,4406.0,49.0,0
C008874,Z26,Oeste,urbana_premium,107159,30.0,M,Soltero/a,2,Premium,Gama alta,5619.0,18.0,0
C008875,Z02,Oeste,suburbana,46400,53.0,F,Casado/a,2,Prepago,Gama media,2683.0,16.0,1
C008876,Z09,Norte,urbana_premium,102625,27.0,F,Soltero/a,2,Premium,Gama media,4912.0,25.0,0
C008877,Z28,Sur,urbana_premium,64486,41.0,F,Casado/a,5,Premium,Gama alta,7945.0,42.0,0
C008878,Z22,Este,suburbana,53534,24.0,M,Soltero/a,2,Prepago,Gama media,4924.0,75.0,1
C008879,Z05,Este,urbana_premium,94471,42.0,F,Soltero/a,3,Prepago,Gama alta,5972.0,25.0,1
C008880,Z16,Este,urbana_premium,72683,18.0,F,Casado/a,5,Contrato,Gama media,5070.0,13.0,0
C008881,Z23,Norte,rural,20553,70.0,M,Casado/a,3,Contrato,Gama media,2334.0,112.0,0
C008882,Z29,Oeste,urbana_premium,67334,34.0,F,Soltero/a,3,Premium,Gama media,2955.0,30.0,0
C008883,Z20,Oeste,suburbana,46953,18.0,F,Soltero/a,2,Premium,Gama alta,5427.0,66.0,0
C008884,Z02,Oeste,suburbana,46400,31.0,M,Soltero/a,1,Prepago,Gama media,2545.0,45.0,0
C008885,Z16,Este,urbana_premium,72683,25.0,M,Soltero/a,2,Contrato,Gama alta,3363.0,13.0,0
C008886,Z05,Este,urbana_premium,94471,28.0,F,Soltero/a,2,Contrato,Gama media,4014.0,28.0,0
C008887,Z02,Oeste,suburbana,46400,36.0,M,Soltero/a,1,Contrato,Gama media,1861.0,63.0,0
C008888,Z18,Sur,urbana_premium,56342,28.0,M,Soltero/a,2,Premium,Gama media,3502.0,49.0,0
C008889,Z26,Oeste,urbana_premium,107159,26.0,F,Soltero/a,3,Premium,Gama baja,3063.0,28.0,0
C008890,Z02,Oeste,suburbana,46400,26.0,F,Soltero/a,2,Contrato,Gama media,1879.0,91.0,0
C008891,Z26,Oeste,urbana_premium,107159,46.0,F,Soltero/a,2,Premium,Gama media,2571.0,33.0,1
C008892,Z22,Este,suburbana,53534,54.0,M,Soltero/a,1,Contrato,Gama media,3069.0,16.0,0
C008893,Z26,Oeste,urbana_premium,107159,33.0,F,Soltero/a,3,Premium,Gama media,5691.0,111.0,0
C008894,Z09,Norte,urbana_premium,102625,36.0,F,Casado/a,5,Premium,Gama media,3852.0,96.0,1
C008895,Z13,Este,suburbana,37333,26.0,M,Casado/a,1,Contrato,Gama media,2111.0,36.0,1
C008896,Z05,Este,urbana_premium,94471,37.0,M,Soltero/a,2,Prepago,Gama media,3157.0,49.0,0
C008897,Z09,Norte,urbana_premium,102625,39.0,M,Casado/a,5,Premium,Gama alta,4482.0,52.0,0
C008898,Z09,Norte,urbana_premium,102625,33.0,F,Casado/a,4,Premium,Gama baja,5939.0,26.0,0
C008899,Z10,Este,suburbana,27514,45.0,F,Soltero/a,2,Premium,Gama media,4331.0,52.0,0
C008900,Z05,Este,urbana_premium,94471,40.0,F,Soltero/a,2,Premium,Gama media,4325.0,13.0,0
C008901,Z06,Sur,rural,19752,32.0,M,Soltero/a,2,Prepago,Gama media,4099.0,22.0,0
C008902,Z28,Sur,urbana_premium,64486,50.0,M,Soltero/a,3,Premium,Gama alta,3304.0,49.0,0
C008903,Z26,Oeste,urbana_premium,107159,34.0,F,Casado/a,4,Prepago,Gama media,2635.0,25.0,0
C008904,Z11,Oeste,suburbana,41163,60.0,M,Casado/a,2,Premium,Gama alta,2802.0,9.0,0
C008905,Z29,Oeste,urbana_premium,67334,41.0,M,Soltero/a,3,Premium,Gama alta,6184.0,15.0,0
C008906,Z09,Norte,urbana_premium,102625,60.0,F,Casado/a,5,Premium,Gama alta,5081.0,46.0,1
C008907,Z14,Norte,rural,13074,59.0,F,Divorciado/a,2,Prepago,Gama alta,3534.0,43.0,0
C008908,Z26,Oeste,urbana_premium,107159,39.0,F,Soltero/a,3,Premium,Gama alta,3856.0,62.0,0
C008909,Z15,Oeste,suburbana,62939,31.0,M,Soltero/a,1,Prepago,Gama media,3261.0,40.0,0
C008910,Z09,Norte,urbana_premium,102625,28.0,F,Soltero/a,2,Prepago,Gama alta,3697.0,93.0,0
C008911,Z12,Norte,rural,11707,51.0,F,Soltero/a,1,Prepago,Gama media,1788.0,44.0,0
C008912,Z16,Este,urbana_premium,72683,38.0,F,Soltero/a,2,Contrato,Gama alta,4036.0,30.0,0
C008913,Z20,Oeste,suburbana,46953,33.0,M,Soltero/a,2,Premium,Gama media,2872.0,18.0,0
C008914,Z14,Norte,rural,13074,55.0,M,Soltero/a,1,Prepago,Gama baja,2043.0,45.0,0
C008915,Z15,Oeste,suburbana,62939,40.0,M,Casado/a,2,Contrato,Gama alta,3840.0,11.0,1
C008916,Z09,Norte,urbana_premium,102625,46.0,F,Soltero/a,2,Premium,Gama alta,4173.0,55.0,0
C008917,Z17,Sur,suburbana,56619,28.0,F,Casado/a,2,Premium,Gama alta,4986.0,31.0,1
C008918,Z08,Sur,rural,17023,57.0,F,Divorciado/a,1,Prepago,Gama media,1787.0,,0
C008919,Z27,Norte,suburbana,42704,46.0,F,Soltero/a,1,Contrato,Gama alta,2695.0,6.0,0
C008920,Z25,Oeste,rural,11763,59.0,M,Casado/a,1,Premium,Gama media,1302.0,21.0,0
C008921,Z15,Oeste,suburbana,62939,52.0,M,Casado/a,1,Contrato,Gama media,2196.0,66.0,0
C008922,Z25,Oeste,rural,11763,44.0,M,Casado/a,3,Prepago,Gama media,3016.0,-10.0,0
C008923,Z01,Centro,rural,16625,43.0,F,Casado/a,1,Prepago,Gama media,3217.0,12.0,0
C008924,Z11,Oeste,suburbana,41163,61.0,M,Soltero/a,2,Contrato,Gama media,3960.0,12.0,1
C008925,Z15,Oeste,suburbana,62939,37.0,?,Casado/a,1,Premium,Gama alta,4895.0,23.0,0
C008926,Z16,Este,urbana_premium,72683,45.0,F,Soltero/a,2,Contrato,Gama alta,4828.0,,0
C008927,Z25,Oeste,rural,11763,40.0,F,Soltero/a,2,Prepago,Gama media,2476.0,26.0,1
C008928,Z29,Oeste,urbana_premium,67334,18.0,F,Soltero/a,3,Premium,Gama media,5049.0,51.0,0
C008929,Z13,Este,suburbana,37333,25.0,M,Soltero/a,2,Premium,Gama media,2387.0,25.0,0
C008930,Z11,Oeste,suburbana,41163,45.0,F,Soltero/a,2,Prepago,Gama baja,1753.0,18.0,1
C008931,Z19,Este,rural,12655,53.0,M,Soltero/a,2,Premium,Gama media,2115.0,120.0,0
C008932,Z09,Norte,urbana_premium,102625,41.0,F,Casado/a,4,Premium,Gama media,3635.0,36.0,1
C008933,Z05,Este,urbana_premium,94471,50.0,F,Divorciado/a,2,Premium,Gama alta,4162.0,76.0,0
C008934,Z29,Oeste,urbana_premium,67334,41.0,M,Soltero/a,3,Contrato,Gama media,3028.0,5.0,0
C008935,Z26,Oeste,urbana_premium,107159,27.0,M,Soltero/a,3,Premium,Gama alta,,28.0,0
C008936,Z29,Oeste,urbana_premium,67334,43.0,M,Casado/a,2,Premium,Gama alta,5278.0,30.0,0
C008937,Z08,Sur,rural,17023,47.0,M,Casado/a,2,Contrato,Gama alta,1586.0,11.0,0
C008938,Z02,Oeste,suburbana,46400,33.0,F,Divorciado/a,1,Premium,Gama media,,53.0,0
C008939,Z15,Oeste,suburbana,62939,46.0,M,Soltero/a,2,Premium,Gama media,2514.0,23.0,0
C008940,Z29,Oeste,urbana_premium,67334,37.0,M,Soltero/a,3,Contrato,Gama baja,2221.0,55.0,0
C008941,Z05,Este,urbana_premium,94471,29.0,F,Soltero/a,3,Premium,Gama media,3478.0,23.0,0
C008942,Z05,Este,urbana_premium,94471,34.0,F,Casado/a,5,Contrato,Gama media,2931.0,33.0,0
C008943,Z04,Centro,suburbana,55457,57.0,F,Casado/a,2,Contrato,Gama media,2698.0,21.0,0
C008944,Z26,Oeste,urbana_premium,107159,53.0,F,Casado/a,3,Contrato,Gama media,4128.0,32.0,0
C008945,Z26,Oeste,urbana_premium,107159,38.0,F,Soltero/a,3,Premium,Gama media,1875.0,52.0,0
C008946,Z22,Este,suburbana,53534,41.0,M,Soltero/a,2,Premium,Gama alta,4486.0,87.0,0
C008947,Z03,Sur,rural,16530,28.0,F,Soltero/a,2,Premium,Gama alta,6972.0,46.0,0
C008948,Z23,Norte,rural,20553,66.0,F,Casado/a,4,Contrato,Gama media,1750.0,14.0,1
C008949,Z15,Oeste,suburbana,62939,52.0,M,Casado/a,3,Prepago,Gama media,2544.0,36.0,0
C008950,Z05,Este,urbana_premium,94471,45.0,F,Soltero/a,3,Premium,Gama media,3011.0,36.0,1
C008951,Z09,Norte,urbana_premium,102625,18.0,F,Soltero/a,3,Contrato,Gama media,2748.0,21.0,0
C008952,Z16,Este,urbana_premium,72683,36.0,M,Casado/a,4,Premium,Gama alta,8060.0,16.0,0
C008953,Z11,Oeste,suburbana,41163,38.0,F,Casado/a,2,Prepago,Gama media,2803.0,82.0,0
C008954,Z29,Oeste,urbana_premium,67334,44.0,M,Casado/a,5,Prepago,Gama baja,5118.0,40.0,0
C008955,Z16,Este,urbana_premium,72683,31.0,F,Casado/a,4,Contrato,Gama alta,6058.0,8.0,0
C008956,Z13,Este,suburbana,37333,37.0,M,Soltero/a,1,Premium,Gama alta,4507.0,13.0,0
C008957,Z22,Este,suburbana,53534,47.0,F,Soltero/a,2,Prepago,Gama media,4627.0,65.0,0
C008958,Z20,Oeste,suburbana,46953,31.0,F,Soltero/a,2,Contrato,Gama baja,1972.0,45.0,0
C008959,Z01,Centro,rural,16625,38.0,M,Casado/a,2,Prepago,Gama media,3350.0,18.0,1
C008960,Z20,Oeste,suburbana,46953,42.0,F,Divorciado/a,1,Premium,Gama alta,2730.0,32.0,0
C008961,Z09,Norte,urbana_premium,102625,52.0,M,Soltero/a,2,Premium,Gama alta,7133.0,38.0,0
C008962,Z13,Este,suburbana,37333,50.0,M,Divorciado/a,1,Prepago,Gama media,2295.0,39.0,0
C008963,Z22,Este,suburbana,53534,53.0,M,Soltero/a,2,Contrato,Gama media,2057.0,54.0,0
C008964,Z17,Sur,suburbana,56619,41.0,F,Soltero/a,2,Contrato,Gama media,3067.0,6.0,1
C008965,Z12,Norte,rural,11707,63.0,F,Soltero/a,1,Prepago,Gama alta,2991.0,22.0,1
C008966,Z05,Este,urbana_premium,94471,,M,Soltero/a,3,Contrato,Gama media,2101.0,35.0,0
C008967,Z16,Este,urbana_premium,72683,60.0,F,Casado/a,2,Premium,Gama media,3410.0,49.0,1
C008968,Z10,Este,suburbana,27514,66.0,F,Casado/a,4,Premium,Gama media,2085.0,33.0,0
C008969,Z28,Sur,urbana_premium,64486,41.0,M,Soltero/a,3,Premium,Gama alta,5430.0,18.0,0
C008970,Z17,Sur,suburbana,56619,50.0,F,Soltero/a,1,Premium,Gama media,2511.0,23.0,0
C008971,Z27,Norte,suburbana,42704,40.0,M,Soltero/a,2,Premium,Gama alta,4539.0,24.0,0
C008972,Z13,Este,suburbana,37333,37.0,F,Soltero/a,2,Contrato,Gama alta,2382.0,47.0,0
C008973,Z26,Oeste,urbana_premium,107159,29.0,F,Soltero/a,3,Premium,Gama media,4370.0,31.0,0
C008974,Z03,Sur,rural,16530,44.0,F,Soltero/a,2,Premium,Gama media,1470.0,41.0,1
C008975,Z09,Norte,urbana_premium,102625,43.0,M,Casado/a,3,Premium,Gama media,3782.0,56.0,1
C008976,Z04,Centro,suburbana,55457,45.0,M,Divorciado/a,1,Premium,Gama media,2085.0,41.0,0
C008977,Z02,Oeste,suburbana,46400,64.0,F,Casado/a,1,Prepago,Gama alta,5224.0,13.0,0
C008978,Z28,Sur,urbana_premium,64486,37.0,F,Soltero/a,3,Prepago,Gama alta,,42.0,1
C008979,Z23,Norte,rural,20553,27.0,F,Soltero/a,2,Premium,Gama media,2570.0,96.0,0
C008980,Z20,Oeste,suburbana,46953,60.0,F,Divorciado/a,1,Premium,Gama media,4379.0,15.0,0
C008981,Z17,Sur,suburbana,56619,25.0,F,Soltero/a,2,Contrato,Gama media,2569.0,64.0,0
C008982,Z18,Sur,urbana_premium,56342,29.0,M,Soltero/a,2,Premium,Gama media,4867.0,31.0,1
C008983,Z20,Oeste,suburbana,46953,43.0,M,Casado/a,2,Prepago,Gama media,2976.0,23.0,0
C008984,Z26,Oeste,urbana_premium,107159,41.0,M,Divorciado/a,2,Premium,Gama media,4706.0,22.0,1
C008985,Z18,Sur,urbana_premium,56342,19.0,M,Soltero/a,3,Premium,Gama media,4102.0,53.0,0
C008986,Z25,Oeste,rural,11763,36.0,F,Soltero/a,2,Prepago,Gama media,,29.0,0
C008987,Z09,Norte,urbana_premium,102625,18.0,M,Soltero/a,3,Premium,Gama media,2085.0,14.0,0
C008988,Z30,Centro,suburbana,33966,47.0,M,Divorciado/a,1,Contrato,Gama media,2441.0,,0
C008989,Z02,Oeste,suburbana,46400,54.0,M,Divorciado/a,2,Premium,Gama alta,5775.0,,1
C008990,Z13,Este,suburbana,37333,25.0,F,Soltero/a,2,Premium,Gama media,2939.0,34.0,1
C008991,Z28,Sur,urbana_premium,64486,48.0,M,Soltero/a,3,Premium,Gama alta,3062.0,44.0,1
C008992,Z05,Este,urbana_premium,94471,47.0,M,Divorciado/a,2,Premium,Gama media,3999.0,9.0,0
C008993,Z05,Este,urbana_premium,94471,28.0,F,Soltero/a,3,Prepago,Gama media,2307.0,34.0,0
C008994,Z12,Norte,rural,11707,21.0,M,Soltero/a,1,Premium,Gama media,2021.0,25.0,0
C008995,Z15,Oeste,suburbana,62939,27.0,F,Soltero/a,1,Contrato,Gama media,3271.0,10.0,1
C008996,Z29,Oeste,urbana_premium,67334,29.0,M,Soltero/a,3,Premium,Gama alta,4676.0,15.0,1
C008997,Z27,Norte,suburbana,42704,59.0,?,Soltero/a,2,Premium,Gama alta,3459.0,29.0,1
C008998,Z16,Este,urbana_premium,72683,35.0,M,Soltero/a,3,Premium,Gama alta,6683.0,36.0,1
C008999,Z30,Centro,suburbana,33966,28.0,M,Soltero/a,2,Premium,Gama baja,2421.0,-48.0,0
C009000,Z20,Oeste,suburbana,46953,42.0,M,Soltero/a,2,Prepago,Gama media,1811.0,6.0,0
C009001,Z28,Sur,urbana_premium,64486,20.0,F,Soltero/a,3,Prepago,Gama alta,,24.0,0
C009002,Z09,Norte,urbana_premium,102625,42.0,F,Soltero/a,3,Premium,Gama alta,3228.0,32.0,0
C009003,Z16,Este,urbana_premium,72683,24.0,M,Soltero/a,2,Premium,Gama media,4198.0,28.0,0
C009004,Z02,Oeste,suburbana,46400,30.0,F,Casado/a,4,Premium,Gama media,2769.0,25.0,1
C009005,Z01,Centro,rural,16625,50.0,M,Soltero/a,1,Premium,Gama media,2508.0,62.0,0
C009006,Z22,Este,suburbana,53534,61.0,F,Soltero/a,1,Contrato,Gama media,3175.0,11.0,0
C009007,Z05,Este,urbana_premium,94471,62.0,F,Divorciado/a,2,Premium,Gama alta,5360.0,19.0,0
C009008,Z17,Sur,suburbana,56619,28.0,M,Soltero/a,2,Contrato,Gama media,3048.0,64.0,0
C009009,Z22,Este,suburbana,53534,33.0,M,Soltero/a,2,Prepago,Gama media,3289.0,14.0,0
C009010,Z02,Oeste,suburbana,46400,46.0,F,Casado/a,3,Premium,Gama alta,5711.0,30.0,1
C009011,Z15,Oeste,suburbana,62939,54.0,F,Soltero/a,1,Contrato,Gama media,1726.0,37.0,0
C009012,Z22,Este,suburbana,53534,18.0,F,Soltero/a,2,Contrato,Gama media,3263.0,41.0,0
C009013,Z28,Sur,urbana_premium,64486,37.0,M,Soltero/a,3,Premium,Gama alta,3774.0,19.0,0
C009014,Z09,Norte,urbana_premium,102625,30.0,F,Soltero/a,2,Prepago,Gama media,3996.0,14.0,0
C009015,Z30,Centro,suburbana,33966,18.0,M,Soltero/a,2,Prepago,Gama media,3749.0,10.0,0
C009016,Z27,Norte,suburbana,42704,24.0,F,Soltero/a,2,Premium,Gama media,2286.0,59.0,1
C009017,Z20,Oeste,suburbana,46953,33.0,F,Soltero/a,2,Prepago,Gama media,2506.0,-23.0,0
C009018,Z13,Este,suburbana,37333,41.0,F,Soltero/a,1,Prepago,Gama media,3957.0,47.0,0
C009019,Z22,Este,suburbana,53534,52.0,F,Casado/a,2,Premium,Gama media,2898.0,103.0,0
C009020,Z26,Oeste,urbana_premium,107159,40.0,F,Casado/a,3,Premium,Gama baja,2808.0,18.0,1
C009021,Z09,Norte,urbana_premium,102625,47.0,M,Casado/a,3,Premium,Gama media,5174.0,67.0,1
C009022,Z99,Centro,suburbana,33966,40.0,F,desconocido,2,Prepago,Gama alta,3818.0,22.0,1
C009023,Z28,Sur,urbana_premium,64486,28.0,M,Soltero/a,3,Premium,Gama media,4150.0,26.0,0
C009024,Z16,Este,urbana_premium,72683,34.0,M,Soltero/a,2,Premium,Gama alta,4531.0,18.0,0
C009025,Z23,Norte,rural,20553,53.0,M,Casado/a,1,Prepago,Gama media,2899.0,,0
C009026,Z17,Sur,suburbana,56619,52.0,M,Casado/a,1,Premium,Gama media,2958.0,68.0,1
C009027,Z26,Oeste,urbana_premium,107159,34.0,M,Casado/a,2,Prepago,Gama alta,4368.0,31.0,0
C009028,Z26,Oeste,urbana_premium,107159,25.0,F,Soltero/a,3,Contrato,Gama media,2582.0,37.0,1
C009029,Z02,Oeste,suburbana,46400,44.0,M,Soltero/a,1,Prepago,Gama media,2838.0,23.0,0
C009030,Z04,Centro,suburbana,55457,46.0,M,Soltero/a,1,Premium,Gama alta,4277.0,81.0,0
C009031,Z11,Oeste,suburbana,41163,55.0,M,Casado/a,2,Contrato,Gama media,6585.0,24.0,0
C009032,Z28,Sur,urbana_premium,64486,28.0,F,Soltero/a,2,Contrato,Gama media,4091.0,45.0,0
C009033,Z13,Este,suburbana,37333,,F,Soltero/a,1,Prepago,Gama media,2224.0,17.0,0
C009034,Z28,Sur,urbana_premium,64486,45.0,F,Soltero/a,3,Prepago,Gama media,3461.0,28.0,0
C009035,Z16,Este,urbana_premium,72683,31.0,F,Casado/a,3,Prepago,Gama media,2357.0,3.0,1
C009036,Z09,Norte,urbana_premium,102625,31.0,F,Soltero/a,2,Premium,Gama baja,4955.0,26.0,0
C009037,Z28,Sur,urbana_premium,64486,51.0,M,Soltero/a,3,Contrato,Gama media,3981.0,35.0,0
C009038,Z17,Sur,suburbana,56619,24.0,F,Soltero/a,2,Premium,Gama media,2184.0,46.0,0
C009039,Z11,Oeste,suburbana,41163,65.0,M,Divorciado/a,2,Premium,Gama alta,2854.0,52.0,0
C009040,Z02,Oeste,suburbana,46400,33.0,M,Casado/a,1,Premium,Gama alta,,38.0,0
C009041,Z05,Este,urbana_premium,94471,46.0,F,Casado/a,5,Premium,Gama media,3988.0,39.0,0
C009042,Z05,Este,urbana_premium,94471,35.0,M,Casado/a,5,Premium,Gama media,3079.0,41.0,0
C009043,Z12,Norte,rural,11707,48.0,?,Casado/a,4,Prepago,Gama media,3400.0,52.0,1
C009044,Z18,Sur,urbana_premium,56342,33.0,M,desconocido,3,Premium,Gama media,4419.0,32.0,0
C009045,Z10,Este,suburbana,27514,50.0,F,Divorciado/a,1,Premium,Gama media,2335.0,56.0,0
C009046,Z04,Centro,suburbana,55457,36.0,M,Soltero/a,1,Premium,Gama baja,,12.0,0
C009047,Z09,Norte,urbana_premium,102625,29.0,F,Soltero/a,2,Premium,Gama media,1869.0,44.0,0
C009048,Z14,Norte,rural,13074,67.0,F,Casado/a,4,Contrato,Gama media,2603.0,24.0,0
C009049,Z30,Centro,suburbana,33966,40.0,M,Soltero/a,1,Contrato,Gama alta,8117.0,5.0,1
C009050,Z13,Este,suburbana,37333,32.0,M,Soltero/a,2,Premium,Gama alta,4471.0,22.0,0
C009051,Z04,Centro,suburbana,55457,22.0,F,Soltero/a,2,Premium,Gama media,2874.0,10.0,0
C009052,Z18,Sur,urbana_premium,56342,58.0,M,Casado/a,2,Premium,Gama alta,4270.0,34.0,1
C009053,Z29,Oeste,urbana_premium,67334,29.0,M,Soltero/a,2,Premium,Gama alta,4734.0,23.0,0
C009054,Z26,Oeste,urbana_premium,107159,,F,Casado/a,2,Premium,Gama alta,4843.0,45.0,0
C009055,Z27,Norte,suburbana,42704,45.0,F,Casado/a,4,Premium,Gama media,2925.0,63.0,0
C009056,Z29,Oeste,urbana_premium,67334,,M,Casado/a,5,Premium,Gama media,1824.0,36.0,1
C009057,Z20,Oeste,suburbana,46953,42.0,F,Casado/a,2,Contrato,Gama media,2695.0,60.0,0
C009058,Z30,Centro,suburbana,33966,67.0,M,Divorciado/a,1,Contrato,Gama media,2470.0,19.0,1
C009059,Z02,Oeste,suburbana,46400,18.0,F,Soltero/a,1,Contrato,Gama media,2940.0,,0
C009060,Z27,Norte,suburbana,42704,43.0,M,Casado/a,3,Contrato,Gama media,2341.0,17.0,1
C009061,Z27,Norte,suburbana,42704,37.0,M,Soltero/a,1,Premium,Gama media,3764.0,47.0,0
C009062,Z28,Sur,urbana_premium,64486,33.0,M,Casado/a,5,Contrato,Gama media,7947.0,45.0,1
C009063,Z16,Este,urbana_premium,72683,38.0,F,Casado/a,2,Premium,Gama alta,5498.0,52.0,0
C009064,Z26,Oeste,urbana_premium,107159,33.0,M,Soltero/a,3,Premium,Gama media,3814.0,31.0,1
C009065,Z06,Sur,rural,19752,47.0,F,Casado/a,3,Premium,Gama alta,4027.0,20.0,0
C009066,Z18,Sur,urbana_premium,56342,36.0,M,Casado/a,4,Prepago,Gama media,5436.0,26.0,1
C009067,Z11,Oeste,suburbana,41163,24.0,F,Soltero/a,1,Premium,Gama media,3927.0,38.0,0
C009068,Z18,Sur,urbana_premium,56342,41.0,M,Casado/a,5,Premium,Gama media,3197.0,29.0,0
C009069,Z22,Este,suburbana,53534,49.0,F,Casado/a,1,Prepago,Gama media,2891.0,48.0,0
C009070,Z11,Oeste,suburbana,41163,,F,Soltero/a,2,Premium,Gama media,3733.0,12.0,0
C009071,Z08,Sur,rural,17023,67.0,M,Casado/a,1,Prepago,Gama media,5039.0,48.0,0
C009072,Z10,Este,suburbana,27514,56.0,M,Soltero/a,2,Prepago,Gama alta,5031.0,20.0,0
C009073,Z21,Centro,rural,19103,55.0,F,Casado/a,2,Premium,Gama media,2914.0,23.0,0
C009074,Z22,Este,suburbana,53534,50.0,M,Casado/a,3,Premium,Gama media,3218.0,15.0,0
C009075,Z25,Oeste,rural,11763,45.0,F,Divorciado/a,2,Premium,Gama baja,3094.0,51.0,0
C009076,Z05,Este,urbana_premium,94471,50.0,F,Soltero/a,2,Prepago,Gama alta,4709.0,14.0,0
C009077,Z26,Oeste,urbana_premium,107159,55.0,M,Casado/a,4,Prepago,Gama media,6677.0,,0
C009078,Z22,Este,suburbana,53534,50.0,M,Soltero/a,1,Premium,Gama media,2074.0,25.0,1
C009079,Z02,Oeste,suburbana,46400,33.0,M,Soltero/a,2,Contrato,Gama alta,,23.0,0
C009080,Z11,Oeste,suburbana,41163,40.0,F,Casado/a,2,Prepago,Gama media,3968.0,11.0,0
C009081,Z16,Este,urbana_premium,72683,43.0,F,Soltero/a,2,Premium,Gama baja,6434.0,82.0,0
C009082,Z12,Norte,rural,11707,55.0,F,Divorciado/a,1,Prepago,Gama media,4694.0,34.0,1
C009083,Z05,Este,urbana_premium,94471,35.0,F,Casado/a,3,Premium,Gama media,2346.0,21.0,0
C009084,Z07,Centro,rural,15473,38.0,F,Casado/a,1,Premium,Gama baja,1844.0,23.0,1
C009085,Z99,Oeste,suburbana,46400,59.0,M,Casado/a,1,Premium,Gama media,2972.0,45.0,0
C009086,Z04,Centro,suburbana,55457,27.0,M,Soltero/a,1,Contrato,Gama media,1973.0,45.0,0
C009087,Z09,Norte,urbana_premium,102625,25.0,M,Soltero/a,3,Premium,Gama alta,7005.0,16.0,1
C009088,Z26,Oeste,urbana_premium,107159,20.0,M,Soltero/a,2,Contrato,Gama media,4084.0,13.0,1
C009089,Z17,Sur,suburbana,56619,29.0,M,Casado/a,3,Premium,Gama media,4593.0,86.0,0
C009090,Z15,Oeste,suburbana,62939,,F,Soltero/a,2,Contrato,Gama media,2863.0,17.0,0
C009091,Z21,Centro,rural,19103,60.0,M,Soltero/a,2,Premium,Gama media,2737.0,26.0,0
C009092,Z17,Sur,suburbana,56619,39.0,M,Casado/a,1,Premium,Gama baja,,26.0,0
C009093,Z05,Este,urbana_premium,94471,42.0,F,n/a,2,Premium,Gama alta,2700.0,29.0,0
C009094,Z08,Sur,rural,17023,45.0,F,Casado/a,1,Prepago,Gama baja,1648.0,10.0,0
C009095,Z08,Sur,rural,17023,31.0,M,Soltero/a,1,Premium,Gama media,1303.0,62.0,1
C009096,Z18,Sur,urbana_premium,56342,63.0,M,Casado/a,5,Premium,Gama alta,5602.0,30.0,1
C009097,Z16,Este,urbana_premium,72683,52.0,M,Soltero/a,3,Premium,Gama alta,3891.0,12.0,1
C009098,Z13,Este,suburbana,37333,44.0,M,Divorciado/a,1,Contrato,Gama media,4410.0,25.0,0
C009099,Z17,Sur,suburbana,56619,30.0,M,Soltero/a,1,Premium,Gama media,2925.0,50.0,1
C009100,Z29,Oeste,urbana_premium,67334,33.0,M,Casado/a,2,Premium,Gama alta,5801.0,20.0,1
C009101,Z10,Este,suburbana,27514,32.0,F,Casado/a,3,Premium,Gama media,4252.0,40.0,0
C009102,Z17,Sur,suburbana,56619,41.0,F,Soltero/a,2,Prepago,Gama media,2918.0,54.0,0
C009103,Z16,Este,urbana_premium,72683,40.0,M,Soltero/a,2,Premium,Gama alta,4192.0,20.0,0
C009104,Z23,Norte,rural,20553,41.0,M,Soltero/a,2,Prepago,Gama alta,2683.0,16.0,0
C009105,Z24,Centro,rural,12558,28.0,F,Soltero/a,2,Prepago,Gama alta,3505.0,19.0,0
C009106,Z23,Norte,rural,20553,71.0,F,Divorciado/a,2,Contrato,Gama media,2345.0,75.0,0
C009107,Z07,Centro,rural,15473,48.0,F,Casado/a,2,Prepago,Gama media,2687.0,39.0,0
C009108,Z15,Oeste,suburbana,62939,,F,Soltero/a,2,Premium,Gama baja,1817.0,28.0,0
C009109,Z26,Oeste,urbana_premium,107159,31.0,X,Soltero/a,3,Premium,Gama alta,2872.0,38.0,0
C009110,Z13,Este,suburbana,37333,,F,Soltero/a,2,Contrato,Gama media,2355.0,32.0,0
C009111,Z30,Centro,suburbana,33966,,M,Soltero/a,1,Contrato,Gama media,3648.0,11.0,0
C009112,Z12,Norte,rural,11707,41.0,F,Casado/a,2,Contrato,Gama media,1853.0,56.0,0
C009113,Z16,Este,urbana_premium,72683,45.0,F,Divorciado/a,3,Contrato,Gama media,4068.0,48.0,0
C009114,Z16,Este,urbana_premium,72683,47.0,M,Soltero/a,2,Premium,Gama alta,3691.0,37.0,0
C009115,Z15,Oeste,suburbana,62939,49.0,F,Casado/a,1,Contrato,Gama media,3048.0,16.0,1
C009116,Z27,Norte,suburbana,42704,,M,Casado/a,1,Prepago,Gama baja,4125.0,65.0,0
C009117,Z05,Este,urbana_premium,94471,58.0,F,Casado/a,2,Premium,Gama media,4140.0,48.0,1
C009118,Z18,Sur,urbana_premium,56342,41.0,M,n/a,3,Premium,Gama alta,3581.0,72.0,1
C009119,Z20,Oeste,suburbana,46953,53.0,F,Casado/a,4,Premium,Gama alta,3505.0,25.0,1
C009120,Z27,Norte,suburbana,42704,46.0,M,Casado/a,4,Premium,Gama alta,5358.0,120.0,0
C009121,Z19,Este,rural,12655,22.0,F,Soltero/a,2,Prepago,Gama media,2414.0,27.0,1
C009122,Z29,Oeste,urbana_premium,67334,34.0,F,Soltero/a,3,Premium,Gama media,2494.0,31.0,1
C009123,Z28,Sur,urbana_premium,64486,26.0,M,Casado/a,3,Premium,Gama alta,2415.0,106.0,0
C009124,Z11,Oeste,suburbana,41163,43.0,M,Casado/a,4,Prepago,Gama media,2702.0,97.0,0
C009125,Z99,Norte,suburbana,42704,31.0,M,Casado/a,4,Contrato,Gama media,2000.0,49.0,0
C009126,Z29,Oeste,urbana_premium,67334,43.0,F,Soltero/a,3,Premium,Gama baja,1657.0,26.0,0
C009127,Z09,Norte,urbana_premium,102625,48.0,F,Casado/a,3,Premium,Gama media,3455.0,53.0,0
C009128,Z19,Este,rural,12655,59.0,M,Casado/a,4,Premium,Gama alta,2652.0,27.0,0
C009129,Z09,Norte,urbana_premium,102625,55.0,F,Soltero/a,3,Premium,Gama alta,6213.0,23.0,1
C009130,Z20,Oeste,suburbana,46953,20.0,F,Soltero/a,1,Prepago,Gama media,2963.0,28.0,0
C009131,Z04,Centro,suburbana,55457,26.0,F,Soltero/a,2,Premium,Gama alta,3322.0,-58.0,1
C009132,Z24,Centro,rural,12558,80.0,M,Casado/a,1,Premium,Gama alta,2781.0,38.0,0
C009133,Z15,Oeste,suburbana,62939,52.0,M,Casado/a,4,Prepago,Gama alta,3069.0,8.0,0
C009134,Z18,Sur,urbana_premium,56342,39.0,F,Soltero/a,2,Premium,Gama alta,3030.0,37.0,1
C009135,Z02,Oeste,suburbana,46400,40.0,M,Casado/a,1,Premium,Gama alta,6373.0,12.0,0
C009136,Z22,Este,suburbana,53534,39.0,M,Soltero/a,1,Contrato,Gama media,2109.0,43.0,0
C009137,Z16,Este,urbana_premium,72683,18.0,F,Soltero/a,3,Premium,Gama alta,4428.0,18.0,1
C009138,Z20,Oeste,suburbana,46953,31.0,M,Soltero/a,1,Prepago,Gama alta,2269.0,53.0,0
C009139,Z10,Este,suburbana,27514,39.0,F,Soltero/a,2,Premium,Gama alta,3101.0,53.0,0
C009140,Z05,Este,urbana_premium,94471,27.0,F,Casado/a,2,Premium,Gama alta,4417.0,65.0,1
C009141,Z15,Oeste,suburbana,62939,33.0,F,Casado/a,4,Contrato,Gama baja,2777.0,17.0,0
C009142,Z29,Oeste,urbana_premium,67334,67.0,F,n/a,3,Premium,Gama alta,2503.0,35.0,0
C009143,Z09,Norte,urbana_premium,102625,33.0,F,Soltero/a,2,Premium,Gama media,3389.0,17.0,0
C009144,Z22,Este,suburbana,53534,43.0,F,Soltero/a,2,Premium,Gama alta,4418.0,44.0,1
C009145,Z02,Oeste,suburbana,46400,43.0,F,Soltero/a,2,Prepago,Gama media,1762.0,29.0,0
C009146,Z23,Norte,rural,20553,52.0,F,Soltero/a,1,Premium,Gama alta,4108.0,8.0,0
C009147,Z09,Norte,urbana_premium,102625,,F,Soltero/a,3,Premium,Gama alta,3957.0,35.0,0
C009148,Z15,Oeste,suburbana,62939,55.0,M,Casado/a,2,Prepago,Gama media,3828.0,11.0,0
C009149,Z12,Norte,rural,11707,50.0,M,Soltero/a,1,Premium,Gama media,1605.0,33.0,1
C009150,Z05,Este,urbana_premium,94471,21.0,M,Soltero/a,2,Premium,Gama alta,3633.0,90.0,1
C009151,Z11,Oeste,suburbana,41163,39.0,F,Soltero/a,1,Prepago,Gama media,2361.0,36.0,0
C009152,Z11,Oeste,suburbana,41163,38.0,F,Soltero/a,1,Contrato,Gama media,3306.0,26.0,0
C009153,Z17,Sur,suburbana,56619,,F,Casado/a,3,Contrato,Gama media,2034.0,11.0,1
C009154,Z29,Oeste,urbana_premium,67334,42.0,F,Casado/a,3,Premium,Gama media,3080.0,26.0,1
C009155,Z16,Este,urbana_premium,72683,44.0,F,Casado/a,2,Contrato,Gama alta,7892.0,29.0,0
C009156,Z28,Sur,urbana_premium,64486,42.0,?,Casado/a,2,Contrato,Gama alta,4800.0,22.0,0
C009157,Z16,Este,urbana_premium,72683,40.0,M,Soltero/a,3,Premium,Gama alta,4372.0,32.0,1
C009158,Z05,Este,urbana_premium,94471,37.0,F,Soltero/a,2,Premium,Gama alta,4347.0,62.0,0
C009159,Z09,Norte,urbana_premium,102625,18.0,M,Casado/a,5,Premium,Gama alta,6377.0,36.0,0
C009160,Z14,Norte,rural,13074,54.0,F,Casado/a,2,Prepago,Gama baja,2221.0,27.0,0
C009161,Z10,Este,suburbana,27514,46.0,F,Casado/a,3,Premium,Gama alta,4137.0,70.0,0
C009162,Z27,Norte,suburbana,42704,28.0,M,Soltero/a,2,Prepago,Gama baja,1305.0,18.0,0
C009163,Z22,Este,suburbana,53534,43.0,F,Soltero/a,2,Contrato,Gama alta,2858.0,34.0,1
C009164,Z18,Sur,urbana_premium,56342,44.0,F,Casado/a,4,Premium,Gama media,3435.0,38.0,0
C009165,Z16,Este,urbana_premium,72683,50.0,F,Soltero/a,2,Prepago,Gama media,3186.0,35.0,0
C009166,Z13,Este,suburbana,37333,46.0,F,Soltero/a,2,Contrato,Gama alta,3861.0,34.0,0
C009167,Z19,Este,rural,12655,49.0,M,Soltero/a,2,Premium,Gama media,2215.0,47.0,0
C009168,Z05,Este,urbana_premium,94471,47.0,F,Soltero/a,2,Premium,Gama alta,3618.0,108.0,0
C009169,Z05,Este,urbana_premium,94471,32.0,M,Soltero/a,2,Premium,Gama media,2909.0,50.0,1
C009170,Z09,Norte,urbana_premium,102625,41.0,M,Casado/a,5,Premium,Gama alta,3335.0,17.0,1
C009171,Z05,Este,urbana_premium,94471,29.0,F,Soltero/a,2,Premium,Gama baja,1896.0,27.0,0
C009172,Z22,Este,suburbana,53534,53.0,F,Divorciado/a,1,Prepago,Gama baja,2669.0,16.0,0
C009173,Z02,Oeste,suburbana,46400,21.0,F,Soltero/a,2,Premium,Gama baja,1817.0,35.0,0
C009174,Z05,Este,urbana_premium,94471,46.0,M,Divorciado/a,3,Premium,Gama alta,6572.0,59.0,1
C009175,Z28,Sur,urbana_premium,64486,,F,Soltero/a,2,Premium,Gama media,4948.0,39.0,0
C009176,Z30,Centro,suburbana,33966,52.0,F,Casado/a,2,Premium,Gama alta,4103.0,14.0,1
C009177,Z16,Este,urbana_premium,72683,27.0,F,Soltero/a,3,Prepago,Gama alta,2411.0,50.0,0
C009178,Z16,Este,urbana_premium,72683,37.0,M,Casado/a,4,Premium,Gama alta,5132.0,19.0,0
C009179,Z26,Oeste,urbana_premium,107159,37.0,M,Soltero/a,3,Contrato,Gama media,3030.0,43.0,0
C009180,Z02,Oeste,suburbana,46400,,F,Casado/a,3,Premium,Gama alta,3284.0,14.0,0
C009181,Z15,Oeste,suburbana,62939,27.0,F,Casado/a,1,Contrato,Gama media,2792.0,81.0,0
C009182,Z04,Centro,suburbana,55457,,M,Divorciado/a,2,Prepago,Gama media,1840.0,27.0,0
C009183,Z14,Norte,rural,13074,23.0,F,Soltero/a,2,Prepago,Gama alta,1615.0,19.0,0
C009184,Z30,Centro,suburbana,33966,32.0,F,Soltero/a,1,Premium,Gama media,3755.0,16.0,0
C009185,Z26,Oeste,urbana_premium,107159,18.0,M,Soltero/a,2,Premium,Gama baja,4768.0,46.0,0
C009186,Z30,Centro,suburbana,33966,50.0,F,Casado/a,2,Contrato,Gama baja,1844.0,33.0,1
C009187,Z25,Oeste,rural,11763,50.0,F,Casado/a,2,Prepago,Gama media,3456.0,3.0,0
C009188,Z19,Este,rural,12655,50.0,M,Casado/a,1,Premium,Gama baja,2031.0,34.0,1
C009189,Z26,Oeste,urbana_premium,107159,54.0,M,Soltero/a,2,Premium,Gama media,2444.0,28.0,0
C009190,Z21,Centro,rural,19103,41.0,M,Soltero/a,2,Prepago,Gama baja,1916.0,35.0,0
C009191,Z16,Este,urbana_premium,72683,43.0,F,Soltero/a,3,Premium,Gama media,2382.0,80.0,0
C009192,Z09,Norte,urbana_premium,102625,37.0,M,Soltero/a,3,Premium,Gama media,2969.0,74.0,0
C009193,Z17,Sur,suburbana,56619,39.0,M,Casado/a,1,Premium,Gama media,2521.0,35.0,0
C009194,Z09,Norte,urbana_premium,102625,52.0,M,Casado/a,4,Premium,Gama media,4585.0,15.0,1
C009195,Z16,Este,urbana_premium,72683,61.0,F,Casado/a,4,Premium,Gama media,5087.0,22.0,0
C009196,Z05,Este,urbana_premium,94471,31.0,F,Soltero/a,3,Prepago,Gama alta,5553.0,38.0,0
C009197,Z18,Sur,urbana_premium,56342,46.0,F,Divorciado/a,2,Premium,Gama media,5040.0,14.0,0
C009198,Z09,Norte,urbana_premium,102625,40.0,F,Soltero/a,3,Premium,Gama baja,1966.0,27.0,0
C009199,Z09,Norte,urbana_premium,102625,40.0,F,Soltero/a,2,Prepago,Gama media,2308.0,21.0,0
C009200,Z16,Este,urbana_premium,72683,39.0,F,Casado/a,4,Contrato,Gama alta,5621.0,16.0,0
C009201,Z05,Este,urbana_premium,94471,32.0,F,Soltero/a,2,Premium,Gama media,3251.0,21.0,0
C009202,Z29,Oeste,urbana_premium,67334,18.0,M,Soltero/a,3,Premium,Gama media,3646.0,20.0,0
C009203,Z15,Oeste,suburbana,62939,58.0,M,Casado/a,3,Prepago,Gama media,3720.0,45.0,0
C009204,Z11,Oeste,suburbana,41163,32.0,M,Soltero/a,1,Prepago,Gama alta,,45.0,1
C009205,Z02,Oeste,suburbana,46400,37.0,F,Soltero/a,2,Contrato,Gama media,3514.0,82.0,0
C009206,Z27,Norte,suburbana,42704,37.0,F,Casado/a,1,Premium,Gama media,,48.0,1
C009207,Z20,Oeste,suburbana,46953,31.0,M,Casado/a,4,Prepago,Gama baja,1945.0,8.0,0
C009208,Z15,Oeste,suburbana,62939,43.0,M,Casado/a,1,Prepago,Gama media,2049.0,48.0,0
C009209,Z09,Norte,urbana_premium,102625,35.0,F,Casado/a,5,Premium,Gama media,5876.0,56.0,0
C009210,Z25,Oeste,rural,11763,36.0,F,Casado/a,3,Contrato,Gama media,3137.0,-71.0,0
C009211,Z29,Oeste,urbana_premium,67334,38.0,F,Casado/a,2,Premium,Gama alta,3890.0,29.0,1
C009212,Z13,Este,suburbana,37333,40.0,M,Soltero/a,2,Prepago,Gama baja,1810.0,31.0,0
C009213,Z05,Este,urbana_premium,94471,47.0,F,Casado/a,2,Premium,Gama baja,,46.0,0
C009214,Z05,Este,urbana_premium,94471,20.0,M,Soltero/a,3,Premium,Gama alta,4090.0,,1
C009215,Z01,Centro,rural,16625,,F,Soltero/a,2,Prepago,Gama media,1775.0,55.0,0
C009216,Z25,Oeste,rural,11763,54.0,F,Casado/a,1,Prepago,Gama alta,2278.0,-23.0,0
C009217,Z30,Centro,suburbana,33966,32.0,F,Casado/a,3,Prepago,Gama media,3560.0,30.0,1
C009218,Z30,Centro,suburbana,33966,29.0,M,Soltero/a,1,Prepago,Gama media,2551.0,16.0,0
C009219,Z26,Oeste,urbana_premium,107159,29.0,F,Soltero/a,2,Prepago,Gama media,2663.0,12.0,1
C009220,Z05,Este,urbana_premium,94471,35.0,M,Casado/a,2,Premium,Gama alta,4089.0,36.0,0
C009221,Z30,Centro,suburbana,33966,39.0,M,Soltero/a,1,Prepago,Gama media,3256.0,8.0,1
C009222,Z11,Oeste,suburbana,41163,37.0,F,Casado/a,2,Premium,Gama media,1536.0,39.0,0
C009223,Z11,Oeste,suburbana,41163,28.0,M,Soltero/a,1,Premium,Gama media,2907.0,10.0,1
C009224,Z22,Este,suburbana,53534,49.0,F,Casado/a,2,Contrato,Gama media,2220.0,45.0,0
C009225,Z02,Oeste,suburbana,46400,56.0,M,Casado/a,3,Prepago,Gama media,3522.0,27.0,0
C009226,Z26,Oeste,urbana_premium,107159,18.0,M,Soltero/a,3,Premium,Gama media,2109.0,30.0,0
C009227,Z30,Centro,suburbana,33966,21.0,M,Soltero/a,2,Premium,Gama media,1909.0,24.0,1
C009228,Z26,Oeste,urbana_premium,107159,48.0,F,Casado/a,2,Prepago,Gama media,1686.0,49.0,0
C009229,Z26,Oeste,urbana_premium,107159,55.0,M,Soltero/a,3,Contrato,Gama media,4426.0,38.0,1
C009230,Z13,Este,suburbana,37333,18.0,F,Soltero/a,2,Premium,Gama media,1764.0,22.0,0
C009231,Z04,Centro,suburbana,55457,50.0,F,Soltero/a,1,Premium,Gama baja,1874.0,89.0,0
C009232,Z26,Oeste,urbana_premium,107159,56.0,X,Soltero/a,2,Premium,Gama alta,3707.0,111.0,0
C009233,Z18,Sur,urbana_premium,56342,26.0,F,Soltero/a,2,Prepago,Gama baja,3620.0,58.0,0
C009234,Z28,Sur,urbana_premium,64486,55.0,F,Casado/a,4,Premium,Gama media,4783.0,44.0,0
C009235,Z05,Este,urbana_premium,94471,34.0,M,Soltero/a,2,Premium,Gama media,4955.0,34.0,1
C009236,Z09,Norte,urbana_premium,102625,40.0,F,n/a,2,Premium,Gama alta,5685.0,,0
C009237,Z12,Norte,rural,11707,36.0,M,Soltero/a,2,Prepago,Gama media,4085.0,19.0,0
C009238,Z22,Este,suburbana,53534,52.0,M,Divorciado/a,2,Prepago,Gama media,4294.0,9.0,0
C009239,Z26,Oeste,urbana_premium,107159,46.0,F,Casado/a,5,Premium,Gama media,4300.0,32.0,1
C009240,Z29,Oeste,urbana_premium,67334,57.0,M,desconocido,3,Contrato,Gama media,4130.0,33.0,0
C009241,Z09,Norte,urbana_premium,102625,53.0,F,Divorciado/a,3,Prepago,Gama media,4750.0,20.0,0
C009242,Z16,Este,urbana_premium,72683,36.0,F,Soltero/a,2,Contrato,Gama media,1887.0,49.0,0
C009243,Z02,Oeste,suburbana,46400,77.0,F,Soltero/a,2,Contrato,Gama media,2824.0,15.0,0
C009244,Z09,Norte,urbana_premium,102625,52.0,M,Casado/a,3,Premium,Gama media,2019.0,22.0,0
C009245,Z13,Este,suburbana,37333,46.0,M,Casado/a,1,Premium,Gama media,2305.0,26.0,1
C009246,Z18,Sur,urbana_premium,56342,24.0,M,Casado/a,2,Prepago,Gama media,2283.0,8.0,0
C009247,Z16,Este,urbana_premium,72683,18.0,M,Casado/a,5,Premium,Gama media,4386.0,38.0,1
C009248,Z12,Norte,rural,11707,28.0,F,Soltero/a,1,Contrato,Gama media,2865.0,5.0,0
C009249,Z20,Oeste,suburbana,46953,29.0,F,Soltero/a,1,Premium,Gama media,4563.0,61.0,0
C009250,Z26,Oeste,urbana_premium,107159,53.0,F,Casado/a,3,Prepago,Gama media,2728.0,10.0,0
C009251,Z09,Norte,urbana_premium,102625,42.0,F,Soltero/a,3,Prepago,Gama baja,3041.0,18.0,0
C009252,Z11,Oeste,suburbana,41163,33.0,M,Casado/a,1,Contrato,Gama media,4355.0,72.0,1
C009253,Z22,Este,suburbana,53534,38.0,M,Divorciado/a,2,Prepago,Gama media,2492.0,4.0,0
C009254,Z26,Oeste,urbana_premium,107159,33.0,F,Soltero/a,2,Prepago,Gama media,2976.0,14.0,0
C009255,Z26,Oeste,urbana_premium,107159,46.0,M,Soltero/a,2,Premium,Gama alta,4912.0,45.0,1
C009256,Z07,Centro,rural,15473,34.0,?,Casado/a,1,Premium,Gama alta,2784.0,34.0,1
C009257,Z17,Sur,suburbana,56619,44.0,F,Soltero/a,1,Premium,Gama alta,4167.0,25.0,1
C009258,Z28,Sur,urbana_premium,64486,40.0,M,Soltero/a,3,Prepago,Gama media,4532.0,46.0,0
C009259,Z13,Este,suburbana,37333,30.0,M,Soltero/a,1,Premium,Gama alta,2597.0,40.0,0
C009260,Z15,Oeste,suburbana,62939,59.0,M,Casado/a,2,Contrato,Gama alta,4822.0,,0
C009261,Z30,Centro,suburbana,33966,36.0,M,Soltero/a,1,Premium,Gama alta,4061.0,66.0,0
C009262,Z05,Este,urbana_premium,94471,24.0,F,Soltero/a,3,Premium,Gama alta,3805.0,14.0,0
C009263,Z22,Este,suburbana,53534,50.0,M,n/a,1,Contrato,Gama media,4065.0,33.0,0
C009264,Z27,Norte,suburbana,42704,41.0,F,Divorciado/a,2,Contrato,Gama media,2967.0,14.0,1
C009265,Z05,Este,urbana_premium,94471,41.0,M,Casado/a,3,Prepago,Gama media,2767.0,24.0,0
C009266,Z23,Norte,rural,20553,31.0,M,Soltero/a,1,Prepago,Gama media,2413.0,26.0,0
C009267,Z16,Este,urbana_premium,72683,46.0,M,Casado/a,4,Premium,Gama alta,,9.0,0
C009268,Z27,Norte,suburbana,42704,66.0,F,Soltero/a,1,Contrato,Gama media,4292.0,,0
C009269,Z28,Sur,urbana_premium,64486,21.0,F,Soltero/a,3,Premium,Gama alta,4427.0,59.0,0
C009270,Z28,Sur,urbana_premium,64486,40.0,F,Soltero/a,3,Premium,Gama media,2797.0,38.0,0
C009271,Z04,Centro,suburbana,55457,31.0,F,Soltero/a,1,Prepago,Gama media,1970.0,33.0,0
C009272,Z99,Oeste,urbana_premium,107159,68.0,M,Casado/a,2,Premium,Gama media,3514.0,51.0,1
C009273,Z29,Oeste,urbana_premium,67334,51.0,F,Casado/a,2,Premium,Gama media,3095.0,16.0,1
C009274,Z20,Oeste,suburbana,46953,43.0,F,Soltero/a,1,Premium,Gama media,3000.0,48.0,0
C009275,Z18,Sur,urbana_premium,56342,21.0,F,Soltero/a,3,Premium,Gama media,4035.0,42.0,0
C009276,Z02,Oeste,suburbana,46400,28.0,M,Soltero/a,1,Prepago,Gama media,1812.0,14.0,0
C009277,Z27,Norte,suburbana,42704,49.0,F,Casado/a,1,Premium,Gama media,2223.0,115.0,0
C009278,Z02,Oeste,suburbana,46400,24.0,F,Soltero/a,2,Contrato,Gama media,2633.0,3.0,0
C009279,Z10,Este,suburbana,27514,24.0,F,Soltero/a,1,Contrato,Gama alta,3473.0,20.0,1
C009280,Z29,Oeste,urbana_premium,67334,36.0,M,Soltero/a,3,Prepago,Gama media,4518.0,15.0,0
C009281,Z29,Oeste,urbana_premium,67334,38.0,M,Divorciado/a,3,Premium,Gama media,2666.0,17.0,1
C009282,Z30,Centro,suburbana,33966,45.0,M,Soltero/a,1,Contrato,Gama media,1942.0,53.0,0
C009283,Z16,Este,urbana_premium,72683,31.0,F,Soltero/a,3,Premium,Gama media,2748.0,56.0,1
C009284,Z05,Este,urbana_premium,94471,47.0,M,Casado/a,5,Premium,Gama media,5058.0,27.0,1
C009285,Z16,Este,urbana_premium,72683,26.0,F,Soltero/a,3,Prepago,Gama media,3243.0,28.0,0
C009286,Z04,Centro,suburbana,55457,48.0,M,Casado/a,1,Premium,Gama media,3094.0,37.0,1
C009287,Z28,Sur,urbana_premium,64486,39.0,M,Casado/a,2,Premium,Gama alta,4429.0,43.0,0
C009288,Z99,Sur,suburbana,56619,47.0,M,Soltero/a,2,Premium,Gama alta,4581.0,8.0,1
C009289,Z14,Norte,rural,13074,59.0,F,Soltero/a,2,Contrato,Gama media,1514.0,44.0,0
C009290,Z04,Centro,suburbana,55457,35.0,M,Casado/a,1,Contrato,Gama media,4557.0,64.0,0
C009291,Z14,Norte,rural,13074,37.0,F,Soltero/a,2,Premium,Gama media,2842.0,20.0,1
C009292,Z27,Norte,suburbana,42704,20.0,F,Soltero/a,2,Premium,Gama alta,5344.0,67.0,0
C009293,Z22,Este,suburbana,53534,18.0,F,n/a,2,Premium,Gama alta,4875.0,13.0,0
C009294,Z04,Centro,suburbana,55457,38.0,F,n/a,4,Contrato,Gama alta,3098.0,55.0,0
C009295,Z05,Este,urbana_premium,94471,35.0,F,Divorciado/a,2,Prepago,Gama media,2946.0,20.0,0
C009296,Z13,Este,suburbana,37333,27.0,F,Casado/a,2,Premium,Gama alta,3757.0,41.0,0
C009297,Z04,Centro,suburbana,55457,30.0,M,Soltero/a,1,Contrato,Gama media,2015.0,7.0,0
C009298,Z29,Oeste,urbana_premium,67334,54.0,F,Casado/a,4,Prepago,Gama media,4129.0,13.0,0
C009299,Z20,Oeste,suburbana,46953,51.0,F,Soltero/a,1,Prepago,Gama media,2298.0,48.0,0
C009300,Z04,Centro,suburbana,55457,25.0,M,Soltero/a,2,Premium,Gama media,2740.0,20.0,0
C009301,Z26,Oeste,urbana_premium,107159,31.0,M,Soltero/a,3,Contrato,Gama media,1784.0,13.0,0
C009302,Z12,Norte,rural,11707,50.0,F,Soltero/a,1,Contrato,Gama media,2254.0,37.0,0
C009303,Z09,Norte,urbana_premium,102625,28.0,F,Soltero/a,2,Premium,Gama alta,3992.0,54.0,1
C009304,Z18,Sur,urbana_premium,56342,26.0,M,Soltero/a,2,Prepago,Gama media,3177.0,4.0,0
C009305,Z02,Oeste,suburbana,46400,36.0,F,Casado/a,3,Contrato,Gama media,2894.0,5.0,0
C009306,Z16,Este,urbana_premium,72683,49.0,M,Casado/a,2,Contrato,Gama alta,2619.0,15.0,0
C009307,Z27,Norte,suburbana,42704,54.0,M,Casado/a,4,Premium,Gama alta,3916.0,68.0,0
C009308,Z29,Oeste,urbana_premium,67334,27.0,F,Casado/a,2,Premium,Gama media,3861.0,20.0,0
C009309,Z11,Oeste,suburbana,41163,46.0,M,Divorciado/a,1,Premium,Gama alta,6525.0,16.0,1
C009310,Z20,Oeste,suburbana,46953,40.0,F,Casado/a,3,Premium,Gama alta,3302.0,54.0,0
C009311,Z09,Norte,urbana_premium,102625,24.0,F,Soltero/a,2,Premium,Gama media,4376.0,56.0,1
C009312,Z17,Sur,suburbana,56619,36.0,M,Soltero/a,2,Premium,Gama media,2529.0,22.0,0
C009313,Z09,Norte,urbana_premium,102625,21.0,M,Soltero/a,2,Contrato,Gama alta,5810.0,33.0,1
C009314,Z18,Sur,urbana_premium,56342,50.0,F,Casado/a,4,Prepago,Gama media,3295.0,52.0,0
C009315,Z05,Este,urbana_premium,94471,55.0,F,Soltero/a,2,Contrato,Gama alta,7010.0,13.0,0
C009316,Z29,Oeste,urbana_premium,67334,31.0,?,Soltero/a,3,Premium,Gama alta,6939.0,70.0,1
C009317,Z28,Sur,urbana_premium,64486,28.0,F,Soltero/a,2,Contrato,Gama alta,3199.0,16.0,1
C009318,Z11,Oeste,suburbana,41163,53.0,F,Casado/a,2,Premium,Gama alta,2706.0,6.0,0
C009319,Z26,Oeste,urbana_premium,107159,51.0,M,Casado/a,3,Contrato,Gama media,2969.0,34.0,0
C009320,Z04,Centro,suburbana,55457,27.0,M,Soltero/a,2,Contrato,Gama media,1867.0,84.0,0
C009321,Z25,Oeste,rural,11763,43.0,M,Casado/a,3,Contrato,Gama media,2573.0,48.0,1
C009322,Z09,Norte,urbana_premium,102625,35.0,M,Casado/a,2,Premium,Gama media,3834.0,22.0,0
C009323,Z05,Este,urbana_premium,94471,27.0,F,Soltero/a,3,Prepago,Gama alta,4824.0,25.0,0
C009324,Z22,Este,suburbana,53534,45.0,F,Casado/a,1,Prepago,Gama baja,2929.0,12.0,0
C009325,Z16,Este,urbana_premium,72683,28.0,F,Soltero/a,3,Premium,Gama media,5194.0,26.0,1
C009326,Z17,Sur,suburbana,56619,34.0,F,Casado/a,2,Contrato,Gama baja,2931.0,28.0,1
C009327,Z17,Sur,suburbana,56619,39.0,M,desconocido,2,Prepago,Gama media,2784.0,32.0,0
C009328,Z03,Sur,rural,16530,27.0,F,Soltero/a,1,Premium,Gama media,2394.0,40.0,1
C009329,Z03,Sur,rural,16530,20.0,M,Soltero/a,2,Premium,Gama media,3029.0,36.0,1
C009330,Z18,Sur,urbana_premium,56342,47.0,F,Soltero/a,2,Contrato,Gama media,3363.0,42.0,0
C009331,Z20,Oeste,suburbana,46953,31.0,F,Casado/a,2,Contrato,Gama alta,4097.0,39.0,1
C009332,Z02,Oeste,suburbana,46400,66.0,F,Soltero/a,1,Premium,Gama alta,2303.0,109.0,0
C009333,Z13,Este,suburbana,37333,64.0,F,Casado/a,2,Prepago,Gama media,2671.0,17.0,0
C009334,Z19,Este,rural,12655,39.0,M,Soltero/a,1,Contrato,Gama media,1209.0,19.0,0
C009335,Z21,Centro,rural,19103,73.0,F,Soltero/a,2,Contrato,Gama media,2060.0,9.0,0
C009336,Z26,Oeste,urbana_premium,107159,47.0,M,Casado/a,3,Premium,Gama media,2585.0,43.0,0
C009337,Z15,Oeste,suburbana,62939,32.0,F,Soltero/a,1,Prepago,Gama media,3619.0,35.0,0
C009338,Z17,Sur,suburbana,56619,18.0,M,Soltero/a,1,Prepago,Gama alta,3562.0,21.0,1
C009339,Z18,Sur,urbana_premium,56342,44.0,F,Soltero/a,3,Premium,Gama alta,5860.0,59.0,0
C009340,Z10,Este,suburbana,27514,40.0,M,Casado/a,2,Premium,Gama alta,5332.0,35.0,1
C009341,Z03,Sur,rural,16530,50.0,F,Casado/a,3,Prepago,Gama media,2193.0,42.0,0
C009342,Z01,Centro,rural,16625,42.0,F,Soltero/a,2,Contrato,Gama media,1793.0,38.0,0
C009343,Z27,Norte,suburbana,42704,26.0,M,Soltero/a,2,Contrato,Gama media,3513.0,15.0,0
C009344,Z07,Centro,rural,15473,40.0,F,Casado/a,4,Contrato,Gama media,2027.0,10.0,0
C009345,Z20,Oeste,suburbana,46953,48.0,F,Soltero/a,1,Prepago,Gama media,2412.0,23.0,0
C009346,Z18,Sur,urbana_premium,56342,32.0,F,Soltero/a,3,Premium,Gama media,3805.0,23.0,0
C009347,Z14,Norte,rural,13074,41.0,M,Soltero/a,2,Prepago,Gama baja,1889.0,13.0,0
C009348,Z26,Oeste,urbana_premium,107159,18.0,?,Soltero/a,3,Premium,Gama alta,7870.0,66.0,0
C009349,Z22,Este,suburbana,53534,41.0,M,Casado/a,2,Premium,Gama media,2718.0,18.0,0
C009350,Z02,Oeste,suburbana,46400,27.0,M,Soltero/a,1,Contrato,Gama media,2949.0,30.0,0
C009351,Z26,Oeste,urbana_premium,107159,47.0,M,Soltero/a,2,Premium,Gama alta,5081.0,45.0,0
C009352,Z16,Este,urbana_premium,72683,27.0,F,Soltero/a,2,Premium,Gama media,8238.0,17.0,0
C009353,Z11,Oeste,suburbana,41163,36.0,M,Casado/a,2,Contrato,Gama alta,2755.0,36.0,1
C009354,Z23,Norte,rural,20553,,F,Soltero/a,1,Prepago,Gama media,1206.0,11.0,0
C009355,Z22,Este,suburbana,53534,36.0,M,Soltero/a,2,Prepago,Gama media,2902.0,38.0,0
C009356,Z10,Este,suburbana,27514,35.0,M,Soltero/a,2,Premium,Gama baja,1641.0,27.0,1
C009357,Z30,Centro,suburbana,33966,47.0,F,Casado/a,2,Contrato,Gama alta,2488.0,4.0,0
C009358,Z20,Oeste,suburbana,46953,19.0,M,Casado/a,2,Premium,Gama alta,5035.0,-25.0,0
C009359,Z18,Sur,urbana_premium,56342,51.0,M,Soltero/a,3,Prepago,Gama media,2891.0,13.0,0
C009360,Z04,Centro,suburbana,55457,52.0,M,n/a,1,Premium,Gama media,2067.0,43.0,0
C009361,Z09,Norte,urbana_premium,102625,42.0,M,Soltero/a,2,Premium,Gama media,5169.0,32.0,0
C009362,Z15,Oeste,suburbana,62939,18.0,M,Casado/a,3,Prepago,Gama media,2762.0,23.0,0
C009363,Z20,Oeste,suburbana,46953,37.0,F,Soltero/a,2,Premium,Gama media,4553.0,59.0,1
C009364,Z16,Este,urbana_premium,72683,21.0,F,Soltero/a,3,Prepago,Gama alta,3471.0,14.0,1
C009365,Z26,Oeste,urbana_premium,107159,49.0,M,Divorciado/a,3,Prepago,Gama alta,4797.0,66.0,0
C009366,Z09,Norte,urbana_premium,102625,49.0,M,Soltero/a,2,Premium,Gama media,2231.0,36.0,1
C009367,Z22,Este,suburbana,53534,45.0,F,Casado/a,3,Contrato,Gama media,2149.0,13.0,1
C009368,Z26,Oeste,urbana_premium,107159,22.0,M,Soltero/a,2,Premium,Gama alta,,37.0,1
C009369,Z26,Oeste,urbana_premium,107159,54.0,M,Divorciado/a,3,Premium,Gama media,3323.0,49.0,0
C009370,Z26,Oeste,urbana_premium,107159,33.0,M,Soltero/a,2,Premium,Gama media,9176.0,28.0,0
C009371,Z28,Sur,urbana_premium,64486,58.0,F,Casado/a,2,Premium,Gama alta,5462.0,73.0,0
C009372,Z04,Centro,suburbana,55457,43.0,F,Soltero/a,1,Premium,Gama media,4214.0,50.0,1
C009373,Z22,Este,suburbana,53534,46.0,M,Soltero/a,2,Contrato,Gama media,2808.0,21.0,0
C009374,Z29,Oeste,urbana_premium,67334,30.0,M,Soltero/a,3,Prepago,Gama media,2351.0,,1
C009375,Z18,Sur,urbana_premium,56342,53.0,F,Casado/a,4,Premium,Gama alta,6875.0,29.0,1
C009376,Z08,Sur,rural,17023,52.0,M,Casado/a,4,Premium,Gama media,1316.0,27.0,0
C009377,Z30,Centro,suburbana,33966,57.0,M,Soltero/a,1,Premium,Gama media,2459.0,5.0,1
C009378,Z05,Este,urbana_premium,94471,38.0,NA,Soltero/a,3,Contrato,Gama alta,4678.0,69.0,1
C009379,Z11,Oeste,suburbana,41163,39.0,M,Casado/a,2,Premium,Gama alta,7428.0,32.0,0
C009380,Z05,Este,urbana_premium,94471,43.0,M,Soltero/a,3,Contrato,Gama media,7039.0,13.0,0
C009381,Z16,Este,urbana_premium,72683,53.0,F,Soltero/a,2,Contrato,Gama media,4760.0,35.0,0
C009382,Z15,Oeste,suburbana,62939,52.0,F,Casado/a,2,Prepago,Gama media,6324.0,54.0,0
C009383,Z16,Este,urbana_premium,72683,38.0,M,Soltero/a,2,Premium,Gama media,3220.0,19.0,1
C009384,Z29,Oeste,urbana_premium,67334,18.0,M,Soltero/a,2,Premium,Gama media,4482.0,11.0,0
C009385,Z16,Este,urbana_premium,72683,46.0,M,Casado/a,3,Premium,Gama alta,6378.0,18.0,0
C009386,Z16,Este,urbana_premium,72683,19.0,M,Soltero/a,3,Premium,Gama media,2343.0,27.0,0
C009387,Z28,Sur,urbana_premium,64486,36.0,M,Soltero/a,2,Contrato,Gama alta,4366.0,55.0,0
C009388,Z26,Oeste,urbana_premium,107159,35.0,M,Soltero/a,3,Premium,Gama media,,19.0,1
C009389,Z09,Norte,urbana_premium,102625,19.0,M,Soltero/a,3,Prepago,Gama alta,4419.0,12.0,0
C009390,Z01,Centro,rural,16625,49.0,M,Casado/a,3,Prepago,Gama media,1611.0,42.0,1
C009391,Z20,Oeste,suburbana,46953,66.0,M,Casado/a,2,Prepago,Gama media,3473.0,34.0,0
C009392,Z27,Norte,suburbana,42704,36.0,F,Soltero/a,1,Premium,Gama media,3305.0,27.0,0
C009393,Z17,Sur,suburbana,56619,49.0,F,Casado/a,4,Prepago,Gama baja,2459.0,32.0,0
C009394,Z08,Sur,rural,17023,73.0,F,Soltero/a,2,Prepago,Gama alta,3050.0,,0
C009395,Z25,Oeste,rural,11763,55.0,F,Casado/a,4,Prepago,Gama alta,3725.0,4.0,0
C009396,Z21,Centro,rural,19103,37.0,F,Soltero/a,1,Contrato,Gama alta,1815.0,53.0,0
C009397,Z18,Sur,urbana_premium,56342,39.0,M,Soltero/a,3,Prepago,Gama media,4552.0,51.0,0
C009398,Z27,Norte,suburbana,42704,46.0,F,Soltero/a,2,Premium,Gama alta,4833.0,41.0,0
C009399,Z26,Oeste,urbana_premium,107159,53.0,F,Casado/a,4,Premium,Gama media,6246.0,53.0,0
C009400,Z21,Centro,rural,19103,60.0,F,Casado/a,2,Premium,Gama media,2199.0,7.0,0
C009401,Z21,Centro,rural,19103,18.0,F,Soltero/a,1,Prepago,Gama alta,3379.0,,0
C009402,Z21,Centro,rural,19103,35.0,M,Casado/a,2,Prepago,Gama baja,2132.0,26.0,0
C009403,Z17,Sur,suburbana,56619,,F,Soltero/a,2,Premium,Gama alta,3969.0,35.0,1
C009404,Z16,Este,urbana_premium,72683,,F,Soltero/a,2,Contrato,Gama media,2955.0,8.0,0
C009405,Z22,Este,suburbana,53534,18.0,F,Soltero/a,2,Prepago,Gama media,1750.0,28.0,1
C009406,Z19,Este,rural,12655,36.0,M,Soltero/a,1,Prepago,Gama media,2797.0,82.0,0
C009407,Z16,Este,urbana_premium,72683,36.0,M,Soltero/a,3,Premium,Gama alta,5208.0,64.0,0
C009408,Z05,Este,urbana_premium,94471,30.0,F,Soltero/a,2,Premium,Gama alta,4901.0,30.0,1
C009409,Z22,Este,suburbana,53534,28.0,?,Soltero/a,2,Contrato,Gama media,2239.0,16.0,1
C009410,Z20,Oeste,suburbana,46953,40.0,F,Soltero/a,2,Premium,Gama media,1254.0,29.0,1
C009411,Z11,Oeste,suburbana,41163,44.0,M,Casado/a,4,Premium,Gama media,4047.0,41.0,1
C009412,Z99,Oeste,suburbana,41163,34.0,M,Casado/a,4,Prepago,Gama media,,12.0,1
C009413,Z09,Norte,urbana_premium,102625,52.0,F,Casado/a,4,Premium,Gama media,1972.0,67.0,0
C009414,Z29,Oeste,urbana_premium,67334,37.0,F,Casado/a,5,Premium,Gama media,3440.0,13.0,1
C009415,Z27,Norte,suburbana,42704,30.0,F,Soltero/a,2,Contrato,Gama media,2148.0,37.0,0
C009416,Z17,Sur,suburbana,56619,27.0,F,Casado/a,1,Prepago,Gama alta,3249.0,14.0,0
C009417,Z14,Norte,rural,13074,42.0,F,Casado/a,2,Premium,Gama alta,3707.0,14.0,1
C009418,Z24,Centro,rural,12558,58.0,F,Divorciado/a,1,Contrato,Gama media,2140.0,36.0,1
C009419,Z17,Sur,suburbana,56619,30.0,F,Soltero/a,1,Contrato,Gama media,2497.0,54.0,0
C009420,Z99,Centro,suburbana,33966,47.0,F,Soltero/a,2,Premium,Gama alta,3418.0,13.0,0
C009421,Z03,Sur,rural,16530,46.0,F,Casado/a,1,Premium,Gama media,1104.0,43.0,0
C009422,Z02,Oeste,suburbana,46400,64.0,F,Casado/a,3,Premium,Gama alta,3997.0,45.0,0
C009423,Z18,Sur,urbana_premium,56342,41.0,F,Soltero/a,2,Premium,Gama alta,5543.0,19.0,1
C009424,Z07,Centro,rural,15473,37.0,F,Casado/a,3,Premium,Gama media,2325.0,38.0,0
C009425,Z18,Sur,urbana_premium,56342,45.0,F,Divorciado/a,3,Premium,Gama alta,3282.0,115.0,0
C009426,Z26,Oeste,urbana_premium,107159,45.0,F,Soltero/a,2,Premium,Gama alta,3468.0,40.0,1
C009427,Z05,Este,urbana_premium,94471,31.0,F,Soltero/a,2,Prepago,Gama media,3473.0,42.0,0
C009428,Z15,Oeste,suburbana,62939,26.0,F,Soltero/a,1,Prepago,Gama media,2922.0,20.0,0
C009429,Z22,Este,suburbana,53534,46.0,M,Soltero/a,2,Prepago,Gama media,1726.0,37.0,0
C009430,Z26,Oeste,urbana_premium,107159,37.0,M,Casado/a,4,Contrato,Gama media,4424.0,11.0,0
C009431,Z16,Este,urbana_premium,72683,18.0,F,Soltero/a,3,Prepago,Gama media,3366.0,42.0,0
C009432,Z07,Centro,rural,15473,48.0,M,Soltero/a,1,Prepago,Gama media,2338.0,113.0,0
C009433,Z18,Sur,urbana_premium,56342,28.0,M,Soltero/a,3,Premium,Gama baja,3127.0,28.0,0
C009434,Z15,Oeste,suburbana,62939,22.0,M,Soltero/a,2,Premium,Gama media,3406.0,13.0,0
C009435,Z26,Oeste,urbana_premium,107159,32.0,M,Soltero/a,2,Contrato,Gama alta,6095.0,48.0,0
C009436,Z17,Sur,suburbana,56619,55.0,F,Casado/a,4,Premium,Gama alta,3207.0,16.0,0
C009437,Z09,Norte,urbana_premium,102625,50.0,F,Casado/a,5,Contrato,Gama baja,2158.0,15.0,1
C009438,Z26,Oeste,urbana_premium,107159,47.0,F,Soltero/a,2,Premium,Gama media,3833.0,31.0,1
C009439,Z16,Este,urbana_premium,72683,39.0,M,Soltero/a,2,Prepago,Gama media,4119.0,44.0,0
C009440,Z05,Este,urbana_premium,94471,43.0,M,Casado/a,2,Premium,Gama alta,3755.0,24.0,0
C009441,Z18,Sur,urbana_premium,56342,37.0,M,Divorciado/a,3,Contrato,Gama media,2928.0,20.0,1
C009442,Z29,Oeste,urbana_premium,67334,23.0,M,Soltero/a,2,Premium,Gama alta,3767.0,20.0,0
C009443,Z22,Este,suburbana,53534,29.0,M,Soltero/a,1,Contrato,Gama alta,4002.0,31.0,0
C009444,Z09,Norte,urbana_premium,102625,29.0,F,Casado/a,4,Premium,Gama media,3451.0,21.0,1
C009445,Z22,Este,suburbana,53534,57.0,M,Casado/a,2,Premium,Gama alta,4832.0,45.0,0
C009446,Z09,Norte,urbana_premium,102625,49.0,F,Soltero/a,2,Premium,Gama media,3048.0,50.0,0
C009447,Z17,Sur,suburbana,56619,27.0,F,Soltero/a,2,Contrato,Gama media,2078.0,22.0,1
C009448,Z17,Sur,suburbana,56619,41.0,M,Casado/a,4,Prepago,Gama media,2749.0,12.0,0
C009449,Z09,Norte,urbana_premium,102625,31.0,F,Soltero/a,3,Contrato,Gama media,1879.0,44.0,0
C009450,Z11,Oeste,suburbana,41163,38.0,F,Divorciado/a,1,Prepago,Gama media,2972.0,27.0,0
C009451,Z29,Oeste,urbana_premium,67334,30.0,M,Soltero/a,2,Prepago,Gama media,3408.0,15.0,0
C009452,Z09,Norte,urbana_premium,102625,53.0,F,Soltero/a,2,Premium,Gama alta,4868.0,28.0,0
C009453,Z26,Oeste,urbana_premium,107159,,F,Casado/a,3,Premium,Gama alta,2104.0,26.0,0
C009454,Z21,Centro,rural,19103,48.0,F,Casado/a,2,Prepago,Gama alta,3035.0,11.0,0
C009455,Z17,Sur,suburbana,56619,43.0,F,Casado/a,1,Prepago,Gama media,3146.0,9.0,0
C009456,Z05,Este,urbana_premium,94471,24.0,M,Soltero/a,2,Premium,Gama alta,6666.0,48.0,0
C009457,Z07,Centro,rural,15473,46.0,M,Casado/a,1,Premium,Gama baja,2188.0,47.0,0
C009458,Z05,Este,urbana_premium,94471,,F,Soltero/a,2,Contrato,Gama media,4313.0,21.0,0
C009459,Z18,Sur,urbana_premium,56342,54.0,F,Divorciado/a,3,Premium,Gama alta,4779.0,45.0,1
C009460,Z30,Centro,suburbana,33966,26.0,F,Soltero/a,2,Contrato,Gama media,1463.0,17.0,1
C009461,Z28,Sur,urbana_premium,64486,18.0,F,Soltero/a,2,Premium,Gama media,5647.0,30.0,1
C009462,Z02,Oeste,suburbana,46400,41.0,F,desconocido,2,Premium,Gama media,2849.0,40.0,0
C009463,Z09,Norte,urbana_premium,102625,49.0,F,Casado/a,3,Prepago,Gama media,2453.0,10.0,0
C009464,Z05,Este,urbana_premium,94471,40.0,M,Divorciado/a,3,Premium,Gama media,3728.0,,0
C009465,Z30,Centro,suburbana,33966,48.0,M,Casado/a,3,Contrato,Gama alta,4491.0,22.0,0
C009466,Z09,Norte,urbana_premium,102625,20.0,M,Soltero/a,3,Contrato,Gama alta,3395.0,31.0,0
C009467,Z07,Centro,rural,15473,38.0,M,Casado/a,4,Contrato,Gama media,2408.0,9.0,0
C009468,Z20,Oeste,suburbana,46953,18.0,F,Soltero/a,1,Premium,Gama baja,1480.0,29.0,0
C009469,Z17,Sur,suburbana,56619,38.0,F,Soltero/a,1,Prepago,Gama media,2210.0,57.0,0
C009470,Z09,Norte,urbana_premium,102625,,F,Soltero/a,2,Premium,Gama media,4904.0,62.0,0
C009471,Z21,Centro,rural,19103,61.0,M,Casado/a,4,Premium,Gama media,3363.0,44.0,0
C009472,Z04,Centro,suburbana,55457,59.0,M,Soltero/a,2,Premium,Gama alta,3209.0,72.0,0
C009473,Z02,Oeste,suburbana,46400,42.0,M,Soltero/a,2,Premium,Gama media,3657.0,39.0,0
C009474,Z04,Centro,suburbana,55457,22.0,F,Soltero/a,1,Prepago,Gama alta,2591.0,10.0,0
C009475,Z12,Norte,rural,11707,,M,Soltero/a,2,Premium,Gama media,2338.0,-40.0,0
C009476,Z30,Centro,suburbana,33966,,F,Casado/a,4,Premium,Gama media,2057.0,6.0,0
C009477,Z17,Sur,suburbana,56619,46.0,F,Soltero/a,1,Premium,Gama media,2511.0,10.0,1
C009478,Z26,Oeste,urbana_premium,107159,50.0,M,Soltero/a,2,Contrato,Gama media,3790.0,78.0,0
C009479,Z10,Este,suburbana,27514,34.0,F,Soltero/a,2,Prepago,Gama media,1725.0,,0
C009480,Z23,Norte,rural,20553,35.0,M,Soltero/a,2,Premium,Gama alta,5367.0,42.0,0
C009481,Z29,Oeste,urbana_premium,67334,35.0,M,Soltero/a,2,Premium,Gama alta,2991.0,32.0,0
C009482,Z11,Oeste,suburbana,41163,18.0,F,Soltero/a,2,Prepago,Gama media,3209.0,9.0,0
C009483,Z30,Centro,suburbana,33966,67.0,M,Casado/a,4,Prepago,Gama baja,1924.0,14.0,0
C009484,Z20,Oeste,suburbana,46953,42.0,M,Soltero/a,1,Prepago,Gama media,1035.0,36.0,0
C009485,Z25,Oeste,rural,11763,55.0,F,Soltero/a,1,Premium,Gama media,4227.0,15.0,1
C009486,Z09,Norte,urbana_premium,102625,30.0,M,Soltero/a,2,Premium,Gama alta,3904.0,15.0,0
C009487,Z20,Oeste,suburbana,46953,21.0,M,Soltero/a,2,Prepago,Gama baja,1393.0,46.0,0
C009488,Z16,Este,urbana_premium,72683,53.0,M,Soltero/a,2,Premium,Gama media,2673.0,25.0,0
C009489,Z29,Oeste,urbana_premium,67334,23.0,F,Soltero/a,3,Premium,Gama media,7895.0,8.0,0
C009490,Z28,Sur,urbana_premium,64486,40.0,F,Casado/a,4,Contrato,Gama media,4531.0,8.0,0
C009491,Z13,Este,suburbana,37333,45.0,F,Casado/a,2,Prepago,Gama baja,1208.0,6.0,0
C009492,Z29,Oeste,urbana_premium,67334,37.0,F,Soltero/a,2,Premium,Gama media,3200.0,21.0,1
C009493,Z28,Sur,urbana_premium,64486,27.0,M,Soltero/a,2,Prepago,Gama alta,3590.0,17.0,0
C009494,Z99,Sur,urbana_premium,56342,34.0,M,Casado/a,5,Premium,Gama alta,4600.0,19.0,1
C009495,Z04,Centro,suburbana,55457,29.0,F,Soltero/a,1,Prepago,Gama media,2972.0,8.0,0
C009496,Z05,Este,urbana_premium,94471,46.0,M,Soltero/a,2,Contrato,Gama baja,2086.0,104.0,0
C009497,Z04,Centro,suburbana,55457,47.0,F,Divorciado/a,1,Prepago,Gama media,2388.0,9.0,1
C009498,Z05,Este,urbana_premium,94471,36.0,F,Soltero/a,3,Premium,Gama media,2786.0,41.0,0
C009499,Z30,Centro,suburbana,33966,33.0,F,Soltero/a,1,Prepago,Gama media,3874.0,44.0,0
C009500,Z08,Sur,rural,17023,70.0,M,Casado/a,1,Contrato,Gama media,1920.0,14.0,0
C009501,Z22,Este,suburbana,53534,24.0,F,Soltero/a,1,Premium,Gama alta,2455.0,28.0,0
C009502,Z20,Oeste,suburbana,46953,21.0,F,Soltero/a,2,Premium,Gama media,2721.0,62.0,0
C009503,Z20,Oeste,suburbana,46953,39.0,M,Soltero/a,1,Contrato,Gama media,2205.0,12.0,0
C009504,Z07,Centro,rural,15473,42.0,F,Soltero/a,2,Prepago,Gama baja,3936.0,13.0,0
C009505,Z99,Sur,urbana_premium,56342,49.0,M,Casado/a,5,Premium,Gama alta,5670.0,27.0,1
C009506,Z20,Oeste,suburbana,46953,48.0,M,Casado/a,4,Contrato,Gama alta,4488.0,,0
C009507,Z18,Sur,urbana_premium,56342,36.0,F,Soltero/a,2,Contrato,Gama media,2486.0,42.0,0
C009508,Z06,Sur,rural,19752,51.0,F,Casado/a,3,Premium,Gama alta,2626.0,42.0,0
C009509,Z23,Norte,rural,20553,51.0,M,Soltero/a,1,Prepago,Gama media,3059.0,23.0,0
C009510,Z04,Centro,suburbana,55457,65.0,M,Casado/a,3,Contrato,Gama media,2081.0,48.0,0
C009511,Z18,Sur,urbana_premium,56342,39.0,F,Casado/a,4,Contrato,Gama media,2538.0,7.0,1
C009512,Z15,Oeste,suburbana,62939,32.0,M,Soltero/a,2,Prepago,Gama media,2107.0,18.0,0
C009513,Z09,Norte,urbana_premium,102625,38.0,F,Casado/a,5,Premium,Gama media,2295.0,27.0,0
C009514,Z26,Oeste,urbana_premium,107159,18.0,F,Soltero/a,3,Premium,Gama media,5523.0,34.0,0
C009515,Z05,Este,urbana_premium,94471,36.0,M,Divorciado/a,3,Premium,Gama alta,5345.0,95.0,0
C009516,Z29,Oeste,urbana_premium,67334,49.0,F,Casado/a,2,Premium,Gama alta,3418.0,35.0,0
C009517,Z28,Sur,urbana_premium,64486,43.0,M,Soltero/a,2,Premium,Gama alta,3743.0,65.0,1
C009518,Z12,Norte,rural,11707,49.0,M,Casado/a,4,Contrato,Gama media,1829.0,26.0,1
C009519,Z09,Norte,urbana_premium,102625,,F,Casado/a,5,Premium,Gama alta,8604.0,12.0,0
C009520,Z05,Este,urbana_premium,94471,49.0,M,Casado/a,5,Prepago,Gama media,3286.0,48.0,0
C009521,Z28,Sur,urbana_premium,64486,53.0,M,Soltero/a,2,Prepago,Gama media,3181.0,40.0,0
C009522,Z20,Oeste,suburbana,46953,45.0,F,Divorciado/a,2,Premium,Gama media,2850.0,42.0,0
C009523,Z02,Oeste,suburbana,46400,36.0,M,Soltero/a,1,Contrato,Gama media,1881.0,41.0,0
C009524,Z16,Este,urbana_premium,72683,18.0,M,Casado/a,3,Premium,Gama baja,4203.0,28.0,1
C009525,Z04,Centro,suburbana,55457,52.0,F,Soltero/a,2,Premium,Gama alta,4910.0,48.0,1
C009526,Z18,Sur,urbana_premium,56342,42.0,M,Soltero/a,3,Premium,Gama media,3601.0,27.0,0
C009527,Z16,Este,urbana_premium,72683,38.0,M,Casado/a,5,Premium,Gama alta,5066.0,25.0,0
C009528,Z04,Centro,suburbana,55457,32.0,M,Soltero/a,1,Prepago,Gama baja,1501.0,6.0,0
C009529,Z26,Oeste,urbana_premium,107159,48.0,F,Divorciado/a,2,Prepago,Gama media,2742.0,38.0,0
C009530,Z09,Norte,urbana_premium,102625,33.0,M,Soltero/a,3,Premium,Gama media,3960.0,46.0,0
C009531,Z17,Sur,suburbana,56619,40.0,F,Soltero/a,2,Prepago,Gama baja,1561.0,47.0,0
C009532,Z20,Oeste,suburbana,46953,39.0,M,Casado/a,1,Prepago,Gama media,3344.0,12.0,0
C009533,Z29,Oeste,urbana_premium,67334,41.0,F,Soltero/a,2,Premium,Gama alta,3436.0,33.0,0
C009534,Z16,Este,urbana_premium,72683,22.0,F,Soltero/a,3,Premium,Gama media,4246.0,85.0,0
C009535,Z28,Sur,urbana_premium,64486,43.0,F,Casado/a,3,Premium,Gama media,3528.0,59.0,0
C009536,Z11,Oeste,suburbana,41163,31.0,F,Soltero/a,2,Premium,Gama media,2814.0,33.0,0
C009537,Z27,Norte,suburbana,42704,32.0,M,Soltero/a,1,Prepago,Gama media,1198.0,5.0,0
C009538,Z09,Norte,urbana_premium,102625,47.0,M,Casado/a,3,Premium,Gama media,2612.0,56.0,0
C009539,Z22,Este,suburbana,53534,28.0,M,Soltero/a,1,Prepago,Gama media,3560.0,32.0,0
C009540,Z04,Centro,suburbana,55457,51.0,M,Soltero/a,2,Premium,Gama media,1816.0,53.0,0
C009541,Z30,Centro,suburbana,33966,41.0,F,Divorciado/a,2,Prepago,Gama media,2114.0,16.0,0
C009542,Z29,Oeste,urbana_premium,67334,18.0,F,Soltero/a,3,Premium,Gama media,3285.0,19.0,0
C009543,Z15,Oeste,suburbana,62939,56.0,M,Soltero/a,1,Prepago,Gama alta,2642.0,68.0,0
C009544,Z17,Sur,suburbana,56619,44.0,F,Soltero/a,1,Premium,Gama media,3830.0,51.0,0
C009545,Z18,Sur,urbana_premium,56342,41.0,F,Soltero/a,3,Premium,Gama alta,4148.0,34.0,0
C009546,Z09,Norte,urbana_premium,102625,48.0,M,desconocido,4,Contrato,Gama media,3037.0,28.0,1
C009547,Z22,Este,suburbana,53534,58.0,M,Soltero/a,1,Premium,Gama media,1636.0,57.0,0
C009548,Z22,Este,suburbana,53534,42.0,F,Casado/a,1,Contrato,Gama media,8690.0,,0
C009549,Z17,Sur,suburbana,56619,47.0,M,Casado/a,4,Prepago,Gama media,3021.0,28.0,0
C009550,Z05,Este,urbana_premium,94471,40.0,M,Soltero/a,2,Premium,Gama alta,5270.0,29.0,1
C009551,Z28,Sur,urbana_premium,64486,32.0,F,Casado/a,3,Contrato,Gama media,1662.0,13.0,0
C009552,Z05,Este,urbana_premium,94471,18.0,F,Soltero/a,2,Premium,Gama media,3361.0,16.0,1
C009553,Z20,Oeste,suburbana,46953,43.0,M,desconocido,2,Contrato,Gama media,2583.0,9.0,0
C009554,Z04,Centro,suburbana,55457,57.0,M,Casado/a,2,Premium,Gama media,2534.0,71.0,0
C009555,Z05,Este,urbana_premium,94471,43.0,M,Casado/a,5,Premium,Gama alta,5026.0,28.0,1
C009556,Z02,Oeste,suburbana,46400,27.0,M,Soltero/a,1,Prepago,Gama media,2717.0,6.0,0
C009557,Z12,Norte,rural,11707,58.0,M,Soltero/a,1,Prepago,Gama media,1998.0,25.0,0
C009558,Z20,Oeste,suburbana,46953,36.0,F,Soltero/a,2,Prepago,Gama media,2967.0,32.0,0
C009559,Z17,Sur,suburbana,56619,18.0,F,Soltero/a,1,Premium,Gama alta,3007.0,19.0,0
C009560,Z22,Este,suburbana,53534,52.0,M,Casado/a,1,Premium,Gama media,1951.0,73.0,0
C009561,Z22,Este,suburbana,53534,29.0,F,Soltero/a,2,Premium,Gama alta,4215.0,15.0,1
C009562,Z05,Este,urbana_premium,94471,57.0,F,Casado/a,4,Premium,Gama media,3126.0,15.0,0
C009563,Z03,Sur,rural,16530,59.0,M,Casado/a,1,Prepago,Gama media,2239.0,,0
C009564,Z20,Oeste,suburbana,46953,37.0,F,Casado/a,3,Premium,Gama alta,5034.0,75.0,0
C009565,Z20,Oeste,suburbana,46953,46.0,F,Divorciado/a,2,Premium,Gama alta,8243.0,47.0,0
C009566,Z17,Sur,suburbana,56619,69.0,F,desconocido,4,Contrato,Gama media,3512.0,9.0,0
C009567,Z09,Norte,urbana_premium,102625,48.0,M,Soltero/a,3,Prepago,Gama alta,2081.0,19.0,0
C009568,Z26,Oeste,urbana_premium,107159,39.0,F,Soltero/a,2,Contrato,Gama media,3462.0,48.0,0
C009569,Z04,Centro,suburbana,55457,75.0,M,Casado/a,4,Contrato,Gama alta,5434.0,40.0,1
C009570,Z99,Oeste,suburbana,46953,41.0,M,n/a,1,Prepago,Gama media,2750.0,21.0,0
C009571,Z05,Este,urbana_premium,94471,43.0,F,Casado/a,3,Premium,Gama alta,5123.0,47.0,1
C009572,Z20,Oeste,suburbana,46953,29.0,F,Soltero/a,1,Prepago,Gama media,3970.0,6.0,0
C009573,Z15,Oeste,suburbana,62939,20.0,F,Soltero/a,2,Prepago,Gama media,2330.0,23.0,0
C009574,Z23,Norte,rural,20553,42.0,M,Casado/a,1,Prepago,Gama media,4503.0,66.0,0
C009575,Z03,Sur,rural,16530,45.0,M,Soltero/a,1,Contrato,Gama media,2698.0,21.0,1
C009576,Z17,Sur,suburbana,56619,44.0,F,Casado/a,3,Prepago,Gama media,2953.0,24.0,1
C009577,Z05,Este,urbana_premium,94471,19.0,F,Soltero/a,2,Premium,Gama alta,3615.0,58.0,0
C009578,Z22,Este,suburbana,53534,48.0,F,Soltero/a,2,Premium,Gama baja,1978.0,33.0,0
C009579,Z05,Este,urbana_premium,94471,26.0,M,Soltero/a,3,Contrato,Gama media,2904.0,13.0,0
C009580,Z04,Centro,suburbana,55457,47.0,F,Casado/a,1,Contrato,Gama media,2084.0,4.0,0
C009581,Z23,Norte,rural,20553,56.0,M,Soltero/a,2,Premium,Gama alta,,120.0,1
C009582,Z04,Centro,suburbana,55457,35.0,M,Soltero/a,2,Contrato,Gama alta,4285.0,71.0,0
C009583,Z09,Norte,urbana_premium,102625,24.0,F,Soltero/a,2,Premium,Gama alta,2688.0,65.0,0
C009584,Z26,Oeste,urbana_premium,107159,55.0,M,Soltero/a,2,Premium,Gama media,7297.0,16.0,0
C009585,Z26,Oeste,urbana_premium,107159,46.0,F,Casado/a,4,Prepago,Gama alta,,79.0,0
C009586,Z27,Norte,suburbana,42704,42.0,F,Divorciado/a,1,Prepago,Gama media,2380.0,66.0,0
C009587,Z10,Este,suburbana,27514,58.0,F,desconocido,3,Prepago,Gama baja,3590.0,10.0,0
C009588,Z17,Sur,suburbana,56619,41.0,M,Casado/a,3,Premium,Gama baja,2348.0,76.0,1
C009589,Z26,Oeste,urbana_premium,107159,29.0,M,Soltero/a,3,Premium,Gama alta,5480.0,14.0,1
C009590,Z05,Este,urbana_premium,94471,24.0,F,Soltero/a,2,Contrato,Gama alta,4547.0,15.0,0
C009591,Z23,Norte,rural,20553,44.0,F,Soltero/a,2,Contrato,Gama media,2002.0,98.0,0
C009592,Z04,Centro,suburbana,55457,49.0,F,Soltero/a,1,Contrato,Gama media,1933.0,19.0,1
C009593,Z28,Sur,urbana_premium,64486,53.0,M,Casado/a,4,Premium,Gama media,3742.0,50.0,0
C009594,Z20,Oeste,suburbana,46953,40.0,F,Casado/a,4,Contrato,Gama alta,3541.0,13.0,0
C009595,Z16,Este,urbana_premium,72683,,M,Soltero/a,3,Premium,Gama alta,6034.0,30.0,1
C009596,Z16,Este,urbana_premium,72683,33.0,M,Casado/a,5,Premium,Gama alta,4770.0,7.0,0
C009597,Z05,Este,urbana_premium,94471,27.0,M,Soltero/a,3,Premium,Gama alta,5293.0,50.0,1
C009598,Z11,Oeste,suburbana,41163,24.0,M,Soltero/a,1,Prepago,Gama media,2291.0,32.0,0
C009599,Z23,Norte,rural,20553,39.0,M,Casado/a,3,Prepago,Gama baja,1162.0,17.0,0
C009600,Z17,Sur,suburbana,56619,25.0,M,Soltero/a,2,Prepago,Gama baja,1649.0,41.0,0
C009601,Z17,Sur,suburbana,56619,64.0,M,Casado/a,1,Premium,Gama media,2692.0,22.0,1
C009602,Z06,Sur,rural,19752,50.0,F,Casado/a,4,Prepago,Gama baja,1771.0,27.0,1
C009603,Z22,Este,suburbana,53534,39.0,M,Soltero/a,1,Premium,Gama media,2855.0,23.0,0
C009604,Z13,Este,suburbana,37333,61.0,F,Divorciado/a,2,Contrato,Gama media,3854.0,30.0,1
C009605,Z06,Sur,rural,19752,29.0,F,Soltero/a,1,Premium,Gama media,2892.0,30.0,0
C009606,Z29,Oeste,urbana_premium,67334,34.0,M,Soltero/a,3,Premium,Gama media,1684.0,31.0,1
C009607,Z16,Este,urbana_premium,72683,60.0,F,Casado/a,5,Premium,Gama alta,9442.0,11.0,0
C009608,Z99,Sur,suburbana,56619,38.0,M,Divorciado/a,1,Prepago,Gama alta,3419.0,25.0,0
C009609,Z30,Centro,suburbana,33966,69.0,M,Casado/a,1,Premium,Gama alta,3299.0,33.0,0
C009610,Z12,Norte,rural,11707,54.0,F,Casado/a,2,Contrato,Gama baja,2204.0,79.0,0
C009611,Z29,Oeste,urbana_premium,67334,52.0,F,Casado/a,3,Premium,Gama alta,3471.0,15.0,0
C009612,Z22,Este,suburbana,53534,56.0,M,Casado/a,3,Contrato,Gama alta,4381.0,36.0,1
C009613,Z20,Oeste,suburbana,46953,40.0,F,Casado/a,2,Prepago,Gama media,2120.0,72.0,0
C009614,Z09,Norte,urbana_premium,102625,30.0,F,Soltero/a,2,Premium,Gama media,4261.0,26.0,0
C009615,Z03,Sur,rural,16530,44.0,M,Soltero/a,1,Premium,Gama media,3947.0,113.0,1
C009616,Z15,Oeste,suburbana,62939,28.0,M,Soltero/a,1,Premium,Gama media,3186.0,14.0,1
C009617,Z01,Centro,rural,16625,44.0,F,Casado/a,2,Prepago,Gama alta,2778.0,19.0,0
C009618,Z04,Centro,suburbana,55457,40.0,F,Soltero/a,1,Contrato,Gama media,,24.0,0
C009619,Z18,Sur,urbana_premium,56342,56.0,F,Casado/a,2,Premium,Gama alta,5112.0,36.0,1
C009620,Z23,Norte,rural,20553,52.0,F,Divorciado/a,1,Prepago,Gama baja,2642.0,19.0,0
C009621,Z05,Este,urbana_premium,94471,,F,Casado/a,3,Prepago,Gama baja,3696.0,30.0,0
C009622,Z24,Centro,rural,12558,19.0,M,Soltero/a,1,Prepago,Gama media,2989.0,20.0,0
C009623,Z29,Oeste,urbana_premium,67334,21.0,F,Soltero/a,3,Contrato,Gama media,2565.0,12.0,0
C009624,Z25,Oeste,rural,11763,41.0,F,Soltero/a,2,Premium,Gama alta,4361.0,83.0,0
C009625,Z26,Oeste,urbana_premium,107159,54.0,F,Casado/a,2,Prepago,Gama media,10533.0,29.0,0
C009626,Z22,Este,suburbana,53534,39.0,F,Divorciado/a,2,Contrato,Gama alta,2415.0,10.0,0
C009627,Z09,Norte,urbana_premium,102625,18.0,F,Soltero/a,3,Premium,Gama media,5776.0,16.0,1
C009628,Z12,Norte,rural,11707,42.0,M,Soltero/a,1,Contrato,Gama media,2208.0,18.0,1
C009629,Z29,Oeste,urbana_premium,67334,22.0,F,Soltero/a,3,Premium,Gama media,2488.0,29.0,1
C009630,Z21,Centro,rural,19103,28.0,M,Soltero/a,2,Prepago,Gama media,3656.0,53.0,0
C009631,Z26,Oeste,urbana_premium,107159,60.0,M,Divorciado/a,3,Premium,Gama media,3466.0,13.0,1
C009632,Z29,Oeste,urbana_premium,67334,32.0,M,Soltero/a,3,Premium,Gama alta,4742.0,34.0,1
C009633,Z09,Norte,urbana_premium,102625,38.0,M,Soltero/a,3,Premium,Gama alta,7470.0,39.0,0
C009634,Z10,Este,suburbana,27514,39.0,F,Soltero/a,1,Premium,Gama alta,3586.0,13.0,0
C009635,Z20,Oeste,suburbana,46953,37.0,M,Casado/a,3,Premium,Gama alta,3207.0,12.0,1
C009636,Z02,Oeste,suburbana,46400,30.0,M,Soltero/a,1,Premium,Gama alta,2130.0,44.0,0
C009637,Z18,Sur,urbana_premium,56342,32.0,F,Soltero/a,2,Premium,Gama baja,2739.0,23.0,0
C009638,Z26,Oeste,urbana_premium,107159,40.0,F,Casado/a,4,Premium,Gama alta,3649.0,40.0,1
C009639,Z19,Este,rural,12655,62.0,F,Casado/a,1,Prepago,Gama baja,2033.0,16.0,0
C009640,Z09,Norte,urbana_premium,102625,47.0,F,Soltero/a,3,Premium,Gama alta,4856.0,18.0,0
C009641,Z23,Norte,rural,20553,30.0,F,Casado/a,1,Premium,Gama media,1586.0,67.0,0
C009642,Z05,Este,urbana_premium,94471,48.0,F,Soltero/a,2,Prepago,Gama media,2918.0,56.0,0
C009643,Z28,Sur,urbana_premium,64486,42.0,M,Soltero/a,3,Contrato,Gama media,3630.0,42.0,0
C009644,Z04,Centro,suburbana,55457,33.0,M,Soltero/a,1,Contrato,Gama media,3083.0,14.0,0
C009645,Z27,Norte,suburbana,42704,42.0,M,Soltero/a,1,Premium,Gama alta,3043.0,34.0,0
C009646,Z16,Este,urbana_premium,72683,43.0,F,Soltero/a,3,Premium,Gama alta,3575.0,26.0,1
C009647,Z15,Oeste,suburbana,62939,41.0,F,Casado/a,3,Contrato,Gama media,2265.0,57.0,0
C009648,Z16,Este,urbana_premium,72683,42.0,F,Soltero/a,3,Prepago,Gama media,4688.0,120.0,1
C009649,Z07,Centro,rural,15473,35.0,?,Soltero/a,2,Premium,Gama media,3512.0,54.0,1
C009650,Z15,Oeste,suburbana,62939,64.0,F,Soltero/a,2,Contrato,Gama media,3323.0,37.0,0
C009651,Z27,Norte,suburbana,42704,18.0,M,Soltero/a,1,Prepago,Gama media,2433.0,60.0,1
C009652,Z26,Oeste,urbana_premium,107159,43.0,M,Soltero/a,3,Premium,Gama media,1958.0,29.0,0
C009653,Z05,Este,urbana_premium,94471,40.0,F,Divorciado/a,3,Contrato,Gama media,6843.0,71.0,1
C009654,Z22,Este,suburbana,53534,48.0,M,Casado/a,1,Contrato,Gama media,2804.0,27.0,1
C009655,Z27,Norte,suburbana,42704,31.0,F,Soltero/a,1,Premium,Gama media,4735.0,,0
C009656,Z26,Oeste,urbana_premium,107159,50.0,M,Casado/a,5,Premium,Gama media,6800.0,,0
C009657,Z15,Oeste,suburbana,62939,39.0,M,Soltero/a,1,Prepago,Gama media,3949.0,37.0,0
C009658,Z02,Oeste,suburbana,46400,26.0,F,Soltero/a,1,Premium,Gama alta,4164.0,89.0,1
C009659,Z29,Oeste,urbana_premium,67334,23.0,M,Soltero/a,2,Prepago,Gama media,5199.0,26.0,0
C009660,Z13,Este,suburbana,37333,41.0,F,Casado/a,3,Premium,Gama media,2759.0,19.0,1
C009661,Z12,Norte,rural,11707,26.0,M,Soltero/a,1,Prepago,Gama baja,1553.0,19.0,0
C009662,Z26,Oeste,urbana_premium,107159,58.0,M,Soltero/a,2,Prepago,Gama media,5061.0,9.0,1
C009663,Z09,Norte,urbana_premium,102625,49.0,F,desconocido,3,Contrato,Gama media,2241.0,57.0,0
C009664,Z27,Norte,suburbana,42704,62.0,M,Casado/a,4,Prepago,Gama media,2598.0,23.0,1
C009665,Z04,Centro,suburbana,55457,61.0,F,Soltero/a,1,Prepago,Gama media,2383.0,49.0,0
C009666,Z25,Oeste,rural,11763,41.0,M,Soltero/a,2,Premium,Gama baja,2837.0,48.0,0
C009667,Z29,Oeste,urbana_premium,67334,26.0,F,Soltero/a,2,Contrato,Gama media,,18.0,1
C009668,Z30,Centro,suburbana,33966,18.0,M,Soltero/a,1,Contrato,Gama media,2381.0,29.0,0
C009669,Z29,Oeste,urbana_premium,67334,31.0,M,Soltero/a,3,Prepago,Gama media,3303.0,12.0,0
C009670,Z28,Sur,urbana_premium,64486,57.0,F,Soltero/a,3,Premium,Gama alta,7596.0,38.0,0
C009671,Z09,Norte,urbana_premium,102625,26.0,F,Soltero/a,2,Premium,Gama alta,2909.0,55.0,0
C009672,Z29,Oeste,urbana_premium,67334,33.0,F,Soltero/a,3,Premium,Gama media,3590.0,14.0,0
C009673,Z29,Oeste,urbana_premium,67334,29.0,F,Soltero/a,2,Premium,Gama alta,4687.0,57.0,0
C009674,Z17,Sur,suburbana,56619,44.0,F,Soltero/a,2,Contrato,Gama media,3055.0,21.0,0
C009675,Z14,Norte,rural,13074,60.0,M,Divorciado/a,2,Prepago,Gama media,2873.0,58.0,0
C009676,Z05,Este,urbana_premium,94471,18.0,F,Soltero/a,2,Contrato,Gama alta,5622.0,16.0,1
C009677,Z18,Sur,urbana_premium,56342,20.0,F,Soltero/a,3,Premium,Gama alta,6334.0,21.0,0
C009678,Z22,Este,suburbana,53534,58.0,F,Soltero/a,1,Contrato,Gama alta,3028.0,16.0,0
C009679,Z14,Norte,rural,13074,54.0,F,Casado/a,4,Premium,Gama alta,,17.0,0
C009680,Z14,Norte,rural,13074,42.0,M,Casado/a,2,Premium,Gama alta,2499.0,18.0,0
C009681,Z18,Sur,urbana_premium,56342,56.0,F,Casado/a,5,Premium,Gama media,2798.0,24.0,0
C009682,Z02,Oeste,suburbana,46400,24.0,F,Soltero/a,1,Prepago,Gama media,3192.0,,0
C009683,Z29,Oeste,urbana_premium,67334,47.0,M,Casado/a,3,Premium,Gama media,2150.0,,1
C009684,Z09,Norte,urbana_premium,102625,35.0,F,Casado/a,2,Premium,Gama media,4364.0,13.0,0
C009685,Z05,Este,urbana_premium,94471,43.0,F,Soltero/a,3,Premium,Gama media,1815.0,27.0,1
C009686,Z01,Centro,rural,16625,18.0,F,Soltero/a,2,Prepago,Gama media,1642.0,14.0,0
C009687,Z27,Norte,suburbana,42704,37.0,F,Casado/a,3,Prepago,Gama alta,4021.0,,1
C009688,Z27,Norte,suburbana,42704,49.0,M,Casado/a,4,Prepago,Gama media,3508.0,65.0,0
C009689,Z04,Centro,suburbana,55457,39.0,M,Casado/a,1,Contrato,Gama media,2963.0,8.0,0
C009690,Z05,Este,urbana_premium,94471,51.0,M,Soltero/a,3,Prepago,Gama media,3269.0,25.0,0
C009691,Z15,Oeste,suburbana,62939,55.0,F,Casado/a,1,Prepago,Gama media,2203.0,67.0,0
C009692,Z06,Sur,rural,19752,33.0,M,Casado/a,4,Contrato,Gama media,1901.0,28.0,0
C009693,Z24,Centro,rural,12558,55.0,F,Casado/a,3,Contrato,Gama media,2951.0,26.0,1
C009694,Z03,Sur,rural,16530,33.0,F,Casado/a,1,Premium,Gama media,2124.0,60.0,1
C009695,Z17,Sur,suburbana,56619,41.0,F,Soltero/a,1,Prepago,Gama baja,1437.0,12.0,0
C009696,Z13,Este,suburbana,37333,48.0,M,Divorciado/a,2,Premium,Gama media,1937.0,69.0,0
C009697,Z16,Este,urbana_premium,72683,26.0,M,Soltero/a,3,Prepago,Gama media,2881.0,,0
C009698,Z15,Oeste,suburbana,62939,49.0,F,Casado/a,4,Contrato,Gama media,2718.0,18.0,0
C009699,Z05,Este,urbana_premium,94471,30.0,F,Soltero/a,3,Premium,Gama alta,3454.0,24.0,0
C009700,Z08,Sur,rural,17023,38.0,M,Divorciado/a,2,Premium,Gama media,1604.0,24.0,0
C009701,Z04,Centro,suburbana,55457,48.0,M,Divorciado/a,1,Premium,Gama media,3697.0,,0
C009702,Z05,Este,urbana_premium,94471,26.0,F,Soltero/a,2,Premium,Gama media,1914.0,9.0,0
C009703,Z30,Centro,suburbana,33966,29.0,F,Soltero/a,1,Premium,Gama media,2296.0,17.0,1
C009704,Z09,Norte,urbana_premium,102625,48.0,F,Casado/a,3,Premium,Gama alta,5037.0,46.0,0
C009705,Z99,Este,suburbana,27514,41.0,M,Casado/a,3,Premium,Gama alta,3601.0,59.0,0
C009706,Z05,Este,urbana_premium,94471,19.0,F,Soltero/a,2,Premium,Gama media,3482.0,48.0,0
C009707,Z26,Oeste,urbana_premium,107159,46.0,M,Divorciado/a,3,Premium,Gama media,5316.0,27.0,1
C009708,Z29,Oeste,urbana_premium,67334,31.0,F,Soltero/a,2,Premium,Gama media,4193.0,48.0,1
C009709,Z26,Oeste,urbana_premium,107159,19.0,M,Soltero/a,3,Premium,Gama alta,3923.0,14.0,0
C009710,Z19,Este,rural,12655,18.0,M,Soltero/a,2,Prepago,Gama media,2865.0,54.0,0
C009711,Z26,Oeste,urbana_premium,107159,47.0,M,Casado/a,4,Premium,Gama media,4413.0,57.0,0
C009712,Z14,Norte,rural,13074,35.0,M,Divorciado/a,2,Contrato,Gama media,3700.0,18.0,0
C009713,Z27,Norte,suburbana,42704,25.0,M,Soltero/a,1,Prepago,Gama media,2707.0,34.0,0
C009714,Z26,Oeste,urbana_premium,107159,44.0,F,Casado/a,5,Premium,Gama media,3516.0,11.0,0
C009715,Z01,Centro,rural,16625,55.0,F,Casado/a,2,Premium,Gama baja,2487.0,61.0,0
C009716,Z16,Este,urbana_premium,72683,27.0,F,Casado/a,2,Premium,Gama baja,3856.0,18.0,1
C009717,Z09,Norte,urbana_premium,102625,47.0,M,Soltero/a,3,Contrato,Gama alta,,25.0,0
C009718,Z04,Centro,suburbana,55457,65.0,M,Casado/a,2,Prepago,Gama media,3582.0,24.0,0
C009719,Z27,Norte,suburbana,42704,56.0,F,Divorciado/a,1,Premium,Gama media,2314.0,69.0,0
C009720,Z01,Centro,rural,16625,59.0,F,Divorciado/a,2,Prepago,Gama baja,1378.0,17.0,1
C009721,Z24,Centro,rural,12558,49.0,M,Casado/a,2,Premium,Gama alta,4023.0,19.0,0
C009722,Z30,Centro,suburbana,33966,,F,Soltero/a,2,Premium,Gama alta,2614.0,60.0,0
C009723,Z16,Este,urbana_premium,72683,35.0,M,Soltero/a,3,Premium,Gama alta,4297.0,29.0,0
C009724,Z99,Este,suburbana,37333,45.0,M,Casado/a,2,Contrato,Gama media,2962.0,63.0,0
C009725,Z18,Sur,urbana_premium,56342,21.0,M,Soltero/a,3,Prepago,Gama alta,5076.0,28.0,0
C009726,Z26,Oeste,urbana_premium,107159,27.0,F,Soltero/a,2,Contrato,Gama media,,22.0,0
C009727,Z09,Norte,urbana_premium,102625,19.0,M,Soltero/a,2,Premium,Gama alta,3990.0,46.0,1
C009728,Z09,Norte,urbana_premium,102625,39.0,M,Divorciado/a,2,Premium,Gama alta,3162.0,63.0,1
C009729,Z18,Sur,urbana_premium,56342,37.0,M,Soltero/a,2,Premium,Gama alta,10133.0,44.0,1
C009730,Z29,Oeste,urbana_premium,67334,28.0,M,Soltero/a,2,Prepago,Gama alta,2941.0,43.0,0
C009731,Z09,Norte,urbana_premium,102625,46.0,?,Casado/a,4,Premium,Gama alta,4657.0,32.0,1
C009732,Z13,Este,suburbana,37333,,F,Soltero/a,2,Contrato,Gama alta,8070.0,24.0,0
C009733,Z30,Centro,suburbana,33966,32.0,X,Soltero/a,1,Premium,Gama alta,4379.0,15.0,1
C009734,Z05,Este,urbana_premium,94471,45.0,M,Soltero/a,2,Premium,Gama media,,15.0,0
C009735,Z04,Centro,suburbana,55457,51.0,M,Casado/a,4,Prepago,Gama media,3160.0,31.0,0
C009736,Z18,Sur,urbana_premium,56342,26.0,M,Soltero/a,2,Premium,Gama media,2880.0,79.0,1
C009737,Z99,Oeste,suburbana,46400,43.0,F,Divorciado/a,2,Prepago,Gama alta,5367.0,30.0,1
C009738,Z05,Este,urbana_premium,94471,27.0,F,Soltero/a,3,Premium,Gama media,3537.0,21.0,0
C009739,Z20,Oeste,suburbana,46953,38.0,M,desconocido,1,Prepago,Gama media,2905.0,29.0,1
C009740,Z21,Centro,rural,19103,47.0,F,Casado/a,2,Prepago,Gama baja,1707.0,35.0,0
C009741,Z16,Este,urbana_premium,72683,,M,Casado/a,2,Prepago,Gama media,3431.0,28.0,1
C009742,Z13,Este,suburbana,37333,44.0,M,Soltero/a,1,Premium,Gama alta,3050.0,24.0,0
C009743,Z18,Sur,urbana_premium,56342,39.0,F,Casado/a,5,Premium,Gama alta,5604.0,25.0,1
C009744,Z99,Oeste,suburbana,46953,27.0,F,Soltero/a,1,Premium,Gama alta,3272.0,51.0,0
C009745,Z26,Oeste,urbana_premium,107159,41.0,F,Soltero/a,2,Premium,Gama alta,5615.0,12.0,1
C009746,Z26,Oeste,urbana_premium,107159,43.0,F,Soltero/a,3,Prepago,Gama media,1720.0,7.0,1
C009747,Z21,Centro,rural,19103,53.0,F,Casado/a,3,Contrato,Gama media,3790.0,7.0,0
C009748,Z28,Sur,urbana_premium,64486,27.0,M,Soltero/a,3,Premium,Gama alta,2393.0,54.0,1
C009749,Z27,Norte,suburbana,42704,51.0,M,Casado/a,4,Contrato,Gama alta,3902.0,,0
C009750,Z05,Este,urbana_premium,94471,20.0,M,Soltero/a,3,Prepago,Gama baja,1290.0,13.0,0
C009751,Z29,Oeste,urbana_premium,67334,31.0,F,Casado/a,4,Premium,Gama alta,3917.0,32.0,0
C009752,Z28,Sur,urbana_premium,64486,33.0,M,Casado/a,2,Contrato,Gama alta,5333.0,7.0,0
C009753,Z10,Este,suburbana,27514,25.0,M,Soltero/a,2,Prepago,Gama media,,30.0,0
C009754,Z02,Oeste,suburbana,46400,37.0,M,Soltero/a,1,Prepago,Gama media,3019.0,109.0,0
C009755,Z18,Sur,urbana_premium,56342,39.0,M,Casado/a,5,Contrato,Gama baja,5293.0,12.0,0
C009756,Z15,Oeste,suburbana,62939,18.0,F,Soltero/a,2,Premium,Gama media,3855.0,43.0,0
C009757,Z26,Oeste,urbana_premium,107159,31.0,M,n/a,3,Premium,Gama media,2217.0,84.0,0
C009758,Z17,Sur,suburbana,56619,19.0,F,Soltero/a,2,Contrato,Gama alta,4229.0,50.0,0
C009759,Z04,Centro,suburbana,55457,64.0,F,Casado/a,1,Premium,Gama alta,,30.0,1
C009760,Z09,Norte,urbana_premium,102625,39.0,M,Soltero/a,2,Premium,Gama alta,5856.0,15.0,0
C009761,Z28,Sur,urbana_premium,64486,38.0,F,Soltero/a,3,Contrato,Gama media,2488.0,83.0,0
C009762,Z02,Oeste,suburbana,46400,43.0,M,Casado/a,4,Prepago,Gama media,2039.0,36.0,0
C009763,Z24,Centro,rural,12558,52.0,F,Soltero/a,1,Prepago,Gama media,2384.0,6.0,0
C009764,Z09,Norte,urbana_premium,102625,48.0,F,Casado/a,4,Premium,Gama media,4698.0,50.0,0
C009765,Z15,Oeste,suburbana,62939,21.0,M,Soltero/a,2,Prepago,Gama media,4043.0,11.0,0
C009766,Z17,Sur,suburbana,56619,56.0,M,Casado/a,4,Prepago,Gama media,2259.0,51.0,1
C009767,Z09,Norte,urbana_premium,102625,51.0,F,Casado/a,5,Premium,Gama baja,3729.0,18.0,0
C009768,Z20,Oeste,suburbana,46953,39.0,F,Casado/a,3,Premium,Gama media,2239.0,46.0,0
C009769,Z22,Este,suburbana,53534,39.0,F,Casado/a,4,Contrato,Gama baja,2096.0,32.0,0
C009770,Z04,Centro,suburbana,55457,18.0,M,Soltero/a,2,Premium,Gama media,3437.0,16.0,0
C009771,Z13,Este,suburbana,37333,25.0,M,Soltero/a,2,Prepago,Gama media,,,0
C009772,Z25,Oeste,rural,11763,51.0,F,Casado/a,1,Premium,Gama alta,2723.0,88.0,0
C009773,Z23,Norte,rural,20553,59.0,M,Casado/a,1,Premium,Gama media,1901.0,43.0,0
C009774,Z17,Sur,suburbana,56619,49.0,F,Divorciado/a,1,Premium,Gama media,3768.0,25.0,0
C009775,Z26,Oeste,urbana_premium,107159,35.0,F,Soltero/a,3,Premium,Gama media,2580.0,6.0,1
C009776,Z99,Este,urbana_premium,94471,59.0,F,Casado/a,2,Premium,Gama media,3264.0,27.0,0
C009777,Z05,Este,urbana_premium,94471,48.0,M,Casado/a,5,Prepago,Gama media,2598.0,39.0,0
C009778,Z21,Centro,rural,19103,40.0,F,Soltero/a,1,Contrato,Gama alta,2565.0,10.0,0
C009779,Z22,Este,suburbana,53534,66.0,F,Casado/a,2,Premium,Gama alta,5622.0,16.0,1
C009780,Z26,Oeste,urbana_premium,107159,23.0,F,Soltero/a,2,Premium,Gama alta,4355.0,44.0,1
C009781,Z05,Este,urbana_premium,94471,18.0,F,Soltero/a,3,Contrato,Gama media,3694.0,79.0,0
C009782,Z16,Este,urbana_premium,72683,31.0,F,Soltero/a,2,Premium,Gama media,3572.0,15.0,0
C009783,Z21,Centro,rural,19103,36.0,M,n/a,2,Contrato,Gama media,1895.0,19.0,0
C009784,Z08,Sur,rural,17023,41.0,F,Casado/a,2,Contrato,Gama media,3418.0,45.0,1
C009785,Z16,Este,urbana_premium,72683,46.0,M,Divorciado/a,2,Premium,Gama alta,4421.0,53.0,1
C009786,Z20,Oeste,suburbana,46953,40.0,F,n/a,3,Prepago,Gama baja,1659.0,-23.0,1
C009787,Z08,Sur,rural,17023,45.0,M,Casado/a,1,Premium,Gama media,3398.0,63.0,0
C009788,Z13,Este,suburbana,37333,41.0,F,Soltero/a,2,Prepago,Gama baja,2198.0,38.0,0
C009789,Z08,Sur,rural,17023,18.0,F,Casado/a,2,Contrato,Gama media,1845.0,13.0,0
C009790,Z28,Sur,urbana_premium,64486,18.0,F,Soltero/a,3,Premium,Gama alta,4406.0,37.0,0
C009791,Z09,Norte,urbana_premium,102625,31.0,M,Soltero/a,2,Contrato,Gama alta,3105.0,,0
C009792,Z05,Este,urbana_premium,94471,26.0,M,Casado/a,5,Premium,Gama alta,8392.0,54.0,1
C009793,Z02,Oeste,suburbana,46400,37.0,M,Soltero/a,2,Premium,Gama media,,20.0,0
C009794,Z02,Oeste,suburbana,46400,57.0,F,Casado/a,3,Prepago,Gama media,3720.0,10.0,1
C009795,Z06,Sur,rural,19752,44.0,M,Soltero/a,1,Prepago,Gama media,1352.0,36.0,0
C009796,Z19,Este,rural,12655,29.0,F,Soltero/a,2,Contrato,Gama media,1871.0,36.0,1
C009797,Z02,Oeste,suburbana,46400,30.0,M,Soltero/a,1,Contrato,Gama media,2847.0,,0
C009798,Z09,Norte,urbana_premium,102625,,F,Casado/a,5,Premium,Gama media,5426.0,31.0,0
C009799,Z03,Sur,rural,16530,63.0,F,Casado/a,2,Prepago,Gama baja,1593.0,22.0,0
C009800,Z14,Norte,rural,13074,52.0,F,Casado/a,4,Contrato,Gama media,3533.0,18.0,0
C009801,Z02,Oeste,suburbana,46400,21.0,F,Soltero/a,1,Prepago,Gama media,3117.0,51.0,0
C009802,Z18,Sur,urbana_premium,56342,40.0,F,Soltero/a,2,Premium,Gama alta,4292.0,27.0,0
C009803,Z22,Este,suburbana,53534,45.0,F,Casado/a,4,Prepago,Gama media,2296.0,19.0,0
C009804,Z24,Centro,rural,12558,45.0,M,Casado/a,1,Prepago,Gama baja,1656.0,21.0,1
C009805,Z09,Norte,urbana_premium,102625,29.0,F,Soltero/a,2,Premium,Gama baja,1786.0,40.0,1
C009806,Z28,Sur,urbana_premium,64486,32.0,F,Soltero/a,3,Contrato,Gama media,4251.0,46.0,0
C009807,Z22,Este,suburbana,53534,32.0,M,Soltero/a,1,Premium,Gama media,3713.0,78.0,0
C009808,Z03,Sur,rural,16530,31.0,M,Casado/a,3,Prepago,Gama media,2045.0,54.0,0
C009809,Z15,Oeste,suburbana,62939,56.0,F,Divorciado/a,1,Prepago,Gama baja,1713.0,8.0,0
C009810,Z26,Oeste,urbana_premium,107159,47.0,F,Divorciado/a,3,Premium,Gama media,3151.0,44.0,0
C009811,Z10,Este,suburbana,27514,37.0,F,Divorciado/a,1,Contrato,Gama media,3397.0,18.0,1
C009812,Z13,Este,suburbana,37333,44.0,M,Divorciado/a,2,Prepago,Gama baja,3179.0,27.0,1
C009813,Z20,Oeste,suburbana,46953,,F,Soltero/a,2,Contrato,Gama alta,3771.0,6.0,0
C009814,Z03,Sur,rural,16530,73.0,M,Casado/a,3,Prepago,Gama media,1318.0,14.0,0
C009815,Z29,Oeste,urbana_premium,67334,46.0,M,Casado/a,5,Contrato,Gama media,,34.0,0
C009816,Z05,Este,urbana_premium,94471,46.0,F,Casado/a,3,Premium,Gama media,,61.0,0
C009817,Z02,Oeste,suburbana,46400,40.0,M,Divorciado/a,2,Premium,Gama media,3720.0,,1
C009818,Z01,Centro,rural,16625,,M,Divorciado/a,2,Prepago,Gama media,1880.0,12.0,0
C009819,Z13,Este,suburbana,37333,57.0,M,Divorciado/a,1,Premium,Gama media,3595.0,38.0,0
C009820,Z28,Sur,urbana_premium,64486,44.0,M,Casado/a,3,Premium,Gama media,2745.0,42.0,1
C009821,Z26,Oeste,urbana_premium,107159,26.0,M,Soltero/a,2,Premium,Gama alta,4130.0,73.0,0
C009822,Z28,Sur,urbana_premium,64486,41.0,M,Casado/a,2,Premium,Gama media,3454.0,26.0,0
C009823,Z17,Sur,suburbana,56619,50.0,M,Divorciado/a,2,Contrato,Gama alta,2636.0,41.0,0
C009824,Z15,Oeste,suburbana,62939,18.0,F,Soltero/a,2,Premium,Gama alta,6937.0,81.0,0
C009825,Z13,Este,suburbana,37333,29.0,M,Casado/a,4,Premium,Gama media,2653.0,8.0,0
C009826,Z02,Oeste,suburbana,46400,44.0,F,Casado/a,3,Contrato,Gama media,2571.0,29.0,0
C009827,Z28,Sur,urbana_premium,64486,18.0,F,Soltero/a,2,Contrato,Gama media,2325.0,24.0,0
C009828,Z16,Este,urbana_premium,72683,18.0,M,Soltero/a,2,Prepago,Gama alta,5413.0,33.0,1
C009829,Z15,Oeste,suburbana,62939,37.0,M,Soltero/a,2,Contrato,Gama media,2464.0,12.0,1
C009830,Z16,Este,urbana_premium,72683,42.0,M,Soltero/a,2,Prepago,Gama alta,3785.0,58.0,0
C009831,Z26,Oeste,urbana_premium,107159,42.0,F,Casado/a,3,Contrato,Gama media,2848.0,21.0,0
C009832,Z09,Norte,urbana_premium,102625,55.0,F,Casado/a,2,Premium,Gama alta,4427.0,45.0,1
C009833,Z22,Este,suburbana,53534,41.0,M,Casado/a,3,Contrato,Gama alta,4131.0,44.0,0
C009834,Z22,Este,suburbana,53534,36.0,?,Casado/a,4,Contrato,Gama alta,4713.0,53.0,0
C009835,Z27,Norte,suburbana,42704,24.0,M,Soltero/a,2,Contrato,Gama media,2862.0,15.0,0
C009836,Z01,Centro,rural,16625,40.0,F,Soltero/a,2,Prepago,Gama media,1886.0,,0
C009837,Z05,Este,urbana_premium,94471,44.0,M,Casado/a,4,Premium,Gama media,3040.0,35.0,0
C009838,Z16,Este,urbana_premium,72683,45.0,F,Casado/a,2,Premium,Gama media,3851.0,39.0,1
C009839,Z27,Norte,suburbana,42704,43.0,F,Casado/a,3,Premium,Gama alta,3258.0,12.0,1
C009840,Z29,Oeste,urbana_premium,67334,43.0,F,Casado/a,4,Prepago,Gama alta,4631.0,-28.0,0
C009841,Z18,Sur,urbana_premium,56342,51.0,M,Soltero/a,3,Prepago,Gama alta,2846.0,22.0,1
C009842,Z08,Sur,rural,17023,46.0,M,Casado/a,2,Prepago,Gama media,2433.0,6.0,0
C009843,Z06,Sur,rural,19752,61.0,M,Soltero/a,1,Premium,Gama media,,120.0,0
C009844,Z20,Oeste,suburbana,46953,31.0,F,Soltero/a,2,Premium,Gama alta,2849.0,39.0,1
C009845,Z07,Centro,rural,15473,44.0,M,Soltero/a,1,Prepago,Gama media,3784.0,67.0,0
C009846,Z17,Sur,suburbana,56619,34.0,M,Soltero/a,2,Prepago,Gama media,2752.0,4.0,0
C009847,Z27,Norte,suburbana,42704,50.0,M,Casado/a,2,Prepago,Gama media,2187.0,27.0,0
C009848,Z13,Este,suburbana,37333,28.0,F,Soltero/a,1,Contrato,Gama alta,3370.0,26.0,0
C009849,Z13,Este,suburbana,37333,36.0,F,Soltero/a,2,Prepago,Gama alta,4077.0,45.0,0
C009850,Z02,Oeste,suburbana,46400,18.0,F,Soltero/a,2,Prepago,Gama media,2278.0,31.0,0
C009851,Z09,Norte,urbana_premium,102625,43.0,F,Casado/a,2,Premium,Gama media,2382.0,103.0,0
C009852,Z22,Este,suburbana,53534,55.0,F,Casado/a,4,Contrato,Gama media,2244.0,51.0,0
C009853,Z11,Oeste,suburbana,41163,51.0,F,Divorciado/a,2,Contrato,Gama media,2556.0,29.0,1
C009854,Z05,Este,urbana_premium,94471,46.0,M,Casado/a,2,Premium,Gama alta,6512.0,47.0,0
C009855,Z04,Centro,suburbana,55457,50.0,M,Casado/a,1,Contrato,Gama media,1824.0,25.0,1
C009856,Z04,Centro,suburbana,55457,,F,Soltero/a,2,Contrato,Gama media,1648.0,31.0,0
C009857,Z21,Centro,rural,19103,52.0,F,Casado/a,2,Prepago,Gama baja,2553.0,41.0,0
C009858,Z19,Este,rural,12655,53.0,F,Casado/a,1,Prepago,Gama baja,1810.0,17.0,0
C009859,Z17,Sur,suburbana,56619,32.0,F,Soltero/a,1,Premium,Gama media,2107.0,24.0,1
C009860,Z16,Este,urbana_premium,72683,34.0,F,Soltero/a,3,Prepago,Gama media,4805.0,10.0,1
C009861,Z05,Este,urbana_premium,94471,37.0,M,Soltero/a,3,Premium,Gama alta,3952.0,59.0,0
C009862,Z16,Este,urbana_premium,72683,32.0,F,Soltero/a,2,Premium,Gama alta,5442.0,32.0,0
C009863,Z03,Sur,rural,16530,26.0,F,Soltero/a,1,Contrato,Gama media,3002.0,35.0,1
C009864,Z29,Oeste,urbana_premium,67334,21.0,M,Soltero/a,2,Contrato,Gama media,2508.0,38.0,0
C009865,Z03,Sur,rural,16530,48.0,M,Casado/a,1,Contrato,Gama media,,10.0,0
C009866,Z15,Oeste,suburbana,62939,51.0,M,Casado/a,2,Premium,Gama alta,4410.0,24.0,0
C009867,Z01,Centro,rural,16625,45.0,M,Casado/a,4,Prepago,Gama media,2223.0,16.0,0
C009868,Z26,Oeste,urbana_premium,107159,69.0,F,Casado/a,5,Premium,Gama alta,10995.0,39.0,0
C009869,Z05,Este,urbana_premium,94471,25.0,F,Soltero/a,3,Premium,Gama alta,5369.0,50.0,0
C009870,Z29,Oeste,urbana_premium,67334,41.0,F,Casado/a,5,Premium,Gama alta,6185.0,52.0,0
C009871,Z02,Oeste,suburbana,46400,55.0,F,Soltero/a,1,Prepago,Gama media,2142.0,43.0,1
C009872,Z26,Oeste,urbana_premium,107159,49.0,F,Casado/a,2,Contrato,Gama media,3717.0,50.0,0
C009873,Z21,Centro,rural,19103,53.0,F,Casado/a,4,Prepago,Gama media,3081.0,70.0,1
C009874,Z09,Norte,urbana_premium,102625,49.0,?,Soltero/a,2,Contrato,Gama alta,3717.0,7.0,0
C009875,Z07,Centro,rural,15473,46.0,M,Casado/a,4,Premium,Gama media,2368.0,17.0,1
C009876,Z11,Oeste,suburbana,41163,60.0,F,Soltero/a,1,Contrato,Gama alta,3246.0,26.0,0
C009877,Z26,Oeste,urbana_premium,107159,51.0,M,Casado/a,2,Prepago,Gama baja,2971.0,21.0,0
C009878,Z27,Norte,suburbana,42704,30.0,F,Soltero/a,1,Contrato,Gama baja,2188.0,30.0,0
C009879,Z05,Este,urbana_premium,94471,40.0,F,Divorciado/a,2,Premium,Gama media,3590.0,55.0,0
C009880,Z11,Oeste,suburbana,41163,21.0,M,Soltero/a,1,Contrato,Gama media,2578.0,8.0,0
C009881,Z09,Norte,urbana_premium,102625,54.0,M,Soltero/a,2,Premium,Gama media,2815.0,81.0,0
C009882,Z05,Este,urbana_premium,94471,39.0,F,Soltero/a,3,Premium,Gama alta,3662.0,32.0,1
C009883,Z20,Oeste,suburbana,46953,56.0,F,Casado/a,4,Prepago,Gama media,1887.0,28.0,0
C009884,Z11,Oeste,suburbana,41163,39.0,M,Casado/a,1,Premium,Gama alta,3893.0,32.0,1
C009885,Z09,Norte,urbana_premium,102625,18.0,F,Soltero/a,2,Premium,Gama alta,4705.0,39.0,0
C009886,Z27,Norte,suburbana,42704,72.0,M,Casado/a,3,Contrato,Gama media,3787.0,37.0,0
C009887,Z25,Oeste,rural,11763,47.0,M,Casado/a,3,Premium,Gama media,1731.0,33.0,0
C009888,Z26,Oeste,urbana_premium,107159,,F,Soltero/a,3,Premium,Gama media,2730.0,113.0,0
C009889,Z02,Oeste,suburbana,46400,54.0,M,Soltero/a,1,Premium,Gama alta,4734.0,12.0,0
C009890,Z28,Sur,urbana_premium,64486,60.0,F,Casado/a,3,Premium,Gama media,3574.0,13.0,1
C009891,Z18,Sur,urbana_premium,56342,34.0,M,Soltero/a,2,Premium,Gama alta,4673.0,36.0,0
C009892,Z16,Este,urbana_premium,72683,35.0,F,Soltero/a,2,Premium,Gama media,2557.0,89.0,0
C009893,Z01,Centro,rural,16625,48.0,F,Casado/a,1,Premium,Gama media,,57.0,1
C009894,Z28,Sur,urbana_premium,64486,23.0,F,Soltero/a,2,Premium,Gama alta,5809.0,33.0,0
C009895,Z17,Sur,suburbana,56619,32.0,F,Soltero/a,2,Contrato,Gama media,3124.0,9.0,0
C009896,Z26,Oeste,urbana_premium,107159,57.0,F,Soltero/a,3,Premium,Gama media,3507.0,72.0,1
C009897,Z21,Centro,rural,19103,43.0,F,Casado/a,2,Contrato,Gama media,2831.0,17.0,0
C009898,Z26,Oeste,urbana_premium,107159,26.0,?,Soltero/a,3,Premium,Gama media,4275.0,7.0,1
C009899,Z22,Este,suburbana,53534,35.0,M,n/a,1,Contrato,Gama alta,6183.0,67.0,0
C009900,Z29,Oeste,urbana_premium,67334,49.0,M,Soltero/a,3,Premium,Gama media,,19.0,0
C009901,Z09,Norte,urbana_premium,102625,18.0,M,Soltero/a,3,Premium,Gama baja,4801.0,65.0,0
C009902,Z07,Centro,rural,15473,48.0,F,Casado/a,2,Contrato,Gama media,2215.0,-17.0,0
C009903,Z22,Este,suburbana,53534,70.0,M,Casado/a,4,Prepago,Gama media,2109.0,30.0,0
C009904,Z16,Este,urbana_premium,72683,60.0,F,Soltero/a,3,Contrato,Gama alta,4437.0,11.0,0
C009905,Z18,Sur,urbana_premium,56342,43.0,M,Casado/a,3,Prepago,Gama media,2291.0,15.0,0
C009906,Z22,Este,suburbana,53534,56.0,M,Casado/a,2,Premium,Gama alta,4210.0,-27.0,0
C009907,Z17,Sur,suburbana,56619,56.0,F,desconocido,1,Prepago,Gama media,1880.0,30.0,0
C009908,Z26,Oeste,urbana_premium,107159,34.0,F,Soltero/a,2,Contrato,Gama media,2808.0,41.0,0
C009909,Z10,Este,suburbana,27514,51.0,M,Soltero/a,1,Contrato,Gama media,2124.0,4.0,0
C009910,Z27,Norte,suburbana,42704,61.0,F,Soltero/a,1,Premium,Gama alta,3705.0,-44.0,0
C009911,Z05,Este,urbana_premium,94471,21.0,M,Soltero/a,3,Contrato,Gama media,2587.0,29.0,0
C009912,Z20,Oeste,suburbana,46953,47.0,M,Casado/a,4,Prepago,Gama media,3563.0,82.0,0
C009913,Z28,Sur,urbana_premium,64486,40.0,M,Soltero/a,3,Prepago,Gama media,3024.0,33.0,0
C009914,Z09,Norte,urbana_premium,102625,37.0,M,Divorciado/a,3,Prepago,Gama media,3674.0,4.0,0
C009915,Z10,Este,suburbana,27514,40.0,M,Divorciado/a,1,Prepago,Gama alta,2470.0,13.0,0
C009916,Z09,Norte,urbana_premium,102625,39.0,M,Divorciado/a,3,Premium,Gama media,8643.0,-40.0,0
C009917,Z18,Sur,urbana_premium,56342,40.0,F,Soltero/a,3,Prepago,Gama media,2138.0,23.0,0
C009918,Z15,Oeste,suburbana,62939,53.0,F,Casado/a,1,Premium,Gama alta,3538.0,14.0,1
C009919,Z05,Este,urbana_premium,94471,42.0,M,Casado/a,2,Premium,Gama media,3815.0,30.0,0
C009920,Z28,Sur,urbana_premium,64486,34.0,F,Casado/a,3,Premium,Gama media,2913.0,18.0,1
C009921,Z07,Centro,rural,15473,35.0,F,Soltero/a,1,Premium,Gama media,2666.0,35.0,1
C009922,Z17,Sur,suburbana,56619,34.0,M,Soltero/a,2,Contrato,Gama baja,2130.0,19.0,1
C009923,Z18,Sur,urbana_premium,56342,39.0,M,Divorciado/a,2,Contrato,Gama media,2629.0,28.0,0
C009924,Z02,Oeste,suburbana,46400,32.0,M,Soltero/a,1,Prepago,Gama media,1996.0,23.0,0
C009925,Z04,Centro,suburbana,55457,51.0,F,Soltero/a,2,Contrato,Gama media,3068.0,19.0,1
C009926,Z29,Oeste,urbana_premium,67334,41.0,F,Casado/a,2,Premium,Gama alta,3103.0,55.0,0
C009927,Z21,Centro,rural,19103,59.0,X,Soltero/a,2,Prepago,Gama alta,1714.0,50.0,0
C009928,Z02,Oeste,suburbana,46400,32.0,M,Soltero/a,1,Contrato,Gama media,3361.0,35.0,0
C009929,Z26,Oeste,urbana_premium,107159,26.0,M,Soltero/a,3,Premium,Gama alta,5583.0,28.0,0
C009930,Z16,Este,urbana_premium,72683,50.0,M,Divorciado/a,3,Premium,Gama media,2330.0,29.0,1
C009931,Z04,Centro,suburbana,55457,42.0,F,Divorciado/a,2,Prepago,Gama alta,3347.0,33.0,0
C009932,Z22,Este,suburbana,53534,38.0,F,Casado/a,3,Premium,Gama alta,3581.0,16.0,0
C009933,Z16,Este,urbana_premium,72683,44.0,M,Casado/a,3,Premium,Gama alta,5978.0,78.0,1
C009934,Z07,Centro,rural,15473,53.0,M,Casado/a,2,Contrato,Gama media,2098.0,9.0,0
C009935,Z28,Sur,urbana_premium,64486,21.0,M,Soltero/a,3,Contrato,Gama media,6573.0,10.0,0
C009936,Z09,Norte,urbana_premium,102625,53.0,M,Casado/a,2,Premium,Gama alta,4695.0,32.0,1
C009937,Z09,Norte,urbana_premium,102625,31.0,F,Soltero/a,3,Contrato,Gama media,1983.0,34.0,0
C009938,Z09,Norte,urbana_premium,102625,56.0,F,Casado/a,3,Contrato,Gama alta,4252.0,14.0,1
C009939,Z26,Oeste,urbana_premium,107159,20.0,F,Soltero/a,2,Contrato,Gama alta,3804.0,10.0,0
C009940,Z22,Este,suburbana,53534,44.0,M,Soltero/a,2,Premium,Gama baja,4207.0,26.0,1
C009941,Z28,Sur,urbana_premium,64486,34.0,F,Soltero/a,3,Premium,Gama alta,5784.0,40.0,0
C009942,Z09,Norte,urbana_premium,102625,18.0,F,Soltero/a,2,Premium,Gama media,2724.0,17.0,0
C009943,Z26,Oeste,urbana_premium,107159,44.0,M,Casado/a,2,Premium,Gama alta,5256.0,65.0,1
C009944,Z18,Sur,urbana_premium,56342,18.0,F,Soltero/a,3,Premium,Gama media,3658.0,36.0,1
C009945,Z10,Este,suburbana,27514,36.0,F,Casado/a,1,Premium,Gama media,2326.0,57.0,0
C009946,Z02,Oeste,suburbana,46400,53.0,F,Casado/a,3,Premium,Gama alta,4950.0,27.0,0
C009947,Z26,Oeste,urbana_premium,107159,30.0,M,Casado/a,3,Premium,Gama alta,3240.0,26.0,1
C009948,Z09,Norte,urbana_premium,102625,25.0,M,Soltero/a,2,Premium,Gama media,3871.0,38.0,0
C009949,Z20,Oeste,suburbana,46953,50.0,F,Casado/a,2,Premium,Gama alta,2904.0,22.0,0
C009950,Z17,Sur,suburbana,56619,37.0,X,Soltero/a,1,Premium,Gama media,3569.0,65.0,1
C009951,Z01,Centro,rural,16625,40.0,F,Casado/a,3,Prepago,Gama media,3684.0,43.0,0
C009952,Z30,Centro,suburbana,33966,55.0,M,Casado/a,3,Prepago,Gama alta,5236.0,48.0,0
C009953,Z26,Oeste,urbana_premium,107159,22.0,M,Soltero/a,2,Premium,Gama alta,5254.0,31.0,0
C009954,Z16,Este,urbana_premium,72683,30.0,F,Soltero/a,3,Premium,Gama alta,2119.0,42.0,1
C009955,Z22,Este,suburbana,53534,50.0,F,Soltero/a,1,Prepago,Gama alta,4965.0,33.0,1
C009956,Z16,Este,urbana_premium,72683,,M,Soltero/a,2,Premium,Gama alta,4723.0,77.0,0
C009957,Z25,Oeste,rural,11763,66.0,F,Casado/a,4,Contrato,Gama alta,3409.0,47.0,0
C009958,Z05,Este,urbana_premium,94471,33.0,F,Soltero/a,2,Premium,Gama alta,3445.0,43.0,0
C009959,Z15,Oeste,suburbana,62939,50.0,F,Casado/a,2,Contrato,Gama media,2968.0,1.0,0
C009960,Z11,Oeste,suburbana,41163,50.0,M,Soltero/a,1,Premium,Gama media,4157.0,59.0,0
C009961,Z15,Oeste,suburbana,62939,38.0,F,Divorciado/a,1,Premium,Gama alta,6027.0,49.0,0
C009962,Z99,Oeste,suburbana,62939,34.0,F,Soltero/a,1,Premium,Gama media,3190.0,40.0,0
C009963,Z05,Este,urbana_premium,94471,35.0,F,Soltero/a,2,Premium,Gama media,2473.0,26.0,1
C009964,Z30,Centro,suburbana,33966,49.0,F,Casado/a,2,Premium,Gama media,3673.0,36.0,0
C009965,Z02,Oeste,suburbana,46400,28.0,F,Soltero/a,1,Contrato,Gama media,2793.0,22.0,0
C009966,Z01,Centro,rural,16625,31.0,M,Casado/a,2,Prepago,Gama media,1604.0,20.0,0
C009967,Z13,Este,suburbana,37333,58.0,M,Soltero/a,1,Contrato,Gama media,2846.0,22.0,0
C009968,Z20,Oeste,suburbana,46953,31.0,M,Soltero/a,2,Contrato,Gama alta,3523.0,6.0,0
C009969,Z05,Este,urbana_premium,94471,40.0,F,Soltero/a,2,Premium,Gama alta,5533.0,26.0,0
C009970,Z17,Sur,suburbana,56619,38.0,F,Casado/a,4,Prepago,Gama media,2517.0,48.0,0
C009971,Z23,Norte,rural,20553,,F,Soltero/a,1,Prepago,Gama media,1990.0,79.0,0
C009972,Z04,Centro,suburbana,55457,57.0,F,Casado/a,1,Premium,Gama media,2877.0,7.0,0
C009973,Z30,Centro,suburbana,33966,39.0,F,Soltero/a,1,Prepago,Gama alta,5512.0,50.0,1
C009974,Z11,Oeste,suburbana,41163,36.0,F,desconocido,1,Premium,Gama media,4768.0,17.0,1
C009975,Z20,Oeste,suburbana,46953,37.0,M,Casado/a,2,Prepago,Gama media,3632.0,16.0,1
C009976,Z05,Este,urbana_premium,94471,30.0,F,Soltero/a,2,Contrato,Gama media,4603.0,19.0,1
C009977,Z22,Este,suburbana,53534,32.0,M,Soltero/a,1,Premium,Gama media,2670.0,25.0,0
C009978,Z27,Norte,suburbana,42704,34.0,M,Soltero/a,2,Premium,Gama media,3906.0,43.0,0
C009979,Z04,Centro,suburbana,55457,60.0,F,Casado/a,2,Prepago,Gama media,2105.0,5.0,0
C009980,Z05,Este,urbana_premium,94471,,F,Soltero/a,3,Premium,Gama alta,4527.0,48.0,0
C009981,Z09,Norte,urbana_premium,102625,32.0,M,Soltero/a,2,Premium,Gama media,1880.0,26.0,0
C009982,Z01,Centro,rural,16625,57.0,F,Casado/a,1,Prepago,Gama media,1307.0,5.0,0
C009983,Z30,Centro,suburbana,33966,21.0,F,Soltero/a,2,Premium,Gama media,1515.0,94.0,0
C009984,Z18,Sur,urbana_premium,56342,53.0,M,Soltero/a,2,Premium,Gama media,7396.0,41.0,0
C009985,Z18,Sur,urbana_premium,56342,52.0,F,Soltero/a,2,Prepago,Gama media,3621.0,25.0,0
C009986,Z29,Oeste,urbana_premium,67334,63.0,F,Soltero/a,3,Prepago,Gama media,2384.0,7.0,0
C009987,Z26,Oeste,urbana_premium,107159,48.0,F,Soltero/a,2,Contrato,Gama baja,8983.0,79.0,0
C009988,Z26,Oeste,urbana_premium,107159,41.0,M,Casado/a,3,Contrato,Gama media,2918.0,30.0,0
C009989,Z11,Oeste,suburbana,41163,55.0,M,Soltero/a,2,Premium,Gama alta,3583.0,30.0,0
C009990,Z11,Oeste,suburbana,41163,32.0,M,Soltero/a,1,Prepago,Gama media,2266.0,58.0,0
C009991,Z09,Norte,urbana_premium,102625,,M,Casado/a,2,Premium,Gama alta,5053.0,16.0,0
C009992,Z11,Oeste,suburbana,41163,39.0,F,Casado/a,2,Contrato,Gama media,2965.0,25.0,0
C009993,Z12,Norte,rural,11707,61.0,F,Casado/a,2,Prepago,Gama baja,1788.0,51.0,0
C009994,Z05,Este,urbana_premium,94471,26.0,M,Soltero/a,2,Premium,Gama media,2398.0,63.0,0
C009995,Z11,Oeste,suburbana,41163,28.0,M,Soltero/a,1,Premium,Gama baja,2326.0,65.0,0
C009996,Z15,Oeste,suburbana,62939,43.0,F,Soltero/a,2,Prepago,Gama baja,2097.0,28.0,0
C009997,Z10,Este,suburbana,27514,49.0,M,Casado/a,2,Contrato,Gama media,1609.0,12.0,1
C009998,Z05,Este,urbana_premium,94471,28.0,F,Casado/a,3,Prepago,Gama alta,4949.0,29.0,0
C009999,Z13,Este,suburbana,37333,48.0,F,Casado/a,4,Premium,Gama alta,4406.0,47.0,1
C010000,Z16,Este,urbana_premium,72683,52.0,M,Casado/a,5,Premium,Gama media,3016.0,64.0,0
C002130,Z02,Oeste,suburbana,46400,53.0,M,n/a,4,Prepago,Gama media,1513.0,46.0,0
C006765,Z10,Este,suburbana,27514,47.0,F,Casado/a,3,Prepago,Gama baja,1939.0,50.0,0
C003048,Z20,Oeste,suburbana,46953,43.0,F,Casado/a,4,Premium,Gama alta,,36.0,0
C004865,Z21,Centro,rural,19103,50.0,M,Casado/a,3,Premium,Gama media,,19.0,1
C000376,Z05,Este,urbana_premium,94471,37.0,F,Soltero/a,2,Premium,Gama media,2062.0,50.0,0
C009014,Z09,Norte,urbana_premium,102625,30.0,F,Soltero/a,2,Prepago,Gama media,3996.0,14.0,0
C001737,Z28,Sur,urbana_premium,64486,36.0,F,Soltero/a,3,Premium,Gama alta,6058.0,57.0,0
C002607,Z19,Este,rural,12655,56.0,F,Casado/a,2,Prepago,Gama media,2282.0,70.0,0
C006380,Z16,Este,urbana_premium,72683,33.0,M,Soltero/a,2,Premium,Gama media,2676.0,20.0,0
C002484,Z11,Oeste,suburbana,41163,50.0,F,Casado/a,1,Premium,Gama alta,4875.0,92.0,0
C004228,Z05,Este,urbana_premium,94471,,M,Casado/a,3,Contrato,Gama media,4721.0,13.0,0
C006336,Z13,Este,suburbana,37333,41.0,M,Casado/a,4,Premium,Gama media,2929.0,20.0,1
C002220,Z10,Este,suburbana,27514,27.0,M,Soltero/a,1,Premium,Gama alta,7505.0,,1
C006340,Z23,Norte,rural,20553,72.0,M,Divorciado/a,1,Prepago,Gama media,4415.0,50.0,0
C002284,Z22,Este,suburbana,53534,71.0,M,Casado/a,3,Premium,Gama alta,5840.0,71.0,0
C004465,Z05,Este,urbana_premium,94471,31.0,F,Soltero/a,2,Contrato,Gama alta,8185.0,44.0,0
C008276,Z13,Este,suburbana,37333,34.0,F,Soltero/a,2,Contrato,Gama media,4352.0,11.0,0
C000550,Z99,Oeste,suburbana,62939,48.0,F,Soltero/a,2,Prepago,Gama alta,2997.0,25.0,1
C009801,Z02,Oeste,suburbana,46400,21.0,F,Soltero/a,1,Prepago,Gama media,3117.0,51.0,0
C007519,Z12,Norte,rural,11707,50.0,F,Soltero/a,1,Contrato,Gama alta,3611.0,17.0,0
C002749,Z16,Este,urbana_premium,72683,43.0,F,Divorciado/a,3,Premium,Gama media,3774.0,36.0,0
C004110,Z17,Sur,suburbana,56619,48.0,F,Casado/a,1,Premium,Gama media,2513.0,88.0,1
C004289,Z30,Centro,suburbana,33966,48.0,M,Casado/a,2,Prepago,Gama media,3788.0,14.0,1
C001422,Z16,Este,urbana_premium,72683,18.0,M,Soltero/a,3,Premium,Gama media,1703.0,36.0,0
C009827,Z28,Sur,urbana_premium,64486,18.0,F,Soltero/a,2,Contrato,Gama media,2325.0,24.0,0
C001086,Z25,Oeste,rural,11763,29.0,F,Casado/a,2,Prepago,Gama media,1766.0,38.0,0
C005229,Z06,Sur,rural,19752,,M,Soltero/a,1,Prepago,Gama media,2224.0,36.0,1
C009331,Z20,Oeste,suburbana,46953,31.0,F,Casado/a,2,Contrato,Gama alta,4097.0,39.0,1
C003194,Z22,Este,suburbana,53534,44.0,?,Casado/a,3,Prepago,Gama media,2596.0,9.0,0
C003767,Z16,Este,urbana_premium,72683,48.0,M,Divorciado/a,2,Premium,Gama alta,3991.0,76.0,0
C001785,Z09,Norte,urbana_premium,102625,42.0,F,Casado/a,4,Premium,Gama alta,3729.0,13.0,1
C005795,Z26,Oeste,urbana_premium,107159,39.0,M,Divorciado/a,2,Contrato,Gama alta,2877.0,17.0,1
C009898,Z26,Oeste,urbana_premium,107159,26.0,?,Soltero/a,3,Premium,Gama media,4275.0,7.0,1
C000006,Z30,Centro,suburbana,33966,37.0,M,Casado/a,3,Prepago,Gama media,2411.0,86.0,0
C005449,Z17,Sur,suburbana,56619,36.0,F,Soltero/a,1,Prepago,Gama media,3642.0,12.0,0
C001766,Z04,Centro,suburbana,55457,29.0,M,Soltero/a,1,Premium,Gama alta,2844.0,32.0,1
C003973,Z17,Sur,suburbana,56619,48.0,F,Soltero/a,1,Prepago,Gama media,3702.0,18.0,0
C004746,Z02,Oeste,suburbana,46400,31.0,F,Soltero/a,1,Contrato,Gama media,4956.0,5.0,0
C003014,Z22,Este,suburbana,53534,70.0,M,Casado/a,3,Premium,Gama media,2374.0,43.0,0
C004373,Z16,Este,urbana_premium,72683,41.0,M,Casado/a,4,Contrato,Gama media,2165.0,28.0,0
C005495,Z27,Norte,suburbana,42704,40.0,F,Soltero/a,2,Premium,Gama media,2693.0,33.0,0
C009265,Z05,Este,urbana_premium,94471,41.0,M,Casado/a,3,Prepago,Gama media,2767.0,24.0,0
C006762,Z18,Sur,urbana_premium,56342,46.0,F,Soltero/a,2,Premium,Gama alta,5357.0,,0
C001931,Z20,Oeste,suburbana,46953,37.0,F,Soltero/a,2,Contrato,Gama media,3268.0,48.0,0
C003203,Z28,Sur,urbana_premium,64486,22.0,M,Soltero/a,2,Premium,Gama media,3706.0,66.0,0
C004080,Z15,Oeste,suburbana,62939,33.0,F,Soltero/a,2,Prepago,Gama media,1994.0,36.0,0
C009748,Z28,Sur,urbana_premium,64486,27.0,M,Soltero/a,3,Premium,Gama alta,2393.0,54.0,1
C001655,Z29,Oeste,urbana_premium,67334,20.0,M,Casado/a,5,Prepago,Gama media,3751.0,17.0,0
C004453,Z20,Oeste,suburbana,46953,51.0,F,Soltero/a,1,Prepago,Gama media,3162.0,59.0,0
C005081,Z05,Este,urbana_premium,94471,36.0,F,Casado/a,4,Premium,Gama alta,3906.0,45.0,0
C005321,Z04,Centro,suburbana,55457,41.0,M,Soltero/a,2,Contrato,Gama alta,5054.0,38.0,1
C003160,Z10,Este,suburbana,27514,54.0,F,Casado/a,4,Contrato,Gama media,2247.0,22.0,0
C007009,Z01,Centro,rural,16625,,F,Divorciado/a,1,Prepago,Gama media,1778.0,19.0,0
C008539,Z05,Este,urbana_premium,94471,47.0,F,Divorciado/a,3,Prepago,Gama media,2945.0,19.0,0
C007579,Z02,Oeste,suburbana,46400,18.0,F,Soltero/a,2,Premium,Gama alta,2401.0,14.0,0
C006553,Z27,Norte,suburbana,42704,43.0,M,Soltero/a,2,Premium,Gama alta,6232.0,94.0,0
C009797,Z02,Oeste,suburbana,46400,30.0,M,Soltero/a,1,Contrato,Gama media,2847.0,,0
C002274,Z27,Norte,suburbana,42704,44.0,F,Casado/a,3,Prepago,Gama baja,1704.0,36.0,0
C007466,Z01,Centro,rural,16625,61.0,F,Soltero/a,1,Prepago,Gama alta,3067.0,33.0,0
C004445,Z05,Este,urbana_premium,94471,42.0,F,Soltero/a,3,Premium,Gama media,2880.0,48.0,1
C007245,Z16,Este,urbana_premium,72683,45.0,M,Casado/a,3,Premium,Gama alta,5396.0,30.0,0
C003567,Z27,Norte,suburbana,42704,18.0,F,Soltero/a,2,Premium,Gama media,3301.0,52.0,0
C009950,Z17,Sur,suburbana,56619,37.0,X,Soltero/a,1,Premium,Gama media,3569.0,65.0,1
C004954,Z30,Centro,suburbana,33966,50.0,M,Casado/a,1,Premium,Gama alta,2983.0,54.0,0
C001119,Z09,Norte,urbana_premium,102625,18.0,F,Soltero/a,2,Premium,Gama alta,6174.0,37.0,0
C006869,Z20,Oeste,suburbana,46953,32.0,M,Soltero/a,2,Premium,Gama alta,5465.0,31.0,0
C003301,Z29,Oeste,urbana_premium,67334,47.0,M,Soltero/a,3,Premium,Gama alta,5524.0,31.0,0
C000318,Z22,Este,suburbana,53534,57.0,F,Casado/a,4,Premium,Gama alta,3209.0,58.0,0
C005061,Z05,Este,urbana_premium,94471,21.0,M,Soltero/a,3,Premium,Gama baja,1930.0,28.0,0
C009641,Z23,Norte,rural,20553,30.0,F,Casado/a,1,Premium,Gama media,1586.0,67.0,0
C003227,Z22,Este,suburbana,53534,53.0,M,Casado/a,3,Prepago,Gama alta,4621.0,67.0,0
C003297,Z26,Oeste,urbana_premium,107159,33.0,F,Casado/a,5,Premium,Gama alta,3506.0,64.0,0
C008911,Z12,Norte,rural,11707,51.0,F,Soltero/a,1,Prepago,Gama media,1788.0,44.0,0
C005584,Z23,Norte,rural,20553,41.0,F,Casado/a,4,Premium,Gama baja,2288.0,8.0,0
C005810,Z26,Oeste,urbana_premium,107159,56.0,M,Soltero/a,3,Premium,Gama media,3650.0,16.0,0
C000212,Z18,Sur,urbana_premium,56342,21.0,M,Soltero/a,2,Premium,Gama alta,6335.0,66.0,1
C001769,Z05,Este,urbana_premium,94471,23.0,M,Soltero/a,3,Premium,Gama alta,5438.0,29.0,0
C004069,Z99,Sur,urbana_premium,64486,18.0,M,Soltero/a,2,Prepago,Gama alta,6131.0,67.0,0
C002475,Z12,Norte,rural,11707,35.0,M,Casado/a,1,Prepago,Gama baja,1306.0,63.0,0
C000803,Z28,Sur,urbana_premium,64486,27.0,M,Soltero/a,3,Prepago,Gama media,3734.0,9.0,1
C009857,Z21,Centro,rural,19103,52.0,F,Casado/a,2,Prepago,Gama baja,2553.0,41.0,0
C004618,Z17,Sur,suburbana,56619,54.0,M,Casado/a,2,Prepago,Gama media,3106.0,43.0,0
C005817,Z09,Norte,urbana_premium,102625,29.0,M,Soltero/a,3,Premium,Gama alta,5509.0,55.0,0
C002402,Z26,Oeste,urbana_premium,107159,47.0,F,Soltero/a,2,Premium,Gama alta,6752.0,,1
C005311,Z15,Oeste,suburbana,62939,33.0,M,Soltero/a,1,Premium,Gama media,4622.0,63.0,0
C001269,Z16,Este,urbana_premium,72683,21.0,F,Soltero/a,2,Contrato,Gama media,5797.0,41.0,0
C002866,Z05,Este,urbana_premium,94471,41.0,M,Soltero/a,3,Premium,Gama media,6536.0,10.0,1
C005778,Z17,Sur,suburbana,56619,39.0,M,Casado/a,3,Premium,Gama alta,6341.0,52.0,1
C008419,Z11,Oeste,suburbana,41163,48.0,M,Casado/a,1,Contrato,Gama media,3355.0,15.0,0
C007490,Z02,Oeste,suburbana,46400,54.0,F,Casado/a,4,Prepago,Gama media,2511.0,33.0,0
C003325,Z18,Sur,urbana_premium,56342,40.0,M,Casado/a,4,Contrato,Gama media,4065.0,41.0,0
C007998,Z16,Este,urbana_premium,72683,18.0,M,Casado/a,2,Premium,Gama media,6007.0,11.0,1
C008969,Z28,Sur,urbana_premium,64486,41.0,M,Soltero/a,3,Premium,Gama alta,5430.0,18.0,0
C003911,Z16,Este,urbana_premium,72683,34.0,M,Soltero/a,3,Contrato,Gama alta,3965.0,7.0,0
C005633,Z15,Oeste,suburbana,62939,28.0,F,Soltero/a,1,Premium,Gama media,3932.0,10.0,1
C009830,Z16,Este,urbana_premium,72683,42.0,M,Soltero/a,2,Prepago,Gama alta,3785.0,58.0,0
C009303,Z09,Norte,urbana_premium,102625,28.0,F,Soltero/a,2,Premium,Gama alta,3992.0,54.0,1
C000563,Z27,Norte,suburbana,42704,46.0,F,Soltero/a,1,Contrato,Gama media,3480.0,32.0,0
C001515,Z28,Sur,urbana_premium,64486,24.0,M,Soltero/a,3,Premium,Gama alta,3907.0,60.0,0
C009558,Z20,Oeste,suburbana,46953,36.0,F,Soltero/a,2,Prepago,Gama media,2967.0,32.0,0
C009489,Z29,Oeste,urbana_premium,67334,23.0,F,Soltero/a,3,Premium,Gama media,7895.0,8.0,0
C009084,Z07,Centro,rural,15473,38.0,F,Casado/a,1,Premium,Gama baja,1844.0,23.0,1
C000650,Z02,Oeste,suburbana,46400,18.0,F,Soltero/a,1,Prepago,Gama media,2572.0,13.0,0
C001047,Z06,Sur,rural,19752,32.0,F,Casado/a,4,Prepago,Gama media,2912.0,17.0,0
C007166,Z15,Oeste,suburbana,62939,44.0,M,Soltero/a,1,Contrato,Gama media,2382.0,25.0,1
C006197,Z26,Oeste,urbana_premium,107159,35.0,M,Soltero/a,2,Prepago,Gama media,2605.0,34.0,0
C002025,Z15,Oeste,suburbana,62939,34.0,M,Soltero/a,1,Premium,Gama media,2258.0,12.0,0
C009353,Z11,Oeste,suburbana,41163,36.0,M,Casado/a,2,Contrato,Gama alta,2755.0,36.0,1
C002679,Z25,Oeste,rural,11763,47.0,M,Soltero/a,1,Contrato,Gama media,3725.0,38.0,0
C001044,Z21,Centro,rural,19103,43.0,F,Divorciado/a,1,Premium,Gama media,1928.0,1.0,1
C002844,Z09,Norte,urbana_premium,102625,26.0,F,Soltero/a,2,Premium,Gama alta,4957.0,81.0,0
C004875,Z17,Sur,suburbana,56619,61.0,M,Casado/a,2,Premium,Gama alta,3198.0,27.0,0
C007944,Z16,Este,urbana_premium,72683,,M,Divorciado/a,2,Premium,Gama media,3185.0,58.0,0
C005035,Z19,Este,rural,12655,,F,Casado/a,1,Prepago,Gama media,2592.0,24.0,0
C001883,Z14,Norte,rural,13074,51.0,M,Casado/a,3,Contrato,Gama media,2352.0,49.0,1
C009230,Z13,Este,suburbana,37333,18.0,F,Soltero/a,2,Premium,Gama media,1764.0,22.0,0
C000101,Z28,Sur,urbana_premium,64486,22.0,M,Soltero/a,2,Premium,Gama alta,4181.0,,0
C008484,Z17,Sur,suburbana,56619,52.0,M,Divorciado/a,1,Premium,Gama media,3032.0,20.0,0
C005531,Z11,Oeste,suburbana,41163,54.0,M,Soltero/a,2,Contrato,Gama media,3942.0,22.0,0
C003992,Z15,Oeste,suburbana,62939,43.0,M,Soltero/a,1,Prepago,Gama media,3124.0,38.0,0
C005789,Z26,Oeste,urbana_premium,107159,39.0,M,Soltero/a,3,Contrato,Gama media,4813.0,9.0,0
C007597,Z09,Norte,urbana_premium,102625,43.0,F,Soltero/a,2,Contrato,Gama alta,5158.0,3.0,1
C006342,Z28,Sur,urbana_premium,64486,46.0,F,Divorciado/a,2,Premium,Gama media,3476.0,37.0,0
C000940,Z04,Centro,suburbana,55457,47.0,F,Casado/a,1,Contrato,Gama alta,2714.0,40.0,1
C006639,Z26,Oeste,urbana_premium,107159,26.0,M,Soltero/a,3,Premium,Gama alta,3485.0,49.0,0
C007448,Z12,Norte,rural,11707,36.0,F,Casado/a,1,Contrato,Gama media,1816.0,64.0,0
C006347,Z29,Oeste,urbana_premium,67334,41.0,F,Divorciado/a,3,Contrato,Gama media,,10.0,1
C008050,Z22,Este,suburbana,53534,32.0,M,Soltero/a,1,Premium,Gama alta,3089.0,17.0,0
C006344,Z15,Oeste,suburbana,62939,49.0,M,Soltero/a,2,Prepago,Gama media,1465.0,9.0,0
C003619,Z10,Este,suburbana,27514,58.0,F,Casado/a,4,Premium,Gama media,4765.0,67.0,0
C000088,Z16,Este,urbana_premium,72683,18.0,M,Soltero/a,3,Contrato,Gama media,2492.0,25.0,0
C006588,Z29,Oeste,urbana_premium,67334,32.0,M,Casado/a,3,Premium,Gama media,4116.0,12.0,1
C002141,Z28,Sur,urbana_premium,64486,33.0,F,Divorciado/a,3,Premium,Gama alta,5296.0,55.0,0
C005260,Z06,Sur,rural,19752,40.0,M,Divorciado/a,2,Prepago,Gama media,1653.0,53.0,0
C005252,Z03,Sur,rural,16530,29.0,F,Soltero/a,1,Premium,Gama media,3339.0,50.0,1
C005734,Z28,Sur,urbana_premium,64486,41.0,F,Casado/a,3,Prepago,Gama media,,10.0,0
C002550,Z09,Norte,urbana_premium,102625,24.0,F,Soltero/a,3,Premium,Gama alta,5831.0,38.0,0
C009546,Z09,Norte,urbana_premium,102625,48.0,M,desconocido,4,Contrato,Gama media,3037.0,28.0,1
C001549,Z10,Este,suburbana,27514,21.0,?,Soltero/a,2,Premium,Gama alta,2928.0,26.0,1
C007192,Z09,Norte,urbana_premium,102625,26.0,F,Casado/a,5,Premium,Gama media,3937.0,37.0,1
C009144,Z22,Este,suburbana,53534,43.0,F,Soltero/a,2,Premium,Gama alta,4418.0,44.0,1
C003468,Z09,Norte,urbana_premium,102625,40.0,F,Casado/a,4,Premium,Gama alta,4534.0,33.0,0
C001525,Z22,Este,suburbana,53534,33.0,M,Casado/a,1,Prepago,Gama media,2660.0,19.0,0
C002235,Z25,Oeste,rural,11763,28.0,M,Soltero/a,1,Contrato,Gama media,2906.0,5.0,0
C003384,Z17,Sur,suburbana,56619,31.0,F,Divorciado/a,2,Premium,Gama media,3007.0,15.0,0
C004265,Z22,Este,suburbana,53534,28.0,F,Soltero/a,1,Contrato,Gama alta,3088.0,11.0,0
C004203,Z04,Centro,suburbana,55457,59.0,F,Casado/a,3,Prepago,Gama media,3203.0,61.0,0
C009831,Z26,Oeste,urbana_premium,107159,42.0,F,Casado/a,3,Contrato,Gama media,2848.0,21.0,0
C008052,Z26,Oeste,urbana_premium,107159,31.0,M,n/a,4,Premium,Gama media,4238.0,90.0,0
C005072,Z11,Oeste,suburbana,41163,40.0,M,Soltero/a,2,Contrato,Gama alta,3426.0,27.0,0
