cliente_id,tipo_zona,Suma de churn,Avg Satisfaccion,tipo_plan,Promedio de ingreso_estimado,Promedio de importe_total,Promedio de antiguedad_meses
C000001,urbana_premium,0,35,Prepago,"43350,00","4619,43","720,00"
C000002,suburbana,0,35.78947368421053,Premium,"46090,00","11508,50","350,00"
C000003,suburbana,1,36.04651162790697,Prepago,"18360,00","5100,48","110,00"
C000004,suburbana,0,37.5,Prepago,"23180,00","2733,06","130,00"
C000005,suburbana,0,35.75757575757576,Contrato,"21840,00","9023,00","210,00"
C000006,suburbana,0,32.666666666666664,Prepago,"24110,00","5802,82","860,00"
C000007,urbana_premium,0,35,Prepago,"23690,00","7637,11","150,00"
C000008,urbana_premium,0,37.93103448275862,Premium,"80880,00","12750,80","640,00"
C000009,urbana_premium,0,36.333333333333336,Premium,"51910,00","31030,19","250,00"
C000010,suburbana,0,32.4,Contrato,"22720,00","3926,39","130,00"
C000011,suburbana,0,34.77272727272727,Prepago,"29970,00","2038,92","230,00"
C000012,urbana_premium,0,34.8936170212766,Prepago,"32870,00","9924,91","50,00"
C000013,suburbana,0,35.55555555555556,Prepago,"31480,00","2527,38","380,00"
C000014,urbana_premium,0,36.42857142857143,Premium,"29260,00","33735,39","350,00"
C000015,suburbana,0,36,Contrato,"17490,00","8983,81","320,00"
C000016,urbana_premium,0,34.57142857142857,Prepago,"31330,00","6229,29","630,00"
C000017,suburbana,0,33.666666666666664,Contrato,"48340,00","7399,91","210,00"
C000018,suburbana,0,35.22727272727273,Contrato,"17730,00","6750,29","230,00"
C000019,urbana_premium,0,35.6,Premium,"56190,00","17360,26","410,00"
C000020,suburbana,0,35.625,Contrato,"36260,00","8009,97","100,00"
C000021,urbana_premium,0,37.5,Prepago,"33280,00","3845,06","50,00"
C000022,suburbana,1,35.714285714285715,Contrato,"38760,00","4103,69","90,00"
C000023,urbana_premium,0,36.5,Premium,"41180,00","14776,73","140,00"
C000024,urbana_premium,0,34,Premium,"18110,00","13173,62","490,00"
C000025,urbana_premium,0,32.142857142857146,Premium,"33220,00","14985,97","210,00"
C000026,rural,0,31.57894736842105,Prepago,"20360,00","4029,19","280,00"
C000027,urbana_premium,0,38.8,Premium,"63470,00","21496,84","320,00"
C000028,suburbana,0,33.793103448275865,Premium,"25910,00","33099,03","660,00"
C000029,urbana_premium,1,36.2962962962963,Prepago,"35550,00","6767,88","260,00"
C000030,suburbana,1,27.77777777777778,Contrato,"19850,00","15190,23","90,00"
C000031,rural,1,35,Contrato,"22710,00","3891,40","280,00"
C000032,urbana_premium,0,35,Premium,"25250,00","30220,76","-870,00"
C000033,suburbana,0,34.375,Prepago,"43600,00","2798,53",
C000034,suburbana,0,32.95454545454545,Prepago,"25730,00","4657,76","650,00"
C000035,urbana_premium,0,34.61538461538461,Premium,"25230,00","11889,43","340,00"
C000036,rural,0,34.130434782608695,Contrato,"35650,00","14615,40","660,00"
C000037,urbana_premium,0,36.666666666666664,Premium,"24230,00","11439,06","270,00"
C000038,urbana_premium,0,34.44444444444444,Premium,"41850,00","18603,71","250,00"
C000039,urbana_premium,0,33.5,Premium,"22740,00","12794,68","90,00"
C000040,rural,0,33.39622641509434,Premium,"25720,00","16187,79",
C000041,suburbana,0,35.88235294117647,Premium,"43310,00","13989,78","210,00"
C000042,urbana_premium,0,34.516129032258064,Premium,"30510,00","16970,22","180,00"
C000043,suburbana,0,34.642857142857146,Premium,"19730,00","7746,49","390,00"
C000044,suburbana,1,37.27272727272727,Premium,"19940,00","8117,00","90,00"
C000045,urbana_premium,0,37.5,Premium,"37540,00","20577,41","490,00"
C000046,urbana_premium,0,31,Contrato,"75160,00","11228,56","170,00"
C000047,suburbana,0,35,Premium,"43320,00","15167,59","620,00"
C000048,urbana_premium,0,31.05263157894737,Contrato,,"9930,94","540,00"
C000049,suburbana,0,34,Contrato,"20500,00","7938,51","210,00"
C000050,urbana_premium,0,36.55172413793103,Premium,"56190,00","17888,43","250,00"
C000051,rural,0,32.15686274509804,Prepago,"32800,00","1785,47","270,00"
C000052,rural,0,33.92857142857143,Prepago,"25830,00","2467,41","520,00"
C000053,urbana_premium,0,39.583333333333336,Premium,"30690,00","11012,81","560,00"
C000054,rural,0,33.91304347826087,Prepago,"32630,00","2090,58","890,00"
C000055,suburbana,1,34.32432432432432,Contrato,"23510,00","3916,06","140,00"
C000056,urbana_premium,0,38,Contrato,"48180,00","10901,64","160,00"
C000057,suburbana,1,34.09090909090909,Contrato,"26090,00","5495,04","550,00"
C000058,urbana_premium,0,35.714285714285715,Premium,"27110,00","10392,19","230,00"
C000059,urbana_premium,0,34.0625,Premium,"33210,00","13866,61","110,00"
C000060,urbana_premium,0,34.705882352941174,Premium,"76220,00","14589,83","190,00"
C000061,rural,0,33.46938775510204,Prepago,"15440,00","3302,00","290,00"
C000062,urbana_premium,0,38.333333333333336,Premium,"54160,00","21753,89","880,00"
C000063,urbana_premium,0,35,Premium,"51360,00","26222,41","840,00"
C000064,urbana_premium,0,35,Premium,"35880,00","8914,87","530,00"
C000065,suburbana,1,27.058823529411764,Premium,"24570,00","15978,64","340,00"
C000066,suburbana,1,34.61538461538461,Prepago,"19260,00","2814,24","190,00"
C000067,suburbana,0,32.72727272727273,Premium,"46800,00","8081,03","810,00"
C000068,urbana_premium,0,38.125,Prepago,"25240,00","5345,97","170,00"
C000069,suburbana,1,32.94117647058823,Prepago,"11230,00","3804,19","560,00"
C000070,suburbana,0,33.95348837209303,Contrato,"33200,00","9150,57","340,00"
C000071,rural,1,35,Prepago,"14470,00","4332,43","160,00"
C000072,rural,1,35,Prepago,"22340,00","2254,94","400,00"
C000073,suburbana,0,36.666666666666664,Contrato,,"8472,94","360,00"
C000074,urbana_premium,0,34.48275862068966,Premium,"31230,00","14908,66","70,00"
C000075,rural,0,35.43859649122807,Prepago,"23790,00","3786,06","220,00"
C000076,urbana_premium,1,38.333333333333336,Premium,"42090,00","19427,00","350,00"
C000077,urbana_premium,0,32.333333333333336,Premium,"61150,00","29051,97","330,00"
C000078,rural,1,34.827586206896555,Prepago,"23230,00","1946,83","150,00"
C000079,suburbana,0,36.875,Prepago,"30950,00","8466,57","230,00"
C000080,urbana_premium,0,37.22222222222222,Premium,"35190,00","14349,06","250,00"
C000081,rural,1,35.45454545454545,Prepago,"32080,00","1760,20","200,00"
C000082,rural,0,33.87755102040816,Premium,"15630,00","6678,75","830,00"
C000083,urbana_premium,0,34.333333333333336,Prepago,"32840,00","6129,14","680,00"
C000084,urbana_premium,0,35.45454545454545,Contrato,"38260,00","9640,89","90,00"
C000085,suburbana,0,35.78947368421053,Prepago,,"2058,83","260,00"
C000086,suburbana,0,32.1875,Prepago,"48590,00","3556,35",
C000087,rural,0,33.166666666666664,Prepago,"25950,00","4138,08","140,00"
C000088,urbana_premium,0,35.26315789473684,Contrato,"24920,00","10669,80","250,00"
C000089,urbana_premium,1,34.285714285714285,Premium,"44160,00","25308,86","240,00"
C000090,urbana_premium,0,34.78260869565217,Premium,"60540,00","15874,83","110,00"
C000091,urbana_premium,0,37.083333333333336,Contrato,"29750,00","12579,09","270,00"
C000092,suburbana,0,34.523809523809526,Prepago,"48010,00","9598,11","90,00"
C000093,suburbana,0,35.55555555555556,Premium,"32610,00","6394,34","390,00"
C000094,suburbana,0,32.55813953488372,Prepago,"31990,00","4275,64","280,00"
C000095,urbana_premium,0,33.333333333333336,Premium,"58220,00","18310,50","370,00"
C000096,suburbana,0,33.55555555555556,Premium,"32010,00","7977,41","150,00"
C000097,rural,0,31.58730158730159,Premium,"26610,00","19026,92","180,00"
C000098,suburbana,0,33.25581395348837,Premium,"30790,00","6073,44","1020,00"
C000099,urbana_premium,1,30.90909090909091,Contrato,"20720,00","9245,28","230,00"
C000100,urbana_premium,0,32.06896551724138,Contrato,"44210,00","13241,69","390,00"
C000101,urbana_premium,0,38.46153846153846,Premium,"41810,00","15735,81",
C000102,suburbana,1,32.857142857142854,Premium,"26100,00","12032,14","260,00"
C000103,urbana_premium,0,36,Premium,"15680,00","13323,29","360,00"
C000104,urbana_premium,0,35,Premium,"47590,00","23400,58","250,00"
C000105,urbana_premium,0,34.285714285714285,Premium,"28320,00","15719,88","350,00"
C000106,rural,1,32.142857142857146,Prepago,,"4024,25","490,00"
C000107,suburbana,1,40,Prepago,"19440,00","3866,00","220,00"
C000108,urbana_premium,1,36.92307692307692,Premium,"19280,00","20491,50","770,00"
C000109,suburbana,0,36.31578947368421,Premium,"35040,00","7195,91","370,00"
C000110,urbana_premium,0,36.666666666666664,Premium,"87310,00","17441,42","120,00"
C000111,suburbana,0,35.483870967741936,Contrato,"24330,00","9574,00","400,00"
C000112,rural,1,33.94736842105263,Prepago,"30940,00","1797,09","540,00"
C000113,suburbana,0,36.57142857142857,Prepago,"28850,00","3276,43","190,00"
C000114,urbana_premium,0,36.07142857142857,Prepago,"42150,00","4907,51","320,00"
C000115,urbana_premium,0,37.57575757575758,Contrato,"37390,00","9182,11","80,00"
C000116,suburbana,0,34.73684210526316,Contrato,"39200,00","7523,54","300,00"
C000117,urbana_premium,1,38.57142857142857,Prepago,"25080,00","5919,00","180,00"
C000118,rural,0,28.22222222222222,Premium,"24040,00","7124,00","210,00"
C000119,suburbana,0,31.627906976744185,Prepago,"44350,00","3956,11","190,00"
C000120,suburbana,0,33.40909090909091,Prepago,"38100,00","2762,00","310,00"
C000121,urbana_premium,0,35,Premium,"42910,00","24390,46","940,00"
C000122,suburbana,0,32.05882352941177,Premium,"30840,00","16181,61","560,00"
C000123,suburbana,0,34.473684210526315,Contrato,"26270,00","15534,31",
C000124,suburbana,0,35.36585365853659,Contrato,"26350,00","5799,17","550,00"
C000125,suburbana,1,34.705882352941174,Contrato,"17310,00","4021,70","420,00"
C000126,urbana_premium,0,35.36585365853659,Prepago,"45650,00","7213,81","200,00"
C000127,suburbana,0,35,Premium,"48060,00","12873,42","340,00"
C000128,urbana_premium,0,36.75675675675676,Prepago,"42430,00","4469,43","110,00"
C000129,suburbana,1,35.88235294117647,Premium,"29980,00","8708,64","330,00"
C000130,urbana_premium,0,40,Premium,"47210,00","20007,33","400,00"
C000131,urbana_premium,0,35.3125,Prepago,"18240,00","3955,51","230,00"
C000132,urbana_premium,0,35.714285714285715,Prepago,"32050,00","4199,00","240,00"
C000133,urbana_premium,0,34.44444444444444,Premium,"37300,00","14764,86","310,00"
C000134,suburbana,1,34,Premium,"16400,00","6073,09","410,00"
C000135,urbana_premium,1,32.142857142857146,Premium,"40490,00","13610,50","290,00"
C000136,suburbana,0,32.926829268292686,Prepago,"15600,00","3809,78","600,00"
C000137,urbana_premium,0,32.5,Premium,"48750,00","21770,89","700,00"
C000138,urbana_premium,0,37,Premium,,"28728,97","320,00"
C000139,urbana_premium,0,37.407407407407405,Premium,"35800,00","34109,75","200,00"
C000140,suburbana,1,33.793103448275865,Premium,"38910,00","6475,66","240,00"
C000141,urbana_premium,0,34.6875,Premium,"40300,00","14940,56","230,00"
C000142,urbana_premium,0,33.5,Premium,"45210,00","12115,44","300,00"
C000143,urbana_premium,0,37.36842105263158,Premium,"42270,00","17443,50","-480,00"
C000144,urbana_premium,0,37.64705882352941,Prepago,,"3325,51","390,00"
C000145,urbana_premium,0,34.074074074074076,Premium,"66270,00","21275,86","300,00"
C000146,urbana_premium,0,37.72727272727273,Premium,"59200,00","12258,06","600,00"
C000147,suburbana,0,36.44444444444444,Contrato,"34640,00","7946,97","260,00"
C000148,suburbana,0,33.333333333333336,Contrato,"31420,00","5242,25","370,00"
C000149,suburbana,0,32.857142857142854,Premium,"38760,00","5871,76","150,00"
C000150,suburbana,0,35.357142857142854,Premium,"46330,00","8932,11","530,00"
C000151,urbana_premium,0,35.5,Premium,"74530,00","18650,92","70,00"
C000152,urbana_premium,0,35.2,Premium,"31670,00","14697,17","300,00"
C000153,urbana_premium,0,34.44444444444444,Premium,"55190,00","13828,49","380,00"
C000154,suburbana,0,35,Prepago,"28910,00","4315,75","310,00"
C000155,urbana_premium,0,35.833333333333336,Premium,"21790,00","28088,03","870,00"
C000156,suburbana,0,36.06060606060606,Premium,"39970,00","14782,55","260,00"
C000157,urbana_premium,0,34.76190476190476,Premium,"63970,00","16929,64","-370,00"
C000158,rural,0,33.888888888888886,Prepago,"32640,00","2539,51","410,00"
C000159,rural,0,33.064516129032256,Prepago,"21880,00","4675,74","430,00"
C000160,urbana_premium,0,35.78947368421053,Premium,"43840,00","26711,65","310,00"
C000161,urbana_premium,0,36.666666666666664,Premium,"48880,00","20637,06","170,00"
C000162,urbana_premium,0,35.90909090909091,Premium,"46780,00","13385,65",
C000163,urbana_premium,0,35.21739130434783,Premium,"58870,00","24418,32","250,00"
C000164,suburbana,0,29.545454545454547,Premium,"41470,00","6159,36","480,00"
C000165,suburbana,0,35.833333333333336,Premium,"24340,00","21792,50","210,00"
C000166,suburbana,0,35.45454545454545,Premium,"30090,00","6800,62","400,00"
C000167,urbana_premium,0,37.27272727272727,Premium,"32080,00","25142,71","770,00"
C000168,urbana_premium,0,34.8,Contrato,"40500,00","13547,29","150,00"
C000169,suburbana,1,34.5,Contrato,"15500,00","17044,54","360,00"
C000170,urbana_premium,0,36,Premium,"75170,00","16397,92","300,00"
C000171,urbana_premium,0,35.625,Premium,"29140,00","22264,19","450,00"
C000172,urbana_premium,0,38.38709677419355,Premium,"31980,00","17851,78","240,00"
C000173,urbana_premium,0,34.78260869565217,Premium,"39400,00","12145,29","130,00"
C000174,urbana_premium,0,35.88235294117647,Prepago,"23630,00","8267,30","200,00"
C000175,urbana_premium,0,32.10526315789474,Premium,"34040,00","18837,20","460,00"
C000176,suburbana,0,34.5,Contrato,"31620,00","5191,91","230,00"
C000177,suburbana,0,39.23076923076923,Premium,"53080,00","16004,91","100,00"
C000178,suburbana,0,33.87755102040816,Prepago,"31330,00","4070,30",
C000179,urbana_premium,0,33.333333333333336,Premium,"33210,00","24121,50","200,00"
C000180,rural,0,33.84615384615385,Prepago,"15660,00","3256,94","200,00"
C000181,urbana_premium,0,35.714285714285715,Prepago,"80900,00","4345,24","290,00"
C000182,urbana_premium,0,35,Premium,"39320,00","12315,31","740,00"
C000183,suburbana,1,40.625,Prepago,"30680,00","9494,00","100,00"
C000184,suburbana,0,34.09090909090909,Contrato,"18450,00","8980,68","240,00"
C000185,urbana_premium,0,36.92307692307692,Premium,"45990,00","13734,78","540,00"
C000186,rural,0,35.19230769230769,Premium,"18900,00","8581,08",
C000187,suburbana,0,34.193548387096776,Premium,"49890,00","13231,37","600,00"
C000188,suburbana,0,35.172413793103445,Contrato,"35070,00","4691,28","120,00"
C000189,rural,1,29.09090909090909,Premium,"24250,00","21262,78","280,00"
C000190,urbana_premium,0,37.142857142857146,Premium,"24090,00","23183,50","270,00"
C000191,urbana_premium,0,32.94117647058823,Premium,"36980,00","20534,09","180,00"
C000192,urbana_premium,1,36.5,Premium,"35520,00","10558,64","280,00"
C000193,urbana_premium,0,31.5,Contrato,"39960,00","7789,49","160,00"
C000194,urbana_premium,0,35.833333333333336,Premium,"19210,00","9926,08","240,00"
C000195,urbana_premium,1,30,Premium,"27840,00","43290,60","1200,00"
C000196,urbana_premium,0,33.46153846153846,Premium,"32180,00","26490,86","230,00"
C000197,urbana_premium,0,35.3125,Prepago,"45600,00","7970,14","380,00"
C000198,urbana_premium,0,36.31578947368421,Premium,"19480,00","13750,06","190,00"
C000199,rural,1,32.083333333333336,Premium,"37650,00","7221,59","190,00"
C000200,suburbana,0,34.5945945945946,Prepago,"46040,00","6093,97","170,00"
C000201,urbana_premium,1,30.58823529411765,Premium,"27030,00","23301,75","270,00"
C000202,urbana_premium,0,37.567567567567565,Prepago,"90830,00","4304,63","320,00"
C000203,urbana_premium,0,34.76190476190476,Premium,"41610,00","17152,00","410,00"
C000204,urbana_premium,0,34.4,Premium,"36840,00","15412,39","320,00"
C000205,suburbana,0,34.411764705882355,Premium,"36700,00","15043,91","90,00"
C000206,urbana_premium,0,35.42857142857143,Contrato,"44310,00","10250,89","520,00"
C000207,urbana_premium,0,36,Premium,"39880,00","22525,94","100,00"
C000208,suburbana,0,36.09756097560975,Premium,"20390,00","12553,36","500,00"
C000209,urbana_premium,0,36.06060606060606,Prepago,"32850,00","5969,89","290,00"
C000210,urbana_premium,1,41.666666666666664,Premium,"43380,00","12512,45","440,00"
C000211,suburbana,0,33.333333333333336,Contrato,"39920,00","12863,08","630,00"
C000212,urbana_premium,0,35,Premium,"63350,00","10000,34","660,00"
C000213,rural,1,33.611111111111114,Contrato,"19780,00","9772,16","280,00"
C000214,urbana_premium,0,31.11111111111111,Prepago,"39350,00","4947,97","430,00"
C000215,rural,1,31.818181818181817,Contrato,"18430,00","9807,04","250,00"
C000216,rural,0,33.04347826086956,Contrato,"34040,00","8231,19","250,00"
C000217,urbana_premium,1,37.77777777777778,Prepago,"34320,00","6004,00","220,00"
C000218,urbana_premium,0,32.5,Prepago,,"4982,20","520,00"
C000219,urbana_premium,0,35,Premium,"39120,00","32320,06","480,00"
C000220,suburbana,1,26,Premium,"16600,00","17277,90","510,00"
C000221,urbana_premium,0,32.5,Premium,"46260,00","13783,45","250,00"
C000222,urbana_premium,0,33.93939393939394,Premium,"34340,00","16961,06","520,00"
C000223,rural,1,34.61538461538461,Premium,"61160,00","7125,35","530,00"
C000224,urbana_premium,1,40,Premium,"30830,00","17181,29","150,00"
C000225,urbana_premium,0,36.470588235294116,Prepago,"34860,00","7520,81","850,00"
C000226,urbana_premium,0,36.666666666666664,Premium,"54650,00","26635,50","280,00"
C000227,suburbana,0,34,Premium,"39190,00","8069,33","420,00"
C000228,suburbana,0,34.54545454545455,Premium,"42840,00","11895,05","240,00"
C000229,suburbana,0,33.1578947368421,Prepago,"27030,00","1694,25",
C000230,suburbana,0,32.5,Contrato,"19950,00","14157,51","620,00"
C000231,urbana_premium,0,38.333333333333336,Premium,"97390,00","24264,05","150,00"
C000232,suburbana,0,34.642857142857146,Contrato,"35710,00","7422,22","350,00"
C000233,urbana_premium,0,35.23809523809524,Premium,"41420,00","35907,80","270,00"
C000234,urbana_premium,1,35.2,Prepago,"50750,00","5202,27","60,00"
C000235,urbana_premium,0,34.4,Prepago,"24260,00","3412,19","-430,00"
C000236,urbana_premium,0,36.96969696969697,Prepago,"32620,00","5946,50",
C000237,urbana_premium,1,28.571428571428573,Premium,"26570,00","12208,00","350,00"
C000238,urbana_premium,0,37.391304347826086,Contrato,"40580,00","10161,28","490,00"
C000239,suburbana,0,36.06060606060606,Contrato,"18400,00","7162,62","220,00"
C000240,urbana_premium,0,33.75,Contrato,"48460,00","7770,91","210,00"
C000241,urbana_premium,0,37.333333333333336,Premium,"57920,00","13135,18","610,00"
C000242,urbana_premium,0,36.666666666666664,Premium,"57180,00","12595,09","230,00"
C000243,urbana_premium,0,35.76923076923077,Premium,"44660,00","23524,31","600,00"
C000244,suburbana,0,35.1219512195122,Prepago,"31880,00","2474,34","760,00"
C000245,urbana_premium,1,32.72727272727273,Prepago,"33070,00","8670,85","260,00"
C000246,suburbana,0,35.38461538461539,Premium,"34880,00","13387,03","500,00"
C000247,urbana_premium,1,34.73684210526316,Premium,,"14052,15","670,00"
C000248,suburbana,0,31.071428571428573,Contrato,"15490,00","7670,83","80,00"
C000249,suburbana,0,33.47826086956522,Premium,"24020,00","17516,28","280,00"
C000250,suburbana,0,33.48837209302326,Contrato,"39340,00","9385,32","380,00"
C000251,suburbana,0,36.73076923076923,Prepago,"20100,00","2173,71","360,00"
C000252,suburbana,0,34.285714285714285,Premium,"19960,00","24161,06","410,00"
C000253,suburbana,0,31.53846153846154,Prepago,"27800,00","6681,82","260,00"
C000254,urbana_premium,0,37.5,Contrato,"17920,00","17124,09","260,00"
C000255,urbana_premium,0,35.6,Contrato,"49410,00","8301,88","490,00"
C000256,rural,0,34.08163265306123,Contrato,"29060,00","10752,65","420,00"
C000257,urbana_premium,0,37.82608695652174,Premium,"53320,00","15948,09","60,00"
C000258,suburbana,0,33.87096774193548,Contrato,"32210,00","7097,86","460,00"
C000259,suburbana,0,31.875,Contrato,"22120,00","5042,17","260,00"
C000260,urbana_premium,0,35.3125,Prepago,"24890,00","5360,54","350,00"
C000261,urbana_premium,0,35.38461538461539,Premium,"46420,00","12237,43","120,00"
C000262,urbana_premium,0,32.8,Premium,"49170,00","18434,00","500,00"
C000263,suburbana,0,33.125,Contrato,"20170,00","4567,92","1040,00"
C000264,urbana_premium,1,32.5,Premium,"24710,00","12171,43","140,00"
C000265,urbana_premium,0,36.36363636363637,Premium,"38020,00","20489,46","590,00"
C000266,urbana_premium,0,37.41935483870968,Premium,"40150,00","19096,53","550,00"
C000267,urbana_premium,1,34.285714285714285,Contrato,"53090,00","10647,43","130,00"
C000268,urbana_premium,0,35,Premium,"48260,00","20769,06","280,00"
C000269,urbana_premium,0,36.2962962962963,Premium,"37220,00","24103,51","300,00"
C000270,suburbana,0,35.116279069767444,Prepago,"42830,00","3410,43","260,00"
C000271,rural,1,34.57142857142857,Prepago,"20540,00","2413,81","390,00"
C000272,urbana_premium,1,36,Premium,"34360,00","14521,64","180,00"
C000273,rural,1,32.5,Prepago,"31240,00","6014,80","230,00"
C000274,urbana_premium,0,35.333333333333336,Prepago,"53520,00","3784,76","480,00"
C000275,suburbana,0,34,Prepago,"42060,00","2709,83","50,00"
C000276,suburbana,1,34.705882352941174,Premium,"27990,00","9900,14","530,00"
C000277,suburbana,1,33.125,Contrato,"30570,00","4661,33","130,00"
C000278,urbana_premium,0,38.69565217391305,Premium,"28260,00","24618,63","550,00"
C000279,urbana_premium,0,33.1578947368421,Premium,"52450,00","12484,31","240,00"
C000280,suburbana,1,32.5,Premium,"24240,00","8214,00","220,00"
C000281,suburbana,0,35.36585365853659,Contrato,"14820,00","6650,27","260,00"
C000282,urbana_premium,0,37.93103448275862,Prepago,"32800,00","8344,11","310,00"
C000283,urbana_premium,1,35,Premium,"28370,00","14264,61","260,00"
C000284,urbana_premium,0,33.18181818181818,Premium,"14840,00","9622,26","260,00"
C000285,urbana_premium,0,35.2,Premium,"31320,00","27250,66","510,00"
C000286,suburbana,1,31.57894736842105,Premium,"39200,00","11213,58","170,00"
C000287,suburbana,0,35.357142857142854,Contrato,"34450,00","8769,29","420,00"
C000288,suburbana,0,37.2093023255814,Prepago,"34430,00","2663,75","200,00"
C000289,suburbana,0,33.57142857142857,Premium,"49100,00","8024,09","520,00"
C000290,suburbana,0,33.57142857142857,Premium,"24340,00","6855,06","170,00"
C000291,urbana_premium,0,35.26315789473684,Premium,"25630,00","17452,97",
C000292,rural,0,33.768115942028984,Premium,"27600,00","6272,06","120,00"
C000293,urbana_premium,0,36.15384615384615,Premium,"43370,00","14990,26","250,00"
C000294,suburbana,0,38,Prepago,"19140,00","3003,54","370,00"
C000295,suburbana,1,30,Prepago,"28030,00","4173,42","230,00"
C000296,urbana_premium,0,34.21052631578947,Contrato,"46210,00","13668,43","670,00"
C000297,suburbana,0,31.666666666666668,Contrato,"32820,00","8737,05","190,00"
C000298,urbana_premium,0,38.69565217391305,Premium,"49450,00","23114,14","430,00"
C000299,urbana_premium,0,35.26315789473684,Premium,"30250,00","17752,78","200,00"
C000300,suburbana,0,32.56410256410256,Premium,"18140,00","17722,52","680,00"
C000301,urbana_premium,0,36.666666666666664,Contrato,"27800,00","8463,35","540,00"
C000302,urbana_premium,0,34.375,Premium,"51800,00","23355,78","410,00"
C000303,suburbana,0,35.38461538461539,Premium,"42830,00","6304,76","330,00"
C000304,urbana_premium,0,34.57142857142857,Premium,"36100,00","18191,06","290,00"
C000305,suburbana,0,33.78378378378378,Prepago,"50610,00","5099,49","380,00"
C000306,urbana_premium,0,33.333333333333336,Contrato,"36170,00","13145,66","490,00"
C000307,suburbana,0,34.375,Contrato,"24920,00","4969,54","80,00"
C000308,suburbana,0,35.625,Prepago,"18190,00","2884,19","330,00"
C000309,urbana_premium,0,34.8,Premium,"37280,00","13429,44","140,00"
C000310,urbana_premium,0,35.357142857142854,Premium,"55480,00","24497,67","400,00"
C000311,urbana_premium,0,30.714285714285715,Premium,"59670,00","11142,39","400,00"
C000312,suburbana,0,34.285714285714285,Contrato,"43340,00","4342,67","90,00"
C000313,urbana_premium,0,35.4054054054054,Prepago,"45590,00","7427,73","120,00"
C000314,rural,1,27.5,Prepago,"40600,00","9323,50","210,00"
C000315,rural,0,32.34375,Prepago,"16540,00","2420,27","140,00"
C000316,suburbana,0,32.7906976744186,Contrato,"45130,00","3941,94","70,00"
C000317,suburbana,0,35.12820512820513,Premium,"32890,00","12297,66","130,00"
C000318,suburbana,0,34,Premium,"32090,00","26733,12","580,00"
C000319,urbana_premium,0,35.3125,Premium,"23260,00","17783,89","390,00"
C000320,urbana_premium,0,37.241379310344826,Prepago,"43130,00","4778,28","310,00"
C000321,urbana_premium,0,33.63636363636363,Premium,"57330,00","15026,06","320,00"
C000322,urbana_premium,1,29.09090909090909,Premium,"18170,00","13436,74","230,00"
C000323,suburbana,0,34.75,Prepago,"39380,00","2861,92","90,00"
C000324,suburbana,0,32.82051282051282,Prepago,"13400,00","1902,67","260,00"
C000325,suburbana,0,35,Prepago,"18150,00","2092,39","50,00"
C000326,suburbana,0,34.054054054054056,Prepago,"28840,00","3597,72","230,00"
C000327,urbana_premium,0,32.63157894736842,Premium,"66600,00","12397,09","210,00"
C000328,suburbana,0,35.714285714285715,Contrato,"28500,00","20266,17","120,00"
C000329,suburbana,0,35.75757575757576,Premium,"35140,00","12103,67","450,00"
C000330,urbana_premium,0,36.92307692307692,Premium,"27840,00","16018,00","260,00"
C000331,rural,0,32.76923076923077,Prepago,"21690,00","1553,83","1060,00"
C000332,rural,0,34.90909090909091,Prepago,"22770,00","4413,14","380,00"
C000333,suburbana,0,34.285714285714285,Premium,"52720,00","13789,91","550,00"
C000334,suburbana,0,32.94117647058823,Prepago,"22950,00","7458,43","500,00"
C000335,urbana_premium,0,37.096774193548384,Premium,"30390,00","18116,82","180,00"
C000336,rural,1,31.923076923076923,Prepago,"33840,00","2716,48","290,00"
C000337,suburbana,1,32.5,Premium,"27340,00","14000,03","330,00"
C000338,rural,0,34,Premium,"24150,00","10555,31","150,00"
C000339,suburbana,1,,Premium,"34710,00","17111,00","540,00"
C000340,urbana_premium,0,34.285714285714285,Premium,"30630,00","19477,22","290,00"
C000341,urbana_premium,0,36.111111111111114,Contrato,"18660,00","10876,31","180,00"
C000342,urbana_premium,0,35.9375,Prepago,"55760,00","6254,50","120,00"
C000343,urbana_premium,0,33.87096774193548,Premium,"39860,00","10582,00","820,00"
C000344,urbana_premium,0,38.23529411764706,Premium,"24480,00","16816,49","370,00"
C000345,urbana_premium,0,34.83870967741935,Prepago,"50260,00","5421,58","350,00"
C000346,urbana_premium,0,38.125,Premium,"77330,00","16547,75",
C000347,urbana_premium,0,35.925925925925924,Contrato,"58100,00","10196,69","270,00"
C000348,urbana_premium,0,36.15384615384615,Premium,"79290,00","15389,66","230,00"
C000349,urbana_premium,0,34.48275862068966,Premium,"24910,00","15379,34","200,00"
C000350,suburbana,0,35.25,Premium,"32530,00","13343,39","280,00"
C000351,rural,0,32.8,Prepago,,"3750,92","640,00"
C000352,urbana_premium,0,34.76190476190476,Premium,"36740,00","15326,33","690,00"
C000353,urbana_premium,0,37.05882352941177,Premium,"34130,00","13288,91","420,00"
C000354,urbana_premium,1,30,Premium,"13590,00","15286,40","390,00"
C000355,urbana_premium,0,32.38095238095238,Premium,"69210,00","17830,62","150,00"
C000356,suburbana,1,35.64102564102564,Prepago,"16930,00","3944,07","400,00"
C000357,urbana_premium,0,36.81818181818182,Premium,"52520,00","14063,18","400,00"
C000358,urbana_premium,0,35.925925925925924,Prepago,"38420,00","5772,54","360,00"
C000359,urbana_premium,0,35.51724137931034,Premium,"37870,00","17812,14","180,00"
C000360,urbana_premium,0,34.44444444444444,Premium,"35620,00","21700,17","850,00"
C000361,urbana_premium,0,34.78260869565217,Premium,"41040,00","15658,03","330,00"
C000362,urbana_premium,0,33.1578947368421,Premium,"47900,00","21162,89","190,00"
C000363,urbana_premium,0,36.96969696969697,Premium,"53410,00","19696,20","310,00"
C000364,suburbana,0,36.5625,Prepago,"28520,00","1756,09","170,00"
C000365,rural,1,31.875,Prepago,"15220,00","4926,92","270,00"
C000366,suburbana,0,34.61538461538461,Premium,"19320,00","7499,86","350,00"
C000367,urbana_premium,0,37.74193548387097,Premium,"55060,00","19723,58","490,00"
C000368,suburbana,0,36.94444444444444,Prepago,"27110,00","2555,62","140,00"
C000369,suburbana,0,32.857142857142854,Premium,"20830,00","6436,17","310,00"
C000370,urbana_premium,0,34.583333333333336,Premium,"29520,00","24380,91","310,00"
C000371,urbana_premium,0,40.625,Contrato,"37040,00","10281,37","170,00"
C000372,urbana_premium,0,35.18518518518518,Contrato,"24430,00","9250,75","670,00"
C000373,rural,1,29.09090909090909,Premium,"22960,00","14057,80","310,00"
C000374,suburbana,0,35.333333333333336,Contrato,"46220,00","3869,17","550,00"
C000375,urbana_premium,0,32,Premium,"36720,00","21260,87","400,00"
C000376,urbana_premium,1,31.666666666666668,Premium,"20620,00","15753,50","500,00"
C000377,urbana_premium,0,36.8,Premium,"51860,00","19825,47","290,00"
C000378,suburbana,0,32.7027027027027,Contrato,"43970,00","6793,86","480,00"
C000379,suburbana,0,34.1025641025641,Premium,"44780,00","14230,80","330,00"
C000380,rural,0,35.4,Prepago,"23700,00","3454,11","120,00"
C000381,suburbana,1,28.571428571428573,Premium,"67410,00","16095,38","190,00"
C000382,urbana_premium,0,33.84615384615385,Premium,"49520,00","16013,81","180,00"
C000383,urbana_premium,0,36.94444444444444,Premium,"108990,00","11675,06","460,00"
C000384,urbana_premium,0,33.333333333333336,Premium,"61430,00","22321,31","210,00"
C000385,suburbana,0,30.555555555555557,Contrato,"45350,00","9397,94","360,00"
C000386,suburbana,1,34.23076923076923,Prepago,"23970,00","2524,76","530,00"
C000387,rural,1,38.333333333333336,Prepago,"16660,00","1783,91","70,00"
C000388,urbana_premium,0,36.31578947368421,Contrato,"39860,00","12443,71","210,00"
C000389,urbana_premium,0,33.04347826086956,Contrato,"35780,00","9092,59","90,00"
C000390,suburbana,1,34.57142857142857,Contrato,"24700,00","10820,90","180,00"
C000391,suburbana,0,36.15384615384615,Contrato,"28480,00","9312,03","100,00"
C000392,urbana_premium,0,32.333333333333336,Prepago,"35710,00","6936,12","670,00"
C000393,urbana_premium,0,35.6,Contrato,"30590,00","7549,64","200,00"
C000394,suburbana,0,34.48275862068966,Contrato,"37520,00","5452,14","780,00"
C000395,rural,0,33.035714285714285,Prepago,"17850,00","4661,33","360,00"
C000396,suburbana,0,38.275862068965516,Prepago,"29360,00","3737,16","370,00"
C000397,urbana_premium,0,36.25,Premium,"25020,00","13918,92","170,00"
C000398,urbana_premium,0,30.454545454545453,Contrato,"39640,00","11846,54","170,00"
C000399,suburbana,1,29.23076923076923,Prepago,"31990,00","4676,44","210,00"
C000400,suburbana,1,33.333333333333336,Prepago,"21290,00","1731,86","370,00"
C000401,urbana_premium,1,34,Contrato,"39230,00","10839,72","40,00"
C000402,urbana_premium,0,35,Premium,"36990,00","38682,33","50,00"
C000403,urbana_premium,0,34,Premium,"32580,00","18210,72","330,00"
C000404,urbana_premium,1,30,Premium,"32680,00","20805,00","120,00"
C000405,suburbana,1,23.333333333333332,Prepago,"34870,00","4563,25","320,00"
C000406,urbana_premium,0,35.26315789473684,Premium,,"19889,88","690,00"
C000407,urbana_premium,0,37.36842105263158,Premium,,"13093,27","220,00"
C000408,suburbana,0,35.333333333333336,Premium,"20740,00","6392,09","490,00"
C000409,suburbana,0,31.071428571428573,Premium,,"12905,40","430,00"
C000410,suburbana,0,34.48275862068966,Premium,"24040,00","12921,63","120,00"
C000411,rural,0,33.81818181818182,Prepago,"23710,00","4416,06","40,00"
C000412,suburbana,0,36.45161290322581,Prepago,"32750,00","3252,82","250,00"
C000413,suburbana,0,36.21621621621622,Prepago,"19710,00","2661,68","690,00"
C000414,urbana_premium,0,37,Premium,"47110,00","25336,31","340,00"
C000415,suburbana,0,36.31578947368421,Premium,"63550,00","29254,21","680,00"
C000416,urbana_premium,0,34.13793103448276,Premium,"40630,00","16500,08","890,00"
C000417,urbana_premium,0,39.142857142857146,Contrato,"28250,00","8408,83","330,00"
C000418,urbana_premium,0,36.92307692307692,Premium,"34560,00","20861,97","570,00"
C000419,rural,1,26.363636363636363,Prepago,"20730,00","3283,90","90,00"
C000420,urbana_premium,0,37.05882352941177,Prepago,"30300,00","6034,49","420,00"
C000421,rural,0,33.02325581395349,Contrato,"29900,00","7286,60","530,00"
C000422,suburbana,0,36.285714285714285,Prepago,"15750,00","2521,06","220,00"
C000423,rural,1,37.5,Contrato,"25540,00","10552,80","240,00"
C000424,rural,0,34.130434782608695,Premium,"36470,00","6716,92","590,00"
C000425,urbana_premium,0,35.925925925925924,Premium,"58790,00","19528,49","270,00"
C000426,urbana_premium,1,36.666666666666664,Premium,"54780,00","14516,29","410,00"
C000427,urbana_premium,0,38.888888888888886,Premium,"30380,00","16406,61","340,00"
C000428,suburbana,0,32.77777777777778,Premium,"49650,00","10484,19","840,00"
C000429,rural,0,35.18518518518518,Prepago,"26390,00","5034,12","420,00"
C000430,urbana_premium,0,34.8,Premium,"62990,00","30270,16","330,00"
C000431,urbana_premium,0,34.81481481481482,Prepago,"55890,00","4012,53","280,00"
C000432,urbana_premium,0,40,Premium,"42730,00","25590,19","170,00"
C000433,suburbana,0,32.35294117647059,Premium,"27360,00","10893,49","640,00"
C000434,suburbana,0,35.833333333333336,Contrato,"68190,00","9473,66","360,00"
C000435,suburbana,0,34.44444444444444,Contrato,"15990,00","3906,46","200,00"
C000436,rural,1,30.88235294117647,Contrato,"21850,00","5071,81","370,00"
C000437,urbana_premium,0,35.333333333333336,Prepago,"23400,00","7244,97","420,00"
C000438,urbana_premium,0,33.142857142857146,Premium,"39880,00","19718,92","380,00"
C000439,rural,0,33.85964912280702,Premium,"26300,00","7509,97","420,00"
C000440,suburbana,0,34.375,Prepago,,"3600,16","70,00"
C000441,suburbana,0,33.529411764705884,Premium,"24440,00","28724,74","450,00"
C000442,urbana_premium,0,36.666666666666664,Premium,"24110,00","22252,47","440,00"
C000443,rural,0,33.57142857142857,Premium,"27190,00","8117,78","610,00"
C000444,rural,1,30.526315789473685,Contrato,"19720,00","16646,65","480,00"
C000445,urbana_premium,1,41.81818181818182,Contrato,"44370,00","7445,54","200,00"
C000446,suburbana,0,35.27777777777778,Prepago,"24820,00","4567,74","340,00"
C000447,suburbana,0,33.63636363636363,Prepago,"32500,00","2243,53","340,00"
C000448,rural,0,34.166666666666664,Contrato,"30070,00","7406,16","430,00"
C000449,rural,0,34.285714285714285,Premium,"27450,00","16037,28","280,00"
C000450,rural,1,34.883720930232556,Prepago,"24990,00","5242,81",
C000451,suburbana,1,34.285714285714285,Prepago,"28750,00","10159,00","550,00"
C000452,urbana_premium,0,35.806451612903224,Contrato,"45230,00","7982,72","290,00"
C000453,suburbana,1,34.44444444444444,Contrato,"24140,00","13614,90","290,00"
C000454,urbana_premium,1,34.44444444444444,Premium,"35740,00","22884,17","200,00"
C000455,suburbana,1,30.384615384615383,Premium,"33650,00","11124,32","570,00"
C000456,rural,0,33.44827586206897,Prepago,"39760,00","4586,86","250,00"
C000457,suburbana,0,32.22222222222222,Premium,"24060,00","9883,53","300,00"
C000458,suburbana,0,34.24242424242424,Contrato,"21870,00","7646,86","280,00"
C000459,urbana_premium,0,35.78947368421053,Premium,"42290,00","19231,83","210,00"
C000460,suburbana,0,34.72222222222222,Premium,"45480,00","5238,61","560,00"
C000461,urbana_premium,0,33.75,Contrato,"50850,00","14029,28","400,00"
C000462,urbana_premium,0,34.13793103448276,Contrato,"38570,00","16890,14","300,00"
C000463,urbana_premium,0,38.148148148148145,Premium,"58780,00","15091,38","290,00"
C000464,urbana_premium,0,34.44444444444444,Premium,"20310,00","11696,83","420,00"
C000465,urbana_premium,0,35.714285714285715,Premium,"54530,00","14782,31",
C000466,suburbana,0,33.888888888888886,Prepago,"26710,00","4649,81","680,00"
C000467,suburbana,0,35.333333333333336,Contrato,"37160,00","4588,74","700,00"
C000468,urbana_premium,0,35.625,Premium,"54470,00","14806,44","210,00"
C000469,urbana_premium,0,31.904761904761905,Prepago,"40960,00","5349,14","190,00"
C000470,urbana_premium,0,35.2,Premium,"39230,00","11639,53","620,00"
C000471,rural,1,32.10526315789474,Prepago,"20240,00","7032,65","180,00"
C000472,urbana_premium,0,33.58974358974359,Premium,"69190,00","16932,59","480,00"
C000473,urbana_premium,0,35.23809523809524,Premium,"43180,00","25504,26","470,00"
C000474,urbana_premium,0,34.34782608695652,Contrato,"41370,00","7992,22","190,00"
C000475,urbana_premium,0,38.23529411764706,Premium,"64920,00","24581,15","340,00"
C000476,urbana_premium,1,25,Premium,"32100,00","39037,43","150,00"
C000477,suburbana,0,35.55555555555556,Premium,"27310,00","6118,91","430,00"
C000478,rural,1,31.666666666666668,Contrato,"32230,00","13716,00","350,00"
C000479,suburbana,0,35,Prepago,"55470,00","2858,39","300,00"
C000480,suburbana,1,33.2,Prepago,"30280,00","3871,26","210,00"
C000481,rural,0,34.90196078431372,Contrato,"26580,00","9048,69","50,00"
C000482,rural,0,33.898305084745765,Contrato,"13310,00","15131,16","570,00"
C000483,urbana_premium,0,33.93939393939394,Premium,"59960,00","26384,48","200,00"
C000484,suburbana,0,30.666666666666668,Premium,"20400,00","5052,33","380,00"
C000485,suburbana,0,32.758620689655174,Premium,"24680,00","5523,33","280,00"
C000486,suburbana,0,34.86486486486486,Premium,"31840,00","7090,54","280,00"
C000487,urbana_premium,0,38.57142857142857,Premium,"30500,00","27146,89","440,00"
C000488,urbana_premium,0,35.51724137931034,Prepago,"19410,00","5883,00","700,00"
C000489,urbana_premium,0,33.1578947368421,Premium,"24840,00","17942,03","90,00"
C000490,urbana_premium,0,35,Contrato,"39620,00","11481,06","280,00"
C000491,suburbana,0,35.714285714285715,Premium,"50330,00","11953,94","500,00"
C000492,suburbana,1,31.904761904761905,Prepago,"48930,00","4023,03","130,00"
C000493,suburbana,0,33.225806451612904,Premium,"34070,00","7261,23","720,00"
C000494,suburbana,0,36.06060606060606,Premium,"31490,00","34601,68","170,00"
C000495,urbana_premium,0,36.53846153846154,Premium,"50600,00","13873,81",
C000496,suburbana,0,31.951219512195124,Contrato,"47410,00","7932,91","120,00"
C000497,suburbana,1,40,Prepago,"31060,00","2425,50","170,00"
C000498,suburbana,0,33.42857142857143,Contrato,"31430,00","5153,89","610,00"
C000499,rural,0,33.666666666666664,Prepago,"24930,00","7088,40","120,00"
C000500,urbana_premium,0,39.23076923076923,Premium,"54500,00","13762,76","410,00"
C000501,rural,1,32.35294117647059,Prepago,"14380,00","3102,27","170,00"
C000502,urbana_premium,0,33.23529411764706,Prepago,"38500,00","5910,49","390,00"
C000503,urbana_premium,0,36,Premium,"44040,00","23392,49","340,00"
C000504,urbana_premium,0,37.61904761904762,Premium,"19730,00","30461,37","300,00"
C000505,suburbana,0,35.172413793103445,Premium,"41090,00","8616,77","150,00"
C000506,urbana_premium,1,37.89473684210526,Contrato,"55780,00","10526,51","620,00"
C000507,suburbana,0,33.40425531914894,Premium,"15080,00","11386,54","390,00"
C000508,suburbana,0,36.111111111111114,Premium,"25790,00","10042,24","470,00"
C000509,urbana_premium,0,33.10344827586207,Premium,"33510,00","16677,03",
C000510,urbana_premium,0,38.75,Contrato,"28040,00","13793,89","170,00"
C000511,suburbana,0,36.25,Contrato,"22920,00","4229,53","490,00"
C000512,suburbana,0,34.411764705882355,Contrato,"24830,00","9638,41","360,00"
C000513,rural,1,30,Premium,"28740,00","15665,63","440,00"
C000514,urbana_premium,1,34.76190476190476,Prepago,"59230,00","3519,66","10,00"
C000515,suburbana,1,32.5,Contrato,"36160,00","6198,00","240,00"
C000516,urbana_premium,1,37.22222222222222,Premium,"27800,00","18946,53","260,00"
C000517,suburbana,0,37.2,Premium,"39320,00","33422,63","480,00"
C000518,rural,1,33.265306122448976,Premium,"28680,00","24653,22","630,00"
C000519,suburbana,0,35.38461538461539,Premium,"10680,00","13335,76","240,00"
C000520,urbana_premium,0,33.8235294117647,Premium,"59070,00","16375,64","420,00"
C000521,suburbana,0,32.857142857142854,Prepago,"31240,00","5466,35","380,00"
C000522,suburbana,0,31.21212121212121,Contrato,"31640,00","8494,03","300,00"
C000523,urbana_premium,1,43.333333333333336,Premium,"20800,00","39120,33","270,00"
C000524,urbana_premium,0,36.666666666666664,Contrato,"67340,00","8334,00","100,00"
C000525,urbana_premium,1,33.57142857142857,Premium,"43070,00","17869,15","20,00"
C000526,rural,0,30,Prepago,"30450,00","2007,82","210,00"
C000527,urbana_premium,0,37.35294117647059,Prepago,"24080,00","5036,71","190,00"
C000528,suburbana,0,38.148148148148145,Contrato,"35660,00","3759,56","300,00"
C000529,urbana_premium,0,36.55172413793103,Premium,"46110,00","21213,36","680,00"
C000530,suburbana,0,32.22222222222222,Contrato,"28230,00","4273,94","230,00"
C000531,suburbana,1,30.625,Prepago,"18960,00","4914,55","70,00"
C000532,suburbana,0,34.651162790697676,Premium,"29180,00","13478,28","380,00"
C000533,suburbana,1,35.5,Prepago,"21340,00","5191,59","40,00"
C000534,suburbana,0,33.529411764705884,Premium,"23350,00","7509,41","80,00"
C000535,rural,1,33.25581395348837,Prepago,"34840,00","1857,86","120,00"
C000536,rural,1,33.333333333333336,Contrato,"23930,00","7633,41","140,00"
C000537,suburbana,0,32.25806451612903,Contrato,"28980,00","6798,83","220,00"
C000538,urbana_premium,1,33.333333333333336,Prepago,"25370,00","4973,50","410,00"
C000539,urbana_premium,0,39.09090909090909,Premium,"37670,00","18266,69","280,00"
C000540,suburbana,0,34.04761904761905,Prepago,"28280,00","3923,65","280,00"
C000541,suburbana,0,32.8125,Prepago,"21140,00","2414,51","470,00"
C000542,suburbana,0,33.46153846153846,Premium,"43580,00","11474,71","990,00"
C000543,suburbana,0,32.04545454545455,Premium,,"13640,08","200,00"
C000544,suburbana,0,37.407407407407405,Premium,"22730,00","8633,23","270,00"
C000545,urbana_premium,0,36.95652173913044,Premium,"43960,00","13198,50","390,00"
C000546,suburbana,1,36.388888888888886,Premium,"15590,00","6321,23","250,00"
C000547,suburbana,0,37.073170731707314,Prepago,,"3394,37","250,00"
C000548,suburbana,0,34.6875,Premium,"39190,00","7821,29","250,00"
C000549,urbana_premium,0,34.25,Prepago,"25840,00","4760,86","70,00"
C000550,suburbana,0,35.51724137931034,Prepago,"29970,00","3105,47","250,00"
C000551,urbana_premium,0,33.57142857142857,Premium,"40020,00","16220,19","200,00"
C000552,urbana_premium,0,35.483870967741936,Premium,"105220,00","19118,97","310,00"
C000553,urbana_premium,0,32.083333333333336,Premium,"94450,00","18137,76","420,00"
C000554,urbana_premium,1,32.5,Premium,"42840,00","8441,57","650,00"
C000555,suburbana,0,30.90909090909091,Contrato,"23630,00","13285,06","100,00"
C000556,urbana_premium,0,33.8235294117647,Premium,"41700,00","17565,00","310,00"
C000557,urbana_premium,0,37.05882352941177,Premium,"56770,00","19664,57","180,00"
C000558,urbana_premium,1,39.04761904761905,Prepago,"21310,00","5217,35","490,00"
C000559,urbana_premium,0,35.55555555555556,Premium,"18410,00","13647,25","480,00"
C000560,urbana_premium,0,35.45454545454545,Premium,"25630,00","23713,28","610,00"
C000561,suburbana,0,37.77777777777778,Contrato,"38930,00","9574,24","350,00"
C000562,urbana_premium,0,37.30769230769231,Premium,"51010,00","26254,33","50,00"
C000563,suburbana,0,36,Contrato,"34800,00","4686,56","320,00"
C000564,suburbana,1,32.857142857142854,Prepago,"43970,00","5121,21","890,00"
C000565,suburbana,0,35.714285714285715,Premium,"27970,00","13876,26","220,00"
C000566,rural,0,32.55813953488372,Premium,"21120,00","6138,32","180,00"
C000567,urbana_premium,0,35.16129032258065,Prepago,"43800,00","3813,22","180,00"
C000568,rural,1,31.875,Premium,"42260,00","18005,27",
C000569,rural,0,33.42857142857143,Contrato,"26810,00","4070,85","140,00"
C000570,suburbana,0,35.294117647058826,Premium,"28830,00","6449,32","530,00"
C000571,suburbana,1,36.31578947368421,Contrato,"34320,00","7695,94","40,00"
C000572,suburbana,0,36.875,Contrato,"49050,00","5288,71","630,00"
C000573,urbana_premium,1,33.529411764705884,Contrato,"33750,00","8553,00","200,00"
C000574,urbana_premium,1,38.57142857142857,Prepago,,"6183,13","450,00"
C000575,suburbana,0,33.529411764705884,Prepago,"25250,00","1902,70","190,00"
C000576,urbana_premium,1,30,Prepago,"50920,00","4152,68","170,00"
C000577,urbana_premium,0,35.3125,Premium,"29140,00","21861,11","260,00"
C000578,urbana_premium,0,34.285714285714285,Premium,"47900,00","12189,29","490,00"
C000579,suburbana,0,36.041666666666664,Prepago,"17810,00","4380,56","-180,00"
C000580,suburbana,0,33.91304347826087,Prepago,"27220,00","4183,36","390,00"
C000581,urbana_premium,0,35.21739130434783,Premium,"37500,00","23045,53","460,00"
C000582,suburbana,0,35.76923076923077,Premium,"55730,00","6457,59","700,00"
C000583,suburbana,0,33.80952380952381,Prepago,"41860,00","2508,49","430,00"
C000584,suburbana,1,,Prepago,"26320,00","3176,00","90,00"
C000585,urbana_premium,1,33.333333333333336,Premium,"31920,00","18636,83","-250,00"
C000586,suburbana,1,35.45454545454545,Prepago,"23540,00","2977,53","380,00"
C000587,urbana_premium,0,36.06060606060606,Premium,"25840,00","12746,33","200,00"
C000588,suburbana,0,36.666666666666664,Premium,"52470,00","6582,92",
C000589,rural,0,33.87755102040816,Premium,"17820,00","4626,72","550,00"
C000590,suburbana,0,37.2093023255814,Premium,"54440,00","25340,83","240,00"
C000591,urbana_premium,0,37.30769230769231,Premium,"39630,00","9812,97","480,00"
C000592,suburbana,1,31.5,Premium,"28960,00","7226,17","1200,00"
C000593,suburbana,0,33.142857142857146,Premium,"30850,00","5701,11","340,00"
C000594,urbana_premium,0,31.923076923076923,Premium,"58460,00","13646,74","-420,00"
C000595,rural,0,32.72727272727273,Premium,"17220,00","25188,89","370,00"
C000596,urbana_premium,0,35,Premium,"45730,00","23513,06","250,00"
C000597,suburbana,1,32.22222222222222,Contrato,"29410,00","8770,60","180,00"
C000598,suburbana,1,32,Contrato,"34330,00","4773,06","160,00"
C000599,suburbana,1,32.22222222222222,Contrato,"27750,00","9800,89","90,00"
C000600,suburbana,1,32.926829268292686,Prepago,"26270,00","5401,52","140,00"
C000601,urbana_premium,0,35.38461538461539,Premium,"46000,00","13013,27","600,00"
C000602,urbana_premium,0,32.58064516129032,Premium,"23610,00","16175,62","670,00"
C000603,urbana_premium,0,35.65217391304348,Premium,"62350,00","13106,89","340,00"
C000604,rural,1,30.90909090909091,Premium,"24110,00","14046,63","260,00"
C000605,urbana_premium,0,36.2962962962963,Prepago,"31580,00","4933,63","100,00"
C000606,urbana_premium,0,34,Premium,"43550,00","26313,79","390,00"
C000607,suburbana,0,34.81481481481482,Prepago,"23380,00","2199,44","510,00"
C000608,urbana_premium,0,33.888888888888886,Contrato,"39350,00","12233,67","610,00"
C000609,rural,0,33.81818181818182,Contrato,"23920,00","15188,94","780,00"
C000610,suburbana,0,31.764705882352942,Prepago,"46300,00","6094,89","150,00"
C000611,suburbana,0,35.23809523809524,Prepago,"32870,00","2965,77","700,00"
C000612,suburbana,0,33.529411764705884,Prepago,"20150,00","3946,36","280,00"
C000613,urbana_premium,0,35.625,Premium,"46910,00","14554,41","360,00"
C000614,suburbana,1,39.2,Premium,"38370,00","12612,92","360,00"
C000615,urbana_premium,0,35.76923076923077,Premium,"21770,00","20697,17","260,00"
C000616,rural,0,32.30769230769231,Prepago,"15320,00","2887,63","380,00"
C000617,urbana_premium,0,35.357142857142854,Premium,"77340,00","11280,64","180,00"
C000618,suburbana,0,34.08163265306123,Prepago,"26540,00","4074,60","650,00"
C000619,urbana_premium,0,35.90909090909091,Premium,"34360,00","20113,11","400,00"
C000620,suburbana,0,33.1578947368421,Premium,"29450,00","14003,00","20,00"
C000621,urbana_premium,0,34,Premium,"30590,00","39018,92","1150,00"
C000622,urbana_premium,1,46.666666666666664,Premium,"20580,00","23427,83","350,00"
C000623,suburbana,0,31.612903225806452,Premium,"20130,00","12551,31","180,00"
C000624,urbana_premium,0,34.285714285714285,Contrato,"30610,00","15194,83","470,00"
C000625,suburbana,0,34,Prepago,"25000,00","2408,14","130,00"
C000626,suburbana,0,34.193548387096776,Premium,"22770,00","6200,63","200,00"
C000627,urbana_premium,0,32.608695652173914,Prepago,"22710,00","5472,65","230,00"
C000628,suburbana,0,32.592592592592595,Contrato,"24560,00","10949,94","110,00"
C000629,suburbana,0,31.142857142857142,Premium,"44040,00","13146,69","430,00"
C000630,urbana_premium,0,37.5,Prepago,"30250,00","7646,09","140,00"
C000631,urbana_premium,0,32.58064516129032,Premium,"35910,00","10903,63","600,00"
C000632,urbana_premium,0,31.363636363636363,Contrato,"63450,00","8060,72","160,00"
C000633,suburbana,1,37.05882352941177,Contrato,"23440,00","3918,92","50,00"
C000634,suburbana,0,31.6,Premium,"86910,00","11231,88","370,00"
C000635,suburbana,0,33.24324324324324,Premium,"40730,00","14829,94","260,00"
C000636,urbana_premium,0,33.44827586206897,Premium,"39330,00","14346,94","380,00"
C000637,suburbana,0,32.972972972972975,Contrato,"27330,00","9111,77","520,00"
C000638,rural,0,30.21276595744681,Premium,"37140,00","6695,43","250,00"
C000639,urbana_premium,1,37.27272727272727,Premium,"30030,00","16200,78","740,00"
C000640,suburbana,0,35.38461538461539,Prepago,"25620,00","1912,89","450,00"
C000641,rural,0,34.523809523809526,Premium,"40750,00","23282,83","130,00"
C000642,urbana_premium,0,35.55555555555556,Premium,"33560,00","29208,22","170,00"
C000643,suburbana,0,34.61538461538461,Contrato,"25320,00","4783,89","460,00"
C000644,urbana_premium,0,36.07142857142857,Premium,"30360,00","23784,92","690,00"
C000645,suburbana,1,33.8235294117647,Contrato,"15160,00","5351,03","220,00"
C000646,suburbana,0,36.41025641025641,Contrato,"42520,00","17019,86","40,00"
C000647,rural,0,33.57142857142857,Contrato,"22870,00","4437,05","440,00"
C000648,urbana_premium,0,32.5,Premium,"55660,00","26487,34","710,00"
C000649,suburbana,0,33.214285714285715,Contrato,"28100,00","6838,71","90,00"
C000650,suburbana,0,32.857142857142854,Prepago,"25720,00","3063,97","130,00"
C000651,rural,0,34.375,Premium,,"4801,71","300,00"
C000652,urbana_premium,0,30,Premium,"48630,00","23474,86","430,00"
C000653,suburbana,0,32.285714285714285,Prepago,"22500,00","4191,17","350,00"
C000654,urbana_premium,1,34.54545454545455,Premium,"43790,00","27531,50","80,00"
C000655,suburbana,0,34.61538461538461,Premium,"30210,00","6794,91","400,00"
C000656,suburbana,1,32.10526315789474,Contrato,"20700,00","7387,25","160,00"
C000657,suburbana,0,36.42857142857143,Premium,"25480,00","15163,31","740,00"
C000658,urbana_premium,0,30.967741935483872,Premium,"38410,00","11819,08","340,00"
C000659,urbana_premium,1,30,Premium,"34330,00","18041,60","210,00"
C000660,suburbana,0,32.4390243902439,Prepago,"57870,00","3125,86","160,00"
C000661,urbana_premium,0,38.421052631578945,Premium,"41560,00","16956,66","220,00"
C000662,urbana_premium,0,33.92857142857143,Prepago,"35740,00","7160,49","60,00"
C000663,rural,0,32.264150943396224,Premium,"20450,00","13950,86","240,00"
C000664,suburbana,0,33.142857142857146,Contrato,"27510,00","4038,81","190,00"
C000665,suburbana,1,31.53846153846154,Premium,"24100,00","13887,20","260,00"
C000666,rural,1,29.523809523809526,Contrato,"17400,00","8759,38","340,00"
C000667,urbana_premium,0,35,Prepago,"47200,00","4560,23","220,00"
C000668,suburbana,0,35.625,Premium,"51100,00","13019,50","510,00"
C000669,urbana_premium,0,35.357142857142854,Premium,"32690,00","22463,17","270,00"
C000670,rural,0,33.55555555555556,Premium,"26980,00","23628,00","450,00"
C000671,urbana_premium,1,34.34782608695652,Prepago,"30340,00","4960,77",
C000672,urbana_premium,0,36.07142857142857,Premium,"39690,00","18621,76","570,00"
C000673,suburbana,0,35.1219512195122,Contrato,"18860,00","13003,12","360,00"
C000674,suburbana,0,34.523809523809526,Premium,"22110,00","16087,38","200,00"
C000675,urbana_premium,0,35.65217391304348,Prepago,"28040,00","6361,23","260,00"
C000676,suburbana,0,33.07692307692308,Contrato,"28330,00","3901,47","170,00"
C000677,urbana_premium,0,38.07692307692308,Prepago,"25420,00","4840,81","230,00"
C000678,urbana_premium,0,34.83870967741935,Prepago,"17470,00","5105,26","140,00"
C000679,urbana_premium,0,34.8,Premium,"23700,00","11512,88","720,00"
C000680,rural,0,34,Prepago,"21840,00","1976,51","640,00"
C000681,suburbana,0,34.411764705882355,Contrato,"22590,00","3196,14","480,00"
C000682,rural,0,35.81395348837209,Contrato,"18960,00","5632,78","180,00"
C000683,suburbana,1,33.63636363636363,Premium,"32700,00","12235,66","290,00"
C000684,suburbana,1,34.44444444444444,Prepago,"22360,00","4934,50","-50,00"
C000685,suburbana,0,33.1578947368421,Prepago,"28990,00","3427,22","110,00"
C000686,suburbana,0,30.681818181818183,Premium,"62970,00","15973,39","820,00"
C000687,suburbana,0,33.40425531914894,Premium,"26090,00","12036,71","770,00"
C000688,urbana_premium,1,35,Premium,"35620,00","33218,15","600,00"
C000689,urbana_premium,0,32.8,Contrato,"43730,00","6847,03","610,00"
C000690,suburbana,1,35.38461538461539,Prepago,"22390,00","2770,16","-100,00"
C000691,urbana_premium,0,32.1875,Prepago,"31120,00","3587,60","450,00"
C000692,urbana_premium,1,34.375,Premium,"37020,00","15692,64","500,00"
C000693,urbana_premium,0,36.666666666666664,Premium,"40970,00","16017,97","420,00"
C000694,suburbana,0,35.23809523809524,Contrato,"21520,00","13026,94","840,00"
C000695,urbana_premium,1,36.666666666666664,Premium,"46530,00","21915,26","110,00"
C000696,suburbana,0,32.2,Prepago,"51220,00","2778,94","50,00"
C000697,rural,1,28.75,Contrato,"11880,00","8330,88","120,00"
C000698,urbana_premium,0,38.4,Premium,"43900,00","35808,80","150,00"
C000699,suburbana,0,37.096774193548384,Premium,"28870,00","7429,73","240,00"
C000700,urbana_premium,1,43.333333333333336,Premium,"34500,00","14821,00","400,00"
C000701,urbana_premium,0,40,Premium,"42910,00","11738,22","440,00"
C000702,suburbana,1,36.666666666666664,Contrato,"48310,00","4410,83","60,00"
C000703,urbana_premium,0,36.4,Premium,"41880,00","18139,64","140,00"
C000704,urbana_premium,0,32.30769230769231,Premium,,"14773,59","420,00"
C000705,urbana_premium,0,34.54545454545455,Premium,"37760,00","23483,18","290,00"
C000706,suburbana,0,32.82608695652174,Prepago,"33870,00","5014,78","210,00"
C000707,urbana_premium,0,32.96296296296296,Prepago,"31640,00","5325,49","550,00"
C000708,urbana_premium,0,35.65217391304348,Premium,"38790,00","16950,64","210,00"
C000709,suburbana,0,30.606060606060606,Premium,"27100,00","6409,91","750,00"
C000710,urbana_premium,0,30.58823529411765,Premium,"39730,00","12863,43","120,00"
C000711,suburbana,0,35.9375,Contrato,"16700,00","12338,86","130,00"
C000712,suburbana,1,33.92857142857143,Contrato,"20180,00","8235,95","350,00"
C000713,urbana_premium,1,32.592592592592595,Contrato,"58010,00","11209,03","190,00"
C000714,urbana_premium,0,34.34782608695652,Premium,"62350,00","19204,81","280,00"
C000715,urbana_premium,0,33.5,Premium,"20880,00","16045,89","250,00"
C000716,rural,1,29.714285714285715,Prepago,"19040,00","3005,55","330,00"
C000717,suburbana,1,34.21052631578947,Prepago,"22940,00","6368,71",
C000718,suburbana,0,36.388888888888886,Prepago,"32570,00","6690,67","130,00"
C000719,suburbana,0,32.95454545454545,Prepago,"28950,00","2541,84","200,00"
C000720,urbana_premium,0,34.48275862068966,Prepago,"48570,00","4241,56","370,00"
C000721,urbana_premium,1,31.764705882352942,Premium,"23850,00","13110,19","190,00"
C000722,suburbana,1,32.04545454545455,Contrato,"33690,00","12465,34","860,00"
C000723,suburbana,0,33.63636363636363,Contrato,"26520,00","8037,89","410,00"
C000724,urbana_premium,0,36.36363636363637,Premium,"29570,00","21076,86","400,00"
C000725,suburbana,0,35,Contrato,"34790,00","3493,75","260,00"
C000726,suburbana,1,35.78947368421053,Prepago,"27340,00","2239,00","310,00"
C000727,urbana_premium,1,34.5,Contrato,"36950,00","11173,15","220,00"
C000728,suburbana,0,32.7027027027027,Prepago,"47590,00","3750,42","400,00"
C000729,suburbana,0,35.3125,Prepago,"30560,00","8448,31","490,00"
C000730,urbana_premium,0,30.952380952380953,Premium,"75610,00","16099,86","370,00"
C000731,suburbana,0,32.857142857142854,Contrato,"13190,00","4546,82","870,00"
C000732,rural,1,35.45454545454545,Contrato,"23140,00","4163,37","170,00"
C000733,urbana_premium,0,36.2962962962963,Contrato,"25940,00","9010,31","720,00"
C000734,suburbana,1,32.5,Contrato,"21540,00","4915,14","410,00"
C000735,rural,0,34.8780487804878,Contrato,"18460,00","5178,21","220,00"
C000736,suburbana,0,35.55555555555556,Premium,"41170,00","13111,79","230,00"
C000737,rural,0,32.38095238095238,Contrato,"20140,00","10221,45","50,00"
C000738,urbana_premium,0,37.03703703703704,Contrato,"25670,00","13574,86","540,00"
C000739,suburbana,0,34.8936170212766,Prepago,,"2129,69","710,00"
C000740,suburbana,0,32.58064516129032,Contrato,,"10240,23","340,00"
C000741,rural,0,32.90909090909091,Prepago,"41680,00","6676,65","160,00"
C000742,urbana_premium,1,26.666666666666668,Prepago,"24360,00","3441,25","110,00"
C000743,suburbana,0,32.8,Contrato,"26960,00","8562,66","350,00"
C000744,rural,0,34.2,Premium,"45530,00","6500,00","370,00"
C000745,urbana_premium,0,34,Contrato,"34170,00","11999,51","250,00"
C000746,urbana_premium,0,36.07142857142857,Prepago,"44390,00","5646,75","270,00"
C000747,suburbana,0,30.476190476190474,Premium,"28690,00","13008,58","470,00"
C000748,suburbana,1,35.55555555555556,Prepago,"29800,00","2373,68","300,00"
C000749,urbana_premium,0,36.8,Contrato,"28740,00","9813,31","280,00"
C000750,suburbana,0,34.13793103448276,Contrato,"34930,00","3684,86","380,00"
C000751,urbana_premium,0,33.666666666666664,Premium,,"10223,38","820,00"
C000752,suburbana,0,30.975609756097562,Contrato,"15110,00","7365,79","90,00"
C000753,urbana_premium,0,35.2,Contrato,"27700,00","14271,29","250,00"
C000754,urbana_premium,0,34.81481481481482,Premium,"31540,00","23078,25","110,00"
C000755,suburbana,1,33.18181818181818,Prepago,"21850,00","2318,95","70,00"
C000756,urbana_premium,0,33.87096774193548,Premium,"47930,00","17454,47","410,00"
C000757,suburbana,0,33.05555555555556,Contrato,"24110,00","3744,03","470,00"
C000758,urbana_premium,0,37.083333333333336,Premium,"39380,00","18883,51","220,00"
C000759,suburbana,0,35.3125,Premium,,"4787,14","310,00"
C000760,urbana_premium,0,34.23076923076923,Premium,"20420,00","12566,29",
C000761,suburbana,0,30.555555555555557,Premium,"33310,00","30097,16","670,00"
C000762,urbana_premium,0,36.95652173913044,Premium,"36670,00","17600,94","80,00"
C000763,suburbana,0,30.3125,Prepago,"28590,00","4942,75","330,00"
C000764,urbana_premium,0,35.833333333333336,Premium,"27880,00","34079,24","500,00"
C000765,urbana_premium,0,36.8,Contrato,"33500,00","6696,80","360,00"
C000766,rural,1,33.04347826086956,Prepago,"23150,00","2616,57","110,00"
C000767,rural,0,34.074074074074076,Contrato,"21770,00","10814,06","170,00"
C000768,suburbana,0,33.8235294117647,Premium,"38050,00","6895,57","310,00"
C000769,urbana_premium,0,35,Premium,"26100,00","18568,91","100,00"
C000770,suburbana,1,31.25,Contrato,"18280,00","4412,60","680,00"
C000771,urbana_premium,1,32,Premium,"18970,00","16244,23","150,00"
C000772,urbana_premium,0,38.38709677419355,Contrato,"40220,00","14157,78",
C000773,urbana_premium,0,36.53846153846154,Premium,"49880,00","12045,57","420,00"
C000774,suburbana,0,36.333333333333336,Prepago,"19770,00","1570,35","120,00"
C000775,rural,0,31.32075471698113,Prepago,"14920,00","2156,03","190,00"
C000776,suburbana,0,36.2962962962963,Prepago,"57730,00","1772,51","600,00"
C000777,suburbana,0,34.411764705882355,Premium,"46610,00","14401,97","790,00"
C000778,urbana_premium,0,35.5,Premium,"61050,00","16183,11","240,00"
C000779,urbana_premium,0,37.69230769230769,Premium,"43250,00","10470,92","300,00"
C000780,suburbana,0,32.64705882352941,Prepago,"38160,00","3883,00","70,00"
C000781,urbana_premium,0,34.76190476190476,Premium,"34620,00","23905,86","150,00"
C000782,urbana_premium,0,33.6,Contrato,"23260,00","10455,60","340,00"
C000783,suburbana,0,33.24324324324324,Premium,"18430,00","14848,14","380,00"
C000784,urbana_premium,0,31.875,Premium,"38320,00","27021,86","480,00"
C000785,suburbana,0,32.27272727272727,Premium,"41210,00","14008,53","300,00"
C000786,rural,0,32.77777777777778,Contrato,"21890,00","5064,61","450,00"
C000787,urbana_premium,0,32.8,Premium,"47370,00","16815,44","430,00"
C000788,suburbana,0,34.73684210526316,Premium,,"6232,30","190,00"
C000789,urbana_premium,0,35.625,Premium,"42580,00","15922,14","390,00"
C000790,urbana_premium,0,34.0625,Premium,"50130,00","10044,56","620,00"
C000791,rural,0,30.75,Premium,"36990,00","30647,74","10,00"
C000792,suburbana,1,36,Prepago,"32940,00","1851,61","230,00"
C000793,suburbana,0,35.142857142857146,Prepago,"58770,00","4574,91","130,00"
C000794,suburbana,0,33.90243902439025,Prepago,"27470,00","2747,09","320,00"
C000795,suburbana,0,34.73684210526316,Prepago,"47380,00","4302,39","190,00"
C000796,suburbana,0,36.44444444444444,Contrato,"36550,00","3329,89","350,00"
C000797,suburbana,0,38.94736842105263,Prepago,"15710,00","4267,11","460,00"
C000798,urbana_premium,0,34.827586206896555,Premium,"62780,00","13223,69","360,00"
C000799,rural,1,34.411764705882355,Prepago,"16840,00","9661,24","320,00"
C000800,suburbana,1,42.5,Contrato,"27320,00","9582,00","580,00"
C000801,rural,1,33.333333333333336,Contrato,"31510,00","4181,33","320,00"
C000802,suburbana,1,,Prepago,"22970,00","993,00","90,00"
C000803,urbana_premium,1,25,Prepago,"37340,00","5041,50","90,00"
C000804,urbana_premium,0,34,Premium,"48180,00","13573,14","300,00"
C000805,urbana_premium,0,34.61538461538461,Premium,"28700,00","30883,06","300,00"
C000806,urbana_premium,0,38.26086956521739,Premium,"35240,00","20544,51","-460,00"
C000807,suburbana,0,34.473684210526315,Premium,"26340,00","22517,50","230,00"
C000808,urbana_premium,0,32.916666666666664,Premium,"53640,00","15780,30","190,00"
C000809,urbana_premium,0,35.23809523809524,Premium,"66270,00","17599,03","480,00"
C000810,suburbana,0,33.87096774193548,Premium,"20280,00","20894,11","380,00"
C000811,rural,0,34.46808510638298,Prepago,"23860,00","2025,23","100,00"
C000812,suburbana,0,35.22727272727273,Premium,"24810,00","6709,89","130,00"
C000813,suburbana,0,36.25,Prepago,"30140,00","2184,36","340,00"
C000814,urbana_premium,0,38,Premium,"71040,00","20081,00","350,00"
C000815,urbana_premium,1,40,Premium,"43720,00","20145,62","390,00"
C000816,urbana_premium,0,32.96296296296296,Premium,"31430,00","17899,86","240,00"
C000817,urbana_premium,0,34.375,Prepago,"23710,00","11924,20","440,00"
C000818,suburbana,0,34.130434782608695,Premium,"42290,00","8410,82",
C000819,suburbana,0,37.25,Premium,"25380,00","8467,50","360,00"
C000820,urbana_premium,0,38.125,Premium,"29170,00","12892,61","500,00"
C000821,rural,1,34.31372549019608,Premium,"25820,00","15429,63","370,00"
C000822,urbana_premium,0,38.62068965517241,Premium,"46870,00","13391,78","110,00"
C000823,urbana_premium,0,35.6,Premium,"33640,00","16403,86","570,00"
C000824,rural,0,32.391304347826086,Prepago,"16670,00","6465,08","310,00"
C000825,suburbana,0,33.75,Premium,"48130,00","8369,17","480,00"
C000826,suburbana,0,30.90909090909091,Premium,"37870,00","8576,73","130,00"
C000827,urbana_premium,0,35.806451612903224,Prepago,"54070,00","5370,88","380,00"
C000828,urbana_premium,0,32.10526315789474,Premium,"33780,00","26866,89","160,00"
C000829,urbana_premium,0,36.89655172413793,Premium,"28630,00","19327,43","450,00"
C000830,urbana_premium,0,34.61538461538461,Premium,,"20096,69","320,00"
C000831,rural,1,33.80952380952381,Prepago,"13620,00","1937,25","160,00"
C000832,suburbana,0,36.96969696969697,Prepago,"26520,00","3091,85","270,00"
C000833,suburbana,0,33.095238095238095,Premium,"23530,00","9395,34","130,00"
C000834,suburbana,0,32.083333333333336,Premium,"29010,00","13506,06","220,00"
C000835,rural,0,30.434782608695652,Prepago,"23620,00","2469,06","210,00"
C000836,urbana_premium,0,33.666666666666664,Contrato,"39510,00","9911,36","330,00"
C000837,urbana_premium,0,35.76923076923077,Contrato,"31190,00","9850,83","140,00"
C000838,suburbana,1,36.666666666666664,Prepago,"19670,00","7406,00","240,00"
C000839,suburbana,1,37.142857142857146,Contrato,"17990,00","11035,58","470,00"
C000840,urbana_premium,0,31.764705882352942,Prepago,"40990,00","2812,97","230,00"
C000841,rural,1,30,Premium,"24340,00","10483,75","280,00"
C000842,urbana_premium,0,36.95652173913044,Contrato,"23510,00","7782,25","500,00"
C000843,suburbana,0,33.142857142857146,Prepago,"49110,00","1961,25","180,00"
C000844,rural,0,30.892857142857142,Prepago,"31090,00","2689,03","170,00"
C000845,suburbana,0,33.8235294117647,Contrato,"20850,00","9991,40","520,00"
C000846,urbana_premium,0,31.666666666666668,Premium,"42000,00","10120,45","390,00"
C000847,suburbana,1,37.5,Contrato,"28420,00","10032,60","210,00"
C000848,suburbana,0,37.05882352941177,Premium,,"7496,57","390,00"
C000849,urbana_premium,0,36.5,Premium,"40650,00","22450,73","260,00"
C000850,urbana_premium,0,41.142857142857146,Prepago,"48420,00","5453,13","180,00"
C000851,urbana_premium,0,34.73684210526316,Premium,"64230,00","18940,57","120,00"
C000852,rural,0,35.333333333333336,Contrato,"25780,00","5077,59","320,00"
C000853,suburbana,0,32.25806451612903,Contrato,"35920,00","8010,14","480,00"
C000854,urbana_premium,0,34.09090909090909,Premium,"63910,00","12751,37","250,00"
C000855,rural,0,33.035714285714285,Prepago,"19230,00","2808,69","680,00"
C000856,urbana_premium,1,28.571428571428573,Premium,"27610,00","26861,86","350,00"
C000857,rural,0,36.75,Contrato,"29370,00","14305,23","130,00"
C000858,urbana_premium,1,40.625,Contrato,"24950,00","12399,76","100,00"
C000859,suburbana,0,34.8936170212766,Prepago,"22470,00","4807,25","420,00"
C000860,urbana_premium,0,35.357142857142854,Premium,"64820,00","19496,76","270,00"
C000861,rural,1,33.07692307692308,Contrato,"12730,00","3340,94","80,00"
C000862,rural,1,34.21052631578947,Premium,"25810,00","18472,10","180,00"
C000863,urbana_premium,0,33.63636363636363,Prepago,"23110,00","4735,86","270,00"
C000864,urbana_premium,0,35.833333333333336,Premium,"44190,00","13524,72","550,00"
C000865,suburbana,1,34.666666666666664,Contrato,"56610,00","13416,77","150,00"
C000866,urbana_premium,0,34.333333333333336,Premium,"26850,00","14093,23","380,00"
C000867,suburbana,0,36,Prepago,"14280,00","2873,66","490,00"
C000868,urbana_premium,0,35.38461538461539,Contrato,"43360,00","7511,00","870,00"
C000869,suburbana,0,33.111111111111114,Premium,"23930,00","13117,11","290,00"
C000870,rural,0,34.44444444444444,Contrato,"21770,00","7986,17","180,00"
C000871,rural,0,32.083333333333336,Prepago,"26380,00","1687,19","270,00"
C000872,suburbana,0,34.25,Premium,"36300,00","9827,94","260,00"
C000873,suburbana,0,35.23809523809524,Premium,"36430,00","7856,78","470,00"
C000874,suburbana,0,37.64705882352941,Contrato,"29520,00","6206,60","290,00"
C000875,rural,0,33.77049180327869,Prepago,"27040,00","5452,47","170,00"
C000876,urbana_premium,0,33.5,Premium,"35840,00","21042,06",
C000877,suburbana,0,35,Premium,"26570,00","16318,56","390,00"
C000878,suburbana,0,30.789473684210527,Prepago,"29640,00","2233,22","350,00"
C000879,rural,1,32.083333333333336,Contrato,"28410,00","8079,53","70,00"
C000880,urbana_premium,0,35.21739130434783,Premium,"30520,00","20742,31","470,00"
C000881,rural,0,33.41463414634146,Premium,"25030,00","7688,71","140,00"
C000882,urbana_premium,1,31.53846153846154,Contrato,"32600,00","6691,33","110,00"
C000883,urbana_premium,0,31.428571428571427,Premium,"29580,00","19905,50","120,00"
C000884,urbana_premium,0,37.391304347826086,Premium,"55300,00","13946,79","650,00"
C000885,rural,0,32.80701754385965,Contrato,"26440,00","7779,50","280,00"
C000886,suburbana,0,34.333333333333336,Prepago,"34050,00","2282,18","330,00"
C000887,suburbana,1,30,Prepago,"21410,00","6248,80","90,00"
C000888,urbana_premium,0,38.333333333333336,Premium,"35110,00","16305,54","370,00"
C000889,urbana_premium,0,37.391304347826086,Premium,"47230,00","27611,00","320,00"
C000890,suburbana,0,33.54838709677419,Premium,"33960,00","24360,58","240,00"
C000891,suburbana,0,35,Premium,"73140,00","26674,69",
C000892,urbana_premium,0,35,Premium,"41340,00","33042,03","450,00"
C000893,urbana_premium,0,33.75,Premium,"30330,00","15324,50","320,00"
C000894,suburbana,0,32.325581395348834,Premium,"25600,00","8779,83","370,00"
C000895,urbana_premium,0,36.19047619047619,Premium,"28360,00","16216,60",
C000896,urbana_premium,0,33.03030303030303,Premium,"30530,00","21307,29","460,00"
C000897,urbana_premium,0,35.78947368421053,Premium,"39640,00","19825,31","210,00"
C000898,rural,0,33.92156862745098,Contrato,"19740,00","6570,57","600,00"
C000899,rural,1,33,Prepago,"37060,00","6869,17","220,00"
C000900,suburbana,0,35,Premium,"40580,00","5893,86","340,00"
C000901,urbana_premium,0,33.42857142857143,Premium,"51790,00","12987,75","230,00"
C000902,urbana_premium,0,36,Contrato,"35050,00","23648,11","130,00"
C000903,suburbana,0,32.121212121212125,Premium,"41040,00","11721,74","330,00"
C000904,urbana_premium,0,34.642857142857146,Premium,"54760,00","24221,35","380,00"
C000905,urbana_premium,0,37.666666666666664,Premium,"66910,00","26650,22","480,00"
C000906,suburbana,0,31.29032258064516,Premium,"24670,00","8334,53","130,00"
C000907,urbana_premium,0,40.32258064516129,Premium,"38430,00","14444,71","210,00"
C000908,urbana_premium,0,35.45454545454545,Prepago,"29430,00","3415,92","120,00"
C000909,urbana_premium,0,33.333333333333336,Prepago,"96410,00","3265,24","190,00"
C000910,urbana_premium,1,35,Prepago,"35670,00","5061,00","290,00"
C000911,urbana_premium,0,36.666666666666664,Premium,"59820,00","11319,14","440,00"
C000912,urbana_premium,0,35.38461538461539,Prepago,"40430,00","9199,28","770,00"
C000913,urbana_premium,1,34,Premium,"52070,00","17972,89","230,00"
C000914,suburbana,0,35.12820512820513,Contrato,"29660,00","4250,59","240,00"
C000915,suburbana,0,33.80952380952381,Premium,"41180,00","6535,31","510,00"
C000916,urbana_premium,0,35.625,Premium,"42160,00","20178,47","220,00"
C000917,suburbana,0,35,Prepago,"54140,00","1930,92","680,00"
C000918,urbana_premium,0,35.18518518518518,Premium,"42610,00","21578,71","210,00"
C000919,urbana_premium,0,31.53846153846154,Premium,"29720,00","15865,69","290,00"
C000920,suburbana,0,35,Premium,"35740,00","17163,80","450,00"
C000921,suburbana,0,34.75,Prepago,"29910,00","3279,06","400,00"
C000922,suburbana,0,34.4,Contrato,"21110,00","10817,19","240,00"
C000923,rural,1,31.53846153846154,Prepago,"26510,00","2287,05","1030,00"
C000924,suburbana,0,33.95348837209303,Contrato,"24020,00","8544,50","310,00"
C000925,urbana_premium,0,35.666666666666664,Premium,"35240,00","35260,49",
C000926,urbana_premium,1,38.333333333333336,Prepago,,"4408,60","230,00"
C000927,urbana_premium,1,34.523809523809526,Contrato,"18830,00","7888,14","80,00"
C000928,suburbana,0,35.714285714285715,Premium,"25630,00","7108,89","230,00"
C000929,urbana_premium,0,33.75,Premium,"52890,00","11651,35","210,00"
C000930,rural,1,33.80952380952381,Premium,"21700,00","13465,62","340,00"
C000931,urbana_premium,0,34.48275862068966,Contrato,"19670,00","12482,57","200,00"
C000932,suburbana,0,37.567567567567565,Premium,"28970,00","6776,83","430,00"
C000933,rural,1,32.75,Contrato,"27490,00","4177,03","140,00"
C000934,urbana_premium,0,36.36363636363637,Premium,"34490,00","11823,20","360,00"
C000935,urbana_premium,0,33.78378378378378,Prepago,"34880,00","4624,97","570,00"
C000936,rural,1,33.65853658536585,Prepago,"19860,00","7416,94","460,00"
C000937,urbana_premium,1,37.5,Contrato,"47560,00","16709,50","160,00"
C000938,urbana_premium,0,38.095238095238095,Premium,"28710,00","24207,58","640,00"
C000939,urbana_premium,0,33.75,Premium,"46340,00","17747,50","160,00"
C000940,suburbana,0,36.5625,Contrato,"27140,00","3788,44","400,00"
C000941,urbana_premium,0,33.4375,Prepago,"59350,00","6163,63","260,00"
C000942,suburbana,0,37.1875,Premium,"25150,00","13390,75","260,00"
C000943,urbana_premium,0,36.111111111111114,Premium,"25950,00","15661,52","220,00"
C000944,suburbana,0,34.21052631578947,Contrato,"37020,00","7251,54","400,00"
C000945,suburbana,0,33.611111111111114,Prepago,"35420,00","1799,14","140,00"
C000946,urbana_premium,0,33.93939393939394,Premium,"44210,00","25510,57","840,00"
C000947,suburbana,0,35.55555555555556,Contrato,"40090,00","5171,97","310,00"
C000948,suburbana,0,31.842105263157894,Prepago,"20990,00","2469,76","570,00"
C000949,urbana_premium,0,40.76923076923077,Premium,"29050,00","18290,64","330,00"
C000950,suburbana,0,30.689655172413794,Premium,"47310,00","6347,31","300,00"
C000951,suburbana,0,35.370370370370374,Prepago,"34720,00","3726,00","610,00"
C000952,urbana_premium,1,35,Premium,"32630,00","17420,83","300,00"
C000953,urbana_premium,1,36,Contrato,"20650,00","21207,40","600,00"
C000954,urbana_premium,0,35.86206896551724,Contrato,"24760,00","9345,32","150,00"
C000955,urbana_premium,1,23.333333333333332,Premium,"27380,00","13098,00","300,00"
C000956,urbana_premium,0,32.27272727272727,Prepago,"31450,00","5263,97","40,00"
C000957,urbana_premium,0,35.3125,Premium,"42600,00","20218,69","390,00"
C000958,urbana_premium,0,38.18181818181818,Premium,"23730,00","29140,11","360,00"
C000959,urbana_premium,0,36.07142857142857,Premium,"31820,00","17447,41","220,00"
C000960,suburbana,0,34.09090909090909,Prepago,"19160,00","2316,37","180,00"
C000961,suburbana,0,32.64705882352941,Premium,"25720,00","12956,26","420,00"
C000962,suburbana,0,35.18518518518518,Premium,"68680,00","16084,17","360,00"
C000963,urbana_premium,0,35.666666666666664,Premium,"58040,00","25090,61","170,00"
C000964,urbana_premium,0,36,Premium,"46790,00","21556,56","500,00"
C000965,urbana_premium,0,40.55555555555556,Premium,"31880,00","18478,41","320,00"
C000966,urbana_premium,0,32.903225806451616,Prepago,"26260,00","11702,82","720,00"
C000967,urbana_premium,0,36.5625,Premium,"37130,00","12788,91","690,00"
C000968,urbana_premium,0,35.806451612903224,Premium,"22220,00","15105,94","260,00"
C000969,suburbana,0,32.916666666666664,Contrato,"37400,00","4966,51",
C000970,rural,0,33.47826086956522,Prepago,"21660,00","1922,83","520,00"
C000971,urbana_premium,0,37.69230769230769,Premium,"37910,00","14707,39","220,00"
C000972,suburbana,0,32.32142857142857,Prepago,"16650,00","5211,20","400,00"
C000973,urbana_premium,0,35.483870967741936,Premium,"38950,00","14170,94","620,00"
C000974,urbana_premium,0,32.96296296296296,Premium,"35200,00","13101,38","490,00"
C000975,suburbana,0,34.76190476190476,Prepago,"21330,00","4064,39","170,00"
C000976,rural,1,36.388888888888886,Prepago,"25110,00","6961,13","180,00"
C000977,urbana_premium,1,36.4,Premium,"33290,00","38763,03","230,00"
C000978,rural,0,33.134328358208954,Prepago,"25740,00","4153,53","620,00"
C000979,suburbana,1,34.375,Contrato,"37010,00","3194,17","270,00"
C000980,rural,1,30.512820512820515,Prepago,"15880,00","1808,75","200,00"
C000981,suburbana,1,,Premium,"30950,00","24754,00","330,00"
C000982,urbana_premium,0,33.666666666666664,Contrato,"39480,00","12513,34","200,00"
C000983,rural,0,32.38095238095238,Premium,"35880,00","6846,06",
C000984,urbana_premium,0,36.666666666666664,Contrato,"51380,00","12101,61","360,00"
C000985,urbana_premium,0,36.15384615384615,Premium,"33880,00","15546,65","270,00"
C000986,urbana_premium,1,36.666666666666664,Premium,"32980,00","18573,82","180,00"
C000987,suburbana,0,29.62962962962963,Premium,"31410,00","8063,34",
C000988,suburbana,1,33.333333333333336,Prepago,"20120,00","4860,60","40,00"
C000989,suburbana,1,35.714285714285715,Contrato,"21200,00","4410,94","130,00"
C000990,urbana_premium,0,32.5,Premium,"32490,00","16980,88","260,00"
C000991,suburbana,0,30.714285714285715,Premium,"12950,00","12285,73","190,00"
C000992,urbana_premium,0,38,Premium,"27070,00","22067,77","90,00"
C000993,urbana_premium,0,35.23809523809524,Premium,"34070,00","13922,05","150,00"
C000994,rural,0,33.75,Premium,"60910,00","6713,14","310,00"
C000995,urbana_premium,0,37.916666666666664,Prepago,"30550,00","3321,57","110,00"
C000996,suburbana,0,38,Prepago,"37560,00","3220,83","70,00"
C000997,suburbana,0,34.48275862068966,Premium,"27810,00","7080,51","780,00"
C000998,rural,0,35.660377358490564,Premium,"27080,00","26341,47","170,00"
C000999,suburbana,1,27.857142857142858,Prepago,"20410,00","7851,63","60,00"
C001000,urbana_premium,0,34.8,Premium,"22280,00","16584,00","220,00"
C001001,rural,0,35.58139534883721,Contrato,"37600,00","3597,25","460,00"
C001002,suburbana,0,33.75,Contrato,"18710,00","4383,15","460,00"
C001003,urbana_premium,0,35.26315789473684,Premium,"64330,00","10403,16","280,00"
C001004,urbana_premium,0,33.04347826086956,Premium,"33620,00","24971,56","420,00"
C001005,suburbana,1,30,Contrato,"22320,00","3632,00","90,00"
C001006,suburbana,0,35.55555555555556,Prepago,"24880,00","3461,11","250,00"
C001007,urbana_premium,0,37.93103448275862,Premium,"67060,00","22045,00","90,00"
C001008,suburbana,0,33.333333333333336,Premium,"23340,00","8572,74","710,00"
C001009,rural,1,31.666666666666668,Contrato,"20310,00","4374,67","100,00"
C001010,urbana_premium,0,35.18518518518518,Premium,"53850,00","24830,43","330,00"
C001011,rural,0,32.80701754385965,Prepago,"27400,00","5173,78","60,00"
C001012,urbana_premium,0,34.54545454545455,Premium,"79200,00","17997,77","590,00"
C001013,urbana_premium,0,37.22222222222222,Premium,"57550,00","11799,75","710,00"
C001014,urbana_premium,0,33.7037037037037,Premium,"30000,00","23924,86","470,00"
C001015,suburbana,0,32.666666666666664,Prepago,"47030,00","3809,49","400,00"
C001016,urbana_premium,0,36.89655172413793,Prepago,"19530,00","7064,41","560,00"
C001017,suburbana,0,35,Contrato,"39030,00","8193,86","40,00"
C001018,suburbana,0,33.18181818181818,Contrato,"23710,00","4450,21","360,00"
C001019,suburbana,0,31.944444444444443,Premium,"36720,00","19019,82","250,00"
C001020,suburbana,0,39.166666666666664,Premium,"59270,00","17200,31","440,00"
C001021,urbana_premium,1,36.666666666666664,Premium,"21330,00","14368,33","290,00"
C001022,urbana_premium,0,36.2962962962963,Premium,"52870,00","20691,14","450,00"
C001023,suburbana,1,35.333333333333336,Contrato,"40000,00","10641,53","320,00"
C001024,suburbana,1,31.764705882352942,Premium,"37560,00","15198,18","70,00"
C001025,rural,0,31.8,Prepago,"16470,00","2401,83","260,00"
C001026,urbana_premium,0,37.083333333333336,Premium,"37100,00","18244,51","880,00"
C001027,urbana_premium,1,43.75,Contrato,"27320,00","15829,00","220,00"
C001028,rural,0,35.22727272727273,Prepago,"26990,00","2147,38","280,00"
C001029,rural,1,33.75,Prepago,"14710,00","2675,43","610,00"
C001030,rural,1,33.07692307692308,Prepago,"19920,00","3876,92","80,00"
C001031,suburbana,1,30,Premium,"37160,00","21104,89","340,00"
C001032,rural,1,40,Contrato,"17960,00","17626,50","320,00"
C001033,urbana_premium,1,36.666666666666664,Premium,"33320,00","23610,56",
C001034,urbana_premium,1,35.45454545454545,Prepago,"27870,00","3894,31","130,00"
C001035,suburbana,0,32.72727272727273,Prepago,"32610,00","2212,62","440,00"
C001036,suburbana,0,33.9622641509434,Prepago,"28410,00","4434,27","530,00"
C001037,suburbana,0,35.5,Prepago,"23070,00","4560,17","540,00"
C001038,rural,1,32.5,Prepago,"18620,00","2087,93","120,00"
C001039,suburbana,0,31.93548387096774,Contrato,"31510,00","8591,74","380,00"
C001040,urbana_premium,0,34.285714285714285,Prepago,"26430,00","6394,14","250,00"
C001041,suburbana,0,35.3125,Contrato,,"9287,46","260,00"
C001042,rural,0,32.71186440677966,Contrato,"23490,00","14127,38","160,00"
C001043,rural,0,34.473684210526315,Prepago,"24520,00","2128,56","420,00"
C001044,rural,0,34.2,Premium,"19280,00","7622,74","10,00"
C001045,suburbana,0,37.073170731707314,Premium,"36840,00","16490,28","430,00"
C001046,suburbana,0,36.53846153846154,Premium,"41740,00","16095,52","460,00"
C001047,rural,0,32.83018867924528,Prepago,"29120,00","9740,43","170,00"
C001048,urbana_premium,0,36.59090909090909,Prepago,"41190,00","4946,32","110,00"
C001049,suburbana,0,37.450980392156865,Prepago,"18090,00","7753,57",
C001050,urbana_premium,0,35.333333333333336,Premium,"68810,00","16575,19","310,00"
C001051,rural,1,35,Prepago,"23700,00","6424,14","120,00"
C001052,urbana_premium,1,37.5,Contrato,"42690,00","11964,17","540,00"
C001053,urbana_premium,0,32.5,Contrato,"29910,00","13619,92","350,00"
C001054,urbana_premium,0,33.54838709677419,Prepago,"35500,00","6368,51","590,00"
C001055,urbana_premium,0,36.2962962962963,Premium,"57840,00","17318,60","180,00"
C001056,suburbana,0,33.170731707317074,Contrato,"39200,00","7782,53","660,00"
C001057,urbana_premium,0,35,Premium,"34330,00","13105,29","140,00"
C001058,rural,0,32.63157894736842,Premium,"39630,00","12610,23","190,00"
C001059,suburbana,1,36.12903225806452,Premium,"20940,00","12564,64","480,00"
C001060,suburbana,1,38.333333333333336,Contrato,"16550,00","7264,33","300,00"
C001061,urbana_premium,1,33.75,Contrato,"19480,00","8135,79","260,00"
C001062,rural,0,33.142857142857146,Premium,"30660,00","13588,29","500,00"
C001063,urbana_premium,0,36.578947368421055,Premium,"30000,00","22919,97","110,00"
C001064,suburbana,0,32.608695652173914,Premium,"28380,00","11187,71","300,00"
C001065,suburbana,1,37.5,Premium,"43720,00","7319,00","130,00"
C001066,suburbana,0,37.142857142857146,Prepago,"33440,00","2415,11","220,00"
C001067,rural,0,36.31578947368421,Contrato,"15330,00","7231,41",
C001068,suburbana,0,33.87755102040816,Prepago,"52630,00","2368,76","620,00"
C001069,suburbana,0,34.34782608695652,Prepago,"26920,00","3774,16","90,00"
C001070,rural,0,31.904761904761905,Prepago,,"4487,69","230,00"
C001071,urbana_premium,0,36.36363636363637,Premium,"29820,00","19700,54","550,00"
C001072,rural,0,33.04347826086956,Prepago,"15710,00","4669,58","180,00"
C001073,suburbana,0,35.609756097560975,Contrato,"32310,00","9754,44","200,00"
C001074,urbana_premium,0,34.666666666666664,Prepago,"23110,00","6263,64","100,00"
C001075,suburbana,0,34.516129032258064,Contrato,"28960,00","6915,03","140,00"
C001076,suburbana,0,31.21212121212121,Contrato,"51920,00","4195,21","200,00"
C001077,suburbana,0,35,Premium,"38770,00","6582,26","-230,00"
C001078,urbana_premium,0,35.55555555555556,Premium,"41090,00","21849,66","340,00"
C001079,suburbana,0,35.26315789473684,Contrato,"20300,00","6209,81","330,00"
C001080,suburbana,0,34.23076923076923,Premium,"29180,00","6369,03","750,00"
C001081,urbana_premium,0,36.12903225806452,Premium,"28970,00","15594,66","-240,00"
C001082,urbana_premium,0,35.55555555555556,Premium,"63410,00","21359,74","340,00"
C001083,urbana_premium,0,33.07692307692308,Premium,"32430,00","14153,11","310,00"
C001084,suburbana,0,31.904761904761905,Premium,"22640,00","17139,11","330,00"
C001085,suburbana,0,33.63636363636363,Contrato,"27620,00","13827,17","200,00"
C001086,rural,0,32.15686274509804,Prepago,"17660,00","4182,22","380,00"
C001087,urbana_premium,0,37.69230769230769,Premium,"41570,00","20177,00","260,00"
C001088,urbana_premium,0,34.54545454545455,Premium,"72400,00","25381,06","480,00"
C001089,urbana_premium,0,35,Premium,"38370,00","13730,65","410,00"
C001090,suburbana,0,35.526315789473685,Contrato,"21580,00","3835,91","300,00"
C001091,urbana_premium,0,36.42857142857143,Contrato,"36220,00","12352,60","250,00"
C001092,suburbana,0,30,Contrato,"19110,00","7809,84","500,00"
C001093,urbana_premium,0,36.53846153846154,Premium,"104640,00","23713,11","570,00"
C001094,urbana_premium,0,33.92857142857143,Premium,"71890,00","14218,14","670,00"
C001095,urbana_premium,0,35.416666666666664,Premium,"59220,00","37647,62","380,00"
C001096,rural,0,34.5,Prepago,"30200,00","4134,51","190,00"
C001097,rural,0,32.89473684210526,Premium,"21910,00","7047,71","430,00"
C001098,urbana_premium,0,36.36363636363637,Premium,"36400,00","35272,00","220,00"
C001099,suburbana,1,34.44444444444444,Premium,"27600,00","5663,92",
C001100,urbana_premium,0,39.5,Premium,"87950,00","10457,54","140,00"
C001101,rural,0,31.428571428571427,Premium,"21710,00","8819,09","350,00"
C001102,suburbana,0,34.285714285714285,Contrato,"24470,00","4517,82","160,00"
C001103,urbana_premium,0,36.8421052631579,Premium,"36900,00","18631,13",
C001104,suburbana,0,30.714285714285715,Premium,"35720,00","9609,34","410,00"
C001105,urbana_premium,0,35.26315789473684,Premium,"11310,00","23679,00","320,00"
C001106,urbana_premium,1,32.77777777777778,Contrato,"43930,00","7049,74","100,00"
C001107,urbana_premium,0,33.07692307692308,Premium,"15720,00","32173,27","500,00"
C001108,suburbana,0,31.6,Premium,"49900,00","5900,43","450,00"
C001109,suburbana,0,32.285714285714285,Premium,"16300,00","25122,37","340,00"
C001110,rural,0,32.5,Prepago,"17530,00","2603,94","300,00"
C001111,urbana_premium,1,35.55555555555556,Premium,"19570,00","21402,00","170,00"
C001112,suburbana,0,33.333333333333336,Premium,"55990,00","6911,29","320,00"
C001113,suburbana,1,36.666666666666664,Contrato,"29680,00","4108,40","310,00"
C001114,urbana_premium,0,36.111111111111114,Premium,"83440,00","22036,03","260,00"
C001115,suburbana,0,34.0625,Contrato,"59780,00","8082,03","310,00"
C001116,suburbana,0,35.172413793103445,Premium,"46160,00","6800,56","400,00"
C001117,urbana_premium,0,35,Contrato,"23430,00","10880,44","40,00"
C001118,urbana_premium,0,36.53846153846154,Premium,"40560,00","12488,39","240,00"
C001119,urbana_premium,0,33.93939393939394,Premium,"61740,00","13537,72","370,00"
C001120,urbana_premium,0,35.806451612903224,Contrato,"43860,00","8043,15","530,00"
C001121,rural,0,32.35294117647059,Contrato,"20400,00","7867,53","340,00"
C001122,urbana_premium,1,37.27272727272727,Premium,"43290,00","14827,72","350,00"
C001123,urbana_premium,0,35.2,Contrato,"44770,00","9460,94","260,00"
C001124,urbana_premium,0,36,Prepago,"22820,00","2551,77","420,00"
C001125,suburbana,0,36.041666666666664,Prepago,"24450,00","1849,95","120,00"
C001126,suburbana,0,32.972972972972975,Premium,"37470,00","5838,23","440,00"
C001127,urbana_premium,0,35.357142857142854,Contrato,"51980,00","9451,64","490,00"
C001128,suburbana,1,31.428571428571427,Prepago,"32460,00","3889,69","60,00"
C001129,suburbana,0,34.6875,Contrato,"25840,00","13202,74","110,00"
C001130,suburbana,0,35.45454545454545,Premium,"27870,00","12824,29","240,00"
C001131,suburbana,0,34.705882352941174,Contrato,,"15888,03","910,00"
C001132,urbana_premium,0,36,Prepago,"36910,00","6396,83","270,00"
C001133,suburbana,0,32.666666666666664,Premium,"40140,00","17454,89","200,00"
C001134,rural,0,33.529411764705884,Premium,"54310,00","11645,58","160,00"
C001135,suburbana,0,36.829268292682926,Contrato,"19560,00","4201,84","160,00"
C001136,suburbana,0,33.666666666666664,Premium,"46440,00","11549,82","480,00"
C001137,urbana_premium,0,35.55555555555556,Prepago,,"4838,78","170,00"
C001138,suburbana,0,34.0625,Prepago,"17020,00","4097,79","160,00"
C001139,rural,0,33.04347826086956,Contrato,"22440,00","13716,50","170,00"
C001140,suburbana,0,34.5945945945946,Contrato,"27970,00","6189,83","490,00"
C001141,suburbana,0,37.755102040816325,Prepago,"29790,00","3928,97","160,00"
C001142,urbana_premium,0,34.13793103448276,Premium,"55230,00","12623,70","150,00"
C001143,urbana_premium,0,36.5,Premium,"76400,00","19711,11","390,00"
C001144,urbana_premium,0,33.84615384615385,Premium,"60230,00","19724,46","200,00"
C001145,suburbana,0,33.421052631578945,Premium,"32110,00","14010,94","230,00"
C001146,suburbana,0,35.68181818181818,Prepago,"33390,00","10100,44","320,00"
C001147,urbana_premium,0,36.36363636363637,Premium,"79240,00","14175,25","200,00"
C001148,urbana_premium,0,34.166666666666664,Premium,"26420,00","19869,29","190,00"
C001149,urbana_premium,0,36.52173913043478,Premium,"59120,00","18469,83","540,00"
C001150,urbana_premium,1,37.30769230769231,Prepago,"25620,00","5839,42","410,00"
C001151,urbana_premium,0,34.333333333333336,Prepago,"22440,00","3989,79","200,00"
C001152,urbana_premium,0,35.65217391304348,Premium,"47740,00","26244,62","520,00"
C001153,suburbana,0,33.8235294117647,Prepago,"16690,00","2685,11","360,00"
C001154,urbana_premium,1,33.333333333333336,Premium,"33360,00","20263,52","430,00"
C001155,suburbana,0,34.516129032258064,Premium,"48220,00","13628,03","340,00"
C001156,suburbana,0,34.5,Premium,"21650,00","4514,57","330,00"
C001157,rural,0,34.23076923076923,Prepago,"43540,00","3206,94","380,00"
C001158,rural,1,,Prepago,"10530,00","4759,00","160,00"
C001159,suburbana,0,34.77272727272727,Prepago,"42960,00","2569,26","660,00"
C001160,urbana_premium,0,36.666666666666664,Contrato,"23580,00","9429,22","380,00"
C001161,suburbana,1,,Contrato,"27850,00","9362,00","360,00"
C001162,suburbana,1,31.53846153846154,Contrato,"32150,00","7950,78","160,00"
C001163,urbana_premium,0,35.833333333333336,Contrato,"34680,00","8924,66","120,00"
C001164,urbana_premium,0,35.65217391304348,Prepago,"34980,00","3542,34","170,00"
C001165,urbana_premium,0,32.7027027027027,Contrato,"23040,00","14740,97","610,00"
C001166,suburbana,0,33.4375,Prepago,"48910,00","5053,74","190,00"
C001167,urbana_premium,0,34.054054054054056,Prepago,"24890,00","6155,08","170,00"
C001168,suburbana,0,34.57142857142857,Contrato,"19380,00","10362,91","790,00"
C001169,urbana_premium,0,36,Premium,"37000,00","11726,92","560,00"
C001170,suburbana,0,35.16129032258065,Premium,"23360,00","6971,00","320,00"
C001171,suburbana,0,33.142857142857146,Contrato,"39980,00","8889,31","220,00"
C001172,rural,0,31.666666666666668,Prepago,,"1849,89","230,00"
C001173,urbana_premium,0,36.333333333333336,Premium,"38260,00","17995,40","740,00"
C001174,urbana_premium,0,34.34782608695652,Premium,"39840,00","17359,06","310,00"
C001175,urbana_premium,0,36.470588235294116,Premium,"53820,00","9940,57","190,00"
C001176,urbana_premium,0,35,Contrato,"31820,00","13756,50","260,00"
C001177,urbana_premium,1,33.333333333333336,Premium,"21320,00","18281,50","270,00"
C001178,rural,0,34.08163265306123,Prepago,"17490,00","1889,33","430,00"
C001179,rural,1,30.81081081081081,Premium,"34570,00","6577,95","300,00"
C001180,rural,0,34.146341463414636,Contrato,"26220,00","7905,06","170,00"
C001181,urbana_premium,0,36.08695652173913,Premium,"33620,00","20797,83","-240,00"
C001182,urbana_premium,0,36.875,Prepago,"39100,00","7859,23","230,00"
C001183,suburbana,0,35.1063829787234,Prepago,"27160,00","2297,50","100,00"
C001184,urbana_premium,0,36.666666666666664,Premium,"50430,00","23900,08","410,00"
C001185,urbana_premium,0,35.26315789473684,Prepago,"43080,00","8242,59",
C001186,urbana_premium,0,36.785714285714285,Premium,"34720,00","16039,51","60,00"
C001187,suburbana,0,31.31578947368421,Contrato,"41100,00","4614,94","190,00"
C001188,suburbana,0,34.857142857142854,Premium,"45000,00","9907,30","410,00"
C001189,urbana_premium,1,37.857142857142854,Premium,"27750,00","16331,31","320,00"
C001190,suburbana,0,34.666666666666664,Contrato,,"3978,80","390,00"
C001191,suburbana,0,35,Premium,"69070,00","12575,78","250,00"
C001192,suburbana,1,32.22222222222222,Contrato,"37110,00","8721,96","510,00"
C001193,urbana_premium,0,35,Premium,"68660,00","24321,26","330,00"
C001194,suburbana,0,34.75,Premium,"40740,00","16458,56","420,00"
C001195,urbana_premium,0,34.13793103448276,Premium,"44950,00","19618,19","990,00"
C001196,rural,1,33.75,Contrato,"10990,00","4312,91","630,00"
C001197,rural,0,34.23076923076923,Prepago,"15140,00","3502,86","650,00"
C001198,rural,1,29.666666666666668,Contrato,"29150,00","4403,82","420,00"
C001199,urbana_premium,1,34.11764705882353,Contrato,"27890,00","14411,50","250,00"
C001200,rural,1,32.57142857142857,Contrato,"22040,00","7155,12","300,00"
C001201,urbana_premium,1,35.45454545454545,Premium,"52640,00","39106,04","220,00"
C001202,suburbana,0,33.125,Prepago,"31260,00","2298,00","450,00"
C001203,urbana_premium,0,36.31578947368421,Prepago,"44010,00","7174,15","400,00"
C001204,suburbana,0,35,Premium,"48450,00","5639,08","130,00"
C001205,suburbana,0,35,Premium,"50160,00","13663,03","560,00"
C001206,suburbana,1,31.666666666666668,Premium,"29230,00","7035,25","450,00"
C001207,urbana_premium,0,34.666666666666664,Premium,"59780,00","34477,74","410,00"
C001208,urbana_premium,0,38.46153846153846,Contrato,"27350,00","13643,67","250,00"
C001209,urbana_premium,0,34.54545454545455,Premium,"41440,00","21185,11","310,00"
C001210,suburbana,0,34.285714285714285,Premium,"36340,00","8770,54","250,00"
C001211,urbana_premium,0,34.23076923076923,Premium,"36890,00","17527,75",
C001212,urbana_premium,0,35,Premium,"35410,00","25470,09","490,00"
C001213,suburbana,0,34.35897435897436,Premium,"20150,00","13931,72","330,00"
C001214,suburbana,1,35.55555555555556,Premium,"29440,00","6918,07","810,00"
C001215,urbana_premium,0,34.44444444444444,Premium,"21800,00","18001,85","300,00"
C001216,suburbana,0,36.59574468085106,Prepago,"28450,00","4728,50","80,00"
C001217,suburbana,0,34.84848484848485,Premium,"30450,00","6528,15","670,00"
C001218,urbana_premium,0,38.333333333333336,Premium,"49680,00","17286,49","270,00"
C001219,suburbana,0,35.294117647058826,Premium,"19750,00","20414,17","860,00"
C001220,suburbana,0,34.23076923076923,Contrato,"33580,00","3598,76","600,00"
C001221,rural,0,33.38709677419355,Prepago,"28340,00","8951,83","380,00"
C001222,rural,1,32.75,Contrato,"23040,00","8904,67","160,00"
C001223,urbana_premium,0,40.294117647058826,Premium,"44770,00","21872,46","370,00"
C001224,suburbana,0,31.5,Premium,"32760,00","6187,70","380,00"
C001225,urbana_premium,0,36.666666666666664,Premium,"15400,00","35653,66","80,00"
C001226,urbana_premium,0,36.8,Contrato,"27720,00","9124,94","190,00"
C001227,urbana_premium,0,34.074074074074076,Premium,"81030,00","17244,03","120,00"
C001228,urbana_premium,0,36.31578947368421,Premium,"48160,00","23202,50","210,00"
C001229,urbana_premium,0,35.2,Premium,"31010,00","15915,50","400,00"
C001230,rural,0,33.25,Contrato,"26390,00","7651,53",
C001231,rural,0,31.50943396226415,Contrato,"29780,00","9636,89","170,00"
C001232,urbana_premium,0,36.53846153846154,Premium,"65640,00","24697,83","480,00"
C001233,rural,0,32.241379310344826,Premium,"20260,00","13657,29","530,00"
C001234,suburbana,1,34.0625,Prepago,"24200,00","3700,88","240,00"
C001235,rural,0,32.57575757575758,Prepago,"19500,00","2787,14","140,00"
C001236,suburbana,0,33.78378378378378,Contrato,"24410,00","16232,66","300,00"
C001237,rural,0,32,Contrato,,"8022,03","350,00"
C001238,suburbana,0,29.142857142857142,Premium,"31830,00","12596,81","100,00"
C001239,urbana_premium,0,35.833333333333336,Contrato,"33030,00","13448,83","180,00"
C001240,urbana_premium,0,34.8,Premium,"37450,00","15537,17","130,00"
C001241,suburbana,0,31.724137931034484,Premium,"57410,00","11811,37",
C001242,suburbana,0,32.89473684210526,Contrato,"21320,00","7738,06","100,00"
C001243,rural,0,33.80952380952381,Prepago,"26120,00","4930,97","600,00"
C001244,rural,1,32.888888888888886,Contrato,"15600,00","8050,36","270,00"
C001245,suburbana,0,31.89189189189189,Contrato,"41230,00","7463,91","140,00"
C001246,urbana_premium,1,36.666666666666664,Premium,"56630,00","16138,77","240,00"
C001247,rural,0,33.40425531914894,Prepago,"17140,00","5066,23","220,00"
C001248,rural,0,31.92982456140351,Contrato,"18200,00","3969,34","390,00"
C001249,urbana_premium,0,34.375,Premium,"48340,00","19579,15","190,00"
C001250,urbana_premium,1,32.35294117647059,Contrato,"34770,00","12908,82","20,00"
C001251,suburbana,0,34,Premium,,"8844,15","180,00"
C001252,suburbana,0,35,Contrato,"19570,00","13360,00","210,00"
C001253,urbana_premium,0,37.58620689655172,Premium,"55800,00","17972,44","290,00"
C001254,suburbana,0,33.54838709677419,Contrato,"65230,00","7111,11","600,00"
C001255,urbana_premium,1,36,Premium,"43910,00","29735,80","-160,00"
C001256,suburbana,0,32.857142857142854,Contrato,"23850,00","8521,43","320,00"
C001257,urbana_premium,0,35.26315789473684,Contrato,"29160,00","9733,49","780,00"
C001258,urbana_premium,0,33.214285714285715,Premium,"36170,00","15391,19","680,00"
C001259,suburbana,0,30.90909090909091,Prepago,"37770,00","2084,12","270,00"
C001260,suburbana,0,34.651162790697676,Prepago,"17670,00","5574,54","270,00"
C001261,suburbana,0,33.68421052631579,Prepago,"26750,00","6624,03","200,00"
C001262,rural,1,35.55555555555556,Premium,"24310,00","20644,78","140,00"
C001263,suburbana,0,37.36842105263158,Contrato,"51360,00","7460,82","390,00"
C001264,urbana_premium,0,32.857142857142854,Contrato,"73440,00","7672,15","440,00"
C001265,urbana_premium,0,35,Premium,"36550,00","18194,89","430,00"
C001266,urbana_premium,0,36.875,Contrato,"25970,00","13027,71","320,00"
C001267,urbana_premium,0,33.888888888888886,Premium,"40200,00","25307,64","180,00"
C001268,suburbana,0,33.8235294117647,Contrato,"31700,00","5789,23","200,00"
C001269,urbana_premium,0,31.428571428571427,Contrato,"57970,00","9216,17","410,00"
C001270,urbana_premium,0,40,Premium,"32770,00","17575,66","180,00"
C001271,urbana_premium,1,35.333333333333336,Prepago,"27080,00","6653,82","230,00"
C001272,suburbana,1,40,Prepago,"29690,00","2691,15","30,00"
C001273,suburbana,0,33.84615384615385,Contrato,"26460,00","8479,31",
C001274,urbana_premium,0,36.666666666666664,Contrato,"33670,00","5251,40","70,00"
C001275,urbana_premium,0,35.5,Premium,"28250,00","25896,72","280,00"
C001276,suburbana,0,35.27777777777778,Contrato,"19210,00","5090,80","410,00"
C001277,rural,0,32.5,Premium,"28740,00","15124,60","-380,00"
C001278,suburbana,0,33.05555555555556,Prepago,"32700,00","3905,22","260,00"
C001279,suburbana,1,34.78260869565217,Prepago,"22500,00","5201,46","310,00"
C001280,urbana_premium,0,34.76190476190476,Premium,"51000,00","18070,18","290,00"
C001281,suburbana,0,32.916666666666664,Prepago,"15640,00","1623,85","350,00"
C001282,rural,0,31.06382978723404,Premium,"20130,00","8499,80","120,00"
C001283,suburbana,0,34,Prepago,"32140,00","7827,66","350,00"
C001284,suburbana,1,36.5625,Premium,"43930,00","11044,75","100,00"
C001285,urbana_premium,0,33.18181818181818,Premium,"31510,00","17032,19","170,00"
C001286,urbana_premium,0,34.390243902439025,Premium,"56730,00","40037,08","630,00"
C001287,suburbana,1,,Contrato,"23730,00","17474,50","220,00"
C001288,suburbana,1,32.25806451612903,Contrato,"39740,00","14808,13","400,00"
C001289,suburbana,0,32.72727272727273,Prepago,"53710,00","4439,69","110,00"
C001290,urbana_premium,0,33.87096774193548,Premium,"26970,00","13605,56","430,00"
C001291,urbana_premium,0,33.529411764705884,Premium,"40360,00","12587,54","420,00"
C001292,rural,0,32.58064516129032,Prepago,"28050,00","2560,34","770,00"
C001293,suburbana,0,34.11764705882353,Contrato,"19290,00","9542,64",
C001294,suburbana,0,33.87096774193548,Contrato,"34680,00","5534,70","50,00"
C001295,suburbana,0,37.714285714285715,Premium,"24450,00","7099,22","130,00"
C001296,suburbana,0,32.82051282051282,Premium,"22190,00","13812,61","-350,00"
C001297,suburbana,1,37.27272727272727,Contrato,"25700,00","3878,89","310,00"
C001298,urbana_premium,0,36.15384615384615,Premium,"32180,00","15352,14","340,00"
C001299,rural,0,34.04761904761905,Contrato,"30720,00","4188,97","420,00"
C001300,suburbana,0,33.78378378378378,Prepago,"29800,00","6875,69","370,00"
C001301,rural,0,30.816326530612244,Prepago,"52120,00","1720,06",
C001302,suburbana,0,32.7906976744186,Contrato,"24710,00","4366,06","320,00"
C001303,urbana_premium,0,36.52173913043478,Contrato,"45180,00","8013,31","90,00"
C001304,urbana_premium,1,35.38461538461539,Premium,"36310,00","14582,06","230,00"
C001305,urbana_premium,0,37.916666666666664,Premium,"24490,00","16686,59","430,00"
C001306,urbana_premium,0,38.5,Premium,"66790,00","14740,19","530,00"
C001307,urbana_premium,0,31,Premium,"39910,00","14748,03","480,00"
C001308,rural,1,20,Prepago,"17660,00","6817,00","90,00"
C001309,rural,1,33.57142857142857,Premium,"26700,00","21876,92","320,00"
C001310,urbana_premium,0,35,Premium,"54960,00","19249,37","240,00"
C001311,suburbana,0,35.27777777777778,Premium,"22150,00","25044,05","360,00"
C001312,urbana_premium,0,37.93103448275862,Premium,"38960,00","10790,74","390,00"
C001313,urbana_premium,0,37.22222222222222,Premium,"55090,00","9220,54","400,00"
C001314,rural,0,31.875,Contrato,"24600,00","4921,74","350,00"
C001315,suburbana,1,33.333333333333336,Prepago,"36190,00","1678,00","130,00"
C001316,suburbana,0,35.625,Prepago,"27180,00","2108,67","640,00"
C001317,suburbana,0,33.513513513513516,Prepago,"17190,00","2946,65","520,00"
C001318,suburbana,0,34.5,Contrato,"27300,00","3248,68","190,00"
C001319,rural,1,34.44444444444444,Prepago,"19080,00","2269,76","300,00"
C001320,suburbana,1,30,Premium,"28690,00","29848,50","730,00"
C001321,urbana_premium,0,35.6,Prepago,"31580,00","7500,89","350,00"
C001322,urbana_premium,0,35,Premium,"40630,00","26776,24","320,00"
C001323,rural,0,33.5,Contrato,"20560,00","4605,40","540,00"
C001324,urbana_premium,0,34.54545454545455,Premium,"50800,00","14508,49","340,00"
C001325,suburbana,0,36.666666666666664,Premium,"36980,00","6041,74","230,00"
C001326,urbana_premium,1,40,Premium,"27700,00","42024,00","290,00"
C001327,suburbana,1,38.46153846153846,Premium,"46280,00","10445,60","290,00"
C001328,urbana_premium,0,35.714285714285715,Premium,"29720,00","14686,66","500,00"
C001329,urbana_premium,0,34.21052631578947,Premium,"25820,00","14532,63","220,00"
C001330,urbana_premium,0,34.0625,Prepago,"55380,00","6509,46","450,00"
C001331,urbana_premium,0,37.64705882352941,Premium,"31110,00","20702,76","370,00"
C001332,urbana_premium,0,33.92857142857143,Premium,"39610,00","40163,33","120,00"
C001333,suburbana,1,28.46153846153846,Premium,"18990,00","6204,67","480,00"
C001334,urbana_premium,0,35.925925925925924,Prepago,"33670,00","4225,94","210,00"
C001335,urbana_premium,0,36.36363636363637,Premium,"36760,00","12860,57","120,00"
C001336,suburbana,1,34.827586206896555,Prepago,"25980,00","4178,00","110,00"
C001337,rural,0,35,Premium,"19390,00","5415,53","800,00"
C001338,urbana_premium,0,36.05263157894737,Prepago,"38830,00","7201,72","450,00"
C001339,urbana_premium,0,36.666666666666664,Premium,"54130,00","24389,00","110,00"
C001340,suburbana,0,35.853658536585364,Prepago,"21440,00","3859,49","320,00"
C001341,suburbana,0,33.513513513513516,Premium,"12310,00","18528,71","460,00"
C001342,urbana_premium,0,35.55555555555556,Premium,"59070,00","18737,77","360,00"
C001343,urbana_premium,0,31.25,Premium,"30400,00","22423,03","180,00"
C001344,urbana_premium,0,33.333333333333336,Prepago,"31320,00","6340,06","360,00"
C001345,suburbana,0,32.94117647058823,Premium,"24630,00","11850,57","210,00"
C001346,urbana_premium,0,33.421052631578945,Premium,"24040,00","12607,86","190,00"
C001347,suburbana,0,35.945945945945944,Prepago,"25960,00","6429,86","70,00"
C001348,suburbana,0,35.55555555555556,Premium,"27030,00","5759,71","160,00"
C001349,suburbana,1,33.47826086956522,Prepago,"34710,00","2773,67",
C001350,urbana_premium,0,35.806451612903224,Prepago,"31600,00","4720,46","460,00"
C001351,urbana_premium,1,37.5,Prepago,"16290,00","6054,33","150,00"
C001352,suburbana,0,35.925925925925924,Contrato,"18670,00","3730,34","690,00"
C001353,urbana_premium,0,34.34782608695652,Premium,"56560,00","13230,59","550,00"
C001354,urbana_premium,0,34.285714285714285,Contrato,"28520,00","10361,83","470,00"
C001355,urbana_premium,0,36.25,Premium,"46330,00","38540,88","880,00"
C001356,suburbana,0,32,Premium,"23220,00","23253,11","10,00"
C001357,suburbana,1,32.608695652173914,Premium,"39620,00","7604,64","440,00"
C001358,urbana_premium,0,32.94117647058823,Premium,"39630,00","17616,57","730,00"
C001359,suburbana,0,33.94736842105263,Prepago,"17940,00","2500,31","470,00"
C001360,urbana_premium,0,33.04347826086956,Premium,"25410,00","12733,49","400,00"
C001361,rural,0,32.89473684210526,Contrato,"13780,00","2580,92","80,00"
C001362,suburbana,0,33.10344827586207,Premium,"41030,00","7531,57","140,00"
C001363,suburbana,0,37.04545454545455,Prepago,"19190,00","1661,55","200,00"
C001364,suburbana,0,33.25581395348837,Contrato,"26200,00","6678,03","250,00"
C001365,urbana_premium,0,37.1875,Prepago,"37220,00","4368,11","150,00"
C001366,suburbana,1,37.5,Prepago,"32220,00","2878,06","880,00"
C001367,rural,0,30.638297872340427,Contrato,"19760,00","6465,64","700,00"
C001368,urbana_premium,1,35.55555555555556,Premium,"22050,00","22694,67","160,00"
C001369,rural,0,35.111111111111114,Contrato,"15220,00","4991,83","100,00"
C001370,suburbana,0,34.78260869565217,Prepago,"20630,00","6318,69","380,00"
C001371,suburbana,1,35.78947368421053,Premium,"11800,00","5477,27","260,00"
C001372,urbana_premium,0,39.23076923076923,Premium,"44520,00","11836,97","520,00"
C001373,rural,1,33.57142857142857,Contrato,"27710,00","8564,04","540,00"
C001374,urbana_premium,0,34.78260869565217,Prepago,"26300,00","7376,03","70,00"
C001375,suburbana,1,35.3125,Premium,"47060,00","15454,93",
C001376,suburbana,0,34,Contrato,"28720,00","7638,39","150,00"
C001377,suburbana,0,35.294117647058826,Contrato,"40100,00","4209,83","830,00"
C001378,urbana_premium,0,37.35294117647059,Premium,"50220,00","19230,24","220,00"
C001379,suburbana,0,31.89189189189189,Contrato,"28440,00","6699,62","170,00"
C001380,suburbana,0,33.57142857142857,Premium,"14650,00","13730,16","510,00"
C001381,suburbana,0,33.07692307692308,Premium,"31960,00","7459,12","230,00"
C001382,suburbana,0,31.57894736842105,Premium,"35840,00","13828,63","160,00"
C001383,suburbana,0,32.916666666666664,Contrato,"23720,00","6051,08","710,00"
C001384,suburbana,0,32.5,Contrato,"31540,00","7747,18","280,00"
C001385,urbana_premium,0,32.94117647058823,Contrato,"37890,00","8842,57","140,00"
C001386,suburbana,0,34.705882352941174,Premium,"21350,00","7045,38","170,00"
C001387,suburbana,0,34.375,Contrato,"28790,00","7421,69","130,00"
C001388,urbana_premium,0,35,Premium,"32030,00","13569,00","230,00"
C001389,urbana_premium,0,30.8,Prepago,"43650,00","4581,94","230,00"
C001390,suburbana,0,35.43478260869565,Prepago,"24250,00","3250,09","530,00"
C001391,urbana_premium,0,37.05882352941177,Prepago,"29840,00","6986,14","350,00"
C001392,suburbana,1,35,Prepago,"16800,00","3095,93","530,00"
C001393,urbana_premium,0,36.07142857142857,Premium,,"24541,50","470,00"
C001394,rural,0,35,Premium,"19810,00","10836,39","400,00"
C001395,suburbana,0,31.333333333333332,Premium,"20070,00","28793,41","170,00"
C001396,urbana_premium,0,37.142857142857146,Premium,"47280,00","25046,11","540,00"
C001397,suburbana,0,35.15151515151515,Prepago,"31830,00","2949,09","130,00"
C001398,urbana_premium,0,36.8,Premium,"46370,00","22727,34","470,00"
C001399,urbana_premium,0,36.06060606060606,Premium,"48120,00","35431,40","850,00"
C001400,suburbana,0,34.523809523809526,Premium,"43760,00","16279,97","460,00"
C001401,suburbana,1,35.483870967741936,Contrato,"20540,00","8380,35","-170,00"
C001402,rural,0,36.36363636363637,Prepago,"24440,00","2637,09",
C001403,urbana_premium,0,34,Contrato,"22020,00","7313,65","390,00"
C001404,suburbana,0,33.25,Contrato,"26780,00","4909,06","270,00"
C001405,rural,1,32.5,Premium,"29360,00","17695,83","110,00"
C001406,urbana_premium,0,36.4,Premium,"27980,00","12705,23","350,00"
C001407,urbana_premium,0,35.833333333333336,Premium,"83570,00","15483,06","1030,00"
C001408,suburbana,0,35.833333333333336,Premium,"30000,00","14385,29","140,00"
C001409,suburbana,1,32.857142857142854,Prepago,"15820,00","5286,14","110,00"
C001410,suburbana,0,32.96296296296296,Premium,"38160,00","4949,06","510,00"
C001411,urbana_premium,1,38.46153846153846,Premium,"83250,00","25890,27","310,00"
C001412,suburbana,1,33.6,Premium,"13630,00","12522,70","220,00"
C001413,suburbana,0,33.75,Premium,,"6080,89","110,00"
C001414,urbana_premium,0,33.84615384615385,Premium,,"21216,09","410,00"
C001415,urbana_premium,0,38.4,Premium,"37560,00","22301,21","110,00"
C001416,urbana_premium,0,37.391304347826086,Contrato,"24210,00","10388,94","350,00"
C001417,suburbana,0,34.054054054054056,Contrato,"40190,00","7322,08","40,00"
C001418,suburbana,0,33.57142857142857,Prepago,"26670,00","4980,81","320,00"
C001419,urbana_premium,0,37.142857142857146,Premium,"57450,00","24595,06","380,00"
C001420,urbana_premium,0,32.27272727272727,Premium,"26690,00","9308,51","890,00"
C001421,suburbana,0,32.75,Prepago,"27730,00","6552,79","160,00"
C001422,urbana_premium,0,38.75,Premium,"17030,00","16814,85","360,00"
C001423,suburbana,0,37.241379310344826,Premium,"74000,00","12239,94","120,00"
C001424,suburbana,0,33.5,Premium,"58360,00","11375,61","410,00"
C001425,rural,0,34.054054054054056,Premium,"49780,00","32260,97","900,00"
C001426,suburbana,0,32.22222222222222,Premium,"50980,00","6623,94","370,00"
C001427,suburbana,0,36.89655172413793,Prepago,"24240,00","2411,86","180,00"
C001428,suburbana,1,33.333333333333336,Contrato,"29350,00","4226,25","270,00"
C001429,urbana_premium,0,32,Premium,"42390,00","12417,73","200,00"
C001430,suburbana,0,34.44444444444444,Contrato,"33980,00","16254,17","370,00"
C001431,urbana_premium,0,38.333333333333336,Premium,"26090,00","12691,56","210,00"
C001432,rural,0,32.72727272727273,Contrato,"15550,00","7971,53","350,00"
C001433,suburbana,1,34.285714285714285,Prepago,"18670,00","4164,40","50,00"
C001434,urbana_premium,1,39.285714285714285,Prepago,"32970,00","4374,71","170,00"
C001435,rural,1,31.6,Prepago,"20760,00","1886,00","150,00"
C001436,suburbana,1,35.55555555555556,Prepago,"25440,00","1143,67","230,00"
C001437,rural,1,30,Premium,"25350,00","7327,57","250,00"
C001438,urbana_premium,0,36.774193548387096,Prepago,,"6248,40","400,00"
C001439,urbana_premium,1,34.166666666666664,Premium,"28380,00","14309,00","230,00"
C001440,suburbana,0,34.54545454545455,Contrato,"22840,00","4713,94","190,00"
C001441,urbana_premium,0,30.416666666666668,Premium,"50980,00","12626,86","410,00"
C001442,suburbana,0,31.379310344827587,Premium,"31940,00","10821,65","330,00"
C001443,urbana_premium,0,32.63157894736842,Contrato,"43090,00","7924,03",
C001444,suburbana,0,37.2972972972973,Prepago,"21500,00","9371,49","380,00"
C001445,rural,0,33.84615384615385,Prepago,"23550,00","3735,71","430,00"
C001446,urbana_premium,0,38.064516129032256,Premium,"29190,00","11849,00","470,00"
C001447,urbana_premium,0,33.333333333333336,Premium,"29540,00","9041,92","300,00"
C001448,suburbana,0,38.23529411764706,Contrato,"33930,00","17601,80","880,00"
C001449,suburbana,0,33.333333333333336,Premium,"23770,00","6746,76","190,00"
C001450,rural,0,32.64705882352941,Contrato,"22370,00","4931,97","200,00"
C001451,urbana_premium,1,34,Contrato,"34830,00","8095,07","210,00"
C001452,rural,1,34.21052631578947,Premium,"15390,00","10657,22","460,00"
C001453,suburbana,0,35.16129032258065,Contrato,"24350,00","7951,73","-20,00"
C001454,urbana_premium,0,36.08695652173913,Premium,"31450,00","25413,67","140,00"
C001455,suburbana,1,32.857142857142854,Contrato,"26080,00","6185,07","280,00"
C001456,suburbana,0,32.41379310344828,Prepago,"15860,00","7201,26","170,00"
C001457,urbana_premium,0,35.483870967741936,Premium,"29650,00","21906,82","500,00"
C001458,suburbana,0,35.55555555555556,Prepago,"41020,00","2166,92","280,00"
C001459,urbana_premium,0,35.18518518518518,Premium,"44610,00","19450,32","590,00"
C001460,suburbana,0,36.25,Contrato,"25920,00","4515,54","40,00"
C001461,urbana_premium,0,38,Premium,"25330,00","11696,74","310,00"
C001462,suburbana,0,35.23809523809524,Premium,"30880,00","15570,24","340,00"
C001463,rural,1,37.142857142857146,Prepago,"32570,00","7230,67","350,00"
C001464,suburbana,1,40,Contrato,"50690,00","7773,00","230,00"
C001465,suburbana,0,36.666666666666664,Prepago,"24810,00","2651,44","180,00"
C001466,suburbana,0,34.54545454545455,Prepago,"20570,00","1968,53","150,00"
C001467,suburbana,0,35.55555555555556,Prepago,"35280,00","3816,09","180,00"
C001468,urbana_premium,0,35.51724137931034,Premium,"43400,00","23205,83","400,00"
C001469,rural,0,31.020408163265305,Prepago,"23300,00","1974,73","80,00"
C001470,urbana_premium,0,36.4,Premium,"30650,00","13500,97",
C001471,urbana_premium,0,35.55555555555556,Contrato,"24210,00","7780,43",
C001472,rural,0,31.818181818181817,Premium,"29400,00","23776,50","510,00"
C001473,suburbana,0,32.8125,Premium,"40800,00","15642,03","130,00"
C001474,urbana_premium,0,36.13636363636363,Prepago,"33750,00","5638,76","160,00"
C001475,suburbana,0,32.82051282051282,Prepago,"54250,00","5332,59","190,00"
C001476,urbana_premium,0,37.77777777777778,Premium,"41580,00","15779,94","460,00"
C001477,suburbana,0,38.18181818181818,Premium,"28040,00","25778,03","110,00"
C001478,suburbana,0,34.11764705882353,Contrato,"19700,00","4503,72","450,00"
C001479,urbana_premium,1,36.31578947368421,Contrato,"21110,00","11361,78","110,00"
C001480,urbana_premium,0,34.23076923076923,Prepago,"32000,00","5020,03","490,00"
C001481,suburbana,0,32.972972972972975,Premium,"33920,00","20449,34","880,00"
C001482,suburbana,0,33.333333333333336,Contrato,"67460,00","7274,64","210,00"
C001483,urbana_premium,1,28.333333333333332,Contrato,"39190,00","12918,94","160,00"
C001484,urbana_premium,0,37.666666666666664,Contrato,,"6014,97","610,00"
C001485,suburbana,0,34.25,Premium,"22320,00","15659,79","220,00"
C001486,rural,0,35.42857142857143,Contrato,"24970,00","14067,36","220,00"
C001487,suburbana,0,33.92857142857143,Premium,"30630,00","9761,89","190,00"
C001488,urbana_premium,0,31.818181818181817,Prepago,"27490,00","4773,24","260,00"
C001489,urbana_premium,0,37.5,Premium,,"20490,64","220,00"
C001490,urbana_premium,0,30.714285714285715,Premium,"36520,00","14699,03","410,00"
C001491,rural,0,33.134328358208954,Premium,"34180,00","7284,40","300,00"
C001492,urbana_premium,0,35.2,Contrato,"38410,00","11960,03","260,00"
C001493,suburbana,0,35.13513513513514,Contrato,"26540,00","4436,24","300,00"
C001494,urbana_premium,1,30,Premium,"29120,00","16866,88","140,00"
C001495,suburbana,0,32.142857142857146,Premium,"26370,00","22170,25","400,00"
C001496,suburbana,0,35.18518518518518,Premium,"49770,00","8731,09","90,00"
C001497,suburbana,1,35,Premium,"21760,00","17631,56","280,00"
C001498,suburbana,0,32.926829268292686,Prepago,"37640,00","2128,18","560,00"
C001499,suburbana,0,35.95238095238095,Prepago,"26730,00","1637,47","90,00"
C001500,rural,0,33.333333333333336,Premium,"28540,00","10239,34","230,00"
C001501,suburbana,0,32.38095238095238,Premium,"32050,00","22150,00","260,00"
C001502,urbana_premium,0,35,Prepago,"24000,00","7402,76","230,00"
C001503,suburbana,1,38,Premium,"31590,00","23650,00","210,00"
C001504,suburbana,0,32.64705882352941,Contrato,,"6331,19","450,00"
C001505,urbana_premium,0,37.857142857142854,Premium,"42630,00","15167,17","130,00"
C001506,urbana_premium,0,36.486486486486484,Prepago,"52950,00","4567,94","520,00"
C001507,rural,0,32.30769230769231,Contrato,"25760,00","14041,68","180,00"
C001508,suburbana,0,36.25,Premium,"39280,00","5790,56","450,00"
C001509,rural,0,35.27272727272727,Contrato,"18060,00","11158,31","380,00"
C001510,rural,1,32,Prepago,"22250,00","7750,60","190,00"
C001511,urbana_premium,0,35.714285714285715,Prepago,"52080,00","9971,50","150,00"
C001512,rural,0,32.54237288135593,Contrato,"20540,00","8779,17","730,00"
C001513,suburbana,0,37.82608695652174,Premium,"43380,00","13073,63","680,00"
C001514,rural,0,34,Contrato,"16340,00","7788,57","260,00"
C001515,urbana_premium,0,37.22222222222222,Premium,"39070,00","21357,08","600,00"
C001516,urbana_premium,0,33.75,Contrato,"34960,00","8229,67","220,00"
C001517,urbana_premium,0,34.73684210526316,Contrato,"96370,00","5943,89","180,00"
C001518,urbana_premium,1,31,Premium,"33390,00","42385,44","330,00"
C001519,urbana_premium,0,36.470588235294116,Premium,"44340,00","13312,76","150,00"
C001520,rural,0,32.71186440677966,Prepago,"11560,00","2376,12","110,00"
C001521,urbana_premium,0,36.09756097560975,Premium,"25430,00","21174,06","660,00"
C001522,suburbana,0,36.875,Contrato,"33180,00","7635,70","360,00"
C001523,urbana_premium,0,31.764705882352942,Premium,"34900,00","13707,57","160,00"
C001524,urbana_premium,0,36.81818181818182,Premium,"35140,00","18474,60","450,00"
C001525,suburbana,0,34.791666666666664,Prepago,"26600,00","2962,78","190,00"
C001526,urbana_premium,0,37,Premium,"35880,00","12390,24","330,00"
C001527,suburbana,0,34.074074074074076,Contrato,"16380,00","7469,65","150,00"
C001528,urbana_premium,1,36.666666666666664,Premium,"37130,00","16270,29","350,00"
C001529,urbana_premium,1,33.333333333333336,Premium,"35450,00","18365,18","410,00"
C001530,urbana_premium,0,38.69565217391305,Premium,"55600,00","24400,60","280,00"
C001531,suburbana,0,34.11764705882353,Premium,"39930,00","25004,29",
C001532,urbana_premium,0,32.083333333333336,Prepago,"14220,00","5549,29","390,00"
C001533,suburbana,0,35.36585365853659,Premium,"23050,00","14537,21","190,00"
C001534,suburbana,0,35.55555555555556,Prepago,"56010,00","8476,29","340,00"
C001535,suburbana,0,33.265306122448976,Premium,"40930,00","13001,81","620,00"
C001536,urbana_premium,0,35.13513513513514,Premium,,"16332,64","700,00"
C001537,urbana_premium,0,33.68421052631579,Premium,"32100,00","14832,81","150,00"
C001538,rural,1,28.181818181818183,Prepago,"30080,00","3785,95","170,00"
C001539,urbana_premium,0,34,Contrato,"22520,00","7874,53","310,00"
C001540,suburbana,1,30,Premium,"24450,00","5693,75","540,00"
C001541,urbana_premium,0,34.44444444444444,Contrato,"43190,00","15135,16","90,00"
C001542,urbana_premium,0,35.38461538461539,Contrato,"47350,00","5522,50","500,00"
C001543,rural,0,32.69230769230769,Premium,"25040,00","7716,85","380,00"
C001544,urbana_premium,0,38.064516129032256,Premium,"43930,00","10030,38","580,00"
C001545,urbana_premium,0,37.666666666666664,Contrato,"40540,00","18572,44","90,00"
C001546,suburbana,0,33.170731707317074,Premium,"26700,00","7879,94","290,00"
C001547,urbana_premium,0,34,Premium,"61200,00","24659,53","400,00"
C001548,urbana_premium,0,33.92857142857143,Prepago,"73170,00","4929,74","240,00"
C001549,suburbana,0,38.51851851851852,Premium,"29280,00","10855,37","260,00"
C001550,urbana_premium,0,36.27906976744186,Prepago,"25370,00","4653,77","60,00"
C001551,urbana_premium,0,34.074074074074076,Premium,"35250,00","10979,38","200,00"
C001552,suburbana,0,33.666666666666664,Premium,"30730,00","12974,79","100,00"
C001553,urbana_premium,0,37.93103448275862,Premium,"17660,00","23752,86","870,00"
C001554,rural,0,34.09090909090909,Premium,"37090,00","9532,08","420,00"
C001555,urbana_premium,0,34.857142857142854,Prepago,"30610,00","2871,03","1200,00"
C001556,urbana_premium,0,37.5609756097561,Prepago,"28660,00","2798,06","170,00"
C001557,urbana_premium,0,36.666666666666664,Contrato,"33990,00","19063,68","230,00"
C001558,urbana_premium,0,36.42857142857143,Premium,"32440,00","14102,13","600,00"
C001559,suburbana,0,33.65853658536585,Premium,"30410,00","7313,21","310,00"
C001560,suburbana,0,35,Contrato,"39300,00","8112,19","640,00"
C001561,suburbana,0,36.25,Premium,"46580,00","5929,74","840,00"
C001562,rural,0,35.88235294117647,Prepago,"30620,00","4709,82","270,00"
C001563,urbana_premium,0,35.90909090909091,Contrato,"27520,00","9967,00","570,00"
C001564,urbana_premium,0,33.75,Premium,"36840,00","38763,94","600,00"
C001565,urbana_premium,1,36.25,Premium,"39700,00","22666,81","120,00"
C001566,urbana_premium,0,34.81481481481482,Premium,"42620,00","37921,19","710,00"
C001567,suburbana,0,35.75757575757576,Contrato,"35380,00","5007,08","390,00"
C001568,suburbana,0,32.916666666666664,Premium,"30630,00","16306,91","310,00"
C001569,urbana_premium,0,36,Premium,"37140,00","16071,18","300,00"
C001570,urbana_premium,0,37.916666666666664,Premium,"52650,00","10045,09","940,00"
C001571,rural,0,34.2,Prepago,"22160,00","4025,68","260,00"
C001572,urbana_premium,1,35.333333333333336,Prepago,"53500,00","4955,50","360,00"
C001573,suburbana,0,30.967741935483872,Premium,"39630,00","4998,84","550,00"
C001574,suburbana,0,37.03703703703704,Premium,"49570,00","5018,49","520,00"
C001575,urbana_premium,0,35,Contrato,"41310,00","15267,31",
C001576,urbana_premium,0,36.785714285714285,Premium,"63440,00","22289,20","910,00"
C001577,urbana_premium,0,36.5625,Premium,"34420,00","18359,72","110,00"
C001578,suburbana,0,35.294117647058826,Contrato,"33640,00","9581,17","410,00"
C001579,suburbana,0,34.146341463414636,Premium,"38960,00","16041,80","340,00"
C001580,urbana_premium,0,35,Premium,"26870,00","10753,86","390,00"
C001581,urbana_premium,0,35,Premium,"33360,00","20771,69","400,00"
C001582,suburbana,0,36.774193548387096,Contrato,"23600,00","3990,29","200,00"
C001583,rural,1,34.44444444444444,Prepago,"22750,00","4556,05","550,00"
C001584,urbana_premium,0,33.75,Premium,"31770,00","14265,56","520,00"
C001585,urbana_premium,0,36.25,Contrato,"39730,00","13637,03","140,00"
C001586,urbana_premium,0,35.714285714285715,Premium,"37250,00","25387,70","950,00"
C001587,suburbana,0,34,Contrato,"27030,00","8217,22","240,00"
C001588,suburbana,0,31.071428571428573,Contrato,"31430,00","3916,42","340,00"
C001589,urbana_premium,0,32.121212121212125,Prepago,"30140,00","3590,34","90,00"
C001590,urbana_premium,0,34.44444444444444,Premium,"28310,00","13929,95","360,00"
C001591,rural,0,31.61764705882353,Prepago,"15290,00","2207,47","470,00"
C001592,rural,1,33.8235294117647,Premium,"12420,00","12847,69","230,00"
C001593,urbana_premium,0,34.63414634146341,Prepago,"30170,00","6504,67","280,00"
C001594,rural,0,33.41463414634146,Premium,"28030,00","5512,08","460,00"
C001595,suburbana,1,33.57142857142857,Contrato,"27820,00","12334,58","350,00"
C001596,suburbana,0,35.51020408163265,Prepago,"29940,00","3501,63","40,00"
C001597,rural,0,34.08163265306123,Prepago,"20150,00","2313,97","-160,00"
C001598,urbana_premium,0,38.666666666666664,Prepago,"75270,00","5896,16","330,00"
C001599,urbana_premium,0,31.25,Premium,"40560,00","29852,12","540,00"
C001600,urbana_premium,0,36.666666666666664,Premium,"31370,00","21473,00","300,00"
C001601,urbana_premium,0,32,Premium,"26440,00","11987,66","690,00"
C001602,urbana_premium,0,37.083333333333336,Premium,"69720,00","15916,71","430,00"
C001603,suburbana,1,31.428571428571427,Contrato,"18250,00","12491,83",
C001604,urbana_premium,0,37.142857142857146,Contrato,"28980,00","9116,00","240,00"
C001605,urbana_premium,0,34.23076923076923,Prepago,"28990,00","4152,19","290,00"
C001606,urbana_premium,0,36.07142857142857,Prepago,"37810,00","7691,61","110,00"
C001607,urbana_premium,0,35.51724137931034,Premium,"43340,00","19698,79","320,00"
C001608,urbana_premium,0,34.73684210526316,Premium,,"11978,25","270,00"
C001609,suburbana,0,34.8,Prepago,"26240,00","5794,89","300,00"
C001610,suburbana,0,33.529411764705884,Prepago,"18280,00","4357,18","200,00"
C001611,urbana_premium,1,34.583333333333336,Premium,"73310,00","15828,36","280,00"
C001612,urbana_premium,0,32.72727272727273,Prepago,"41990,00","7206,65",
C001613,urbana_premium,0,37,Contrato,"46690,00","23415,42","150,00"
C001614,suburbana,0,33.666666666666664,Contrato,"23530,00","10951,58","310,00"
C001615,suburbana,0,33.333333333333336,Premium,"26870,00","14141,22","490,00"
C001616,rural,0,29.772727272727273,Premium,"35000,00","7341,12",
C001617,rural,1,32.17391304347826,Prepago,"10730,00","4511,10","590,00"
C001618,urbana_premium,0,36,Premium,"50000,00","11338,68",
C001619,suburbana,1,38.484848484848484,Premium,"27340,00","11796,56","430,00"
C001620,suburbana,1,33.46153846153846,Premium,"34480,00","19052,13","570,00"
C001621,rural,0,33.65853658536585,Premium,"41580,00","14480,86","150,00"
C001622,suburbana,0,34,Premium,"25220,00","7347,63","350,00"
C001623,urbana_premium,0,36,Premium,"14870,00","23335,24","530,00"
C001624,suburbana,0,32.96296296296296,Contrato,"20350,00","4189,03","300,00"
C001625,suburbana,0,35.63636363636363,Prepago,"29940,00","2353,61","560,00"
C001626,rural,0,31.864406779661017,Prepago,"41350,00","2355,03","360,00"
C001627,suburbana,0,35.3125,Prepago,"26020,00","4070,86","570,00"
C001628,rural,1,33.75,Premium,"39910,00","7962,64","630,00"
C001629,rural,1,32.63157894736842,Prepago,"10290,00","4726,23","530,00"
C001630,suburbana,0,35.75757575757576,Contrato,,"5090,73","320,00"
C001631,urbana_premium,0,33.93939393939394,Prepago,"55040,00","4629,53","400,00"
C001632,suburbana,0,35.75757575757576,Contrato,"41480,00","2855,03","320,00"
C001633,suburbana,1,34.074074074074076,Contrato,"15040,00","8780,45","120,00"
C001634,suburbana,1,,Premium,"22220,00","6667,00","180,00"
C001635,suburbana,1,34.8,Prepago,"28400,00","5986,48","450,00"
C001636,suburbana,0,33.58974358974359,Prepago,"23630,00","3792,18","1000,00"
C001637,rural,1,31.11111111111111,Premium,"34960,00","9296,43","160,00"
C001638,urbana_premium,0,37.241379310344826,Prepago,"38450,00","8301,97","290,00"
C001639,urbana_premium,0,33.793103448275865,Premium,"23090,00","24814,32","390,00"
C001640,rural,0,31.463414634146343,Premium,"27280,00","16747,89","230,00"
C001641,urbana_premium,0,37.27272727272727,Premium,"45820,00","30923,13","360,00"
C001642,suburbana,0,35,Contrato,"19940,00","9153,35","380,00"
C001643,urbana_premium,0,35,Contrato,"28020,00","17777,03","470,00"
C001644,rural,0,32.11538461538461,Premium,"18100,00","10448,29","430,00"
C001645,rural,1,33.7037037037037,Premium,"37450,00","7269,18","120,00"
C001646,urbana_premium,0,34.516129032258064,Premium,"37110,00","13743,97","740,00"
C001647,urbana_premium,0,33.84615384615385,Premium,"17660,00","19505,44","320,00"
C001648,urbana_premium,1,30,Prepago,"25120,00","5176,44","220,00"
C001649,urbana_premium,0,34.285714285714285,Premium,"49170,00","11398,70","260,00"
C001650,urbana_premium,0,35.15151515151515,Premium,"33180,00","15435,69","120,00"
C001651,urbana_premium,0,36.8,Premium,"24910,00","19240,60","280,00"
C001652,urbana_premium,0,33.214285714285715,Prepago,"33530,00","11727,29",
C001653,urbana_premium,0,36.19047619047619,Premium,"53960,00","16298,89","620,00"
C001654,urbana_premium,0,36.666666666666664,Prepago,"81980,00","7621,18","140,00"
C001655,urbana_premium,0,35.27777777777778,Prepago,"37510,00","9043,30","170,00"
C001656,rural,0,35.53191489361702,Prepago,"27560,00","1736,03","370,00"
C001657,urbana_premium,0,34.21052631578947,Prepago,"36960,00","5915,06","240,00"
C001658,suburbana,0,31.35135135135135,Contrato,"32180,00","3545,14","710,00"
C001659,suburbana,1,31.05263157894737,Premium,"21570,00","20593,54","310,00"
C001660,suburbana,0,33.529411764705884,Prepago,"49430,00","4945,64","410,00"
C001661,urbana_premium,0,35.3125,Prepago,"32600,00","5592,84","440,00"
C001662,suburbana,0,32.61904761904762,Contrato,"20290,00","7767,28","100,00"
C001663,urbana_premium,0,34.857142857142854,Contrato,"29240,00","6008,94","270,00"
C001664,rural,1,31.48148148148148,Contrato,"29300,00","4120,60","110,00"
C001665,urbana_premium,0,34.4,Premium,"29970,00","12766,84","290,00"
C001666,suburbana,0,35.65217391304348,Premium,"50690,00","17459,39","80,00"
C001667,suburbana,1,35,Contrato,"37290,00","9853,18","170,00"
C001668,urbana_premium,0,32.17391304347826,Premium,"51750,00","17974,47","390,00"
C001669,rural,1,34.285714285714285,Premium,"20050,00","11954,75","220,00"
C001670,suburbana,0,34.166666666666664,Contrato,"23980,00","4530,26","320,00"
C001671,urbana_premium,0,38.421052631578945,Prepago,"38720,00","5388,06","860,00"
C001672,suburbana,0,32.68292682926829,Prepago,"19670,00","2427,14","420,00"
C001673,urbana_premium,0,32.857142857142854,Premium,"45160,00","12526,30","610,00"
C001674,urbana_premium,1,36.52173913043478,Contrato,"52770,00","6032,56","80,00"
C001675,urbana_premium,0,35.86206896551724,Premium,"30040,00","27822,09","150,00"
C001676,urbana_premium,0,36.5625,Prepago,"48730,00","5351,74","170,00"
C001677,rural,1,34.54545454545455,Contrato,"25380,00","6743,33","90,00"
C001678,suburbana,0,31.93548387096774,Contrato,"44060,00","4482,08","40,00"
C001679,urbana_premium,0,36,Premium,"68040,00","21961,62","200,00"
C001680,suburbana,0,35.21739130434783,Prepago,"39190,00","2310,43","320,00"
C001681,rural,0,30.90909090909091,Premium,"22760,00","13756,16","200,00"
C001682,urbana_premium,0,34.285714285714285,Premium,"58370,00","37818,24","340,00"
C001683,urbana_premium,0,32.72727272727273,Premium,"38920,00","14953,64","270,00"
C001684,urbana_premium,1,32.38095238095238,Premium,"34880,00","20065,03","180,00"
C001685,urbana_premium,0,39.09090909090909,Prepago,"30920,00","4004,00","120,00"
C001686,urbana_premium,0,38.69565217391305,Contrato,"39610,00","8861,49","320,00"
C001687,urbana_premium,0,33.57142857142857,Prepago,"54410,00","6051,89","200,00"
C001688,urbana_premium,0,36.89655172413793,Contrato,"26680,00","13629,34",
C001689,urbana_premium,0,36.875,Prepago,"24800,00","11623,00","710,00"
C001690,suburbana,1,41.666666666666664,Premium,"19450,00","14332,80","260,00"
C001691,urbana_premium,0,32.758620689655174,Premium,,"19163,17","80,00"
C001692,urbana_premium,0,32.5,Contrato,,"11828,59","200,00"
C001693,urbana_premium,0,37.333333333333336,Premium,"64130,00","21434,29","460,00"
C001694,rural,0,31.914893617021278,Prepago,"19360,00","6299,06","-200,00"
C001695,suburbana,0,33.1578947368421,Prepago,"19430,00","4383,57","190,00"
C001696,suburbana,0,38.38709677419355,Premium,"51410,00","15515,58","260,00"
C001697,rural,0,31.31578947368421,Premium,"17950,00","6387,26","200,00"
C001698,urbana_premium,0,34.21052631578947,Premium,"48490,00","12960,09","90,00"
C001699,urbana_premium,0,34.21052631578947,Premium,"24000,00","12397,19","630,00"
C001700,rural,0,32.27272727272727,Prepago,"24730,00","2594,57","320,00"
C001701,urbana_premium,0,35.416666666666664,Premium,"36150,00","25201,50","320,00"
C001702,suburbana,0,34.73684210526316,Contrato,"18110,00","4716,43","240,00"
C001703,suburbana,0,34.87179487179487,Premium,"57800,00","6698,83","230,00"
C001704,suburbana,1,37.142857142857146,Contrato,"21840,00","14255,27","780,00"
C001705,urbana_premium,0,36.52173913043478,Premium,"27590,00","21796,77","220,00"
C001706,suburbana,0,37.94117647058823,Premium,"23710,00","13447,15","590,00"
C001707,suburbana,0,33.18181818181818,Prepago,"13900,00","5078,03","520,00"
C001708,suburbana,1,35.45454545454545,Prepago,"26580,00","2741,57","350,00"
C001709,urbana_premium,1,32.63157894736842,Contrato,"30440,00","11278,59","510,00"
C001710,urbana_premium,0,35.75757575757576,Premium,"54170,00","16842,62","320,00"
C001711,urbana_premium,0,37.5,Premium,"42750,00","22070,17","300,00"
C001712,suburbana,0,32.5,Contrato,"19130,00","5762,42","330,00"
C001713,suburbana,0,34.35897435897436,Premium,"23720,00","8110,22","1160,00"
C001714,urbana_premium,0,30.689655172413794,Premium,"81400,00","28828,89","320,00"
C001715,urbana_premium,1,35,Contrato,"27820,00","13802,85","350,00"
C001716,urbana_premium,1,25,Premium,"51060,00","16814,00","80,00"
C001717,suburbana,0,36.75,Premium,"23500,00","6617,85","150,00"
C001718,urbana_premium,0,36.2962962962963,Premium,"26940,00","9934,85","220,00"
C001719,rural,0,32.88135593220339,Prepago,"19210,00","4758,08","260,00"
C001720,urbana_premium,0,37.5,Premium,"64040,00","24117,12","480,00"
C001721,suburbana,0,32.857142857142854,Prepago,"17840,00","5119,81","690,00"
C001722,rural,0,32.075471698113205,Prepago,"29210,00","3866,95","120,00"
C001723,suburbana,0,32.64705882352941,Premium,"45680,00","6770,09","270,00"
C001724,urbana_premium,1,31.11111111111111,Premium,"31550,00","7619,73","440,00"
C001725,urbana_premium,0,36.07142857142857,Contrato,"54260,00","8876,46","150,00"
C001726,rural,0,33.793103448275865,Prepago,"31170,00","3410,39","730,00"
C001727,suburbana,0,35.8,Prepago,"22480,00","6314,06","280,00"
C001728,suburbana,0,33.91304347826087,Contrato,"21380,00","3737,86","190,00"
C001729,suburbana,0,36.2962962962963,Premium,"28250,00","11657,49","-370,00"
C001730,suburbana,1,29.09090909090909,Premium,"30960,00","8064,09","120,00"
C001731,urbana_premium,0,38,Premium,"33630,00","19185,18","650,00"
C001732,rural,0,33.20754716981132,Contrato,"28290,00","4676,86","300,00"
C001733,urbana_premium,0,36.2962962962963,Premium,"29200,00","13539,83","640,00"
C001734,urbana_premium,0,33.04347826086956,Premium,"27820,00","13973,78","320,00"
C001735,suburbana,1,39.04761904761905,Premium,"29850,00","17272,15","900,00"
C001736,rural,1,33.529411764705884,Premium,"25150,00","8933,80","110,00"
C001737,urbana_premium,0,37.857142857142854,Premium,"60580,00","18846,43","570,00"
C001738,rural,1,33.07692307692308,Prepago,"27220,00","6064,13","190,00"
C001739,suburbana,1,36.2,Premium,"38210,00","7305,93","710,00"
C001740,urbana_premium,0,34.6875,Premium,"33920,00","21912,66","200,00"
C001741,urbana_premium,0,35,Premium,"34000,00","10823,78","130,00"
C001742,urbana_premium,0,37.58620689655172,Contrato,"30640,00","8754,25","110,00"
C001743,suburbana,0,34.857142857142854,Premium,"31780,00","14208,47","-200,00"
C001744,urbana_premium,1,34.78260869565217,Premium,"40280,00","20032,41","240,00"
C001745,suburbana,0,35.483870967741936,Premium,"30840,00","7290,35","140,00"
C001746,suburbana,0,36.666666666666664,Premium,"27770,00","6339,43","580,00"
C001747,rural,1,33.91304347826087,Premium,"22870,00","12652,92","320,00"
C001748,suburbana,0,36.42857142857143,Premium,"53240,00","13760,11","180,00"
C001749,urbana_premium,0,33.47826086956522,Premium,"42130,00","24921,39","320,00"
C001750,suburbana,0,34.6875,Premium,"36560,00","16937,43","730,00"
C001751,suburbana,0,34,Premium,"35130,00","35722,43","360,00"
C001752,rural,0,32.97872340425532,Contrato,"21840,00","3075,41","190,00"
C001753,urbana_premium,0,35.8974358974359,Prepago,"46190,00","3565,03","150,00"
C001754,urbana_premium,0,35.65217391304348,Prepago,"38560,00","7443,71","-650,00"
C001755,suburbana,0,32.608695652173914,Premium,"19240,00","11317,23","320,00"
C001756,urbana_premium,0,35.51724137931034,Prepago,"31240,00","5541,89","40,00"
C001757,urbana_premium,0,38.125,Premium,"76900,00","14595,22",
C001758,urbana_premium,1,35.55555555555556,Premium,"57580,00","24145,69","180,00"
C001759,urbana_premium,0,31.57894736842105,Premium,"34470,00","13368,43","480,00"
C001760,urbana_premium,0,35.76923076923077,Premium,,"23501,34","230,00"
C001761,suburbana,1,35.67567567567568,Premium,"32180,00","32614,41","210,00"
C001762,urbana_premium,0,39.666666666666664,Premium,"70440,00","31328,36","100,00"
C001763,rural,0,31.4,Prepago,"22190,00","2394,97","310,00"
C001764,suburbana,1,34.166666666666664,Contrato,"32250,00","8528,83","410,00"
C001765,urbana_premium,1,33.80952380952381,Premium,"28960,00","26324,35","320,00"
C001766,suburbana,0,34.4,Premium,"28440,00","4637,20","320,00"
C001767,suburbana,0,35.45454545454545,Contrato,"11420,00","8392,53","160,00"
C001768,suburbana,1,30,Prepago,"32650,00","3362,29","190,00"
C001769,urbana_premium,1,36.36363636363637,Premium,"54380,00","18546,92","290,00"
C001770,urbana_premium,0,32,Premium,"69210,00","14876,89","290,00"
C001771,urbana_premium,0,38,Contrato,"45290,00","9942,94","190,00"
C001772,urbana_premium,0,32.8125,Premium,"33680,00","16890,77","250,00"
C001773,suburbana,0,33.829787234042556,Prepago,"22360,00","7427,83","530,00"
C001774,urbana_premium,0,35.666666666666664,Contrato,"32410,00","9950,63","80,00"
C001775,suburbana,0,34.888888888888886,Prepago,"17040,00","3819,70","1200,00"
C001776,suburbana,0,32.61904761904762,Contrato,"27290,00","9653,62","820,00"
C001777,suburbana,0,31.69811320754717,Prepago,"19410,00","2158,14","120,00"
C001778,suburbana,1,36.15384615384615,Contrato,"24190,00","12608,32","590,00"
C001779,suburbana,0,35.25,Premium,"27750,00","6063,57","220,00"
C001780,urbana_premium,0,35.625,Premium,"42950,00","18484,11","100,00"
C001781,urbana_premium,1,50,Prepago,"21480,00","10036,75","350,00"
C001782,urbana_premium,0,35,Prepago,,"6279,92","190,00"
C001783,urbana_premium,0,29.285714285714285,Prepago,"48660,00","3871,49","560,00"
C001784,urbana_premium,0,34.76190476190476,Contrato,"62470,00","9095,76",
C001785,urbana_premium,0,35.1219512195122,Premium,"37290,00","23896,19","130,00"
C001786,suburbana,0,34.04761904761905,Prepago,"64320,00","7776,89","150,00"
C001787,suburbana,0,31.951219512195124,Prepago,"38090,00","2718,57","230,00"
C001788,suburbana,0,36.666666666666664,Premium,"30460,00","7708,29","380,00"
C001789,suburbana,0,32.5,Prepago,"46060,00","7059,77","130,00"
C001790,suburbana,0,34.81481481481482,Premium,"24960,00","8473,78","470,00"
C001791,urbana_premium,0,37.61904761904762,Contrato,"26520,00","7795,60","90,00"
C001792,suburbana,0,33.84615384615385,Premium,"41260,00","5668,50","150,00"
C001793,rural,1,31.666666666666668,Prepago,"27950,00","2144,37","480,00"
C001794,suburbana,0,32.765957446808514,Prepago,"42960,00","3873,03","230,00"
C001795,urbana_premium,0,37.36842105263158,Premium,"54720,00","17940,94","380,00"
C001796,urbana_premium,0,33.6,Premium,"77360,00","35976,14","-480,00"
C001797,urbana_premium,0,37.666666666666664,Premium,"23030,00","32553,08","90,00"
C001798,urbana_premium,0,35.45454545454545,Contrato,"33810,00","13133,44","210,00"
C001799,suburbana,0,32.5,Premium,"26950,00","15066,69","430,00"
C001800,suburbana,0,32.30769230769231,Premium,"44840,00","22526,59","190,00"
C001801,rural,0,34.41860465116279,Premium,"26450,00","10952,72","260,00"
C001802,suburbana,1,30.76923076923077,Premium,"44900,00","16088,44","630,00"
C001803,urbana_premium,0,35.26315789473684,Premium,"42260,00","32423,00","370,00"
C001804,suburbana,1,37.41935483870968,Premium,"29620,00","13366,00","70,00"
C001805,suburbana,0,35,Premium,"37830,00","18104,29","270,00"
C001806,suburbana,1,34.583333333333336,Premium,"32660,00","14468,24","580,00"
C001807,suburbana,0,33.793103448275865,Premium,"34170,00","14138,31","500,00"
C001808,suburbana,1,31.53846153846154,Prepago,"37450,00","2109,00","210,00"
C001809,rural,0,34.08163265306123,Contrato,"27020,00","6395,31","460,00"
C001810,suburbana,0,36.666666666666664,Premium,"42050,00","13826,94","540,00"
C001811,rural,1,30.90909090909091,Premium,"23640,00","6111,75","160,00"
C001812,suburbana,1,32.63157894736842,Prepago,"31630,00","3584,71","440,00"
C001813,rural,0,31.428571428571427,Prepago,"16350,00","4286,97","160,00"
C001814,urbana_premium,0,36.36363636363637,Premium,"54000,00","11441,84","130,00"
C001815,urbana_premium,0,37.83783783783784,Prepago,"69670,00","8760,66","310,00"
C001816,suburbana,0,34.44444444444444,Premium,"15860,00","25931,29","130,00"
C001817,urbana_premium,0,38.214285714285715,Premium,"47900,00","17984,47",
C001818,urbana_premium,0,35.833333333333336,Contrato,"36370,00","8015,69","150,00"
C001819,urbana_premium,0,36,Premium,"35880,00","13399,97","250,00"
C001820,suburbana,0,33,Premium,"37130,00","11683,09","750,00"
C001821,urbana_premium,0,38.529411764705884,Prepago,"37880,00","7381,83","940,00"
C001822,urbana_premium,0,33.07692307692308,Premium,"43910,00","26684,06","90,00"
C001823,suburbana,0,36.5625,Contrato,"26280,00","16044,71","780,00"
C001824,urbana_premium,1,38,Premium,"64810,00","41646,70","220,00"
C001825,rural,0,33.18181818181818,Premium,"21400,00","14826,22","530,00"
C001826,suburbana,0,34.680851063829785,Prepago,"22840,00","9568,60","140,00"
C001827,urbana_premium,0,34.666666666666664,Premium,"43220,00","11336,31","390,00"
C001828,urbana_premium,0,35.294117647058826,Contrato,"28580,00","9528,68","390,00"
C001829,urbana_premium,0,37.77777777777778,Premium,"41560,00","25386,64","540,00"
C001830,urbana_premium,0,35.76923076923077,Premium,"68120,00","13458,38","900,00"
C001831,urbana_premium,1,39,Premium,"37680,00","42206,19","200,00"
C001832,urbana_premium,0,36,Prepago,"23830,00","6300,58","410,00"
C001833,suburbana,0,35.30612244897959,Contrato,"25780,00","6356,86","310,00"
C001834,urbana_premium,0,34.166666666666664,Premium,"50870,00","27035,88","790,00"
C001835,rural,1,32.5,Contrato,"24100,00","4382,95","550,00"
C001836,suburbana,0,34.074074074074076,Contrato,"38100,00","6862,69","490,00"
C001837,rural,0,33.17460317460318,Prepago,"18600,00","2045,79","40,00"
C001838,suburbana,1,30.9375,Prepago,"25810,00","4677,86","910,00"
C001839,urbana_premium,0,32.94117647058823,Prepago,"47780,00","4328,18","80,00"
C001840,rural,0,32.56410256410256,Prepago,"40800,00","1993,06","90,00"
C001841,suburbana,1,35.45454545454545,Contrato,"26030,00","7877,77","190,00"
C001842,urbana_premium,0,36.53846153846154,Premium,"38780,00","13650,89","300,00"
C001843,urbana_premium,0,34,Premium,"56250,00","12868,56","400,00"
C001844,urbana_premium,0,35.6,Premium,"40070,00","16380,37","410,00"
C001845,urbana_premium,0,38.333333333333336,Premium,"47850,00","10036,56","320,00"
C001846,suburbana,0,35.15151515151515,Premium,"23010,00","8180,83","490,00"
C001847,suburbana,0,36.111111111111114,Contrato,"29850,00","9339,39",
C001848,suburbana,0,36.875,Contrato,"23980,00","4545,20","720,00"
C001849,suburbana,0,35.55555555555556,Premium,"16530,00","5542,25","260,00"
C001850,urbana_premium,0,36.42857142857143,Contrato,"28090,00","13736,27","210,00"
C001851,urbana_premium,1,34,Premium,"44780,00","24548,35","220,00"
C001852,urbana_premium,0,32.77777777777778,Premium,"46430,00","14482,25","520,00"
C001853,urbana_premium,0,33.333333333333336,Premium,"50090,00","12002,44","160,00"
C001854,urbana_premium,0,35,Premium,"45740,00","21441,35","150,00"
C001855,suburbana,0,33.05555555555556,Prepago,"27580,00","4096,59","270,00"
C001856,suburbana,0,37.75,Prepago,"15690,00","5341,25","290,00"
C001857,rural,0,31.08695652173913,Premium,"15560,00","12706,69","390,00"
C001858,urbana_premium,0,37,Premium,"56340,00","20493,79","120,00"
C001859,urbana_premium,0,35,Premium,"28510,00","24532,11",
C001860,urbana_premium,0,33.529411764705884,Premium,"37290,00","15250,14","400,00"
C001861,urbana_premium,0,37.142857142857146,Premium,"39130,00","11631,89","700,00"
C001862,suburbana,1,31.05263157894737,Prepago,"18360,00","2018,73","210,00"
C001863,suburbana,1,32.8125,Premium,"33490,00","24067,34","810,00"
C001864,suburbana,0,33.63636363636363,Premium,"50880,00","6944,86","540,00"
C001865,suburbana,0,34.61538461538461,Contrato,"29610,00","8769,16","60,00"
C001866,suburbana,0,34.074074074074076,Premium,"27130,00","7831,26","560,00"
C001867,urbana_premium,0,39.61538461538461,Premium,"25520,00","13616,54","240,00"
C001868,rural,0,33.59375,Prepago,"21090,00","3588,64","350,00"
C001869,suburbana,0,33.86363636363637,Prepago,"36030,00","1939,15","130,00"
C001870,urbana_premium,0,36.2962962962963,Premium,"38190,00","16114,11","140,00"
C001871,urbana_premium,1,38.125,Contrato,"32820,00","13412,96","110,00"
C001872,suburbana,1,34.166666666666664,Premium,"42390,00","13543,67","340,00"
C001873,suburbana,1,34.473684210526315,Prepago,"27200,00","2376,96","400,00"
C001874,suburbana,0,34.23076923076923,Prepago,"25660,00","2257,59","80,00"
C001875,urbana_premium,0,37.083333333333336,Contrato,"40220,00","12473,29","120,00"
C001876,urbana_premium,0,37.69230769230769,Premium,"60480,00","17776,54","120,00"
C001877,urbana_premium,0,34,Contrato,"36260,00","9910,60","70,00"
C001878,suburbana,0,33.72093023255814,Premium,"21870,00","15287,82","230,00"
C001879,suburbana,0,36.94444444444444,Premium,"36080,00","12347,54","960,00"
C001880,suburbana,0,31.03448275862069,Prepago,"26540,00","2291,97","310,00"
C001881,urbana_premium,0,34.583333333333336,Contrato,"46480,00","7276,94","230,00"
C001882,suburbana,0,33.611111111111114,Prepago,"14550,00","5260,03","420,00"
C001883,rural,1,32.857142857142854,Contrato,"23520,00","11732,00","490,00"
C001884,urbana_premium,1,36.36363636363637,Premium,"35090,00","21948,24","210,00"
C001885,suburbana,0,32.57142857142857,Prepago,"21310,00","4298,28","140,00"
C001886,suburbana,0,34.09090909090909,Contrato,"19500,00","4209,51","190,00"
C001887,urbana_premium,0,36.25,Contrato,"34700,00","14428,47","70,00"
C001888,rural,1,30,Prepago,"15970,00","3579,22","110,00"
C001889,suburbana,0,33.888888888888886,Contrato,"10560,00","16243,11","410,00"
C001890,suburbana,0,31.666666666666668,Prepago,"19760,00","3703,68","110,00"
C001891,urbana_premium,0,36.666666666666664,Premium,"24990,00","19518,31","90,00"
C001892,urbana_premium,0,31.304347826086957,Contrato,"38670,00","12822,49","660,00"
C001893,suburbana,0,34.411764705882355,Contrato,"19660,00","7228,41","920,00"
C001894,suburbana,1,35.172413793103445,Premium,"29800,00","7253,74","290,00"
C001895,suburbana,0,34.642857142857146,Premium,"21350,00","16625,03","470,00"
C001896,urbana_premium,0,33.75,Premium,"50340,00","16521,64","330,00"
C001897,rural,0,32.03389830508475,Premium,"26470,00","13733,94","280,00"
C001898,urbana_premium,0,33.2,Premium,,"12819,88","530,00"
C001899,suburbana,0,33.1578947368421,Prepago,"31350,00","1776,77","100,00"
C001900,rural,0,31.458333333333332,Contrato,"28390,00","12748,18","220,00"
C001901,urbana_premium,0,33.529411764705884,Premium,,"19181,21","290,00"
C001902,suburbana,1,32.6530612244898,Premium,"31320,00","30321,61","120,00"
C001903,suburbana,0,34.516129032258064,Prepago,"14260,00","4307,26","240,00"
C001904,urbana_premium,0,33.513513513513516,Premium,"31930,00","16668,28","250,00"
C001905,urbana_premium,0,36.206896551724135,Premium,"29150,00","11713,81","380,00"
C001906,suburbana,0,32.391304347826086,Prepago,"43060,00","2718,86","330,00"
C001907,suburbana,0,34.54545454545455,Contrato,"26000,00","3802,20","420,00"
C001908,suburbana,0,36,Contrato,"23540,00","4720,97","260,00"
C001909,urbana_premium,0,36.36363636363637,Prepago,"46910,00","5382,38","310,00"
C001910,urbana_premium,0,33.57142857142857,Premium,"22490,00","12518,25","480,00"
C001911,rural,0,31.20689655172414,Contrato,"22530,00","3346,95","1040,00"
C001912,urbana_premium,0,38.5,Contrato,"19170,00","10918,37","80,00"
C001913,urbana_premium,0,36,Prepago,"29750,00","6040,81","770,00"
C001914,suburbana,0,34.73684210526316,Contrato,"25350,00","8970,56","40,00"
C001915,urbana_premium,0,38.51851851851852,Contrato,"63740,00","17402,81","140,00"
C001916,rural,0,32.6,Premium,,"13552,74","440,00"
C001917,rural,1,32.888888888888886,Contrato,"17000,00","10087,66","140,00"
C001918,rural,0,34.26229508196721,Prepago,,"4695,94","-240,00"
C001919,urbana_premium,0,37.333333333333336,Contrato,"63370,00","7469,24","400,00"
C001920,urbana_premium,1,35,Premium,"18650,00","18931,85","160,00"
C001921,urbana_premium,0,27.36842105263158,Premium,"50160,00","27418,27","580,00"
C001922,urbana_premium,0,34.44444444444444,Premium,"43710,00","30180,69","230,00"
C001923,urbana_premium,0,35,Premium,"36740,00","19380,03","710,00"
C001924,suburbana,0,37.027027027027025,Prepago,"26740,00","3917,67","290,00"
C001925,urbana_premium,0,35.806451612903224,Premium,"63300,00","21365,81","270,00"
C001926,suburbana,0,34.642857142857146,Premium,"38330,00","20022,28","140,00"
C001927,suburbana,0,34.680851063829785,Contrato,"20730,00","9332,29","130,00"
C001928,suburbana,1,32.5,Premium,"30040,00","8513,00","340,00"
C001929,suburbana,1,35,Prepago,"46090,00","3141,22","400,00"
C001930,suburbana,0,33.714285714285715,Premium,"35980,00","11216,43","250,00"
C001931,suburbana,0,31.86046511627907,Contrato,"32680,00","8826,78","480,00"
C001932,rural,1,30.90909090909091,Prepago,"14710,00","3879,94","470,00"
C001933,urbana_premium,0,36.774193548387096,Premium,"86010,00","19238,56","410,00"
C001934,urbana_premium,0,38.69565217391305,Premium,"49270,00","11603,69","190,00"
C001935,suburbana,1,30,Premium,"55650,00","22971,33","240,00"
C001936,suburbana,0,31.35135135135135,Premium,"33120,00","6179,33","640,00"
C001937,urbana_premium,0,36.774193548387096,Premium,"38030,00","15021,41","210,00"
C001938,urbana_premium,0,36.45161290322581,Premium,"30550,00","10233,89","390,00"
C001939,urbana_premium,1,31.11111111111111,Premium,"53850,00","19731,42","230,00"
C001940,suburbana,0,34.75,Premium,"50350,00","15020,00","290,00"
C001941,rural,1,34.82142857142857,Contrato,"33420,00","7618,92","180,00"
C001942,suburbana,0,33.5,Premium,"65650,00","21391,03","400,00"
C001943,suburbana,0,32.926829268292686,Prepago,"31210,00","3430,42","380,00"
C001944,urbana_premium,0,37.407407407407405,Prepago,"30800,00","3538,11","100,00"
C001945,urbana_premium,0,34.333333333333336,Premium,"41880,00","17425,83","150,00"
C001946,urbana_premium,0,38.92857142857143,Contrato,"50720,00","10505,26","810,00"
C001947,rural,0,34.44444444444444,Contrato,"21180,00","7981,08","150,00"
C001948,urbana_premium,0,37.142857142857146,Contrato,"37700,00","8849,92","-100,00"
C001949,suburbana,0,36.486486486486484,Contrato,"32130,00","4187,24","410,00"
C001950,urbana_premium,0,36.5,Premium,"45490,00","25366,86","280,00"
C001951,urbana_premium,0,37.77777777777778,Premium,"40130,00","36592,88",
C001952,rural,0,33.265306122448976,Prepago,"24990,00","5628,30","70,00"
C001953,urbana_premium,0,36.25,Premium,"47820,00","14979,36","350,00"
C001954,urbana_premium,0,36.89655172413793,Premium,"50090,00","13211,83","140,00"
C001955,urbana_premium,1,31.666666666666668,Contrato,"32190,00","12732,88","130,00"
C001956,urbana_premium,1,38,Prepago,"20130,00","5208,10","80,00"
C001957,suburbana,0,36,Contrato,"20730,00","4582,11","410,00"
C001958,suburbana,0,37.2,Premium,"35030,00","9850,21","-300,00"
C001959,suburbana,0,34.666666666666664,Contrato,"23080,00","8589,89","170,00"
C001960,rural,1,32.8,Contrato,"25480,00","7482,94","300,00"
C001961,rural,0,35.689655172413794,Contrato,"22760,00","13277,81","370,00"
C001962,suburbana,0,32.4,Premium,"30520,00","23673,26","470,00"
C001963,urbana_premium,0,36.857142857142854,Contrato,"45460,00","14019,71","280,00"
C001964,urbana_premium,0,31.93548387096774,Premium,"58050,00","20648,31","380,00"
C001965,rural,0,32.142857142857146,Premium,"23080,00","16513,24",
C001966,suburbana,0,32.41379310344828,Premium,"20700,00","21058,17","150,00"
C001967,rural,0,33.40425531914894,Contrato,"25890,00","3571,14","520,00"
C001968,suburbana,1,35.714285714285715,Premium,"38260,00","18073,35",
C001969,urbana_premium,0,34.074074074074076,Contrato,"17390,00","10738,06","760,00"
C001970,urbana_premium,0,36.785714285714285,Premium,,"20946,24","530,00"
C001971,suburbana,0,34.285714285714285,Premium,"30120,00","16400,81","240,00"
C001972,urbana_premium,0,39.04761904761905,Premium,"32350,00","21072,00","630,00"
C001973,rural,0,33.142857142857146,Premium,"24330,00","6740,80","360,00"
C001974,rural,0,34.03846153846154,Premium,"18660,00","19586,31","220,00"
C001975,urbana_premium,0,33.333333333333336,Premium,"53130,00","14077,71","190,00"
C001976,rural,0,34.716981132075475,Contrato,"23640,00","5125,06","250,00"
C001977,urbana_premium,0,37.096774193548384,Premium,"20390,00","27514,95","180,00"
C001978,urbana_premium,0,35.714285714285715,Premium,"49440,00","16594,25","470,00"
C001979,rural,0,31.724137931034484,Contrato,"30660,00","7779,74","370,00"
C001980,rural,0,33.77358490566038,Premium,"22910,00","24554,43","280,00"
C001981,suburbana,1,35,Prepago,"15660,00","3541,27","70,00"
C001982,suburbana,1,35,Premium,"40870,00","17778,34","360,00"
C001983,suburbana,1,35.625,Prepago,"20850,00","3192,89","120,00"
C001984,urbana_premium,0,35.45454545454545,Premium,"33730,00","18103,50","260,00"
C001985,suburbana,0,37.333333333333336,Prepago,"24380,00","2642,00","170,00"
C001986,urbana_premium,0,37.27272727272727,Premium,"23130,00","13490,44","750,00"
C001987,urbana_premium,0,34.166666666666664,Premium,"38360,00","27136,58","210,00"
C001988,suburbana,1,36.5,Premium,"32000,00","20235,62","190,00"
C001989,suburbana,0,33.529411764705884,Prepago,"31020,00","3260,22","360,00"
C001990,urbana_premium,0,35,Contrato,"35570,00","13479,41","490,00"
C001991,suburbana,0,36.666666666666664,Contrato,"22970,00","15477,14","710,00"
C001992,suburbana,0,36.44444444444444,Contrato,"49850,00","14531,73","400,00"
C001993,suburbana,0,35.535714285714285,Prepago,"31810,00","2950,76","390,00"
C001994,suburbana,1,32.35294117647059,Contrato,"21490,00","3602,00","550,00"
C001995,urbana_premium,0,35.88235294117647,Premium,"44660,00","23693,88","760,00"
C001996,urbana_premium,0,33.84615384615385,Premium,"43480,00","23588,74","830,00"
C001997,urbana_premium,0,38.46153846153846,Premium,"47470,00","20411,63","820,00"
C001998,suburbana,1,30,Prepago,"29480,00","2198,00","350,00"
C001999,suburbana,0,34.074074074074076,Contrato,"23970,00","4654,21","120,00"
C002000,suburbana,0,34.35897435897436,Premium,"18460,00","8290,06","520,00"
C002001,suburbana,0,33.125,Contrato,"24760,00","5071,67","590,00"
C002002,suburbana,0,32.72727272727273,Contrato,"16700,00","5452,58","340,00"
C002003,urbana_premium,0,37.77777777777778,Premium,"42530,00","15218,64","440,00"
C002004,suburbana,0,32.5,Prepago,"16990,00","1903,66","90,00"
C002005,urbana_premium,0,34.166666666666664,Premium,"33800,00","20165,46","300,00"
C002006,urbana_premium,0,39.44444444444444,Contrato,"49400,00","9974,89","170,00"
C002007,urbana_premium,0,32.82051282051282,Premium,"35170,00","12112,08","200,00"
C002008,urbana_premium,0,35,Premium,"37490,00","8716,62","210,00"
C002009,urbana_premium,0,36.45161290322581,Premium,"44700,00","21262,00",
C002010,suburbana,0,34.285714285714285,Premium,"35680,00","8423,17","290,00"
C002011,suburbana,1,31.29032258064516,Contrato,"42870,00","7755,13","120,00"
C002012,urbana_premium,1,38.333333333333336,Premium,"46620,00","32381,25","280,00"
C002013,urbana_premium,0,33.714285714285715,Premium,"43380,00","14569,83","550,00"
C002014,suburbana,0,36.95652173913044,Contrato,"15000,00","16929,74","520,00"
C002015,suburbana,0,34,Prepago,"32440,00","2715,41","190,00"
C002016,suburbana,0,34.285714285714285,Prepago,"53270,00","4925,47","460,00"
C002017,urbana_premium,0,34.73684210526316,Premium,"48010,00","21205,14","550,00"
C002018,suburbana,0,32.1875,Contrato,"41850,00","10711,29","620,00"
C002019,rural,0,32.12765957446808,Contrato,"18340,00","4012,51","260,00"
C002020,suburbana,0,34.72222222222222,Premium,"29100,00","13023,91",
C002021,suburbana,0,34.883720930232556,Contrato,"36320,00","7149,32","200,00"
C002022,urbana_premium,0,36.45161290322581,Premium,"44700,00","15524,32","680,00"
C002023,suburbana,1,32.666666666666664,Prepago,"39310,00","4604,24","110,00"
C002024,urbana_premium,1,37,Prepago,"25730,00","4716,44","290,00"
C002025,suburbana,0,34.5,Premium,"22580,00","6676,83","120,00"
C002026,suburbana,0,34.44444444444444,Contrato,"18950,00","7870,91","170,00"
C002027,urbana_premium,0,35.21739130434783,Contrato,"41900,00","8567,50","60,00"
C002028,suburbana,0,34.857142857142854,Contrato,"27920,00","9203,89","350,00"
C002029,suburbana,0,33.333333333333336,Contrato,"27850,00","9005,43","230,00"
C002030,urbana_premium,0,37.10526315789474,Prepago,"30160,00","5849,22","120,00"
C002031,suburbana,0,33.4375,Prepago,"22190,00","4410,76","260,00"
C002032,urbana_premium,0,35.26315789473684,Premium,"38300,00","11488,68","330,00"
C002033,suburbana,1,35.38461538461539,Premium,"43920,00","14442,14","150,00"
C002034,suburbana,0,31.951219512195124,Contrato,"51590,00","13149,78","130,00"
C002035,suburbana,0,36.09756097560975,Premium,"51660,00","12749,46","-190,00"
C002036,urbana_premium,0,36.8,Premium,"32490,00","11191,42","30,00"
C002037,urbana_premium,0,30.476190476190474,Premium,"25300,00","14012,77","520,00"
C002038,suburbana,0,33.05555555555556,Premium,"40610,00","6717,26","450,00"
C002039,urbana_premium,1,40,Premium,"59800,00","28224,67","190,00"
C002040,urbana_premium,0,36.45161290322581,Prepago,"44300,00","6534,51","220,00"
C002041,urbana_premium,0,32.41379310344828,Prepago,"37970,00","7347,85","20,00"
C002042,urbana_premium,0,34.44444444444444,Premium,"30740,00","21361,66","1030,00"
C002043,suburbana,0,33.77777777777778,Prepago,"36850,00","8142,41","170,00"
C002044,urbana_premium,0,32.142857142857146,Contrato,"46820,00","19440,11","250,00"
C002045,suburbana,0,32.57142857142857,Prepago,"32910,00","4275,22","290,00"
C002046,suburbana,0,34.63414634146341,Contrato,"20240,00","3730,91","290,00"
C002047,suburbana,0,35.75,Contrato,"21050,00","3581,33","200,00"
C002048,suburbana,0,34.04761904761905,Prepago,"28850,00","5779,23","230,00"
C002049,urbana_premium,0,38.26086956521739,Premium,"55120,00","22032,85","230,00"
C002050,suburbana,1,32.5,Premium,"40990,00","24129,35","100,00"
C002051,suburbana,1,33.1578947368421,Prepago,"25920,00","5139,14","150,00"
C002052,suburbana,1,32.36842105263158,Prepago,,"2820,70","410,00"
C002053,suburbana,0,32.35294117647059,Contrato,"47570,00","4287,56","450,00"
C002054,suburbana,0,35.27777777777778,Premium,"46020,00","9758,57","520,00"
C002055,suburbana,0,36,Premium,"31130,00","12591,44","410,00"
C002056,urbana_premium,0,36.95652173913044,Premium,"32930,00","26919,47","240,00"
C002057,suburbana,0,35.15151515151515,Contrato,"26770,00","4397,66","120,00"
C002058,urbana_premium,0,34.78260869565217,Premium,"53020,00","25153,20","180,00"
C002059,urbana_premium,0,37.05882352941177,Premium,"46190,00","19052,06","50,00"
C002060,rural,0,31.176470588235293,Premium,"19990,00","13957,64","320,00"
C002061,urbana_premium,0,35.88235294117647,Prepago,"82710,00","9635,94","510,00"
C002062,urbana_premium,0,34.333333333333336,Premium,"22410,00","12707,43","440,00"
C002063,urbana_premium,0,27.727272727272727,Premium,"31010,00","24267,43","320,00"
C002064,suburbana,1,37.5,Contrato,"24340,00","4272,82","360,00"
C002065,suburbana,0,33.23529411764706,Contrato,"30940,00","4188,47","30,00"
C002066,urbana_premium,1,39,Premium,"56890,00","22544,06","540,00"
C002067,urbana_premium,0,34.09090909090909,Premium,"51160,00","22091,86","350,00"
C002068,urbana_premium,0,33.91304347826087,Premium,"40010,00","19464,74","690,00"
C002069,urbana_premium,0,34.78260869565217,Contrato,"24050,00","12998,11","300,00"
C002070,urbana_premium,0,38.18181818181818,Premium,"53470,00","16714,86","450,00"
C002071,suburbana,0,32.16216216216216,Prepago,"20040,00","2724,50","110,00"
C002072,suburbana,0,34.642857142857146,Premium,"25900,00","6409,87","260,00"
C002073,urbana_premium,0,38.57142857142857,Prepago,"37280,00","10618,65","400,00"
C002074,suburbana,0,35.4054054054054,Contrato,"22470,00","6939,03","340,00"
C002075,suburbana,0,33.225806451612904,Prepago,"22320,00","2679,51","390,00"
C002076,suburbana,0,34.333333333333336,Prepago,"40660,00","2344,11","860,00"
C002077,suburbana,0,32.36842105263158,Premium,"49590,00","10610,36","380,00"
C002078,rural,0,33.125,Premium,"22620,00","16770,08","420,00"
C002079,urbana_premium,0,36.666666666666664,Premium,"20540,00","10747,21","240,00"
C002080,suburbana,0,40.4,Premium,"32890,00","12275,31",
C002081,suburbana,0,35.45454545454545,Prepago,"23360,00","2433,29","50,00"
C002082,rural,0,33.93939393939394,Contrato,"26340,00","4622,50","50,00"
C002083,suburbana,1,31.11111111111111,Contrato,"33060,00","9418,15","310,00"
C002084,urbana_premium,0,36.31578947368421,Premium,"19810,00","13177,86","240,00"
C002085,suburbana,1,31.333333333333332,Contrato,"26000,00","4078,86","300,00"
C002086,urbana_premium,0,32.857142857142854,Premium,"47490,00","19433,37","610,00"
C002087,suburbana,0,34.411764705882355,Premium,"28850,00","15625,08","460,00"
C002088,suburbana,0,30.25,Prepago,"20310,00","9411,00","220,00"
C002089,rural,1,34.44444444444444,Premium,"29210,00","14062,17","450,00"
C002090,urbana_premium,0,37.77777777777778,Premium,"21370,00","17375,17","390,00"
C002091,rural,1,35,Prepago,"25200,00","6764,18",
C002092,suburbana,0,36.1764705882353,Premium,"24680,00","14768,44","250,00"
C002093,urbana_premium,0,35,Prepago,"44560,00","4527,43","620,00"
C002094,rural,1,36.07142857142857,Contrato,"21430,00","12569,67","100,00"
C002095,urbana_premium,0,32.857142857142854,Premium,"45380,00","18177,86","990,00"
C002096,suburbana,0,35.55555555555556,Premium,"48000,00","12593,54","400,00"
C002097,suburbana,0,33.421052631578945,Premium,"38010,00","16396,26","10,00"
C002098,urbana_premium,0,34.09090909090909,Premium,"48490,00","26356,66","250,00"
C002099,urbana_premium,0,37.77777777777778,Premium,"46940,00","14625,19","240,00"
C002100,urbana_premium,0,31.304347826086957,Premium,"20990,00","19145,57","310,00"
C002101,rural,0,32.5531914893617,Premium,"23880,00","8003,03","560,00"
C002102,urbana_premium,0,36.666666666666664,Contrato,"42070,00","6733,67","120,00"
C002103,urbana_premium,1,36.666666666666664,Premium,"46450,00","11014,38","440,00"
C002104,urbana_premium,1,34.285714285714285,Premium,"37160,00","10647,00",
C002105,urbana_premium,0,36.333333333333336,Contrato,"49170,00","9123,11","230,00"
C002106,suburbana,0,31.48936170212766,Premium,"21310,00","18749,94","570,00"
C002107,rural,1,34.705882352941174,Premium,"46630,00","27346,40","150,00"
C002108,suburbana,0,32.68292682926829,Prepago,"36240,00","5546,89","90,00"
C002109,suburbana,1,22.5,Premium,"21600,00","5759,75","160,00"
C002110,urbana_premium,0,35.95238095238095,Prepago,"61510,00","7443,51","690,00"
C002111,suburbana,0,36.333333333333336,Contrato,"20170,00","4088,77","270,00"
C002112,suburbana,0,33.125,Contrato,"29910,00","3725,63","250,00"
C002113,urbana_premium,0,36.45161290322581,Premium,,"10290,69","350,00"
C002114,rural,1,33.333333333333336,Prepago,"20110,00","3173,00","590,00"
C002115,suburbana,0,33.63636363636363,Premium,"28560,00","11785,97","230,00"
C002116,urbana_premium,0,33.75,Premium,"39130,00","13553,46","300,00"
C002117,urbana_premium,0,35.86206896551724,Contrato,"26290,00","8686,94","190,00"
C002118,suburbana,0,35.806451612903224,Premium,"32800,00","18199,81","540,00"
C002119,urbana_premium,1,37.22222222222222,Contrato,"38320,00","14176,58","80,00"
C002120,urbana_premium,0,35.65217391304348,Premium,"75580,00","13551,62","240,00"
C002121,urbana_premium,0,33.75,Premium,"64340,00","22373,09","300,00"
C002122,suburbana,1,32,Contrato,"23060,00","4071,63","320,00"
C002123,urbana_premium,1,35.294117647058826,Premium,"36430,00","23135,55","310,00"
C002124,rural,0,35,Contrato,"18210,00","7255,11","290,00"
C002125,suburbana,0,32.64705882352941,Premium,"27260,00","17083,47","420,00"
C002126,suburbana,1,34,Prepago,"40270,00","3961,56","170,00"
C002127,suburbana,0,34.390243902439025,Contrato,"28760,00","4345,94","140,00"
C002128,suburbana,0,31.666666666666668,Contrato,"25030,00","14953,59","310,00"
C002129,suburbana,0,37.027027027027025,Premium,"36850,00","14665,00","230,00"
C002130,suburbana,1,33.75,Prepago,"15130,00","6662,10","460,00"
C002131,rural,1,36.25,Prepago,"20280,00","2774,50","770,00"
C002132,urbana_premium,0,35.78947368421053,Premium,"61830,00","12047,25","310,00"
C002133,suburbana,0,36.95652173913044,Premium,"48960,00","6454,43","240,00"
C002134,urbana_premium,0,32.121212121212125,Premium,"60440,00","16495,97","660,00"
C002135,urbana_premium,0,36.92307692307692,Premium,"24880,00","37861,09","210,00"
C002136,suburbana,1,34.666666666666664,Prepago,"19320,00","2459,00","1080,00"
C002137,suburbana,1,32.63157894736842,Premium,"25080,00","15520,91","140,00"
C002138,urbana_premium,0,36.666666666666664,Premium,"38440,00","33356,94","450,00"
C002139,urbana_premium,0,32.94117647058823,Prepago,"29610,00","4961,31","300,00"
C002140,suburbana,0,33.72093023255814,Contrato,"16550,00","7165,51","140,00"
C002141,urbana_premium,0,38.05555555555556,Premium,"52960,00","16166,61","550,00"
C002142,suburbana,0,33.44827586206897,Premium,"38910,00","7858,74","710,00"
C002143,urbana_premium,0,38.18181818181818,Contrato,"31130,00","13584,37","330,00"
C002144,urbana_premium,0,33.75,Premium,"49110,00","12633,30","230,00"
C002145,suburbana,1,33.6,Contrato,"41470,00","4835,05","170,00"
C002146,urbana_premium,0,36,Premium,"16640,00","14170,42","130,00"
C002147,suburbana,0,36.285714285714285,Premium,"37340,00","5495,09","710,00"
C002148,suburbana,0,34.57142857142857,Contrato,"29180,00","11786,31","150,00"
C002149,urbana_premium,0,31.666666666666668,Contrato,"15880,00","13988,69","-90,00"
C002150,suburbana,0,35.4054054054054,Prepago,"42570,00","2949,06","210,00"
C002151,rural,1,25.555555555555557,Contrato,"23870,00","5044,45","70,00"
C002152,suburbana,0,35.483870967741936,Prepago,"17050,00","6510,54","550,00"
C002153,urbana_premium,0,33.84615384615385,Premium,"43990,00","17927,46","470,00"
C002154,urbana_premium,0,38.8235294117647,Premium,"40780,00","19317,74","350,00"
C002155,urbana_premium,1,32.666666666666664,Premium,"46250,00","12986,11","170,00"
C002156,suburbana,1,34.857142857142854,Premium,"15150,00","7328,03","150,00"
C002157,suburbana,0,31.4,Prepago,"26830,00","2523,71","350,00"
C002158,urbana_premium,0,34.642857142857146,Prepago,"27160,00","5176,51","310,00"
C002159,suburbana,0,34.583333333333336,Premium,"28160,00","15969,97","440,00"
C002160,suburbana,0,36,Prepago,"16450,00","4951,79","130,00"
C002161,suburbana,0,35.90909090909091,Contrato,"20160,00","3640,19","80,00"
C002162,urbana_premium,0,36.785714285714285,Premium,"65610,00","17515,45","450,00"
C002163,suburbana,0,33.333333333333336,Contrato,"44760,00","3206,31","180,00"
C002164,suburbana,0,37.5,Contrato,"41880,00","10001,39","80,00"
C002165,urbana_premium,0,33.92857142857143,Premium,"64040,00","21159,95","420,00"
C002166,urbana_premium,0,35,Contrato,"19900,00","7612,26","200,00"
C002167,urbana_premium,0,36.31578947368421,Premium,"37530,00","15144,89","400,00"
C002168,suburbana,0,34.32432432432432,Premium,"32470,00","9935,64","640,00"
C002169,suburbana,0,35.357142857142854,Premium,"26030,00","11871,72","210,00"
C002170,urbana_premium,0,33.5,Premium,"19960,00","14049,58","650,00"
C002171,suburbana,1,35,Contrato,"40610,00","7521,50","260,00"
C002172,urbana_premium,0,31.764705882352942,Contrato,"47520,00","7388,00","140,00"
C002173,urbana_premium,0,34.44444444444444,Premium,"30800,00","20803,97","270,00"
C002174,urbana_premium,0,34.666666666666664,Premium,"51460,00","13902,86","410,00"
C002175,suburbana,0,38.333333333333336,Premium,"31140,00","24955,08","380,00"
C002176,urbana_premium,0,35,Premium,"47780,00","17824,03","870,00"
C002177,suburbana,0,37.714285714285715,Prepago,"21650,00","7127,38","90,00"
C002178,urbana_premium,0,34.583333333333336,Premium,"41610,00","13676,73","450,00"
C002179,urbana_premium,0,36.76470588235294,Contrato,"41770,00","12849,14","150,00"
C002180,urbana_premium,0,36.666666666666664,Premium,"35300,00","25509,22","420,00"
C002181,urbana_premium,0,33.125,Prepago,"15010,00","6843,41","720,00"
C002182,urbana_premium,0,34.473684210526315,Prepago,"40650,00","3378,83","210,00"
C002183,suburbana,0,33.214285714285715,Contrato,"32420,00","9288,61","310,00"
C002184,urbana_premium,0,36.4,Premium,"27490,00","16401,03","860,00"
C002185,suburbana,0,32.857142857142854,Premium,"36420,00","29977,39","290,00"
C002186,urbana_premium,0,32.666666666666664,Premium,"41700,00","17062,08","680,00"
C002187,urbana_premium,0,36.31578947368421,Premium,"44170,00","12850,53","600,00"
C002188,urbana_premium,0,32.72727272727273,Premium,"33540,00","17742,86","550,00"
C002189,urbana_premium,0,33.611111111111114,Prepago,"21050,00","4854,51","160,00"
C002190,urbana_premium,0,34.390243902439025,Prepago,"21210,00","4906,38","180,00"
C002191,urbana_premium,1,27.5,Premium,"48690,00","15573,00","420,00"
C002192,urbana_premium,0,32.96296296296296,Premium,"26100,00","13210,78","390,00"
C002193,rural,0,32.264150943396224,Premium,,"24252,53","410,00"
C002194,rural,0,34.5,Contrato,"31150,00","3408,24","110,00"
C002195,urbana_premium,1,37.857142857142854,Prepago,"18120,00","10697,75","190,00"
C002196,urbana_premium,1,26.666666666666668,Premium,"21810,00","41882,00","230,00"
C002197,suburbana,0,35,Prepago,"39290,00","4581,00","180,00"
C002198,urbana_premium,0,31.428571428571427,Premium,"39420,00","12264,19","540,00"
C002199,urbana_premium,0,36.4,Premium,"19050,00","20458,82","450,00"
C002200,rural,0,34.82142857142857,Prepago,"19900,00","4018,00","210,00"
C002201,urbana_premium,1,35,Premium,"40710,00","31535,40","130,00"
C002202,urbana_premium,0,35.55555555555556,Prepago,"26030,00","4362,94","520,00"
C002203,urbana_premium,1,34.54545454545455,Prepago,"23070,00","3219,08","50,00"
C002204,rural,0,33.6,Prepago,"12860,00","4755,85","1060,00"
C002205,suburbana,1,33.23529411764706,Contrato,"40090,00","13940,79","90,00"
C002206,urbana_premium,0,33.2,Premium,"55150,00","18188,52","360,00"
C002207,rural,0,33.214285714285715,Premium,"30230,00","7050,03","1000,00"
C002208,suburbana,0,36.470588235294116,Prepago,"45880,00","2072,29","430,00"
C002209,urbana_premium,0,30.90909090909091,Premium,"59920,00","13103,40","380,00"
C002210,suburbana,1,33,Prepago,"17540,00","2191,12","80,00"
C002211,suburbana,0,33.958333333333336,Premium,"42320,00","6834,94","870,00"
C002212,suburbana,1,33.42857142857143,Premium,"31000,00","14241,52","250,00"
C002213,urbana_premium,0,30.5,Premium,"74420,00","22541,85","610,00"
C002214,urbana_premium,0,36.666666666666664,Premium,"120000,00","19823,46","150,00"
C002215,urbana_premium,0,33.03030303030303,Premium,"35740,00","16952,22","370,00"
C002216,suburbana,1,35,Contrato,"26790,00","15357,75","50,00"
C002217,urbana_premium,1,34.666666666666664,Prepago,"33470,00","6055,57","210,00"
C002218,urbana_premium,0,37.5,Premium,"39250,00","16802,74","230,00"
C002219,urbana_premium,0,36.111111111111114,Premium,,"15852,67","360,00"
C002220,suburbana,0,31.21212121212121,Premium,"75050,00","7191,22",
C002221,suburbana,0,36.21621621621622,Contrato,"31340,00","5095,26","330,00"
C002222,suburbana,1,33.57142857142857,Prepago,"25650,00","3483,00","30,00"
C002223,suburbana,1,35.45454545454545,Prepago,"29950,00","3907,50","180,00"
C002224,rural,0,33.148148148148145,Prepago,"17390,00","1071,59","130,00"
C002225,urbana_premium,0,36.875,Premium,"21270,00","17864,57","250,00"
C002226,urbana_premium,0,36.774193548387096,Contrato,"36340,00","8546,64","610,00"
C002227,suburbana,0,36,Premium,"67460,00","6754,71","140,00"
C002228,suburbana,0,33.529411764705884,Premium,"40680,00","6909,92","350,00"
C002229,suburbana,0,33.7037037037037,Premium,"25200,00","18568,36","230,00"
C002230,suburbana,0,33.25,Premium,"33710,00","10455,03","440,00"
C002231,suburbana,0,34.473684210526315,Premium,"71860,00","6865,11","-400,00"
C002232,rural,1,34.0625,Prepago,"24890,00","2958,21","450,00"
C002233,suburbana,0,30.333333333333332,Premium,"21830,00","17649,08","510,00"
C002234,urbana_premium,0,38.8235294117647,Premium,"39210,00","18144,24","230,00"
C002235,rural,0,32.55813953488372,Contrato,"29060,00","3986,22","50,00"
C002236,urbana_premium,0,34.73684210526316,Premium,"44290,00","24734,89","500,00"
C002237,urbana_premium,0,35,Prepago,"63640,00","4764,64","780,00"
C002238,suburbana,0,34,Prepago,"30870,00","2577,51","120,00"
C002239,rural,0,32.83018867924528,Prepago,"10220,00","4654,74","380,00"
C002240,suburbana,1,34.285714285714285,Premium,"35160,00","14280,45","-130,00"
C002241,urbana_premium,0,35.6,Premium,"44090,00","21630,84","390,00"
C002242,rural,1,31.142857142857142,Prepago,"26140,00","5254,52","740,00"
C002243,rural,0,31.785714285714285,Prepago,"17250,00","2260,18","380,00"
C002244,urbana_premium,1,35.625,Contrato,"76900,00","12067,15","110,00"
C002245,suburbana,0,33.888888888888886,Premium,"20370,00","7886,32","130,00"
C002246,rural,1,,Prepago,"16470,00","5263,00","480,00"
C002247,urbana_premium,0,34.11764705882353,Premium,"35330,00","15259,46","220,00"
C002248,suburbana,0,32.61904761904762,Premium,"47420,00","14157,76","370,00"
C002249,suburbana,0,34.83870967741935,Premium,"48150,00","12779,65","100,00"
C002250,suburbana,0,31.21212121212121,Prepago,"37300,00","3704,42","240,00"
C002251,suburbana,1,30,Premium,"40750,00","8120,82","660,00"
C002252,urbana_premium,0,39,Contrato,"24260,00","8928,68","440,00"
C002253,suburbana,1,34.411764705882355,Prepago,"16440,00","4431,00","320,00"
C002254,urbana_premium,0,35,Contrato,"33600,00","11189,70","370,00"
C002255,urbana_premium,0,37.5,Premium,"52190,00","17135,34","-710,00"
C002256,suburbana,0,34.54545454545455,Premium,"41010,00","5972,72","520,00"
C002257,urbana_premium,1,33.333333333333336,Contrato,"28240,00","8953,82","420,00"
C002258,urbana_premium,0,37.142857142857146,Premium,"27190,00","12635,77","120,00"
C002259,rural,0,34.04255319148936,Premium,"34950,00","13964,97","490,00"
C002260,suburbana,1,31.25,Premium,"31860,00","12150,20","240,00"
C002261,suburbana,0,34.193548387096776,Prepago,"14440,00","5030,66","310,00"
C002262,suburbana,0,39.0625,Contrato,"20110,00","7961,64","200,00"
C002263,suburbana,0,35.42857142857143,Premium,"35330,00","11018,94","380,00"
C002264,suburbana,0,31.25,Premium,"19680,00","8489,33","570,00"
C002265,suburbana,1,37.5,Contrato,"21120,00","7539,00","550,00"
C002266,urbana_premium,1,35.55555555555556,Contrato,"27470,00","9354,00","150,00"
C002267,urbana_premium,0,35,Premium,"51990,00","22207,00",
C002268,urbana_premium,1,37.5,Premium,"38150,00","17806,13","290,00"
C002269,rural,0,33.57142857142857,Premium,"41740,00","7488,75","380,00"
C002270,urbana_premium,0,35.75757575757576,Premium,"32940,00","22779,42","200,00"
C002271,suburbana,0,35.26315789473684,Contrato,"27690,00","4822,69","160,00"
C002272,rural,1,31.6,Premium,"26100,00","7651,08","320,00"
C002273,urbana_premium,1,36.785714285714285,Premium,"30760,00","19177,00","220,00"
C002274,suburbana,0,33.529411764705884,Prepago,"17040,00","5884,49","360,00"
C002275,urbana_premium,0,36,Prepago,"33830,00","9422,00","320,00"
C002276,suburbana,1,33.75,Premium,"22940,00","7937,00","340,00"
C002277,suburbana,0,33.8235294117647,Premium,"28520,00","6889,33","290,00"
C002278,rural,0,31.58730158730159,Prepago,"18830,00","1896,46","80,00"
C002279,suburbana,1,31.724137931034484,Contrato,"34900,00","7587,53","130,00"
C002280,suburbana,0,31.612903225806452,Contrato,"26350,00","15057,81","80,00"
C002281,suburbana,0,36.666666666666664,Prepago,"16930,00","3851,95","400,00"
C002282,rural,1,33.77777777777778,Premium,"18670,00","14094,69","410,00"
C002283,suburbana,0,33.7037037037037,Prepago,"19570,00","3758,44","40,00"
C002284,suburbana,0,34.11764705882353,Premium,"58400,00","18314,92","710,00"
C002285,rural,1,33.40909090909091,Premium,"23590,00","16652,48","250,00"
C002286,suburbana,0,34.8,Premium,"37650,00","3919,33","90,00"
C002287,urbana_premium,0,37.04545454545455,Prepago,"37010,00","6758,58","-370,00"
C002288,urbana_premium,0,35.2,Contrato,"72730,00","7542,78","70,00"
C002289,rural,1,32,Prepago,"14930,00","4224,88","160,00"
C002290,urbana_premium,0,34.583333333333336,Prepago,"29010,00","6333,14","150,00"
C002291,urbana_premium,0,33.07692307692308,Premium,"56510,00","24606,60","400,00"
C002292,suburbana,0,33.24324324324324,Premium,"24870,00","7603,36","620,00"
C002293,rural,0,31.53846153846154,Prepago,"17870,00","3113,83","220,00"
C002294,suburbana,0,34.24242424242424,Prepago,"24490,00","3433,00","160,00"
C002295,urbana_premium,0,31.904761904761905,Premium,,"30983,81","150,00"
C002296,suburbana,0,34.680851063829785,Prepago,"60970,00","2445,29","370,00"
C002297,rural,1,36,Prepago,"26800,00","6854,38","140,00"
C002298,suburbana,0,33.333333333333336,Contrato,"31930,00","4827,29","280,00"
C002299,rural,1,30,Contrato,"30540,00","3527,20","350,00"
C002300,rural,0,36,Premium,"26630,00","10933,78","730,00"
C002301,urbana_premium,0,37,Premium,"40700,00","42724,38","870,00"
C002302,urbana_premium,1,36.666666666666664,Premium,"32690,00","15593,13","240,00"
C002303,urbana_premium,0,34.23076923076923,Premium,"30860,00","24851,37","630,00"
C002304,urbana_premium,0,36.4,Premium,"45540,00","23946,81",
C002305,suburbana,1,31.29032258064516,Contrato,"31300,00","7784,04","210,00"
C002306,suburbana,0,34.86486486486486,Premium,"49840,00","24977,57","550,00"
C002307,suburbana,0,31.304347826086957,Prepago,"27230,00","8191,00","310,00"
C002308,suburbana,0,32.75,Premium,"21560,00","13075,67","420,00"
C002309,urbana_premium,0,36.81818181818182,Premium,"22950,00","22502,03","820,00"
C002310,urbana_premium,0,34,Premium,"29250,00","33913,85","220,00"
C002311,suburbana,0,33.57142857142857,Premium,"18020,00","12741,78","320,00"
C002312,suburbana,0,32.7027027027027,Prepago,"44540,00","7066,75","830,00"
C002313,suburbana,0,33.529411764705884,Prepago,"25690,00","2078,92","600,00"
C002314,urbana_premium,0,34.4,Premium,"29260,00","18087,46","400,00"
C002315,suburbana,0,34.18604651162791,Premium,"35260,00","12742,62","440,00"
C002316,urbana_premium,0,32.35294117647059,Premium,"75720,00","17669,80","550,00"
C002317,urbana_premium,0,34.61538461538461,Premium,"32970,00","25384,16","280,00"
C002318,urbana_premium,1,32,Contrato,"25740,00","14272,08","670,00"
C002319,urbana_premium,0,34.09090909090909,Contrato,"33330,00","9585,05","110,00"
C002320,urbana_premium,1,37.27272727272727,Prepago,"19970,00","4435,33","280,00"
C002321,suburbana,0,35.90909090909091,Premium,"35690,00","9038,11","140,00"
C002322,suburbana,0,30.5,Premium,"36480,00","6328,26","220,00"
C002323,rural,0,30.694444444444443,Prepago,"19910,00","6530,69","140,00"
C002324,suburbana,0,31.428571428571427,Contrato,"20140,00","3981,39","220,00"
C002325,urbana_premium,1,33.03030303030303,Premium,"88670,00","10235,36","830,00"
C002326,suburbana,0,36.12903225806452,Premium,"19390,00","6779,40","200,00"
C002327,rural,1,32.888888888888886,Prepago,"17850,00","4043,68","210,00"
C002328,rural,0,34.130434782608695,Premium,"23490,00","5058,64","310,00"
C002329,urbana_premium,0,32.916666666666664,Premium,"51730,00","13435,75","280,00"
C002330,urbana_premium,0,34.666666666666664,Premium,"36310,00","13245,37","330,00"
C002331,urbana_premium,0,35.625,Premium,"38750,00","19945,91",
C002332,suburbana,0,37.241379310344826,Premium,"36930,00","8741,63","200,00"
C002333,urbana_premium,0,37.30769230769231,Premium,"117550,00","21464,78","190,00"
C002334,urbana_premium,0,37.77777777777778,Contrato,"31250,00","12221,83","90,00"
C002335,suburbana,0,36.857142857142854,Prepago,"24940,00","3296,43","340,00"
C002336,suburbana,1,30,Contrato,"28710,00","3002,80","150,00"
C002337,urbana_premium,1,37.142857142857146,Contrato,"48540,00","9265,56","130,00"
C002338,rural,0,34.130434782608695,Prepago,"56180,00","5112,37","-250,00"
C002339,urbana_premium,0,36.08695652173913,Premium,"36820,00","6795,27","480,00"
C002340,suburbana,0,34.0625,Premium,"36200,00","7656,85","320,00"
C002341,urbana_premium,1,38.26086956521739,Prepago,"17980,00","4991,83","220,00"
C002342,suburbana,1,32.05882352941177,Contrato,"30490,00","3992,73","380,00"
C002343,rural,0,35.77777777777778,Premium,"23100,00","10900,51","460,00"
C002344,urbana_premium,0,34.54545454545455,Premium,,"13506,50","580,00"
C002345,rural,0,35.625,Premium,"19370,00","32486,64","440,00"
C002346,suburbana,0,34.285714285714285,Contrato,"19430,00","6997,00","280,00"
C002347,suburbana,0,32.708333333333336,Prepago,"32300,00","4682,94","130,00"
C002348,suburbana,0,34,Prepago,"17270,00","2213,22","380,00"
C002349,suburbana,0,34.24242424242424,Prepago,"22500,00","2068,70","360,00"
C002350,suburbana,0,34.54545454545455,Contrato,"30390,00","7393,54","190,00"
C002351,rural,0,33.85964912280702,Prepago,"10030,00","4715,14","220,00"
C002352,suburbana,0,32.142857142857146,Premium,"27260,00","32194,19","400,00"
C002353,urbana_premium,0,35,Premium,"66550,00","17270,97","290,00"
C002354,suburbana,1,31.25,Prepago,"16960,00","4760,27","220,00"
C002355,suburbana,1,35.925925925925924,Prepago,"23470,00","9505,79","140,00"
C002356,urbana_premium,0,33.18181818181818,Premium,"47030,00","20277,37","200,00"
C002357,urbana_premium,0,32.857142857142854,Prepago,"50920,00","6105,38","380,00"
C002358,urbana_premium,0,36.19047619047619,Contrato,"39060,00","11620,74","50,00"
C002359,suburbana,0,31.5,Contrato,"27930,00","7499,14","110,00"
C002360,urbana_premium,0,40.588235294117645,Premium,"68270,00","14254,63","210,00"
C002361,urbana_premium,1,33.333333333333336,Premium,"41240,00","13718,38","360,00"
C002362,rural,1,34,Prepago,"16030,00","2004,78","140,00"
C002363,urbana_premium,0,37.69230769230769,Premium,"39920,00","22120,22","390,00"
C002364,urbana_premium,0,33.75,Premium,"36510,00","22612,51","440,00"
C002365,rural,0,31.05263157894737,Prepago,"19910,00","2521,09","90,00"
C002366,suburbana,0,31.86046511627907,Prepago,"16550,00","4666,00","120,00"
C002367,urbana_premium,0,33.47826086956522,Premium,"38180,00","16088,89","410,00"
C002368,suburbana,1,31.6,Premium,"36550,00","12902,32","220,00"
C002369,rural,1,31.020408163265305,Premium,"30190,00","8502,57","550,00"
C002370,suburbana,0,34.516129032258064,Premium,"29930,00","26793,78","720,00"
C002371,urbana_premium,0,34.44444444444444,Premium,"38760,00","14722,69","-1060,00"
C002372,suburbana,0,34.25,Prepago,"24500,00","7000,27","690,00"
C002373,urbana_premium,1,36.92307692307692,Premium,"53710,00","19406,59","190,00"
C002374,urbana_premium,0,33.47826086956522,Premium,"25250,00","13921,37","660,00"
C002375,rural,1,42.72727272727273,Contrato,"19350,00","5355,50","230,00"
C002376,urbana_premium,0,34.583333333333336,Prepago,"28870,00","5260,86","430,00"
C002377,urbana_premium,0,34.8,Premium,"36810,00","13190,35","320,00"
C002378,urbana_premium,0,34.09090909090909,Premium,"60600,00","21396,14","260,00"
C002379,urbana_premium,0,37.61904761904762,Contrato,"25260,00","8109,00","-360,00"
C002380,suburbana,0,34.523809523809526,Contrato,"32870,00","3047,54","580,00"
C002381,suburbana,1,39.23076923076923,Contrato,"33130,00","20800,67","240,00"
C002382,urbana_premium,0,34.642857142857146,Contrato,"27310,00","14094,72","190,00"
C002383,urbana_premium,0,34.516129032258064,Premium,"35780,00","40529,74","-580,00"
C002384,rural,0,33.333333333333336,Prepago,"16960,00","5102,29","730,00"
C002385,suburbana,0,33.48837209302326,Prepago,"30880,00","2022,84","160,00"
C002386,urbana_premium,0,37.241379310344826,Contrato,"36720,00","11029,29","130,00"
C002387,suburbana,1,34.5,Premium,"50480,00","26789,62","320,00"
C002388,suburbana,0,37.05882352941177,Premium,"22800,00","15116,00","800,00"
C002389,rural,1,36.15384615384615,Prepago,"21860,00","8126,33","440,00"
C002390,suburbana,1,37.27272727272727,Premium,"26160,00","8640,27","280,00"
C002391,urbana_premium,0,36.666666666666664,Premium,"61540,00","20237,36","390,00"
C002392,urbana_premium,0,32.5,Contrato,"32220,00","10729,67","80,00"
C002393,suburbana,0,35.76923076923077,Premium,"21820,00","6444,00","720,00"
C002394,rural,0,32.093023255813954,Contrato,"17690,00","3945,67","330,00"
C002395,urbana_premium,1,38.888888888888886,Premium,"29000,00","24493,19","180,00"
C002396,suburbana,0,34.35897435897436,Prepago,"24320,00","3089,44","100,00"
C002397,urbana_premium,0,36.8,Premium,,"20414,06","790,00"
C002398,rural,0,32.69230769230769,Prepago,"23340,00","9128,50","530,00"
C002399,urbana_premium,0,39.25925925925926,Premium,,"14043,50","400,00"
C002400,suburbana,0,32.69230769230769,Contrato,"36480,00","3923,53","160,00"
C002401,urbana_premium,0,35.25,Prepago,"38830,00","5836,53","280,00"
C002402,urbana_premium,0,34.21052631578947,Premium,"67520,00","11678,69",
C002403,urbana_premium,0,36,Contrato,"45070,00","12944,77","280,00"
C002404,urbana_premium,0,36.42857142857143,Premium,,"21629,56","110,00"
C002405,urbana_premium,0,36.25,Premium,"77340,00","11454,53","690,00"
C002406,urbana_premium,1,37.142857142857146,Prepago,"44560,00","4820,14","190,00"
C002407,suburbana,0,35.294117647058826,Prepago,"27650,00","2425,62","110,00"
C002408,urbana_premium,0,34.146341463414636,Contrato,"28240,00","10190,27","150,00"
C002409,suburbana,0,33.48837209302326,Contrato,"49570,00","6628,54","390,00"
C002410,urbana_premium,0,36,Premium,"26890,00","12124,72","170,00"
C002411,suburbana,1,34.166666666666664,Prepago,"20010,00","4247,00","170,00"
C002412,suburbana,0,34.8780487804878,Contrato,"20040,00","7705,83",
C002413,suburbana,0,32.926829268292686,Contrato,"22910,00","10032,19","270,00"
C002414,suburbana,0,35.25,Contrato,"30270,00","4780,69","220,00"
C002415,urbana_premium,0,36.470588235294116,Premium,"34920,00","20122,78","430,00"
C002416,suburbana,0,33.714285714285715,Contrato,"35830,00","14177,67","760,00"
C002417,urbana_premium,0,34.32432432432432,Premium,"26140,00","14525,66","270,00"
C002418,suburbana,1,35,Contrato,,"6796,50","280,00"
C002419,suburbana,0,37.02127659574468,Contrato,"31460,00","10342,49",
C002420,urbana_premium,1,34.81481481481482,Premium,"27310,00","32853,68","260,00"
C002421,urbana_premium,0,37.333333333333336,Prepago,"23760,00","5395,03","500,00"
C002422,rural,1,31.166666666666668,Prepago,"13590,00","7112,83","380,00"
C002423,urbana_premium,0,34.857142857142854,Premium,"37630,00","24365,71","290,00"
C002424,suburbana,0,31.57894736842105,Premium,"29100,00","7034,06","140,00"
C002425,urbana_premium,0,38,Premium,"36750,00","16671,00","450,00"
C002426,rural,0,31.724137931034484,Premium,"35540,00","13556,11","330,00"
C002427,suburbana,1,33.333333333333336,Premium,"33140,00","25728,25","200,00"
C002428,suburbana,0,33.77777777777778,Prepago,"29810,00","4417,17","120,00"
C002429,suburbana,0,34.6875,Contrato,"47780,00","8674,47","230,00"
C002430,urbana_premium,0,35,Premium,"53840,00","21204,68","440,00"
C002431,urbana_premium,0,37.74193548387097,Prepago,"29650,00","3987,29","50,00"
C002432,rural,0,31.555555555555557,Premium,"31090,00","7576,24","310,00"
C002433,urbana_premium,1,31.25,Premium,"71190,00","15684,47","200,00"
C002434,suburbana,0,34.87179487179487,Prepago,"55520,00","2766,81","600,00"
C002435,suburbana,0,30.625,Premium,"41960,00","5533,65","530,00"
C002436,urbana_premium,0,36.15384615384615,Premium,"43840,00","21714,74",
C002437,urbana_premium,0,37.42857142857143,Prepago,"42370,00","5770,09","1100,00"
C002438,rural,0,35,Premium,"38660,00","13878,94","310,00"
C002439,suburbana,0,33.07692307692308,Prepago,"18660,00","5441,11","140,00"
C002440,urbana_premium,0,35,Premium,"59650,00","18358,39","430,00"
C002441,suburbana,0,35.45454545454545,Prepago,"31200,00","4300,26","360,00"
C002442,urbana_premium,0,35.38461538461539,Prepago,"27710,00","3707,88","460,00"
C002443,rural,1,31.818181818181817,Prepago,"15350,00","3808,27","500,00"
C002444,suburbana,0,34.11764705882353,Premium,"16410,00","7365,58","500,00"
C002445,urbana_premium,0,38.666666666666664,Prepago,"46640,00","3887,37","340,00"
C002446,urbana_premium,0,36.36363636363637,Contrato,"75020,00","7552,40","130,00"
C002447,suburbana,1,31.57894736842105,Premium,"25030,00","12043,58","490,00"
C002448,rural,0,34.2,Contrato,"17220,00","6429,23","-390,00"
C002449,urbana_premium,0,35.714285714285715,Prepago,"58430,00","6355,06","150,00"
C002450,urbana_premium,1,37.5,Premium,"39830,00","12656,55","180,00"
C002451,rural,1,32.10526315789474,Premium,"36010,00","14216,50","150,00"
C002452,rural,0,33.92156862745098,Prepago,"16500,00","1282,51","590,00"
C002453,suburbana,1,37.22222222222222,Premium,"37460,00","6349,88","840,00"
C002454,urbana_premium,0,34.411764705882355,Premium,"72250,00","13423,44","580,00"
C002455,suburbana,0,32.708333333333336,Prepago,"20640,00","6765,68","240,00"
C002456,suburbana,0,33.55555555555556,Prepago,"26640,00","1852,71","500,00"
C002457,urbana_premium,0,37.30769230769231,Contrato,"33730,00","8020,94","480,00"
C002458,suburbana,0,34.516129032258064,Premium,"38750,00","13249,92","230,00"
C002459,urbana_premium,0,36.2962962962963,Premium,"59500,00","12237,22","150,00"
C002460,suburbana,0,30.37037037037037,Premium,"23480,00","15018,89","170,00"
C002461,urbana_premium,0,36.36363636363637,Premium,"91760,00","19045,20","240,00"
C002462,suburbana,0,34.57142857142857,Prepago,"30400,00","3337,22","280,00"
C002463,suburbana,0,34.13793103448276,Premium,"24440,00","13731,86","460,00"
C002464,urbana_premium,0,37.61904761904762,Premium,"63090,00","33789,91","380,00"
C002465,rural,1,34.054054054054056,Contrato,"24380,00","8389,28","470,00"
C002466,rural,1,34.21052631578947,Contrato,"20350,00","3448,23","170,00"
C002467,urbana_premium,0,36.666666666666664,Premium,"31660,00","25789,63","440,00"
C002468,urbana_premium,0,38,Prepago,"79890,00","5582,03",
C002469,urbana_premium,0,35.45454545454545,Contrato,"27030,00","7682,57","920,00"
C002470,suburbana,0,33.68421052631579,Prepago,"44210,00","2413,78","120,00"
C002471,suburbana,1,38.125,Contrato,"22440,00","3864,14","920,00"
C002472,suburbana,0,35.88235294117647,Premium,"23970,00","11458,20","910,00"
C002473,rural,0,30.727272727272727,Prepago,"22560,00","5292,89","120,00"
C002474,suburbana,0,34.61538461538461,Premium,"35080,00","5554,76","340,00"
C002475,rural,0,31.85185185185185,Prepago,"13060,00","2065,36","630,00"
C002476,rural,1,26.842105263157894,Prepago,"19190,00","2040,00","60,00"
C002477,urbana_premium,0,33.87096774193548,Prepago,"54870,00","7328,39","140,00"
C002478,rural,0,36.37931034482759,Prepago,"33230,00","2325,06","20,00"
C002479,suburbana,0,35.15151515151515,Premium,"26930,00","6046,28","500,00"
C002480,urbana_premium,0,33.10344827586207,Prepago,"25370,00","4079,06","50,00"
C002481,urbana_premium,0,35.833333333333336,Premium,"41280,00","20724,58","200,00"
C002482,urbana_premium,0,37.36842105263158,Premium,"51240,00","21122,60","460,00"
C002483,suburbana,0,32.333333333333336,Contrato,"31770,00","4074,06","90,00"
C002484,suburbana,0,34.705882352941174,Premium,"48750,00","7781,69","920,00"
C002485,urbana_premium,0,31.6,Premium,"34830,00","12607,75","430,00"
C002486,suburbana,0,30.90909090909091,Contrato,"18790,00","5517,34","480,00"
C002487,urbana_premium,0,32.72727272727273,Premium,"31080,00","24735,68",
C002488,urbana_premium,0,36.15384615384615,Contrato,"38300,00","10697,65","300,00"
C002489,urbana_premium,0,35.2,Contrato,"29920,00","8857,97","180,00"
C002490,rural,0,34.905660377358494,Contrato,"19360,00","3738,18","200,00"
C002491,urbana_premium,0,35.88235294117647,Premium,"53590,00","15032,88","190,00"
C002492,rural,0,32.77777777777778,Premium,"17470,00","6987,49","130,00"
C002493,rural,1,32.8,Premium,"14560,00","7687,10","260,00"
C002494,urbana_premium,0,35.925925925925924,Premium,"50820,00","13852,31","160,00"
C002495,urbana_premium,0,30,Premium,"47980,00","17630,59","1030,00"
C002496,suburbana,0,32.5,Premium,"20730,00","7404,06","250,00"
C002497,suburbana,0,37.5,Premium,"38180,00","6791,71","190,00"
C002498,rural,0,32.10526315789474,Prepago,"15630,00","1783,38","220,00"
C002499,urbana_premium,0,34.54545454545455,Contrato,"29710,00","11586,14","330,00"
C002500,urbana_premium,0,38.57142857142857,Premium,"26000,00","14514,27","240,00"
C002501,suburbana,1,32.27272727272727,Contrato,"25390,00","4266,50","340,00"
C002502,suburbana,1,31.875,Premium,"36320,00","14381,15","50,00"
C002503,urbana_premium,0,35.45454545454545,Premium,"42070,00","12225,51","180,00"
C002504,urbana_premium,0,35.806451612903224,Premium,"28790,00","14834,06","530,00"
C002505,urbana_premium,0,34.827586206896555,Contrato,"40900,00","8432,50","170,00"
C002506,rural,0,32.38095238095238,Contrato,"26540,00","4520,79","180,00"
C002507,urbana_premium,0,33.333333333333336,Premium,"53480,00","14957,47","120,00"
C002508,urbana_premium,0,38.4,Contrato,"43410,00","13766,09","330,00"
C002509,suburbana,0,35.588235294117645,Prepago,"38590,00","2724,39","190,00"
C002510,suburbana,0,32.903225806451616,Prepago,"30490,00","4408,47","470,00"
C002511,urbana_premium,1,35.45454545454545,Premium,"28780,00","31843,85","520,00"
C002512,suburbana,0,35,Prepago,"31550,00","3609,38","270,00"
C002513,urbana_premium,1,32.857142857142854,Premium,"58570,00","30129,16","230,00"
C002514,suburbana,0,35.333333333333336,Premium,"46460,00","12341,12","240,00"
C002515,urbana_premium,1,35,Prepago,"15510,00","5798,33",
C002516,suburbana,0,34.516129032258064,Premium,"37150,00","8113,03","210,00"
C002517,urbana_premium,1,40,Premium,"32200,00","15716,00","660,00"
C002518,urbana_premium,1,38.888888888888886,Premium,"44040,00","14355,91","320,00"
C002519,suburbana,1,34.04255319148936,Prepago,"18480,00","1824,37","40,00"
C002520,rural,0,32.38805970149254,Prepago,"19970,00","2201,78","1000,00"
C002521,urbana_premium,0,35.55555555555556,Premium,"21830,00","22786,67","130,00"
C002522,urbana_premium,1,37.142857142857146,Premium,"32900,00","19342,89","260,00"
C002523,rural,0,31.403508771929825,Premium,"28720,00","29062,44","350,00"
C002524,suburbana,0,31.35135135135135,Contrato,"34830,00","8486,09","470,00"
C002525,urbana_premium,0,38.275862068965516,Contrato,"81120,00","7620,60","330,00"
C002526,urbana_premium,0,34.285714285714285,Premium,"31960,00","20777,26","290,00"
C002527,urbana_premium,0,40.38461538461539,Premium,"28150,00","14098,71","300,00"
C002528,urbana_premium,0,31.904761904761905,Premium,"62170,00","15127,83","190,00"
C002529,urbana_premium,0,36.08695652173913,Contrato,"20990,00","10246,34","270,00"
C002530,suburbana,0,33.095238095238095,Contrato,"31890,00","3511,97","380,00"
C002531,suburbana,0,35.51724137931034,Premium,"35550,00","13765,86","550,00"
C002532,suburbana,0,37.10526315789474,Prepago,"13280,00","2642,11",
C002533,suburbana,1,35.294117647058826,Contrato,"20350,00","4210,50","240,00"
C002534,suburbana,0,36.666666666666664,Premium,"18490,00","5630,00","730,00"
C002535,urbana_premium,0,33.47826086956522,Premium,"51240,00","15551,86","230,00"
C002536,urbana_premium,0,35.78947368421053,Contrato,"30570,00","9818,63","240,00"
C002537,urbana_premium,0,38.57142857142857,Premium,"34940,00","21806,63","250,00"
C002538,suburbana,0,36.829268292682926,Prepago,"16950,00","3886,41","170,00"
C002539,rural,0,32.65625,Prepago,"17490,00","2778,23","350,00"
C002540,urbana_premium,1,33.333333333333336,Prepago,"29030,00","5809,20","90,00"
C002541,urbana_premium,0,34.54545454545455,Premium,"35460,00","40048,34","260,00"
C002542,suburbana,0,34.76190476190476,Contrato,"26780,00","14697,46","170,00"
C002543,suburbana,0,36.05263157894737,Prepago,"49870,00","2770,42","240,00"
C002544,urbana_premium,0,35.15151515151515,Premium,"48760,00","10436,29","230,00"
C002545,suburbana,0,34.89795918367347,Prepago,"16010,00","3988,97","680,00"
C002546,suburbana,0,35.26315789473684,Prepago,"42560,00","3709,26","500,00"
C002547,urbana_premium,0,34.074074074074076,Premium,"52080,00","16069,11","670,00"
C002548,urbana_premium,0,35.5,Premium,"39200,00","17562,08","400,00"
C002549,suburbana,0,33.92857142857143,Premium,"42090,00","5664,47","340,00"
C002550,urbana_premium,0,33.125,Premium,"58310,00","26830,69","380,00"
C002551,suburbana,0,33.40909090909091,Prepago,"25150,00","6567,84","180,00"
C002552,urbana_premium,0,38.529411764705884,Prepago,"24980,00","7325,69","90,00"
C002553,suburbana,0,33.6,Prepago,"36330,00","4935,47","170,00"
C002554,urbana_premium,0,35,Premium,"28770,00","17914,26","390,00"
C002555,urbana_premium,0,37.5,Contrato,"41990,00","11588,86","500,00"
C002556,suburbana,0,32.77777777777778,Premium,"20730,00","7289,03","1200,00"
C002557,suburbana,0,36.666666666666664,Contrato,"41920,00","10278,46","70,00"
C002558,urbana_premium,0,37.407407407407405,Premium,"29340,00","16751,88","520,00"
C002559,urbana_premium,0,38.78787878787879,Premium,"35550,00","38128,51","360,00"
C002560,suburbana,0,34.31372549019608,Prepago,"27070,00","4428,78","820,00"
C002561,rural,0,34,Prepago,"14140,00","2123,15","500,00"
C002562,suburbana,0,34.285714285714285,Contrato,"43500,00","2455,26","190,00"
C002563,rural,0,33.728813559322035,Prepago,"36400,00","7707,75","170,00"
C002564,urbana_premium,1,36.2962962962963,Prepago,"36400,00","5084,74","180,00"
C002565,urbana_premium,0,38.26086956521739,Premium,"29340,00","34057,30","180,00"
C002566,suburbana,0,33.26086956521739,Contrato,"27470,00","10012,14","60,00"
C002567,suburbana,0,35.55555555555556,Contrato,"24970,00","4365,17","130,00"
C002568,suburbana,0,35.945945945945944,Contrato,"29570,00","15771,43","80,00"
C002569,suburbana,1,36.666666666666664,Prepago,"26730,00","2347,08","30,00"
C002570,suburbana,0,35.45454545454545,Premium,"21700,00","8925,43","260,00"
C002571,suburbana,0,37.027027027027025,Prepago,,"5017,42","270,00"
C002572,suburbana,0,35.42857142857143,Prepago,"27660,00","4336,31","820,00"
C002573,urbana_premium,0,37.05882352941177,Premium,"75260,00","22388,97","40,00"
C002574,urbana_premium,0,36.04651162790697,Premium,"39700,00","20334,55","280,00"
C002575,suburbana,1,33.92857142857143,Prepago,"25870,00","2138,95","240,00"
C002576,suburbana,0,37.857142857142854,Premium,"27010,00","4917,74","270,00"
C002577,suburbana,1,37.77777777777778,Premium,"26210,00","25238,63","810,00"
C002578,suburbana,0,36.666666666666664,Prepago,"28720,00","5237,31","60,00"
C002579,urbana_premium,0,38.125,Prepago,"41400,00","3370,33","210,00"
C002580,urbana_premium,0,33.63636363636363,Premium,"25850,00","23071,85","130,00"
C002581,suburbana,0,36.829268292682926,Premium,"20850,00","14956,85",
C002582,suburbana,0,35,Premium,"39170,00","6307,29","290,00"
C002583,suburbana,0,33.7037037037037,Prepago,"35670,00","5200,31","430,00"
C002584,rural,0,33.6,Prepago,"13380,00","1668,00","240,00"
C002585,rural,0,32.4390243902439,Prepago,"27880,00","3293,64","400,00"
C002586,suburbana,0,34.34782608695652,Premium,"40000,00","13797,97","700,00"
C002587,suburbana,0,34.666666666666664,Contrato,"32560,00","15789,19","440,00"
C002588,urbana_premium,0,31.73913043478261,Premium,"21450,00","12436,06",
C002589,suburbana,0,35.26315789473684,Prepago,"18670,00","4882,91","520,00"
C002590,rural,0,33.75,Contrato,"22840,00","9371,24","240,00"
C002591,urbana_premium,0,32.17391304347826,Premium,"73970,00","16292,24","400,00"
C002592,urbana_premium,0,35.21739130434783,Contrato,"31700,00","7823,33","560,00"
C002593,suburbana,1,38.46153846153846,Prepago,"36850,00","3396,73","60,00"
C002594,urbana_premium,0,34.75,Premium,"30550,00","20307,21","370,00"
C002595,urbana_premium,0,32.72727272727273,Premium,"69390,00","24062,61","150,00"
C002596,urbana_premium,0,35.8974358974359,Premium,"38840,00","28174,94","270,00"
C002597,suburbana,0,32.857142857142854,Prepago,"19500,00","5947,09","550,00"
C002598,rural,1,32.75,Prepago,"17450,00","2194,24","160,00"
C002599,urbana_premium,0,37.8125,Prepago,"27970,00","6442,71","250,00"
C002600,urbana_premium,0,36.8,Contrato,"39870,00","7132,36","500,00"
C002601,suburbana,0,35.81395348837209,Premium,"23360,00","5145,71","230,00"
C002602,rural,0,34.31372549019608,Contrato,"19520,00","8182,78","200,00"
C002603,suburbana,0,34.390243902439025,Prepago,"58910,00","1681,69","190,00"
C002604,urbana_premium,1,35.38461538461539,Prepago,"31170,00","5755,78","100,00"
C002605,suburbana,0,36.58536585365854,Prepago,"31710,00","2818,88","390,00"
C002606,urbana_premium,0,34.76190476190476,Premium,"34790,00","16094,19","420,00"
C002607,rural,0,32.3728813559322,Prepago,"22820,00","4662,86","700,00"
C002608,urbana_premium,1,35,Premium,"48340,00","15818,64","180,00"
C002609,rural,0,34.666666666666664,Prepago,"10760,00","2307,41","330,00"
C002610,suburbana,0,36,Premium,"31420,00","16760,09","250,00"
C002611,urbana_premium,0,35.86206896551724,Prepago,"33550,00","7302,29","660,00"
C002612,urbana_premium,1,38.666666666666664,Premium,"40700,00","13258,75","380,00"
C002613,urbana_premium,0,31.818181818181817,Premium,"35650,00","13608,26",
C002614,urbana_premium,0,40,Contrato,"35760,00","10747,61","190,00"
C002615,urbana_premium,0,34.44444444444444,Premium,"42450,00","14833,89","360,00"
C002616,urbana_premium,0,29.583333333333332,Premium,"31570,00","16095,54","220,00"
C002617,rural,0,31.060606060606062,Prepago,"46220,00","4622,68","780,00"
C002618,suburbana,0,31.764705882352942,Contrato,"21290,00","3816,16","490,00"
C002619,urbana_premium,0,35.78947368421053,Prepago,"63340,00","3394,19","430,00"
C002620,urbana_premium,0,40,Premium,"24790,00","41815,31","560,00"
C002621,urbana_premium,1,31.666666666666668,Premium,,"13713,76","560,00"
C002622,urbana_premium,0,33.333333333333336,Premium,"42670,00","15610,50","430,00"
C002623,urbana_premium,0,36.206896551724135,Contrato,"27610,00","11778,94","240,00"
C002624,urbana_premium,0,36.5625,Prepago,"26960,00","7270,31","120,00"
C002625,urbana_premium,0,37.567567567567565,Premium,"34690,00","12676,08","110,00"
C002626,suburbana,0,37.74193548387097,Prepago,"40790,00","2788,31","110,00"
C002627,suburbana,0,31.19047619047619,Contrato,"30680,00","4995,69","420,00"
C002628,suburbana,0,34.72222222222222,Premium,"57860,00","8588,85",
C002629,urbana_premium,0,35,Premium,"46640,00","13151,47","270,00"
C002630,urbana_premium,0,36.111111111111114,Premium,"32610,00","17093,51","200,00"
C002631,suburbana,0,33.333333333333336,Premium,"11610,00","6910,29","50,00"
C002632,urbana_premium,0,37.142857142857146,Premium,"22240,00","12362,58","210,00"
C002633,urbana_premium,0,37.74193548387097,Contrato,"34880,00","16280,91","140,00"
C002634,suburbana,0,35.88235294117647,Premium,"17240,00","12936,21","200,00"
C002635,suburbana,0,35.142857142857146,Contrato,"27870,00","14561,27","60,00"
C002636,suburbana,0,33.41463414634146,Prepago,"32230,00","6303,76","140,00"
C002637,urbana_premium,1,34.73684210526316,Premium,"34550,00","13012,65","190,00"
C002638,rural,0,33,Prepago,"21110,00","3663,50","420,00"
C002639,urbana_premium,0,41.25,Contrato,"75940,00","17535,94","230,00"
C002640,rural,0,33.92857142857143,Prepago,"23760,00","1710,59","390,00"
C002641,rural,0,30.952380952380953,Prepago,"22120,00","4361,54","230,00"
C002642,urbana_premium,0,31.818181818181817,Prepago,"27030,00","4137,24","550,00"
C002643,urbana_premium,0,36.470588235294116,Premium,"38230,00","27049,39","140,00"
C002644,suburbana,0,33.793103448275865,Contrato,"25210,00","5456,09","160,00"
C002645,urbana_premium,0,37.5,Premium,"71910,00","13203,24","510,00"
C002646,urbana_premium,0,37.5,Premium,"46720,00","17946,11","-240,00"
C002647,rural,0,32.241379310344826,Prepago,"38170,00","2480,67","160,00"
C002648,urbana_premium,0,39.411764705882355,Premium,"41170,00","14325,00","90,00"
C002649,rural,0,33.87755102040816,Contrato,"35910,00","13527,55","160,00"
C002650,suburbana,1,35.26315789473684,Prepago,"21000,00","2619,50","240,00"
C002651,suburbana,1,50,Contrato,"32530,00","4214,00","750,00"
C002652,suburbana,0,39.06976744186046,Prepago,"21990,00","4061,76","150,00"
C002653,urbana_premium,0,31.818181818181817,Premium,,"7583,68","380,00"
C002654,rural,0,31.627906976744185,Prepago,"23560,00","4096,58","1100,00"
C002655,suburbana,0,36.15384615384615,Prepago,"21320,00","5972,44","740,00"
C002656,urbana_premium,0,36,Prepago,"22940,00","4681,61","430,00"
C002657,suburbana,0,35.64102564102564,Premium,"42060,00","12623,06","430,00"
C002658,urbana_premium,1,36.31578947368421,Premium,"21260,00","14734,00","250,00"
C002659,suburbana,0,34.44444444444444,Contrato,"53860,00","4612,81","410,00"
C002660,urbana_premium,1,43,Contrato,"28770,00","14577,91","260,00"
C002661,suburbana,0,33.10344827586207,Contrato,"36350,00","4094,68","30,00"
C002662,suburbana,0,35.172413793103445,Premium,"37100,00","4628,49","250,00"
C002663,suburbana,0,31.666666666666668,Premium,"20240,00","6808,83","200,00"
C002664,urbana_premium,0,36.36363636363637,Premium,"44960,00","14954,29","170,00"
C002665,urbana_premium,0,35.833333333333336,Premium,"40650,00","12887,51","300,00"
C002666,urbana_premium,0,38.333333333333336,Premium,"47740,00","13130,58","230,00"
C002667,urbana_premium,0,35.357142857142854,Premium,"58450,00","12955,11","570,00"
C002668,suburbana,0,34.680851063829785,Premium,"39630,00","6801,06","660,00"
C002669,urbana_premium,0,33.5,Premium,"28240,00","10063,94","580,00"
C002670,urbana_premium,0,36.206896551724135,Premium,"36500,00","16763,26","140,00"
C002671,rural,0,31.21212121212121,Prepago,"17400,00","1649,28","-600,00"
C002672,suburbana,0,33.333333333333336,Contrato,"24370,00","4600,47","210,00"
C002673,suburbana,0,34.666666666666664,Premium,"35360,00","6254,97",
C002674,urbana_premium,0,36.19047619047619,Contrato,"47300,00","7082,46","860,00"
C002675,urbana_premium,0,33.4375,Premium,"46920,00","23868,17","180,00"
C002676,urbana_premium,0,30,Premium,"42330,00","10368,78","360,00"
C002677,urbana_premium,0,37.407407407407405,Premium,"44660,00","14308,83","190,00"
C002678,urbana_premium,1,37.27272727272727,Prepago,"32640,00","5501,47","370,00"
C002679,rural,0,34.166666666666664,Contrato,"37250,00","4913,53","380,00"
C002680,suburbana,0,32.82608695652174,Premium,"37660,00","15445,50","700,00"
C002681,urbana_premium,0,37.22222222222222,Contrato,"38000,00","11847,86","660,00"
C002682,suburbana,0,32.77777777777778,Prepago,"44210,00","4112,60","90,00"
C002683,urbana_premium,0,35.2,Contrato,"31960,00","8264,17","790,00"
C002684,urbana_premium,0,35.18518518518518,Prepago,"39910,00","4337,11","250,00"
C002685,urbana_premium,0,38,Premium,"52350,00","11638,41","250,00"
C002686,rural,0,29.78723404255319,Prepago,"15160,00","2642,08","60,00"
C002687,urbana_premium,0,41.73913043478261,Premium,"83330,00","13370,78","370,00"
C002688,suburbana,0,32.857142857142854,Contrato,"24260,00","7930,81","170,00"
C002689,urbana_premium,0,35,Contrato,"32670,00","11037,61","70,00"
C002690,urbana_premium,0,36,Premium,"38550,00","18355,72","350,00"
C002691,urbana_premium,0,35.55555555555556,Prepago,"49590,00","5743,63","200,00"
C002692,suburbana,0,32.42424242424242,Premium,"39940,00","17533,17","720,00"
C002693,urbana_premium,0,31.11111111111111,Premium,"64690,00","17782,11","650,00"
C002694,suburbana,0,34.04255319148936,Contrato,"29150,00","8275,35","190,00"
C002695,urbana_premium,0,33.2,Premium,"42960,00","18415,33","-420,00"
C002696,urbana_premium,0,35.833333333333336,Prepago,"22340,00","5100,84","540,00"
C002697,urbana_premium,0,36.53846153846154,Premium,"26310,00","19707,17","90,00"
C002698,suburbana,1,33.68421052631579,Premium,"28870,00","16264,19","310,00"
C002699,suburbana,0,36.15384615384615,Contrato,"33790,00","4771,36","200,00"
C002700,urbana_premium,1,33.333333333333336,Contrato,"37660,00","14144,75","-40,00"
C002701,suburbana,0,33.78378378378378,Prepago,"35810,00","2881,31","170,00"
C002702,suburbana,0,33.63636363636363,Contrato,"29220,00","4186,83","40,00"
C002703,suburbana,0,35.23809523809524,Premium,"27470,00","5587,14","110,00"
C002704,urbana_premium,0,36.333333333333336,Premium,"88670,00","19425,97","180,00"
C002705,suburbana,0,34.31372549019608,Prepago,"27190,00","2272,58","390,00"
C002706,urbana_premium,0,33.333333333333336,Prepago,"54550,00","3703,42","80,00"
C002707,urbana_premium,0,33.93939393939394,Premium,"24240,00","12215,54","350,00"
C002708,urbana_premium,0,35.6,Prepago,"39960,00","5324,42","460,00"
C002709,urbana_premium,0,35.945945945945944,Prepago,"30230,00","5755,42","150,00"
C002710,suburbana,0,36.666666666666664,Premium,"59610,00","10095,48","430,00"
C002711,urbana_premium,0,36.42857142857143,Premium,"31490,00","19503,88","480,00"
C002712,urbana_premium,0,37.30769230769231,Premium,"37860,00","16437,06","250,00"
C002713,urbana_premium,0,39.411764705882355,Contrato,"28690,00","7462,57","180,00"
C002714,urbana_premium,0,36.41025641025641,Prepago,"28090,00","9534,53","210,00"
C002715,suburbana,0,33.26086956521739,Prepago,"29030,00","5045,92","980,00"
C002716,urbana_premium,1,50,Prepago,"43450,00","4381,67","110,00"
C002717,urbana_premium,0,33.07692307692308,Premium,"55420,00","22742,40","890,00"
C002718,suburbana,0,33.47826086956522,Premium,"24340,00","8293,63","180,00"
C002719,rural,0,35.27272727272727,Prepago,"18850,00","4536,00","400,00"
C002720,suburbana,0,31.666666666666668,Premium,"46740,00","16051,31","150,00"
C002721,urbana_premium,0,33.125,Contrato,"66870,00","7981,75","60,00"
C002722,urbana_premium,0,33.75,Premium,"37170,00","11103,94","830,00"
C002723,suburbana,0,33.4375,Contrato,"35090,00","12838,46","90,00"
C002724,suburbana,0,32.56410256410256,Premium,"53470,00","10900,61","470,00"
C002725,urbana_premium,0,35.23809523809524,Premium,"96730,00","21575,76","370,00"
C002726,rural,0,35.08474576271186,Premium,"26880,00","22914,51","290,00"
C002727,urbana_premium,0,31.11111111111111,Premium,"49820,00","13170,81","480,00"
C002728,urbana_premium,0,35.5,Premium,"40100,00","31831,18","460,00"
C002729,suburbana,0,33.142857142857146,Premium,"17760,00","16376,53","330,00"
C002730,urbana_premium,0,35.483870967741936,Premium,"43210,00","11035,24","110,00"
C002731,rural,1,34,Prepago,"37520,00","2446,55","240,00"
C002732,urbana_premium,0,33.75,Contrato,"29410,00","12368,78","820,00"
C002733,suburbana,0,33.125,Prepago,"15580,00","2073,94","140,00"
C002734,suburbana,0,35,Premium,"36660,00","6745,10","220,00"
C002735,urbana_premium,1,25,Premium,"20700,00","14581,40","-160,00"
C002736,suburbana,0,33.40909090909091,Prepago,"17190,00","2206,20","190,00"
C002737,urbana_premium,0,36.206896551724135,Premium,"21600,00","13030,25","370,00"
C002738,suburbana,1,,Prepago,"14790,00","3067,00","170,00"
C002739,suburbana,1,32.857142857142854,Premium,"43160,00","16902,50","310,00"
C002740,urbana_premium,0,34.09090909090909,Premium,"40170,00","22280,83","220,00"
C002741,suburbana,1,34.61538461538461,Premium,"61230,00","12085,00","690,00"
C002742,suburbana,0,32.758620689655174,Premium,,"13502,65","120,00"
C002743,urbana_premium,0,35.78947368421053,Premium,"78750,00","24892,91","600,00"
C002744,urbana_premium,0,32.857142857142854,Prepago,"30550,00","5243,16","160,00"
C002745,rural,0,28.75,Premium,"26360,00","7098,61","250,00"
C002746,urbana_premium,0,33.63636363636363,Contrato,"24510,00","15179,49","410,00"
C002747,rural,0,32.45614035087719,Premium,"21070,00","12375,26","190,00"
C002748,rural,0,33.63636363636363,Premium,"38360,00","9252,39","350,00"
C002749,urbana_premium,0,34.4,Premium,"37740,00","19560,72","360,00"
C002750,suburbana,1,34.44444444444444,Prepago,"27460,00","5838,00","780,00"
C002751,urbana_premium,0,35.588235294117645,Premium,"37980,00","15277,14","300,00"
C002752,rural,0,32.5531914893617,Contrato,"24410,00","4800,34","30,00"
C002753,suburbana,1,36.42857142857143,Premium,"31360,00","6872,45","410,00"
C002754,suburbana,0,33.87096774193548,Premium,"47530,00","20785,15","590,00"
C002755,urbana_premium,0,32.857142857142854,Premium,"29740,00","18540,14","470,00"
C002756,urbana_premium,0,37.77777777777778,Contrato,"35600,00","10572,97","290,00"
C002757,urbana_premium,0,33.75,Premium,"39610,00","25786,46","220,00"
C002758,suburbana,1,31.904761904761905,Premium,"21730,00","12894,47","460,00"
C002759,suburbana,0,32.972972972972975,Contrato,"25490,00","4362,17","250,00"
C002760,suburbana,0,36.111111111111114,Contrato,"38980,00","14168,05","290,00"
C002761,suburbana,1,30,Premium,"22340,00","20441,50","460,00"
C002762,urbana_premium,0,34.285714285714285,Premium,,"24237,69","740,00"
C002763,suburbana,0,33.170731707317074,Contrato,"52860,00","9155,74","160,00"
C002764,suburbana,0,32.57142857142857,Premium,"31710,00","5786,83",
C002765,suburbana,0,34.89795918367347,Prepago,"36460,00","4508,88","280,00"
C002766,urbana_premium,0,41.81818181818182,Premium,"50120,00","11568,49","320,00"
C002767,suburbana,1,34.61538461538461,Prepago,"36260,00","9205,67","270,00"
C002768,suburbana,0,35,Premium,"30820,00","12969,06","190,00"
C002769,suburbana,0,36.666666666666664,Premium,"78100,00","8759,33","170,00"
C002770,suburbana,0,31.944444444444443,Premium,"23180,00","12525,24","180,00"
C002771,urbana_premium,0,35.65217391304348,Premium,"33430,00","19145,03","200,00"
C002772,urbana_premium,0,34.666666666666664,Contrato,"39260,00","14311,69","130,00"
C002773,urbana_premium,0,30,Premium,"47970,00","13206,29","830,00"
C002774,suburbana,0,30.967741935483872,Premium,"60280,00","11938,86","360,00"
C002775,urbana_premium,0,38.095238095238095,Prepago,"38250,00","4777,14","450,00"
C002776,suburbana,0,35.172413793103445,Contrato,"36500,00","4125,78","90,00"
C002777,suburbana,1,32.142857142857146,Prepago,"34120,00","2853,12","240,00"
C002778,urbana_premium,0,35.15151515151515,Premium,"37180,00","16304,68","490,00"
C002779,urbana_premium,0,35.806451612903224,Premium,"59110,00","40130,91","160,00"
C002780,urbana_premium,0,32.77777777777778,Premium,"44470,00","20951,97","330,00"
C002781,urbana_premium,0,36.31578947368421,Premium,"54100,00","16013,46","230,00"
C002782,suburbana,0,33.91304347826087,Prepago,"26900,00","4116,08","70,00"
C002783,suburbana,0,35.744680851063826,Contrato,"24670,00","4784,43","50,00"
C002784,suburbana,0,34.827586206896555,Contrato,"26440,00","7618,57","290,00"
C002785,rural,0,33.84615384615385,Prepago,"25780,00","2248,86","180,00"
C002786,suburbana,0,34.146341463414636,Premium,"44080,00","29361,72","210,00"
C002787,suburbana,0,33.07692307692308,Contrato,"62100,00","12089,44","60,00"
C002788,suburbana,0,33.44827586206897,Contrato,"31690,00","5943,31","360,00"
C002789,urbana_premium,0,38,Premium,"73480,00","19172,70","1040,00"
C002790,suburbana,0,35.945945945945944,Premium,"37110,00","31666,53","520,00"
C002791,suburbana,0,34.375,Contrato,"23590,00","4559,94","140,00"
C002792,suburbana,0,34.61538461538461,Contrato,"31080,00","3799,09","40,00"
C002793,rural,1,35.714285714285715,Premium,"30390,00","15112,29","390,00"
C002794,suburbana,0,33.333333333333336,Premium,"40090,00","6265,06","630,00"
C002795,suburbana,1,33.87096774193548,Contrato,"25200,00","3115,47","350,00"
C002796,urbana_premium,0,37.1875,Contrato,"33790,00","9362,17","220,00"
C002797,suburbana,0,30.697674418604652,Premium,"26510,00","16608,09","510,00"
C002798,suburbana,0,35.526315789473685,Prepago,"27820,00","2361,97","280,00"
C002799,suburbana,1,35.416666666666664,Premium,"33170,00","6503,18","270,00"
C002800,urbana_premium,0,32.8,Premium,"74120,00","16520,84","500,00"
C002801,suburbana,0,36.08695652173913,Prepago,"25720,00","5021,26","600,00"
C002802,urbana_premium,0,35.483870967741936,Premium,"21560,00","16330,34","190,00"
C002803,rural,0,34.26229508196721,Prepago,"12790,00","2588,74","120,00"
C002804,urbana_premium,0,37.6,Premium,"50940,00","16009,58","360,00"
C002805,urbana_premium,0,35.357142857142854,Premium,"31630,00","10436,45","410,00"
C002806,urbana_premium,0,36.2962962962963,Premium,"42060,00","21527,94","310,00"
C002807,suburbana,0,36.486486486486484,Premium,"23270,00","8476,11","570,00"
C002808,rural,1,30,Premium,"22040,00","5935,21","430,00"
C002809,rural,0,35,Contrato,"20720,00","4436,11","320,00"
C002810,urbana_premium,0,38.96551724137931,Premium,"30100,00","11721,03","240,00"
C002811,suburbana,0,33.4375,Premium,"45950,00","23121,33","840,00"
C002812,urbana_premium,0,37.5,Premium,"60540,00","15792,81","580,00"
C002813,suburbana,0,33.05555555555556,Premium,"37290,00","17179,71","850,00"
C002814,suburbana,0,36.13636363636363,Premium,"60960,00","17205,97","390,00"
C002815,suburbana,0,33.92857142857143,Premium,"18810,00","9743,86","210,00"
C002816,suburbana,0,35.333333333333336,Premium,"27690,00","31207,08","560,00"
C002817,urbana_premium,0,37.2,Premium,"33870,00","16824,14","300,00"
C002818,urbana_premium,1,34,Premium,"49060,00","33854,67","270,00"
C002819,suburbana,0,31.785714285714285,Contrato,"19180,00","10828,83","220,00"
C002820,urbana_premium,0,34.23076923076923,Premium,"48350,00","13537,29","530,00"
C002821,urbana_premium,0,33.84615384615385,Premium,"23100,00","25262,74","280,00"
C002822,suburbana,0,32.22222222222222,Premium,"38730,00","6710,08","330,00"
C002823,rural,0,34.130434782608695,Premium,"34780,00","14791,84","230,00"
C002824,urbana_premium,1,36.111111111111114,Premium,"25760,00","10797,08","250,00"
C002825,suburbana,1,37.22222222222222,Contrato,"26210,00","6359,77",
C002826,rural,1,35,Premium,"35210,00","7957,86","40,00"
C002827,urbana_premium,0,35.714285714285715,Premium,"62300,00","16961,36","640,00"
C002828,rural,0,31.296296296296298,Contrato,"14090,00","4619,91","560,00"
C002829,urbana_premium,0,39.09090909090909,Prepago,"43670,00","4841,53","300,00"
C002830,rural,0,31.3953488372093,Prepago,"29180,00","8331,75","140,00"
C002831,rural,0,34.18604651162791,Prepago,"23140,00","4425,56","200,00"
C002832,suburbana,0,31.379310344827587,Premium,"49280,00","7707,19","190,00"
C002833,urbana_premium,0,35.483870967741936,Prepago,"31610,00","5649,09","80,00"
C002834,urbana_premium,1,,Premium,,"26711,00","190,00"
C002835,suburbana,0,34.411764705882355,Prepago,"23670,00","6698,89","360,00"
C002836,suburbana,0,33.25,Premium,"32480,00","12043,62","190,00"
C002837,suburbana,1,29.565217391304348,Premium,"27130,00","12819,08","430,00"
C002838,urbana_premium,1,26.666666666666668,Premium,"51940,00","18213,88","380,00"
C002839,suburbana,0,35.208333333333336,Prepago,"26400,00","3150,69","320,00"
C002840,suburbana,0,36.25,Contrato,"28130,00","6874,29","260,00"
C002841,urbana_premium,0,35.78947368421053,Premium,"41820,00","20154,94","420,00"
C002842,suburbana,1,36.89655172413793,Premium,"22710,00","5884,24","230,00"
C002843,suburbana,1,33.63636363636363,Contrato,"43340,00","12000,57","70,00"
C002844,urbana_premium,0,33.888888888888886,Premium,"49570,00","16555,62","810,00"
C002845,rural,1,36,Contrato,"29730,00","13015,00","180,00"
C002846,urbana_premium,0,35,Contrato,"27290,00","10429,71","190,00"
C002847,urbana_premium,0,35.51724137931034,Premium,"66990,00","10633,28","300,00"
C002848,suburbana,1,35.23809523809524,Premium,"15890,00","25301,74","890,00"
C002849,urbana_premium,0,32.94117647058823,Premium,"50540,00","24431,63","540,00"
C002850,suburbana,0,36.774193548387096,Premium,"31910,00","6798,17","400,00"
C002851,suburbana,0,34.25,Premium,"38380,00","24652,82","290,00"
C002852,suburbana,0,33.513513513513516,Contrato,"28180,00","7622,11","190,00"
C002853,urbana_premium,0,33.87096774193548,Contrato,"40190,00","7665,03","340,00"
C002854,suburbana,0,35.625,Contrato,"38830,00","3550,81","160,00"
C002855,urbana_premium,1,32.5,Premium,"39010,00","23535,56","240,00"
C002856,urbana_premium,0,36.4,Contrato,"42090,00","10713,14","580,00"
C002857,rural,0,34.074074074074076,Premium,"25820,00","25871,22","310,00"
C002858,suburbana,0,31.764705882352942,Prepago,"65520,00","7009,58","360,00"
C002859,rural,0,33.06122448979592,Premium,"13540,00","6418,57","230,00"
C002860,suburbana,1,35,Prepago,"47860,00","3383,50","180,00"
C002861,suburbana,0,33,Contrato,"35620,00","9444,65","560,00"
C002862,suburbana,0,36.25,Premium,"34110,00","11928,58","530,00"
C002863,suburbana,0,34.473684210526315,Premium,"19480,00","6087,39","660,00"
C002864,suburbana,1,35,Prepago,"45510,00","4307,59","340,00"
C002865,suburbana,0,34.54545454545455,Prepago,"20450,00","7634,86","270,00"
C002866,urbana_premium,0,36.55172413793103,Premium,"65360,00","17489,56","100,00"
C002867,suburbana,1,33.333333333333336,Premium,"25130,00","9200,50","210,00"
C002868,suburbana,1,30,Contrato,"50900,00","4199,31","100,00"
C002869,urbana_premium,0,34.76190476190476,Premium,"30450,00","15619,84","360,00"
C002870,suburbana,1,32.5,Contrato,"21920,00","7345,47","310,00"
C002871,suburbana,0,34,Prepago,"29370,00","2507,03","110,00"
C002872,suburbana,0,31.428571428571427,Prepago,"23430,00","9195,91","90,00"
C002873,suburbana,0,31.11111111111111,Premium,"27960,00","11725,64","270,00"
C002874,urbana_premium,0,34.78260869565217,Premium,,"14460,37","120,00"
C002875,urbana_premium,0,36.666666666666664,Contrato,"32130,00","10413,68","570,00"
C002876,rural,0,30.930232558139537,Contrato,"25140,00","17495,03","110,00"
C002877,urbana_premium,0,32.4,Premium,"68070,00","19461,37","320,00"
C002878,rural,1,30.869565217391305,Prepago,"25710,00","4119,31","140,00"
C002879,suburbana,0,32,Premium,,"17769,28","290,00"
C002880,rural,1,30,Premium,"28740,00","10937,33","10,00"
C002881,urbana_premium,0,34.78260869565217,Contrato,"55320,00","17682,17","600,00"
C002882,suburbana,0,34.6875,Prepago,"29660,00","1206,69","680,00"
C002883,suburbana,1,32.10526315789474,Prepago,"37230,00","2190,43",
C002884,suburbana,1,34.21052631578947,Premium,"57180,00","6653,89","410,00"
C002885,suburbana,0,33.75,Contrato,"27050,00","4730,69","300,00"
C002886,rural,0,33.541666666666664,Premium,"27380,00","31329,97",
C002887,suburbana,0,35.78947368421053,Contrato,"23940,00","4871,29","520,00"
C002888,urbana_premium,0,33.68421052631579,Premium,"56040,00","33294,57","470,00"
C002889,urbana_premium,0,34.193548387096776,Prepago,"21730,00","4917,58","170,00"
C002890,urbana_premium,0,34.074074074074076,Premium,"35140,00","14088,42","540,00"
C002891,urbana_premium,0,39.44444444444444,Premium,"55440,00","13171,21","290,00"
C002892,suburbana,1,35,Contrato,"28780,00","3974,71","80,00"
C002893,rural,0,33.46938775510204,Prepago,"12630,00","1860,06","660,00"
C002894,rural,0,31.627906976744185,Prepago,"18050,00","2553,24","790,00"
C002895,suburbana,0,35,Contrato,"23890,00","5125,67","90,00"
C002896,suburbana,0,34.83870967741935,Prepago,"52640,00","2222,72","270,00"
C002897,suburbana,0,31.836734693877553,Premium,"40020,00","16668,56","550,00"
C002898,rural,0,29.215686274509803,Premium,"32300,00","18631,25","290,00"
C002899,suburbana,0,33.40909090909091,Premium,"19720,00","7450,31","310,00"
C002900,suburbana,0,32.82051282051282,Prepago,"30380,00","3897,11","310,00"
C002901,suburbana,0,30.555555555555557,Premium,,"15430,46","360,00"
C002902,urbana_premium,0,37.35294117647059,Premium,"53290,00","13725,17","300,00"
C002903,urbana_premium,0,39.54545454545455,Contrato,"32600,00","9695,53","500,00"
C002904,suburbana,0,33.333333333333336,Premium,"39930,00","4513,09","420,00"
C002905,suburbana,0,34.04255319148936,Contrato,"19350,00","5002,06","200,00"
C002906,suburbana,0,34.375,Prepago,"22470,00","1918,20","790,00"
C002907,urbana_premium,0,35.75757575757576,Prepago,"20140,00","5403,56","130,00"
C002908,rural,0,32.11538461538461,Contrato,"22710,00","5879,26","330,00"
C002909,urbana_premium,1,32.5,Premium,"48600,00","26734,85","310,00"
C002910,urbana_premium,0,38.125,Prepago,"27790,00","5261,06","320,00"
C002911,suburbana,0,34.054054054054056,Contrato,"29370,00","5568,14","110,00"
C002912,urbana_premium,0,35.172413793103445,Prepago,"29020,00","6081,09","100,00"
C002913,suburbana,1,31.53846153846154,Premium,"24650,00","16363,45","370,00"
C002914,suburbana,0,34.44444444444444,Prepago,"21030,00","2341,83","330,00"
C002915,suburbana,1,40,Contrato,"46820,00","15424,25","40,00"
C002916,urbana_premium,0,37.2,Premium,"30570,00","22638,77","300,00"
C002917,urbana_premium,0,30.76923076923077,Contrato,"35680,00","12056,03","220,00"
C002918,suburbana,0,35.64102564102564,Prepago,"25230,00","4746,65","60,00"
C002919,suburbana,0,31.842105263157894,Premium,"33860,00","6919,67","180,00"
C002920,suburbana,0,35.588235294117645,Premium,"72500,00","16577,58","130,00"
C002921,suburbana,1,31.666666666666668,Premium,"80400,00","11188,71","300,00"
C002922,rural,0,31.785714285714285,Contrato,"21870,00","6486,70","30,00"
C002923,urbana_premium,0,37.8125,Premium,"45070,00","33505,47","420,00"
C002924,suburbana,0,33.958333333333336,Contrato,"42480,00","6850,79","190,00"
C002925,rural,0,36.15384615384615,Premium,"36670,00","6843,94","880,00"
C002926,urbana_premium,0,38.26086956521739,Premium,"48670,00","12396,83","150,00"
C002927,suburbana,0,32,Contrato,"44690,00","9523,09","160,00"
C002928,urbana_premium,0,35.416666666666664,Prepago,"45020,00","3959,23","30,00"
C002929,rural,0,33.26923076923077,Contrato,"18960,00","6552,29","220,00"
C002930,suburbana,0,37.027027027027025,Premium,"44600,00","11563,28","170,00"
C002931,urbana_premium,0,35.925925925925924,Premium,"40910,00","17329,76","600,00"
C002932,rural,1,32.285714285714285,Premium,"26580,00","14201,57","200,00"
C002933,urbana_premium,0,35.2,Premium,"24260,00","19642,28","150,00"
C002934,urbana_premium,0,32.5,Premium,"29780,00","41117,78","230,00"
C002935,rural,0,34.90196078431372,Prepago,"20670,00","7270,81","260,00"
C002936,urbana_premium,1,35.88235294117647,Premium,"46890,00","14957,25","250,00"
C002937,suburbana,0,36.578947368421055,Premium,"56930,00","6429,80",
C002938,suburbana,0,33.06122448979592,Prepago,"39880,00","5633,77",
C002939,urbana_premium,0,37.8125,Prepago,"36570,00","6650,54","150,00"
C002940,rural,1,31.428571428571427,Prepago,"16730,00","4443,40","120,00"
C002941,suburbana,0,33.8235294117647,Prepago,"46980,00","2123,47","280,00"
C002942,rural,0,34.285714285714285,Premium,"26440,00","21884,82","460,00"
C002943,urbana_premium,1,36.666666666666664,Prepago,"12720,00","3721,00","40,00"
C002944,urbana_premium,0,33.333333333333336,Premium,"56140,00","14409,11","200,00"
C002945,urbana_premium,0,34.09090909090909,Premium,"44430,00","25382,79","250,00"
C002946,suburbana,0,37.36842105263158,Prepago,"14310,00","2091,29","90,00"
C002947,suburbana,0,33.87755102040816,Prepago,"37740,00","3913,24","320,00"
C002948,urbana_premium,0,36.81818181818182,Premium,"40150,00","18044,06","160,00"
C002949,urbana_premium,0,36.53846153846154,Premium,"24590,00","13156,28","510,00"
C002950,urbana_premium,0,34.76190476190476,Premium,"79560,00","10909,89","800,00"
C002951,urbana_premium,0,34.44444444444444,Premium,"45440,00","11552,83","210,00"
C002952,urbana_premium,0,37.142857142857146,Premium,"32890,00","18382,47","280,00"
C002953,urbana_premium,0,36.15384615384615,Prepago,"29620,00","3741,66","170,00"
C002954,urbana_premium,0,37.77777777777778,Premium,"36430,00","26518,57","240,00"
C002955,urbana_premium,0,34.21052631578947,Premium,"36850,00","22334,75","-190,00"
C002956,suburbana,0,32.10526315789474,Premium,"37120,00","25457,37","270,00"
C002957,urbana_premium,0,33.47826086956522,Premium,"35820,00","21580,27","720,00"
C002958,rural,0,30.363636363636363,Contrato,"20440,00","3536,22","410,00"
C002959,urbana_premium,0,33.333333333333336,Prepago,"41160,00","4670,43","610,00"
C002960,urbana_premium,0,36.42857142857143,Premium,"33430,00","17355,35","140,00"
C002961,urbana_premium,0,37.083333333333336,Premium,"37390,00","16554,29","410,00"
C002962,urbana_premium,0,33.888888888888886,Premium,"63160,00","13031,89","340,00"
C002963,suburbana,0,34.32432432432432,Premium,"25600,00","15695,46","430,00"
C002964,urbana_premium,0,34.86486486486486,Prepago,"36620,00","6092,50","110,00"
C002965,urbana_premium,1,36.96969696969697,Premium,"29300,00","12289,43","180,00"
C002966,suburbana,0,32.56410256410256,Contrato,"43890,00","19481,80","120,00"
C002967,suburbana,0,37.567567567567565,Prepago,"16500,00","2441,11","130,00"
C002968,urbana_premium,0,38.148148148148145,Prepago,"28620,00","4752,41","210,00"
C002969,urbana_premium,0,33.44827586206897,Contrato,"49140,00","12576,34","540,00"
C002970,rural,0,33.23943661971831,Prepago,"22030,00","4859,81","370,00"
C002971,urbana_premium,0,36.25,Premium,"52130,00","22774,66","190,00"
C002972,suburbana,0,33.46938775510204,Premium,,"9018,49","270,00"
C002973,urbana_premium,1,31.666666666666668,Prepago,"30250,00","6045,91","260,00"
C002974,urbana_premium,1,34.54545454545455,Premium,"36670,00","11580,39","50,00"
C002975,urbana_premium,0,38.07692307692308,Premium,"24360,00","15176,75","440,00"
C002976,urbana_premium,0,41.25,Premium,"28670,00","16608,03","390,00"
C002977,suburbana,0,35.78947368421053,Premium,"41030,00","13251,40","370,00"
C002978,suburbana,0,35,Contrato,"27230,00","8857,03","180,00"
C002979,rural,0,34.464285714285715,Contrato,"22970,00","10757,03","460,00"
C002980,urbana_premium,0,33.333333333333336,Prepago,"39980,00","3558,03","260,00"
C002981,rural,1,36.0377358490566,Prepago,"13410,00","4036,12","280,00"
C002982,urbana_premium,0,34,Premium,"22180,00","25844,06","500,00"
C002983,suburbana,0,32.333333333333336,Premium,"34070,00","8247,48","270,00"
C002984,urbana_premium,0,29.545454545454547,Premium,"33150,00","16287,38","100,00"
C002985,suburbana,0,37.25,Prepago,"27600,00","5653,85","480,00"
C002986,urbana_premium,0,36.07142857142857,Prepago,"47470,00","4992,50","60,00"
C002987,rural,1,36.666666666666664,Contrato,"16740,00","7521,14","210,00"
C002988,suburbana,0,33.95348837209303,Contrato,"24450,00","8654,33","60,00"
C002989,urbana_premium,1,35,Prepago,"33830,00","6870,17","110,00"
C002990,rural,0,34.46808510638298,Premium,"26120,00","24566,57","350,00"
C002991,urbana_premium,0,37.69230769230769,Premium,"33750,00","26790,60","500,00"
C002992,urbana_premium,0,35,Contrato,"30670,00","8006,36","490,00"
C002993,suburbana,0,34,Prepago,"53920,00","3218,06","510,00"
C002994,suburbana,0,33.24324324324324,Prepago,"30230,00","3762,60","480,00"
C002995,urbana_premium,0,36.578947368421055,Prepago,"48130,00","4790,11","-230,00"
C002996,urbana_premium,0,37.72727272727273,Premium,"20320,00","12084,50","550,00"
C002997,suburbana,0,30.975609756097562,Contrato,"18990,00","11868,22","150,00"
C002998,rural,0,31.666666666666668,Premium,"28500,00","12501,63","150,00"
C002999,suburbana,0,38.292682926829265,Prepago,"27400,00","1729,95","320,00"
C003000,suburbana,0,33.25,Prepago,"26040,00","3710,78","-80,00"
C003001,urbana_premium,1,43.333333333333336,Premium,"27440,00","13365,00","150,00"
C003002,urbana_premium,0,33.68421052631579,Premium,"53830,00","18358,14","240,00"
C003003,urbana_premium,0,34.75,Premium,"48130,00","21584,53","150,00"
C003004,rural,0,34.130434782608695,Prepago,"22690,00","2088,71","340,00"
C003005,suburbana,0,34.63414634146341,Prepago,"32490,00","3546,64","620,00"
C003006,urbana_premium,0,36.52173913043478,Premium,"34400,00","16436,38",
C003007,urbana_premium,0,36.92307692307692,Premium,"30130,00","35635,64","130,00"
C003008,urbana_premium,0,37.74193548387097,Prepago,"31920,00","4864,75","170,00"
C003009,suburbana,1,33.333333333333336,Premium,"38950,00","6376,00","80,00"
C003010,urbana_premium,0,34.6875,Premium,"33340,00","14607,42","270,00"
C003011,urbana_premium,1,31.25,Premium,"39050,00","17085,31","350,00"
C003012,urbana_premium,0,35.666666666666664,Premium,"32930,00","18299,86","490,00"
C003013,urbana_premium,0,31.93548387096774,Premium,"53180,00","20747,17","190,00"
C003014,suburbana,0,36.486486486486484,Premium,"23740,00","21280,21","430,00"
C003015,urbana_premium,0,32.94117647058823,Contrato,"65320,00","20447,34","130,00"
C003016,suburbana,0,34.516129032258064,Premium,"24390,00","14101,83","490,00"
C003017,urbana_premium,1,37.64705882352941,Premium,,"17814,64","510,00"
C003018,suburbana,0,34.25,Contrato,"60100,00","4516,00","630,00"
C003019,suburbana,0,37.42857142857143,Premium,,"16551,81","1170,00"
C003020,urbana_premium,0,34.411764705882355,Premium,"37780,00","20619,50","210,00"
C003021,suburbana,0,37.41935483870968,Premium,"42470,00","20309,00","510,00"
C003022,rural,1,36.15384615384615,Prepago,"13530,00","4584,23","180,00"
C003023,urbana_premium,1,38.333333333333336,Premium,"41900,00","15123,44","120,00"
C003024,urbana_premium,1,50,Premium,"22340,00","20687,67","380,00"
C003025,suburbana,0,35.21739130434783,Prepago,"30190,00","4860,73","380,00"
C003026,urbana_premium,0,34.0625,Premium,"78050,00","15664,73","270,00"
C003027,urbana_premium,0,35.90909090909091,Premium,"16810,00","17953,06","170,00"
C003028,suburbana,0,35.67567567567568,Premium,"29030,00","7713,03","380,00"
C003029,urbana_premium,0,35.45454545454545,Prepago,"32640,00","7981,10","110,00"
C003030,suburbana,1,34.78260869565217,Premium,"20950,00","14029,50","260,00"
C003031,urbana_premium,1,33.333333333333336,Prepago,"22410,00","10204,00","380,00"
C003032,suburbana,0,34.054054054054056,Premium,"43790,00","26672,28","340,00"
C003033,urbana_premium,0,34.827586206896555,Premium,"41020,00","13329,22","510,00"
C003034,urbana_premium,0,32.7027027027027,Contrato,"19970,00","9028,88","140,00"
C003035,suburbana,0,34.81481481481482,Contrato,"21440,00","11297,83","210,00"
C003036,suburbana,0,36.97674418604651,Prepago,"24600,00","2712,63","160,00"
C003037,rural,1,30,Premium,"13390,00","7243,73","330,00"
C003038,rural,1,31,Premium,"23940,00","22300,00","340,00"
C003039,rural,1,32,Prepago,"25380,00","8633,41",
C003040,suburbana,0,34.516129032258064,Premium,"32430,00","8953,80","-310,00"
C003041,suburbana,0,33.05555555555556,Premium,"60470,00","4770,64","630,00"
C003042,urbana_premium,1,40,Prepago,"27540,00","4179,50","170,00"
C003043,urbana_premium,0,34.285714285714285,Prepago,"32440,00","5993,49","290,00"
C003044,suburbana,0,34.285714285714285,Contrato,"24790,00","3128,56","560,00"
C003045,urbana_premium,0,35.15151515151515,Premium,"51620,00","39709,65","140,00"
C003046,suburbana,1,30,Contrato,"38690,00","3516,00","340,00"
C003047,urbana_premium,0,41.73913043478261,Premium,"25770,00","17688,42","380,00"
C003048,suburbana,0,33.87096774193548,Premium,,"24183,43","360,00"
C003049,urbana_premium,0,38,Premium,"27860,00","22626,03","270,00"
C003050,urbana_premium,1,33.529411764705884,Premium,"51610,00","24563,14","580,00"
C003051,urbana_premium,0,33.214285714285715,Premium,"50530,00","18655,00","120,00"
C003052,suburbana,1,38.333333333333336,Premium,"34270,00","7593,17","450,00"
C003053,suburbana,0,35.55555555555556,Contrato,,"14335,46","270,00"
C003054,urbana_premium,1,37.142857142857146,Contrato,"34330,00","8148,75",
C003055,rural,1,32.25806451612903,Prepago,"27470,00","3986,32","180,00"
C003056,urbana_premium,0,35,Premium,"46020,00","19458,74","190,00"
C003057,rural,1,36.25,Prepago,"29760,00","2373,33","170,00"
C003058,urbana_premium,0,34.73684210526316,Premium,"49070,00","13956,91","240,00"
C003059,rural,0,33.05084745762712,Prepago,"26170,00","8601,94","210,00"
C003060,urbana_premium,0,34.54545454545455,Premium,"62770,00","24057,19","80,00"
C003061,urbana_premium,0,34.21052631578947,Premium,"31020,00","12538,44","400,00"
C003062,suburbana,0,33.65853658536585,Prepago,"30260,00","5223,60","80,00"
C003063,urbana_premium,1,34.375,Premium,"31480,00","15296,93","360,00"
C003064,urbana_premium,0,35.23809523809524,Premium,"90030,00","18874,63","190,00"
C003065,suburbana,0,36.1764705882353,Premium,"38950,00","14238,81","360,00"
C003066,suburbana,0,34.8780487804878,Premium,"42500,00","4613,15","820,00"
C003067,rural,0,34.72727272727273,Prepago,"27140,00","3476,17","80,00"
C003068,urbana_premium,1,37.5,Premium,,"21493,03","360,00"
C003069,rural,0,34.44444444444444,Prepago,,"2054,80","250,00"
C003070,suburbana,0,35,Premium,"45620,00","17955,80","140,00"
C003071,suburbana,0,35.26315789473684,Premium,"26640,00","6343,03","650,00"
C003072,urbana_premium,1,30.833333333333332,Premium,"34800,00","20169,22","130,00"
C003073,urbana_premium,0,35,Premium,"41370,00","12481,12","70,00"
C003074,rural,0,33.8,Premium,"19210,00","25878,09","260,00"
C003075,urbana_premium,0,34.8,Contrato,"33890,00","6292,53","570,00"
C003076,urbana_premium,0,37.89473684210526,Contrato,"22490,00","7226,17","270,00"
C003077,suburbana,0,35.55555555555556,Prepago,,"3023,91","540,00"
C003078,rural,0,32.67857142857143,Premium,"46370,00","10723,08","320,00"
C003079,rural,0,32.93333333333333,Prepago,,"5800,21","400,00"
C003080,urbana_premium,0,37.27272727272727,Premium,"34410,00","11783,14","150,00"
C003081,rural,0,34.23076923076923,Contrato,"23780,00","12647,67","50,00"
C003082,urbana_premium,0,34,Premium,"48830,00","20063,33","420,00"
C003083,rural,1,30,Premium,"30460,00","12473,50","200,00"
C003084,urbana_premium,1,34.11764705882353,Premium,"54870,00","17433,50","50,00"
C003085,urbana_premium,0,32.857142857142854,Premium,"46810,00","14306,29","380,00"
C003086,suburbana,0,34.13793103448276,Premium,"27140,00","5872,06","380,00"
C003087,rural,1,34.44444444444444,Contrato,"36140,00","12847,22","700,00"
C003088,suburbana,0,33.111111111111114,Premium,"28000,00","8196,66","290,00"
C003089,suburbana,0,32.95454545454545,Prepago,"42770,00","1742,76","220,00"
C003090,urbana_premium,1,34.166666666666664,Premium,"22330,00","32920,67",
C003091,urbana_premium,0,41.53846153846154,Premium,"60360,00","10640,59",
C003092,urbana_premium,0,36.4,Premium,"28020,00","23624,05","590,00"
C003093,suburbana,0,36.4,Prepago,"17950,00","2687,65","100,00"
C003094,urbana_premium,0,33.47826086956522,Contrato,"24290,00","8727,30","190,00"
C003095,urbana_premium,0,36.12903225806452,Prepago,"41090,00","4864,28",
C003096,suburbana,0,32.5,Contrato,"66350,00","12184,97","240,00"
C003097,suburbana,1,29.130434782608695,Premium,"27830,00","6323,12","120,00"
C003098,suburbana,0,33.75,Contrato,"28660,00","15128,00","650,00"
C003099,urbana_premium,0,35.925925925925924,Prepago,"50090,00","4607,53","190,00"
C003100,urbana_premium,0,37.82608695652174,Contrato,"31290,00","12144,49","70,00"
C003101,urbana_premium,1,27.5,Contrato,"36320,00","9979,00","200,00"
C003102,rural,1,33.07692307692308,Contrato,"20550,00","2872,83","410,00"
C003103,urbana_premium,0,37.6,Premium,"76200,00","16827,36","700,00"
C003104,urbana_premium,0,36.81818181818182,Premium,"39300,00","21192,86","210,00"
C003105,suburbana,0,36.458333333333336,Prepago,"38740,00","3447,33","-260,00"
C003106,suburbana,0,31.794871794871796,Prepago,"23230,00","4775,70","240,00"
C003107,suburbana,0,36.21621621621622,Contrato,"20010,00","4495,60","250,00"
C003108,suburbana,0,31.470588235294116,Premium,"37610,00","33626,22","700,00"
C003109,rural,1,30,Premium,"25360,00","9075,20","140,00"
C003110,urbana_premium,0,36.666666666666664,Premium,"54890,00","18756,28","910,00"
C003111,urbana_premium,0,34.21052631578947,Contrato,"28060,00","14834,42","40,00"
C003112,urbana_premium,0,34.13793103448276,Premium,"37060,00","10416,92","270,00"
C003113,suburbana,0,37.69230769230769,Premium,"18990,00","8144,03","590,00"
C003114,rural,0,33.46938775510204,Prepago,"19530,00","4376,83","600,00"
C003115,suburbana,0,33.95348837209303,Premium,"17970,00","6224,79","630,00"
C003116,suburbana,0,34.35897435897436,Prepago,"26990,00","3149,26",
C003117,urbana_premium,0,34.23076923076923,Prepago,"60500,00","4363,66","590,00"
C003118,suburbana,0,37.878787878787875,Contrato,"22080,00","10317,24","630,00"
C003119,urbana_premium,0,38.888888888888886,Premium,"28220,00","21361,97","570,00"
C003120,urbana_premium,0,32.72727272727273,Premium,"36100,00","26067,08","180,00"
C003121,urbana_premium,0,35,Premium,"35890,00","11010,57","110,00"
C003122,suburbana,0,33.18181818181818,Prepago,"39030,00","7671,03","310,00"
C003123,suburbana,0,32.972972972972975,Premium,"18920,00","7556,06","520,00"
C003124,suburbana,1,36.45161290322581,Prepago,"12410,00","2020,77","110,00"
C003125,rural,1,35.90909090909091,Prepago,"23740,00","4418,65","180,00"
C003126,rural,1,31.08108108108108,Premium,"41950,00","16605,44","270,00"
C003127,suburbana,0,34.35897435897436,Premium,"27850,00","23690,91","300,00"
C003128,urbana_premium,0,36.666666666666664,Contrato,"43970,00","8708,16","320,00"
C003129,suburbana,0,33.40909090909091,Contrato,"28990,00","13292,89","390,00"
C003130,urbana_premium,0,37.142857142857146,Premium,"49690,00","25405,40","110,00"
C003131,suburbana,0,36.333333333333336,Contrato,"26890,00","4644,75","-380,00"
C003132,urbana_premium,0,35,Contrato,"37300,00","18833,89","410,00"
C003133,suburbana,1,32.5,Premium,"52890,00","13566,72","210,00"
C003134,suburbana,0,33.20754716981132,Contrato,"44490,00","12794,39","460,00"
C003135,rural,0,32.30769230769231,Prepago,"18220,00","3631,68","160,00"
C003136,urbana_premium,0,33.84615384615385,Prepago,"30320,00","6306,97","480,00"
C003137,suburbana,0,34.8780487804878,Contrato,"24200,00","7195,53","260,00"
C003138,rural,1,30,Prepago,"15670,00","2191,78","140,00"
C003139,urbana_premium,0,32.666666666666664,Prepago,,"7456,09","480,00"
C003140,suburbana,0,33.333333333333336,Contrato,"28570,00","3558,47","460,00"
C003141,urbana_premium,0,36.45161290322581,Premium,"29200,00","26639,52","600,00"
C003142,urbana_premium,0,38.63636363636363,Premium,"45780,00","14462,89","390,00"
C003143,suburbana,0,35.26315789473684,Contrato,"16590,00","7685,11","290,00"
C003144,suburbana,0,36.333333333333336,Premium,"19720,00","13552,75","210,00"
C003145,urbana_premium,0,37.22222222222222,Premium,"48210,00","25997,59","110,00"
C003146,suburbana,0,30.64516129032258,Contrato,"57980,00","8027,03","720,00"
C003147,rural,0,35.1219512195122,Premium,"25360,00","7157,22","120,00"
C003148,suburbana,1,33.333333333333336,Premium,"22260,00","24985,65","340,00"
C003149,suburbana,0,36,Prepago,"20190,00","4591,54","90,00"
C003150,rural,0,34.54545454545455,Premium,"20360,00","7076,88","380,00"
C003151,rural,0,32.549019607843135,Premium,"36170,00","8105,60","500,00"
C003152,urbana_premium,0,41.42857142857143,Premium,"45820,00","18082,26","470,00"
C003153,suburbana,1,33.333333333333336,Contrato,"19330,00","8934,21","90,00"
C003154,urbana_premium,0,35.5,Premium,"43450,00","14724,36","220,00"
C003155,rural,0,31.607142857142858,Prepago,"38360,00","2607,29","330,00"
C003156,suburbana,1,32,Premium,"45070,00","13102,50","130,00"
C003157,suburbana,0,32.35294117647059,Premium,"47490,00","6832,00","250,00"
C003158,rural,0,31.627906976744185,Contrato,"30720,00","4935,97","260,00"
C003159,urbana_premium,1,41.666666666666664,Contrato,"24440,00","9103,14",
C003160,suburbana,0,34,Contrato,"22470,00","14231,37","220,00"
C003161,suburbana,0,32.972972972972975,Premium,"54800,00","11131,40","450,00"
C003162,urbana_premium,0,37.857142857142854,Premium,"33980,00","14745,21","330,00"
C003163,urbana_premium,0,33.7037037037037,Premium,"19710,00","11184,26","490,00"
C003164,rural,0,33.285714285714285,Prepago,"28700,00","4081,37","430,00"
C003165,urbana_premium,0,34.4,Premium,"55510,00","16541,40","530,00"
C003166,suburbana,0,34.193548387096776,Contrato,"28980,00","9660,75","250,00"
C003167,suburbana,1,34.21052631578947,Premium,"36130,00","6520,13","370,00"
C003168,rural,0,33.68421052631579,Prepago,"17370,00","4484,31","460,00"
C003169,suburbana,0,31.75,Contrato,"25340,00","5918,25","350,00"
C003170,urbana_premium,0,32.5,Premium,"20320,00","14457,55","550,00"
C003171,suburbana,1,33.1578947368421,Premium,"20470,00","12530,46","120,00"
C003172,suburbana,0,38,Contrato,"49290,00","4724,14","680,00"
C003173,suburbana,1,33.75,Prepago,"9340,00","5235,73","310,00"
C003174,suburbana,0,34,Premium,"26030,00","13768,32","500,00"
C003175,suburbana,0,35.95744680851064,Premium,"24730,00","5736,17","960,00"
C003176,suburbana,0,34.44444444444444,Contrato,"36700,00","9905,05","490,00"
C003177,suburbana,0,35.5,Prepago,"14130,00","2564,36","170,00"
C003178,rural,0,32.58620689655172,Contrato,"17770,00","13566,97","480,00"
C003179,rural,0,34,Prepago,"18890,00","3682,64","790,00"
C003180,urbana_premium,1,35,Premium,"44110,00","18058,00","410,00"
C003181,urbana_premium,0,36.666666666666664,Prepago,"38150,00","4246,62","240,00"
C003182,urbana_premium,0,33.68421052631579,Premium,"21440,00","14881,75","700,00"
C003183,urbana_premium,0,35.172413793103445,Prepago,"34000,00","4800,00","360,00"
C003184,urbana_premium,0,34.8,Premium,"29160,00","16093,36","130,00"
C003185,rural,1,33.75,Premium,"27300,00","7072,67","320,00"
C003186,suburbana,1,32.285714285714285,Prepago,"27350,00","2109,82","340,00"
C003187,rural,0,34.21052631578947,Premium,"42810,00","11271,44","70,00"
C003188,suburbana,1,35.15151515151515,Prepago,"23630,00","2344,45","520,00"
C003189,urbana_premium,1,27.77777777777778,Prepago,"31380,00","6032,55","160,00"
C003190,urbana_premium,0,38.8235294117647,Contrato,"31770,00","14621,45","270,00"
C003191,rural,1,33.09090909090909,Premium,"21700,00","12870,94","550,00"
C003192,suburbana,1,35.714285714285715,Premium,"40020,00","7632,55","480,00"
C003193,suburbana,0,34,Premium,"25540,00","7122,97","400,00"
C003194,suburbana,0,34.285714285714285,Prepago,"25960,00","4851,83","90,00"
C003195,suburbana,0,33.93939393939394,Prepago,"33780,00","4330,73","370,00"
C003196,suburbana,0,34.285714285714285,Contrato,"21400,00","10234,28","160,00"
C003197,suburbana,1,34.84848484848485,Prepago,"37170,00","8544,64","190,00"
C003198,suburbana,0,33.57142857142857,Contrato,"26120,00","11111,34","430,00"
C003199,urbana_premium,0,36.25,Premium,"27910,00","13204,87","210,00"
C003200,urbana_premium,1,36,Premium,"20110,00","42225,66","400,00"
C003201,urbana_premium,0,37.096774193548384,Premium,"26030,00","18003,03","680,00"
C003202,urbana_premium,0,37.333333333333336,Contrato,"35610,00","11768,69","250,00"
C003203,urbana_premium,0,36.774193548387096,Premium,"37060,00","13384,78","660,00"
C003204,suburbana,0,34,Premium,"26990,00","6404,24","330,00"
C003205,urbana_premium,0,38.125,Contrato,"22800,00","8141,59","180,00"
C003206,suburbana,0,35,Contrato,"27680,00","5237,11","190,00"
C003207,rural,0,33.96551724137931,Premium,"13480,00","6966,42","590,00"
C003208,rural,0,31.296296296296298,Prepago,"14890,00","4734,72","250,00"
C003209,urbana_premium,0,33.47826086956522,Premium,"55960,00","16929,11","200,00"
C003210,suburbana,0,34.5945945945946,Prepago,"28430,00","2502,77","690,00"
C003211,suburbana,0,33.84615384615385,Contrato,"34550,00","3904,81","650,00"
C003212,suburbana,0,35.75,Prepago,"48660,00","3745,17","260,00"
C003213,urbana_premium,0,35.76923076923077,Premium,"37100,00","12829,34","310,00"
C003214,urbana_premium,0,36.81818181818182,Premium,"52980,00","9918,09","100,00"
C003215,urbana_premium,0,39.333333333333336,Premium,"43340,00","11515,76","230,00"
C003216,rural,0,37.5,Premium,"17850,00","13120,19","140,00"
C003217,suburbana,0,35.588235294117645,Contrato,"28020,00","3147,18","360,00"
C003218,rural,0,34.04255319148936,Contrato,"17650,00","4657,00","60,00"
C003219,urbana_premium,0,38.214285714285715,Premium,"46870,00","13741,41","230,00"
C003220,suburbana,0,35.45454545454545,Contrato,"41780,00","8384,71","270,00"
C003221,urbana_premium,0,36.470588235294116,Prepago,"23450,00","6426,15","320,00"
C003222,urbana_premium,0,36.08695652173913,Contrato,"27810,00","13743,51","1200,00"
C003223,urbana_premium,0,34,Premium,"33380,00","35484,53","100,00"
C003224,suburbana,0,35.3125,Contrato,"22150,00","9587,11","720,00"
C003225,urbana_premium,0,36.774193548387096,Prepago,"34850,00","4406,80","600,00"
C003226,urbana_premium,0,37.142857142857146,Premium,"42960,00","19036,50","340,00"
C003227,suburbana,0,37.674418604651166,Prepago,"46210,00","4744,17","670,00"
C003228,rural,0,33.26923076923077,Prepago,"19220,00","4296,14","670,00"
C003229,suburbana,1,34.61538461538461,Prepago,"24290,00","6836,89","490,00"
C003230,urbana_premium,0,34.11764705882353,Premium,"43090,00","19191,34","200,00"
C003231,suburbana,0,34.72222222222222,Prepago,"28930,00","6791,23","190,00"
C003232,urbana_premium,0,34.57142857142857,Premium,"21920,00","14305,68","500,00"
C003233,suburbana,0,33.57142857142857,Prepago,,"4999,00","170,00"
C003234,suburbana,0,37.333333333333336,Premium,"26050,00","24655,86","220,00"
C003235,urbana_premium,1,35.714285714285715,Prepago,"49620,00","5356,79","380,00"
C003236,urbana_premium,0,35.294117647058826,Premium,"55730,00","22226,53","270,00"
C003237,urbana_premium,0,35.16129032258065,Prepago,"26060,00","6840,29","100,00"
C003238,urbana_premium,0,36.36363636363637,Prepago,"28850,00","6136,28","100,00"
C003239,suburbana,0,34.705882352941174,Contrato,"39790,00","14276,80","590,00"
C003240,suburbana,0,36.38297872340426,Contrato,"25020,00","7947,19","700,00"
C003241,urbana_premium,1,30,Premium,"42790,00","23059,76","160,00"
C003242,suburbana,0,34.5945945945946,Premium,"27500,00","11358,63","500,00"
C003243,urbana_premium,0,31.85185185185185,Premium,"38170,00","11022,95","780,00"
C003244,urbana_premium,0,39.166666666666664,Contrato,"32650,00","11616,28","320,00"
C003245,urbana_premium,1,39.333333333333336,Premium,"55790,00","30265,75","90,00"
C003246,suburbana,0,33.95348837209303,Premium,"17080,00","9711,03","320,00"
C003247,suburbana,0,35.945945945945944,Prepago,"25580,00","1853,62","380,00"
C003248,urbana_premium,0,34.8,Premium,"54000,00","21381,38","210,00"
C003249,urbana_premium,0,37.94117647058823,Premium,"35020,00","17927,54","1100,00"
C003250,urbana_premium,0,35.21739130434783,Premium,,"31365,78","440,00"
C003251,urbana_premium,0,38.84615384615385,Premium,"52660,00","25867,82","690,00"
C003252,suburbana,0,38.5,Premium,"34470,00","6853,19","320,00"
C003253,urbana_premium,0,39.354838709677416,Contrato,"50570,00","7388,09","640,00"
C003254,urbana_premium,0,33.333333333333336,Premium,"57180,00","24488,06","220,00"
C003255,suburbana,0,36.13636363636363,Contrato,"17670,00","4886,03","110,00"
C003256,urbana_premium,0,36.25,Contrato,"32030,00","11742,40","60,00"
C003257,suburbana,0,34.03508771929825,Prepago,"21940,00","1556,03","10,00"
C003258,suburbana,1,34.5945945945946,Prepago,"32760,00","4097,28","310,00"
C003259,urbana_premium,0,35,Premium,"54020,00","16957,22","200,00"
C003260,suburbana,0,36.13636363636363,Premium,"12180,00","19810,72","190,00"
C003261,suburbana,0,35.833333333333336,Prepago,"16790,00","2903,79","320,00"
C003262,suburbana,0,35.26315789473684,Prepago,"14140,00","2115,71","560,00"
C003263,suburbana,0,32,Premium,"21570,00","8585,97","570,00"
C003264,urbana_premium,0,34.166666666666664,Premium,"37840,00","23559,40","120,00"
C003265,suburbana,0,34.883720930232556,Prepago,,"9581,89","250,00"
C003266,urbana_premium,0,37.27272727272727,Prepago,"23530,00","6390,81","120,00"
C003267,rural,0,30.392156862745097,Premium,"52090,00","20550,97","350,00"
C003268,urbana_premium,0,35,Premium,"44610,00","23964,00","660,00"
C003269,urbana_premium,0,33.44827586206897,Premium,"45180,00","11935,39","200,00"
C003270,urbana_premium,0,34.375,Premium,"47650,00","22884,00","360,00"
C003271,urbana_premium,1,37.27272727272727,Prepago,"22610,00","3885,50","550,00"
C003272,urbana_premium,1,34,Contrato,"30150,00","9122,90","370,00"
C003273,suburbana,1,32.41379310344828,Prepago,,"5801,29","530,00"
C003274,suburbana,1,35.23809523809524,Prepago,,"1676,06","310,00"
C003275,suburbana,0,33.87096774193548,Contrato,"20990,00","9201,81","340,00"
C003276,urbana_premium,0,33.333333333333336,Premium,"34310,00","16251,51","290,00"
C003277,urbana_premium,1,31.428571428571427,Premium,"29280,00","17905,55","110,00"
C003278,suburbana,1,32,Premium,"47460,00","8011,47","190,00"
C003279,suburbana,0,32.72727272727273,Premium,"23260,00","8055,83","920,00"
C003280,suburbana,0,36.666666666666664,Premium,"19580,00","17761,25","530,00"
C003281,rural,1,33.41463414634146,Premium,"26520,00","19389,28","260,00"
C003282,suburbana,0,35.15151515151515,Contrato,"28150,00","4132,28","600,00"
C003283,urbana_premium,0,34.857142857142854,Premium,"60390,00","14848,39","430,00"
C003284,suburbana,0,35.75757575757576,Prepago,"32040,00","4038,50","100,00"
C003285,rural,0,33.673469387755105,Premium,"24660,00","14985,32","350,00"
C003286,suburbana,0,34.5,Contrato,"39140,00","4301,36","160,00"
C003287,suburbana,0,37.44186046511628,Prepago,"33810,00","2321,00","210,00"
C003288,suburbana,1,32.22222222222222,Prepago,"37980,00","1824,20","460,00"
C003289,suburbana,1,31.11111111111111,Prepago,"36880,00","3026,90","50,00"
C003290,suburbana,1,33.333333333333336,Premium,"25660,00","14469,33","210,00"
C003291,suburbana,0,34.57142857142857,Premium,"18910,00","7928,83","170,00"
C003292,rural,1,34.09090909090909,Prepago,"21070,00","2641,82","50,00"
C003293,urbana_premium,0,34.166666666666664,Premium,"18310,00","16438,32","250,00"
C003294,urbana_premium,0,36.76470588235294,Premium,"28560,00","11795,94","680,00"
C003295,urbana_premium,0,35,Contrato,"32190,00","11184,31","260,00"
C003296,urbana_premium,1,36,Contrato,"58220,00","11474,61",
C003297,urbana_premium,0,36.08695652173913,Premium,"35060,00","41640,23","640,00"
C003298,urbana_premium,0,34.6875,Contrato,"68300,00","7581,16","70,00"
C003299,urbana_premium,0,36.92307692307692,Premium,"43600,00","17323,17","610,00"
C003300,suburbana,0,31.75,Prepago,"16280,00","2675,86","270,00"
C003301,urbana_premium,0,34.5,Premium,"55240,00","20257,12","310,00"
C003302,suburbana,0,34.375,Premium,"41490,00","9782,00","750,00"
C003303,urbana_premium,0,32.4,Contrato,"20560,00","8177,74","250,00"
C003304,suburbana,0,33.23529411764706,Contrato,"37130,00","4069,97","280,00"
C003305,rural,1,31.03448275862069,Contrato,"37190,00","9666,75","320,00"
C003306,suburbana,1,35,Premium,"13610,00","8180,42","780,00"
C003307,rural,1,38,Prepago,"15390,00","6777,71","310,00"
C003308,suburbana,1,38.333333333333336,Premium,"40180,00","7913,74","290,00"
C003309,urbana_premium,0,37.5,Premium,"34780,00","13914,89","290,00"
C003310,suburbana,0,33.54838709677419,Premium,"48440,00","17375,34","130,00"
C003311,urbana_premium,0,35.925925925925924,Premium,"51670,00","15155,06","220,00"
C003312,urbana_premium,0,36,Premium,"49680,00","26699,11","650,00"
C003313,suburbana,0,36.486486486486484,Premium,"43570,00","6569,43","140,00"
C003314,rural,0,32.6,Prepago,"16930,00","2143,83","380,00"
C003315,urbana_premium,0,33.333333333333336,Premium,"33360,00","25150,00","130,00"
C003316,suburbana,0,31.666666666666668,Premium,"57220,00","10226,58","340,00"
C003317,rural,0,34.791666666666664,Prepago,"19950,00","3316,72","390,00"
C003318,suburbana,1,35,Premium,"42470,00","8441,97","350,00"
C003319,suburbana,0,32.5,Prepago,"27020,00","3570,86","680,00"
C003320,suburbana,0,33.95348837209303,Contrato,"22150,00","6935,53","250,00"
C003321,rural,0,34.56140350877193,Prepago,"15960,00","1545,94","230,00"
C003322,suburbana,1,30,Premium,"35140,00","33310,67","360,00"
C003323,suburbana,0,32.25806451612903,Premium,"45710,00","6638,25","490,00"
C003324,urbana_premium,1,34.78260869565217,Premium,"44130,00","9358,88","560,00"
C003325,urbana_premium,0,34.61538461538461,Contrato,"40650,00","14013,16","410,00"
C003326,suburbana,1,37.142857142857146,Prepago,"19380,00","7664,68","960,00"
C003327,rural,0,32.8,Prepago,"22570,00","3275,77","280,00"
C003328,suburbana,0,33.666666666666664,Premium,"30850,00","17883,85","820,00"
C003329,urbana_premium,0,37.5,Prepago,"27340,00","4578,69","180,00"
C003330,rural,0,29.487179487179485,Contrato,"26260,00","3278,46","240,00"
C003331,urbana_premium,0,36.666666666666664,Premium,"29230,00","18160,23","410,00"
C003332,urbana_premium,1,33.333333333333336,Premium,"32420,00","32262,15","200,00"
C003333,suburbana,1,35.714285714285715,Premium,"37980,00","12815,50","290,00"
C003334,urbana_premium,0,33.46153846153846,Premium,"65110,00","33580,97","780,00"
C003335,rural,0,32.950819672131146,Contrato,"38300,00","7308,77","510,00"
C003336,suburbana,1,32.94117647058823,Premium,,"26905,31","100,00"
C003337,suburbana,0,36.470588235294116,Prepago,"35130,00","3699,24","430,00"
C003338,urbana_premium,0,35.16129032258065,Premium,"46490,00","11622,78","290,00"
C003339,urbana_premium,0,35,Contrato,"46390,00","16600,23","70,00"
C003340,suburbana,0,33.4375,Prepago,"30330,00","3382,38","340,00"
C003341,suburbana,1,37.77777777777778,Prepago,"45660,00","3557,90","600,00"
C003342,urbana_premium,0,36.666666666666664,Contrato,"30060,00","11165,94","820,00"
C003343,urbana_premium,0,36.2962962962963,Premium,"24990,00","27523,74","120,00"
C003344,suburbana,0,36.42857142857143,Premium,"32850,00","4818,61","30,00"
C003345,urbana_premium,0,34.13793103448276,Premium,,"12711,45","580,00"
C003346,suburbana,0,35.833333333333336,Premium,"56780,00","33207,69","530,00"
C003347,urbana_premium,0,33.2,Premium,"31670,00","25369,29","280,00"
C003348,urbana_premium,0,34.61538461538461,Premium,"53530,00","17192,31","550,00"
C003349,urbana_premium,0,35.78947368421053,Premium,"44000,00","24534,26","580,00"
C003350,suburbana,0,31.86046511627907,Prepago,"17790,00","4529,94","220,00"
C003351,suburbana,0,35.483870967741936,Premium,"35740,00","6321,00",
C003352,urbana_premium,0,35,Premium,"29680,00","31620,81","320,00"
C003353,suburbana,1,31.666666666666668,Premium,"67330,00","7220,00","240,00"
C003354,suburbana,0,33.41463414634146,Prepago,"22030,00","5054,06","190,00"
C003355,urbana_premium,0,35.38461538461539,Premium,"27000,00","14618,28","250,00"
C003356,suburbana,0,34.63414634146341,Prepago,"13530,00","7082,03","-440,00"
C003357,suburbana,0,34.6,Contrato,"22220,00","6910,03","100,00"
C003358,urbana_premium,0,33.529411764705884,Premium,"48090,00","12632,03","220,00"
C003359,suburbana,0,35.416666666666664,Prepago,"20240,00","4714,12","360,00"
C003360,rural,0,34.25925925925926,Prepago,"27090,00","3737,42","200,00"
C003361,suburbana,0,33.72549019607843,Premium,,"6535,00","80,00"
C003362,suburbana,0,34.705882352941174,Prepago,"20640,00","3958,82","280,00"
C003363,urbana_premium,0,33.8235294117647,Prepago,"35780,00","7097,06",
C003364,urbana_premium,0,33.03030303030303,Premium,"26830,00","25281,50","750,00"
C003365,suburbana,1,35.714285714285715,Premium,"39230,00","15125,00","120,00"
C003366,suburbana,0,36.57142857142857,Premium,"15350,00","21399,58","610,00"
C003367,suburbana,0,34.5,Premium,"37600,00","6919,81","250,00"
C003368,suburbana,0,33.95348837209303,Prepago,"22560,00","1856,06","690,00"
C003369,urbana_premium,0,36.666666666666664,Prepago,"38850,00","7332,44",
C003370,suburbana,0,34.5,Prepago,"34190,00","4384,35","900,00"
C003371,urbana_premium,0,37.77777777777778,Contrato,"39190,00","13874,89","250,00"
C003372,suburbana,0,36.55172413793103,Contrato,"59770,00","4095,73","30,00"
C003373,suburbana,0,35.483870967741936,Premium,,"14640,97",
C003374,urbana_premium,0,35.38461538461539,Premium,"23100,00","14843,08","190,00"
C003375,urbana_premium,0,36,Premium,"79790,00","13282,92","440,00"
C003376,suburbana,1,32.857142857142854,Contrato,"33080,00","8010,08","130,00"
C003377,rural,0,34.375,Contrato,"23880,00","9742,29",
C003378,urbana_premium,0,34.54545454545455,Premium,"81790,00","19279,61","350,00"
C003379,suburbana,0,36.44444444444444,Prepago,"18400,00","2277,76","400,00"
C003380,urbana_premium,0,33.63636363636363,Prepago,"36290,00","4719,14","270,00"
C003381,urbana_premium,0,37.083333333333336,Contrato,"25560,00","18092,47","90,00"
C003382,suburbana,0,33.63636363636363,Contrato,"28030,00","4545,81","560,00"
C003383,urbana_premium,0,37.1875,Premium,"22660,00","18612,08","150,00"
C003384,suburbana,0,34.473684210526315,Premium,"30070,00","14435,33","150,00"
C003385,rural,1,32.666666666666664,Prepago,"22840,00","3830,42","190,00"
C003386,suburbana,1,31.304347826086957,Contrato,"28810,00","14678,07","120,00"
C003387,suburbana,0,36.76470588235294,Prepago,"13180,00","1595,00","370,00"
C003388,urbana_premium,0,34.54545454545455,Prepago,"49010,00","7484,66","250,00"
C003389,suburbana,0,32.82051282051282,Premium,"26920,00","6249,39","570,00"
C003390,urbana_premium,0,38,Premium,"94040,00","15371,22","450,00"
C003391,urbana_premium,0,37.6,Premium,"31810,00","12630,20","440,00"
C003392,suburbana,0,33.4375,Contrato,"23380,00","11129,30","160,00"
C003393,suburbana,0,36.06060606060606,Contrato,"30920,00","13376,11","140,00"
C003394,suburbana,1,40,Prepago,"18980,00","1285,14","30,00"
C003395,rural,0,32.20338983050848,Premium,"34960,00","13268,32","-530,00"
C003396,urbana_premium,0,38.148148148148145,Prepago,"27080,00","4645,72","530,00"
C003397,suburbana,0,34.651162790697676,Contrato,"21900,00","4532,47","380,00"
C003398,urbana_premium,0,33.333333333333336,Premium,"50460,00","13302,63","110,00"
C003399,suburbana,1,32,Contrato,"32100,00","4694,87","200,00"
C003400,suburbana,0,34.31818181818182,Contrato,"31890,00","7936,50","110,00"
C003401,suburbana,1,33.75,Premium,"18520,00","8419,97","300,00"
C003402,suburbana,0,32.35294117647059,Prepago,"41880,00","6254,17","70,00"
C003403,suburbana,0,34.35897435897436,Prepago,"20780,00","2054,50","380,00"
C003404,urbana_premium,0,33.68421052631579,Prepago,"20930,00","7603,42","510,00"
C003405,urbana_premium,1,34.34782608695652,Prepago,"43560,00","6705,00","90,00"
C003406,urbana_premium,0,35,Premium,"35500,00","18701,82","180,00"
C003407,urbana_premium,0,35,Premium,"35200,00","15950,11","60,00"
C003408,urbana_premium,0,34.48275862068966,Prepago,"48380,00","7843,18","240,00"
C003409,urbana_premium,0,38.666666666666664,Premium,"34220,00","11189,14","400,00"
C003410,suburbana,0,32.94117647058823,Prepago,"16160,00","3931,89","430,00"
C003411,rural,0,30.555555555555557,Contrato,,"6295,00","180,00"
C003412,urbana_premium,0,35.86206896551724,Contrato,"42330,00","9303,49","300,00"
C003413,urbana_premium,0,36.666666666666664,Premium,"40740,00","30304,70","240,00"
C003414,rural,1,33.87096774193548,Premium,"21810,00","5902,48","320,00"
C003415,urbana_premium,1,34.54545454545455,Prepago,"89010,00","3106,00","120,00"
C003416,urbana_premium,0,36.08695652173913,Premium,"68420,00","17687,68",
C003417,suburbana,0,32.22222222222222,Contrato,"19580,00","3855,33","320,00"
C003418,urbana_premium,0,35.26315789473684,Premium,"23700,00","26198,36","340,00"
C003419,rural,0,36.41509433962264,Contrato,"36930,00","13823,34","190,00"
C003420,suburbana,0,32.04081632653061,Prepago,"43280,00","2967,06","560,00"
C003421,suburbana,0,33.03030303030303,Premium,"50030,00","5002,03","170,00"
C003422,suburbana,1,38,Prepago,"25520,00","4185,17","100,00"
C003423,rural,0,30.46511627906977,Contrato,"21950,00","8356,86","180,00"
C003424,rural,1,33.68421052631579,Premium,"12460,00","13215,33","180,00"
C003425,urbana_premium,0,34.83870967741935,Premium,"40250,00","20966,94","100,00"
C003426,suburbana,0,33.03030303030303,Prepago,"23840,00","3422,86","180,00"
C003427,suburbana,0,37.43589743589744,Contrato,"22680,00","6313,64","640,00"
C003428,urbana_premium,0,36.785714285714285,Premium,"52890,00","19942,53","70,00"
C003429,urbana_premium,0,36.666666666666664,Premium,"36240,00","19331,12","80,00"
C003430,urbana_premium,0,35.6,Premium,"51090,00","29521,53","350,00"
C003431,suburbana,0,33.87755102040816,Premium,"28700,00","7568,11","190,00"
C003432,suburbana,0,33.333333333333336,Premium,"36110,00","5859,28","390,00"
C003433,suburbana,0,30.344827586206897,Prepago,"18830,00","9216,86","440,00"
C003434,urbana_premium,0,34.23076923076923,Premium,"27100,00","15970,77","540,00"
C003435,suburbana,0,33.1578947368421,Prepago,"34940,00","4960,14","340,00"
C003436,suburbana,0,34.32432432432432,Premium,"53900,00","12278,67","-320,00"
C003437,suburbana,0,36.470588235294116,Premium,"35090,00","6666,69","240,00"
C003438,suburbana,0,34.193548387096776,Contrato,"29970,00","8691,64","70,00"
C003439,rural,0,32.903225806451616,Prepago,"39280,00","3934,26","210,00"
C003440,urbana_premium,0,36.285714285714285,Contrato,"35460,00","13070,57","260,00"
C003441,urbana_premium,0,36,Premium,"28960,00","15847,08","90,00"
C003442,rural,1,34.61538461538461,Prepago,"23270,00","4679,00","150,00"
C003443,suburbana,0,34.193548387096776,Contrato,"33960,00","3707,12","440,00"
C003444,rural,0,30,Premium,"14900,00","16746,24","190,00"
C003445,urbana_premium,1,31.666666666666668,Premium,"40050,00","16843,17","150,00"
C003446,suburbana,0,34.285714285714285,Prepago,"16300,00","5064,45",
C003447,suburbana,0,31.85185185185185,Premium,"26830,00","18180,94","460,00"
C003448,urbana_premium,0,34.857142857142854,Prepago,"36230,00","5832,56","180,00"
C003449,suburbana,0,33.191489361702125,Contrato,"29480,00","4039,11","160,00"
C003450,urbana_premium,1,35.625,Contrato,"19290,00","13143,81","610,00"
C003451,suburbana,0,33.06122448979592,Contrato,"30880,00","9018,34","670,00"
C003452,suburbana,0,33.2,Premium,"40480,00","6748,20","330,00"
C003453,rural,0,29.8,Premium,"38000,00","13075,69","430,00"
C003454,suburbana,0,35.806451612903224,Prepago,"49570,00","3722,90","110,00"
C003455,suburbana,0,35.36585365853659,Premium,"30080,00","13394,60","160,00"
C003456,urbana_premium,0,38.18181818181818,Contrato,"91130,00","21589,76","430,00"
C003457,urbana_premium,0,38.095238095238095,Contrato,,"20828,47","210,00"
C003458,urbana_premium,0,39.03225806451613,Premium,"29660,00","11041,03","460,00"
C003459,suburbana,1,33.44827586206897,Prepago,"30000,00","5061,19","300,00"
C003460,urbana_premium,0,35.416666666666664,Prepago,"51130,00","7437,51","360,00"
C003461,suburbana,0,35.526315789473685,Contrato,"37340,00","4037,29","300,00"
C003462,urbana_premium,0,38.125,Contrato,"16710,00","16848,26","470,00"
C003463,rural,1,35,Prepago,"16570,00","7983,25","320,00"
C003464,urbana_premium,0,35.294117647058826,Premium,"50070,00","15183,28","140,00"
C003465,urbana_premium,0,34.666666666666664,Premium,"28040,00","16793,06","400,00"
C003466,urbana_premium,0,36.666666666666664,Premium,"36590,00","17185,94","200,00"
C003467,suburbana,0,34.44444444444444,Premium,"33800,00","15625,47","650,00"
C003468,urbana_premium,0,32.5,Premium,"45340,00","32463,08","330,00"
C003469,suburbana,0,35.58139534883721,Contrato,"40290,00","8406,97","600,00"
C003470,urbana_premium,0,32.333333333333336,Prepago,"59720,00","6969,89","540,00"
C003471,suburbana,0,31.818181818181817,Premium,"37200,00","8064,97","450,00"
C003472,suburbana,0,34.32432432432432,Contrato,"19400,00","3960,51","340,00"
C003473,suburbana,0,34.35897435897436,Contrato,"36600,00","8259,42","160,00"
C003474,rural,0,31.96078431372549,Contrato,"33900,00","7744,65","470,00"
C003475,suburbana,0,37.916666666666664,Contrato,"34940,00","5112,34","160,00"
C003476,suburbana,0,31.153846153846153,Premium,"46820,00","6339,74","350,00"
C003477,urbana_premium,0,32.77777777777778,Premium,"41590,00","12585,52","310,00"
C003478,urbana_premium,0,37.407407407407405,Premium,"36610,00","25347,28","270,00"
C003479,urbana_premium,0,36.95652173913044,Premium,"28460,00","11704,69","190,00"
C003480,urbana_premium,0,35.526315789473685,Premium,"78010,00","24400,69","130,00"
C003481,suburbana,0,34.130434782608695,Contrato,"20680,00","7008,31","60,00"
C003482,suburbana,0,35.9375,Prepago,"29760,00","4563,63","420,00"
C003483,suburbana,0,33.44827586206897,Premium,"26310,00","18037,94","170,00"
C003484,suburbana,0,34,Premium,"18690,00","13076,06","170,00"
C003485,suburbana,0,32.75,Prepago,"40680,00","2425,14","200,00"
C003486,urbana_premium,0,33.18181818181818,Premium,"45580,00","22055,74","160,00"
C003487,suburbana,0,32.96296296296296,Contrato,"32470,00","5801,69","500,00"
C003488,rural,0,29.047619047619047,Prepago,"18640,00","2131,89","860,00"
C003489,rural,0,33.58490566037736,Contrato,"28280,00","11694,65","30,00"
C003490,urbana_premium,0,36.52173913043478,Premium,"34930,00","19752,11","430,00"
C003491,urbana_premium,0,36.07142857142857,Premium,"45290,00","26211,30","120,00"
C003492,rural,0,35.16129032258065,Contrato,"38380,00","3993,80","300,00"
C003493,suburbana,0,34.73684210526316,Prepago,"12670,00","1754,27","410,00"
C003494,rural,0,32.244897959183675,Premium,"32970,00","11909,44","80,00"
C003495,urbana_premium,0,35,Premium,"87840,00","11795,92","440,00"
C003496,urbana_premium,0,37.857142857142854,Prepago,"69900,00","6058,49","700,00"
C003497,rural,0,33.10344827586207,Prepago,"30430,00","4494,97","540,00"
C003498,urbana_premium,1,32.608695652173914,Contrato,"58730,00","13534,91","60,00"
C003499,suburbana,0,35.36585365853659,Prepago,"22140,00","3596,22","780,00"
C003500,suburbana,0,32.30769230769231,Premium,"32430,00","26753,06","900,00"
C003501,suburbana,0,35.12820512820513,Contrato,"28290,00","4259,71","200,00"
C003502,urbana_premium,0,36.81818181818182,Contrato,"32500,00","7355,36","60,00"
C003503,rural,0,30.27027027027027,Premium,"32810,00","8400,38","540,00"
C003504,suburbana,0,32.857142857142854,Contrato,"27820,00","4547,79","330,00"
C003505,rural,1,31.627906976744185,Contrato,"12130,00","3569,86","540,00"
C003506,urbana_premium,0,34.34782608695652,Premium,"44620,00","25809,80","260,00"
C003507,urbana_premium,0,31.5,Premium,"37910,00","18671,97","430,00"
C003508,urbana_premium,0,32.8,Premium,"48790,00","17021,54","370,00"
C003509,suburbana,0,34.0625,Premium,"25830,00","13828,25","240,00"
C003510,urbana_premium,1,35.3125,Prepago,"20940,00","6421,44","180,00"
C003511,urbana_premium,0,34.375,Premium,"27220,00","23456,94","470,00"
C003512,suburbana,0,34.54545454545455,Contrato,"21640,00","4990,79",
C003513,suburbana,0,32.142857142857146,Premium,,"6755,14","390,00"
C003514,urbana_premium,0,34.11764705882353,Contrato,"31430,00","8933,24","190,00"
C003515,urbana_premium,0,37.30769230769231,Premium,"49370,00","21177,94","590,00"
C003516,urbana_premium,1,40,Prepago,"23600,00","3833,20","170,00"
C003517,rural,0,33.92156862745098,Prepago,"31620,00","2083,19","90,00"
C003518,urbana_premium,0,30,Contrato,"24540,00","20851,72","550,00"
C003519,suburbana,0,35.45454545454545,Prepago,"26090,00","6680,36","330,00"
C003520,urbana_premium,0,37.5,Premium,"37800,00","15204,60","640,00"
C003521,suburbana,1,35.45454545454545,Premium,"26840,00","6743,45","550,00"
C003522,urbana_premium,1,36.25,Premium,"47580,00","21419,46","240,00"
C003523,urbana_premium,0,35.38461538461539,Premium,"36850,00","16870,92",
C003524,suburbana,0,35.25,Contrato,"28220,00","16236,06","1060,00"
C003525,urbana_premium,1,30,Premium,"16660,00","38844,75","320,00"
C003526,suburbana,0,33.5,Prepago,"34300,00","4586,26","1050,00"
C003527,urbana_premium,0,36.52173913043478,Premium,"73870,00","13145,74","440,00"
C003528,urbana_premium,0,32.94117647058823,Premium,"32220,00","15068,49","220,00"
C003529,suburbana,0,36.2962962962963,Premium,"37560,00","14079,72","250,00"
C003530,urbana_premium,1,34.23076923076923,Premium,"28690,00","15492,50","160,00"
C003531,suburbana,0,35.45454545454545,Premium,"42090,00","25558,41","430,00"
C003532,suburbana,0,34.074074074074076,Premium,"35750,00","6730,09","410,00"
C003533,urbana_premium,0,33.793103448275865,Premium,"33670,00","20153,17","280,00"
C003534,urbana_premium,0,35,Contrato,"32900,00","6604,63","150,00"
C003535,suburbana,0,33.333333333333336,Prepago,"37360,00","3750,78","240,00"
C003536,urbana_premium,0,36,Premium,"38830,00","25329,24","1010,00"
C003537,urbana_premium,0,36.666666666666664,Prepago,"24870,00","6538,00","50,00"
C003538,urbana_premium,0,35.25,Prepago,"22420,00","5490,51","610,00"
C003539,urbana_premium,0,33.84615384615385,Premium,"47030,00","12281,30",
C003540,urbana_premium,1,32.4,Premium,"29300,00","23380,78",
C003541,urbana_premium,0,34.44444444444444,Premium,"38750,00","18673,11","230,00"
C003542,suburbana,0,33.333333333333336,Premium,"36620,00","14006,84","300,00"
C003543,urbana_premium,1,36.666666666666664,Premium,"25130,00","17912,40","250,00"
C003544,urbana_premium,1,35.714285714285715,Premium,"26840,00","16176,59","210,00"
C003545,suburbana,0,34.6875,Premium,"52600,00","13883,72","320,00"
C003546,urbana_premium,1,35.45454545454545,Premium,"33130,00","25960,70","260,00"
C003547,urbana_premium,0,31,Premium,"54680,00","12777,22","480,00"
C003548,suburbana,0,31.724137931034484,Premium,"71690,00","7752,32","310,00"
C003549,urbana_premium,0,34.4,Contrato,"41620,00","11994,17","20,00"
C003550,suburbana,1,33.63636363636363,Contrato,"22050,00","4430,85","470,00"
C003551,suburbana,0,33.5,Contrato,"31160,00","4963,94","380,00"
C003552,suburbana,1,32.5,Premium,"27900,00","7258,67","200,00"
C003553,suburbana,0,33.793103448275865,Contrato,"30520,00","14621,61","690,00"
C003554,suburbana,0,33.666666666666664,Contrato,"38310,00","4197,85","620,00"
C003555,urbana_premium,0,31.73913043478261,Premium,"51210,00","29440,11","130,00"
C003556,urbana_premium,0,31,Premium,"18980,00","20265,54","690,00"
C003557,urbana_premium,1,38.421052631578945,Prepago,"58050,00","4377,59","90,00"
C003558,urbana_premium,1,35,Premium,"42120,00","42808,30","370,00"
C003559,suburbana,0,35,Prepago,"24390,00","1840,50","420,00"
C003560,urbana_premium,0,36.52173913043478,Premium,"49490,00","14490,28","170,00"
C003561,suburbana,0,32.333333333333336,Premium,"20640,00","8804,03","550,00"
C003562,urbana_premium,0,35,Contrato,"26940,00","14508,57","-540,00"
C003563,urbana_premium,0,36.8,Prepago,"55450,00","4286,63","40,00"
C003564,rural,1,37.142857142857146,Prepago,"23770,00","4886,00","220,00"
C003565,suburbana,0,38.13953488372093,Premium,"51600,00","5616,56","170,00"
C003566,urbana_premium,1,32.5,Premium,"30100,00","29699,50","-330,00"
C003567,suburbana,0,33.170731707317074,Premium,"33010,00","15511,22","520,00"
C003568,urbana_premium,0,34.857142857142854,Premium,"43830,00","13392,94","580,00"
C003569,suburbana,0,34.63414634146341,Prepago,"34360,00","2811,50","740,00"
C003570,suburbana,0,33.4375,Prepago,"37040,00","2825,36","490,00"
C003571,urbana_premium,0,34.73684210526316,Premium,"44960,00","25410,89","280,00"
C003572,urbana_premium,1,32.5,Premium,"38530,00","7540,67","430,00"
C003573,suburbana,0,36.06060606060606,Premium,"15110,00","16527,30","600,00"
C003574,suburbana,0,33.87096774193548,Prepago,,"2124,75","240,00"
C003575,suburbana,0,34.54545454545455,Contrato,"12990,00","7420,83","350,00"
C003576,suburbana,1,34.166666666666664,Contrato,"19360,00","4235,46","140,00"
C003577,urbana_premium,0,36.5,Premium,"29910,00","14423,51","620,00"
C003578,urbana_premium,0,33.57142857142857,Contrato,"52510,00","8576,64","290,00"
C003579,rural,0,32.88135593220339,Prepago,"21480,00","4013,71","50,00"
C003580,suburbana,0,37,Premium,"57460,00","5794,91","100,00"
C003581,urbana_premium,0,36.94444444444444,Premium,"23560,00","12333,86","300,00"
C003582,urbana_premium,0,33.46153846153846,Prepago,"26050,00","7792,51","170,00"
C003583,rural,0,31.86046511627907,Premium,"10560,00","6271,33","170,00"
C003584,rural,1,34.54545454545455,Premium,"15540,00","13321,13","220,00"
C003585,urbana_premium,0,35.357142857142854,Prepago,"30670,00","5303,82","560,00"
C003586,urbana_premium,0,35,Premium,"63920,00","20031,50","180,00"
C003587,suburbana,0,34.72222222222222,Premium,"42990,00","9132,00","270,00"
C003588,urbana_premium,0,38.84615384615385,Premium,"41610,00","16353,61","310,00"
C003589,urbana_premium,1,33.68421052631579,Premium,"34330,00","23605,55","620,00"
C003590,urbana_premium,0,34.76190476190476,Premium,"50020,00","12552,89","220,00"
C003591,urbana_premium,0,34,Premium,"59760,00","25077,86","320,00"
C003592,suburbana,0,33.4375,Contrato,"23770,00","4747,03","520,00"
C003593,urbana_premium,1,36.81818181818182,Contrato,"31600,00","10626,38","270,00"
C003594,suburbana,1,37.05882352941177,Premium,"25630,00","17551,12","120,00"
C003595,suburbana,1,33.333333333333336,Contrato,"16240,00","17606,59","240,00"
C003596,suburbana,0,32.5,Premium,"45540,00","7483,43","500,00"
C003597,urbana_premium,0,37.5,Premium,"31210,00","31008,65",
C003598,urbana_premium,0,38.75,Premium,"34590,00","16413,97","170,00"
C003599,urbana_premium,0,37.083333333333336,Premium,"63720,00","20848,91","230,00"
C003600,suburbana,0,35.3125,Contrato,"24680,00","5080,40","300,00"
C003601,urbana_premium,0,33.68421052631579,Premium,"59620,00","25686,58","450,00"
C003602,urbana_premium,0,33.47826086956522,Premium,"20760,00","13220,26","240,00"
C003603,urbana_premium,1,37.5,Premium,"46590,00","10487,25","570,00"
C003604,rural,1,35,Prepago,"19860,00","5251,00","250,00"
C003605,urbana_premium,0,38.18181818181818,Contrato,"22020,00","15759,54","380,00"
C003606,rural,1,40,Prepago,"15600,00","2449,00","490,00"
C003607,urbana_premium,1,40,Premium,"40200,00","25148,00","240,00"
C003608,urbana_premium,0,35.2,Contrato,"27350,00","12901,31","210,00"
C003609,rural,0,33.333333333333336,Premium,"26550,00","13185,81","390,00"
C003610,urbana_premium,0,37.69230769230769,Premium,"29490,00","19631,50","260,00"
C003611,rural,1,33.5,Premium,"13170,00","8263,65","290,00"
C003612,suburbana,0,32.857142857142854,Prepago,"41860,00","2698,31","100,00"
C003613,rural,0,31.77777777777778,Premium,"25740,00","5682,94","420,00"
C003614,urbana_premium,0,34.24242424242424,Contrato,"20360,00","21259,81","310,00"
C003615,urbana_premium,1,33.84615384615385,Prepago,"48110,00","4461,69","240,00"
C003616,suburbana,1,25,Contrato,"31110,00","5261,13","120,00"
C003617,rural,0,33.8,Premium,"19960,00","8800,78","-600,00"
C003618,urbana_premium,0,36.666666666666664,Premium,"33370,00","22183,52","230,00"
C003619,suburbana,0,34.25,Premium,"47650,00","24812,97","670,00"
C003620,urbana_premium,0,36.53846153846154,Premium,"42800,00","31814,03","70,00"
C003621,suburbana,0,32.82608695652174,Premium,"48470,00","11438,81","130,00"
C003622,urbana_premium,0,35.6,Premium,,"18088,03","370,00"
C003623,suburbana,0,33.40909090909091,Premium,"32360,00","24193,18","240,00"
C003624,suburbana,1,45,Contrato,"22870,00","4320,50","210,00"
C003625,rural,0,32.5531914893617,Prepago,"24530,00","4096,47","430,00"
C003626,suburbana,0,33.333333333333336,Premium,"42610,00","28935,33","160,00"
C003627,urbana_premium,0,36.388888888888886,Premium,"39380,00","24304,82","460,00"
C003628,suburbana,1,36.111111111111114,Premium,"58710,00","11382,14","450,00"
C003629,suburbana,0,36,Premium,"42590,00","7787,06","380,00"
C003630,rural,1,32.666666666666664,Prepago,"15260,00","3838,53","130,00"
C003631,suburbana,1,36.36363636363637,Premium,"25160,00","10024,00","90,00"
C003632,urbana_premium,0,32.77777777777778,Premium,"48450,00","14410,08","160,00"
C003633,urbana_premium,0,32.77777777777778,Premium,"22430,00","11064,54","500,00"
C003634,suburbana,0,32.41379310344828,Contrato,"28620,00","3241,37","230,00"
C003635,urbana_premium,0,34.8,Premium,"27620,00","16715,14","540,00"
C003636,rural,1,30.869565217391305,Contrato,"23550,00","4811,29","110,00"
C003637,urbana_premium,0,37.2972972972973,Premium,"27690,00","14078,11","220,00"
C003638,rural,1,34.375,Premium,"33570,00","16629,92","200,00"
C003639,urbana_premium,0,33.333333333333336,Prepago,"32030,00","5037,28","200,00"
C003640,suburbana,0,34,Contrato,"37620,00","9115,33","80,00"
C003641,urbana_premium,0,38,Premium,"22690,00","12205,16","140,00"
C003642,suburbana,0,33.333333333333336,Contrato,"26790,00","3830,23","230,00"
C003643,urbana_premium,1,30,Contrato,,"11234,40","270,00"
C003644,urbana_premium,0,36.81818181818182,Premium,"58120,00","22569,64","310,00"
C003645,rural,1,33.90243902439025,Contrato,"17700,00","15811,56","80,00"
C003646,urbana_premium,0,35.6,Prepago,"37120,00","4818,76","260,00"
C003647,suburbana,0,35,Contrato,"33720,00","4003,53","180,00"
C003648,suburbana,0,32.5,Premium,"22960,00","5775,85","530,00"
C003649,urbana_premium,0,34.21052631578947,Contrato,"25150,00","8606,22","530,00"
C003650,suburbana,0,34.651162790697676,Prepago,"31810,00","5532,50","510,00"
C003651,urbana_premium,0,34.8,Premium,"19460,00","19679,11","230,00"
C003652,rural,1,33.63636363636363,Contrato,"37130,00","8256,56","190,00"
C003653,suburbana,0,31.071428571428573,Premium,"28420,00","19601,63","320,00"
C003654,rural,1,29.23076923076923,Premium,"13860,00","18236,38","160,00"
C003655,suburbana,1,33.8235294117647,Prepago,"27170,00","2446,10","290,00"
C003656,suburbana,0,31.463414634146343,Premium,"36490,00","10301,46","300,00"
C003657,urbana_premium,1,32.10526315789474,Contrato,"28760,00","13761,41","-520,00"
C003658,suburbana,0,32.96296296296296,Prepago,"15110,00","2669,11","230,00"
C003659,urbana_premium,0,36.31578947368421,Premium,,"25042,24","330,00"
C003660,rural,0,33.60655737704918,Contrato,"30300,00","7358,61","450,00"
C003661,rural,1,26.25,Premium,"25190,00","13699,76","260,00"
C003662,urbana_premium,0,35.833333333333336,Premium,"44070,00","11323,91","60,00"
C003663,urbana_premium,1,35.45454545454545,Premium,"53500,00","29403,41","380,00"
C003664,suburbana,0,34.35897435897436,Premium,"51880,00","14644,22","100,00"
C003665,urbana_premium,0,30.4,Prepago,"14910,00","10348,41","270,00"
C003666,suburbana,0,32.64705882352941,Contrato,"18750,00","3780,89","140,00"
C003667,rural,0,33.27272727272727,Contrato,"24620,00","3462,64","60,00"
C003668,urbana_premium,0,34.411764705882355,Premium,"42170,00","19958,56","400,00"
C003669,suburbana,0,34.473684210526315,Contrato,"17340,00","7540,09","250,00"
C003670,urbana_premium,0,37.77777777777778,Premium,"29110,00","16693,56","660,00"
C003671,suburbana,0,40.476190476190474,Premium,"54460,00","9350,22","30,00"
C003672,rural,0,33.541666666666664,Prepago,"20510,00","2672,94","120,00"
C003673,urbana_premium,0,35.55555555555556,Premium,"41200,00","22802,66","550,00"
C003674,suburbana,0,36.57142857142857,Premium,"55790,00","24321,77","580,00"
C003675,urbana_premium,0,33.6,Premium,"39560,00","17071,03","430,00"
C003676,urbana_premium,0,35.714285714285715,Prepago,"50420,00","3329,92","210,00"
C003677,suburbana,0,32.926829268292686,Contrato,"36400,00","13608,91","430,00"
C003678,urbana_premium,0,33.80952380952381,Premium,"34030,00","20110,42","260,00"
C003679,urbana_premium,1,35.90909090909091,Prepago,"33360,00","3923,90","20,00"
C003680,rural,1,32.5,Contrato,"35110,00","8384,25","520,00"
C003681,rural,0,32.325581395348834,Contrato,"23150,00","7327,11","170,00"
C003682,urbana_premium,0,29.444444444444443,Premium,"26890,00","15666,53","1030,00"
C003683,suburbana,0,36.904761904761905,Prepago,"43540,00","5398,28","90,00"
C003684,urbana_premium,0,33.04347826086956,Premium,"14090,00","13455,06","500,00"
C003685,rural,0,33.75,Prepago,"40340,00","3736,17","270,00"
C003686,suburbana,0,34.35897435897436,Prepago,"27930,00","3466,34","460,00"
C003687,suburbana,0,33.05555555555556,Contrato,"29890,00","3239,74","130,00"
C003688,urbana_premium,0,38,Premium,"39400,00","20136,56","940,00"
C003689,rural,0,33.13725490196079,Prepago,"36990,00","1993,16","730,00"
C003690,suburbana,1,31.666666666666668,Prepago,"31680,00","4596,00","180,00"
C003691,suburbana,0,34.827586206896555,Premium,"29570,00","13701,80","380,00"
C003692,urbana_premium,0,36.25,Premium,"27430,00","14453,77","290,00"
C003693,suburbana,0,32.7906976744186,Prepago,"23220,00","2027,36","120,00"
C003694,suburbana,0,34.87179487179487,Premium,"37320,00","7073,53","220,00"
C003695,urbana_premium,0,33.6,Premium,"41380,00","12586,80","510,00"
C003696,suburbana,0,32.68292682926829,Prepago,"53800,00","5357,47","20,00"
C003697,urbana_premium,1,30,Prepago,"28780,00","6335,50","120,00"
C003698,suburbana,0,34.0625,Contrato,"19910,00","6513,06","640,00"
C003699,suburbana,0,31.21212121212121,Premium,"33110,00","14516,66","710,00"
C003700,suburbana,1,25,Prepago,"28930,00","5604,60","220,00"
C003701,urbana_premium,0,37.407407407407405,Premium,"25160,00","21624,22","90,00"
C003702,urbana_premium,0,33.75,Premium,"31920,00","16294,05","620,00"
C003703,urbana_premium,1,34,Premium,"48980,00","20968,70","260,00"
C003704,suburbana,0,32.95454545454545,Prepago,"18780,00","3488,05","410,00"
C003705,rural,1,34.583333333333336,Prepago,"15590,00","2058,80","340,00"
C003706,urbana_premium,0,33.333333333333336,Premium,"29660,00","18669,35","460,00"
C003707,suburbana,0,34.411764705882355,Contrato,"23270,00","4729,80","370,00"
C003708,rural,0,31.428571428571427,Prepago,"30640,00","2597,58","390,00"
C003709,suburbana,0,35.75757575757576,Contrato,"24540,00","13685,57","280,00"
C003710,rural,1,35,Prepago,"41090,00","8246,36","380,00"
C003711,suburbana,0,33.55555555555556,Prepago,"20690,00","1782,27","340,00"
C003712,urbana_premium,0,34.44444444444444,Premium,"43490,00","17770,21","310,00"
C003713,suburbana,0,35,Premium,"29390,00","13604,97","30,00"
C003714,urbana_premium,1,35,Premium,"38320,00","24244,33","170,00"
C003715,suburbana,0,31.944444444444443,Premium,"12590,00","7389,21","120,00"
C003716,urbana_premium,0,38.484848484848484,Prepago,"26070,00","12183,92","350,00"
C003717,rural,1,33,Prepago,"21890,00","2378,83","150,00"
C003718,urbana_premium,0,35.333333333333336,Contrato,"19210,00","12845,57","80,00"
C003719,urbana_premium,0,32.5,Contrato,"13760,00","7727,26","160,00"
C003720,urbana_premium,0,33.529411764705884,Premium,"24850,00","14690,44","180,00"
C003721,suburbana,0,35.23809523809524,Prepago,"33550,00","5942,19","210,00"
C003722,urbana_premium,0,35.18518518518518,Contrato,"45230,00","8194,83","290,00"
C003723,suburbana,0,36.1764705882353,Premium,"19430,00","7806,08","270,00"
C003724,suburbana,0,36.06060606060606,Prepago,"27780,00","2553,34","310,00"
C003725,urbana_premium,0,35.333333333333336,Prepago,"44390,00","5886,03","340,00"
C003726,urbana_premium,0,39.25925925925926,Premium,"60860,00","17860,11","40,00"
C003727,urbana_premium,0,35.5,Contrato,"60040,00","9371,86","740,00"
C003728,urbana_premium,0,38.333333333333336,Premium,"52660,00","19260,40","370,00"
C003729,suburbana,1,36.25,Contrato,"24680,00","12337,00","750,00"
C003730,urbana_premium,0,36.45161290322581,Premium,"37620,00","20936,34",
C003731,urbana_premium,0,34.666666666666664,Premium,"39240,00","12840,69","1200,00"
C003732,urbana_premium,0,32.58064516129032,Premium,"35480,00","18403,97",
C003733,urbana_premium,1,32.22222222222222,Premium,"23640,00","10327,44","150,00"
C003734,urbana_premium,0,35,Premium,"63380,00","40276,71","130,00"
C003735,urbana_premium,0,35.51724137931034,Prepago,"44540,00","5940,57","130,00"
C003736,suburbana,1,32.30769230769231,Prepago,"40420,00","1903,50","120,00"
C003737,urbana_premium,0,39.473684210526315,Premium,"48230,00","19442,38","190,00"
C003738,rural,0,30.666666666666668,Prepago,"19950,00","1771,44",
C003739,urbana_premium,0,38.095238095238095,Premium,"22650,00","15616,83","220,00"
C003740,suburbana,0,35.945945945945944,Prepago,"38770,00","3874,30",
C003741,rural,0,32.80701754385965,Premium,"29520,00","24117,87","260,00"
C003742,rural,0,31.88679245283019,Contrato,"25690,00","8239,24","50,00"
C003743,suburbana,1,,Contrato,"63320,00","11761,00","240,00"
C003744,urbana_premium,0,32.4,Contrato,"31390,00","8378,33","30,00"
C003745,suburbana,0,36.8421052631579,Premium,"26700,00","5112,29","200,00"
C003746,rural,0,29.444444444444443,Prepago,"24960,00","3245,09","130,00"
C003747,urbana_premium,0,34.75,Prepago,,"3610,34","340,00"
C003748,urbana_premium,0,34.074074074074076,Premium,"35260,00","16201,09","560,00"
C003749,suburbana,0,35.806451612903224,Premium,"42790,00","12868,19","150,00"
C003750,rural,0,33.80952380952381,Contrato,"18510,00","7759,03",
C003751,suburbana,0,32.6,Prepago,"24340,00","3573,03","180,00"
C003752,urbana_premium,0,34.705882352941174,Premium,"46850,00","9234,12","230,00"
C003753,suburbana,0,33.69565217391305,Prepago,"18780,00","5787,75","390,00"
C003754,urbana_premium,0,35.333333333333336,Premium,"37190,00","15018,62","940,00"
C003755,urbana_premium,0,33.2,Premium,"36520,00","15384,47","300,00"
C003756,suburbana,0,32.30769230769231,Premium,"37120,00","6954,20","880,00"
C003757,urbana_premium,0,34.411764705882355,Prepago,"50700,00","3377,97","160,00"
C003758,urbana_premium,0,38.064516129032256,Premium,"36190,00","16022,56","490,00"
C003759,urbana_premium,0,35.357142857142854,Premium,"37140,00","13041,89","260,00"
C003760,urbana_premium,0,32.22222222222222,Prepago,"37810,00","10154,56","550,00"
C003761,suburbana,0,33.41463414634146,Premium,"26760,00","9883,76","180,00"
C003762,suburbana,0,32.916666666666664,Premium,"46850,00","23655,00","300,00"
C003763,suburbana,0,31.57894736842105,Contrato,"35530,00","12939,09","420,00"
C003764,urbana_premium,0,34.61538461538461,Premium,"59620,00","27158,86","200,00"
C003765,rural,0,33.77358490566038,Prepago,"17080,00","1611,86","350,00"
C003766,urbana_premium,0,38.23529411764706,Premium,"59310,00","28859,50","210,00"
C003767,urbana_premium,0,35.18518518518518,Premium,"39910,00","12262,92","760,00"
C003768,suburbana,0,34.390243902439025,Prepago,"37880,00","4953,18","250,00"
C003769,rural,0,34.2,Prepago,"11900,00","4829,16","210,00"
C003770,suburbana,0,33.93939393939394,Premium,"52670,00","8791,11","500,00"
C003771,urbana_premium,0,36.07142857142857,Contrato,"44660,00","12125,17","-340,00"
C003772,urbana_premium,0,33.03030303030303,Premium,"73490,00","13277,80","240,00"
C003773,suburbana,0,34.1025641025641,Premium,"43990,00","24464,19","540,00"
C003774,urbana_premium,0,35.806451612903224,Premium,"18700,00","19823,05","130,00"
C003775,urbana_premium,0,28.571428571428573,Premium,"65200,00","16990,69","390,00"
C003776,urbana_premium,0,34.44444444444444,Contrato,"40860,00","8524,50","50,00"
C003777,suburbana,0,35.490196078431374,Prepago,"37320,00","4589,06","100,00"
C003778,suburbana,0,33.611111111111114,Prepago,"36040,00","2175,34","360,00"
C003779,urbana_premium,0,38.8235294117647,Premium,"36980,00","22440,03","150,00"
C003780,urbana_premium,0,38.4375,Premium,"33220,00","22872,80","490,00"
C003781,suburbana,0,31.62162162162162,Premium,"38160,00","6844,89","610,00"
C003782,suburbana,0,34.84848484848485,Premium,"22280,00","11326,63","290,00"
C003783,urbana_premium,0,35.3125,Premium,"38660,00","23590,68","620,00"
C003784,urbana_premium,0,40,Premium,"62520,00","11812,76","270,00"
C003785,suburbana,1,36.666666666666664,Prepago,"19450,00","2380,17","530,00"
C003786,urbana_premium,0,32.972972972972975,Prepago,"35700,00","4305,80","300,00"
C003787,urbana_premium,1,32,Premium,"57610,00","22544,53","390,00"
C003788,urbana_premium,0,35.714285714285715,Prepago,"28750,00","7499,24","230,00"
C003789,suburbana,1,,Prepago,"15290,00","7596,00","280,00"
C003790,suburbana,0,35.6,Premium,"14900,00","11016,18","150,00"
C003791,rural,0,33.24324324324324,Contrato,"19690,00","8345,29","840,00"
C003792,suburbana,0,34.166666666666664,Premium,"53750,00","7233,43","240,00"
C003793,suburbana,0,33.45454545454545,Prepago,"22830,00","1522,36",
C003794,urbana_premium,1,37.142857142857146,Premium,"34610,00","26629,55","180,00"
C003795,suburbana,1,32,Premium,"30370,00","10330,60","420,00"
C003796,suburbana,0,35.945945945945944,Contrato,"43900,00","6000,09","260,00"
C003797,suburbana,0,32.94117647058823,Premium,"40240,00","33222,50","460,00"
C003798,urbana_premium,0,38.333333333333336,Contrato,"36280,00","18290,43","420,00"
C003799,suburbana,0,35.75,Premium,"36770,00","4883,35","1110,00"
C003800,urbana_premium,0,33.92857142857143,Premium,"55490,00","16209,47","500,00"
C003801,suburbana,1,35,Prepago,"16760,00","2681,31","340,00"
C003802,rural,0,33.265306122448976,Premium,"20350,00","10398,67","420,00"
C003803,suburbana,1,34,Prepago,"19580,00","4194,12","580,00"
C003804,urbana_premium,0,38.214285714285715,Premium,,"17009,31","350,00"
C003805,suburbana,0,37.03703703703704,Contrato,"37430,00","4469,54","290,00"
C003806,urbana_premium,0,35.172413793103445,Prepago,"25150,00","4781,31","350,00"
C003807,rural,1,30,Contrato,"52100,00","5021,46","150,00"
C003808,suburbana,0,35.75,Contrato,"37540,00","7455,53","510,00"
C003809,urbana_premium,0,36.15384615384615,Contrato,"31190,00","12991,72","280,00"
C003810,urbana_premium,0,36.25,Premium,"36550,00","27698,74",
C003811,urbana_premium,0,35.45454545454545,Premium,"24380,00","10331,09","140,00"
C003812,urbana_premium,1,30,Premium,"22850,00","33134,00","170,00"
C003813,urbana_premium,0,38.4375,Premium,"33450,00","26527,43","580,00"
C003814,rural,0,31.6,Contrato,"36700,00","10296,94","60,00"
C003815,suburbana,0,32.68292682926829,Prepago,"18220,00","8344,54","320,00"
C003816,suburbana,1,27.857142857142858,Premium,"45900,00","5210,25","310,00"
C003817,suburbana,1,29.166666666666668,Premium,"27930,00","9731,56","210,00"
C003818,urbana_premium,0,33.63636363636363,Premium,"41610,00","18889,89","380,00"
C003819,suburbana,0,35.45454545454545,Prepago,"30580,00","2937,83","130,00"
C003820,suburbana,0,34.09090909090909,Premium,"39090,00","5998,08","150,00"
C003821,urbana_premium,0,38,Premium,"56210,00","20932,72","340,00"
C003822,suburbana,0,34.8780487804878,Prepago,"27650,00","2004,42","900,00"
C003823,suburbana,0,33.55555555555556,Prepago,"35630,00","2537,80","200,00"
C003824,suburbana,0,29.62962962962963,Contrato,"47000,00","3876,74","440,00"
C003825,rural,0,33.943661971830984,Prepago,"30870,00","7988,19","1200,00"
C003826,suburbana,0,37.5,Prepago,"25800,00","2327,37","590,00"
C003827,urbana_premium,1,32.38095238095238,Premium,"35750,00","26939,75","80,00"
C003828,suburbana,0,34.24242424242424,Premium,"21110,00","14428,28","200,00"
C003829,urbana_premium,1,34.166666666666664,Premium,"72320,00","27582,07","650,00"
C003830,suburbana,1,35.714285714285715,Prepago,"33180,00","3260,63","30,00"
C003831,urbana_premium,1,40,Prepago,"23420,00","9474,00","60,00"
C003832,suburbana,1,32.57142857142857,Premium,"22220,00","13938,56","700,00"
C003833,suburbana,0,36.74418604651163,Prepago,"28250,00","2177,62","370,00"
C003834,urbana_premium,0,34.11764705882353,Premium,"61220,00","17874,43","-70,00"
C003835,urbana_premium,0,39.411764705882355,Premium,"35800,00","10579,43","250,00"
C003836,suburbana,0,34.87179487179487,Prepago,"36830,00","3496,26","270,00"
C003837,suburbana,0,34.84848484848485,Prepago,"23210,00","3737,50","190,00"
C003838,suburbana,0,36.774193548387096,Premium,"37350,00","7613,43","510,00"
C003839,urbana_premium,0,35,Contrato,"60360,00","9736,14","570,00"
C003840,urbana_premium,0,35.666666666666664,Premium,"50460,00","15877,49","240,00"
C003841,suburbana,1,35,Prepago,"12620,00","4598,60","90,00"
C003842,suburbana,1,34.78260869565217,Contrato,"28260,00","3260,31","130,00"
C003843,suburbana,1,34.285714285714285,Contrato,"20590,00","3933,17","350,00"
C003844,rural,0,33.72093023255814,Premium,"29360,00","5797,29","600,00"
C003845,urbana_premium,0,40,Premium,"39230,00","13524,59","340,00"
C003846,urbana_premium,0,31.93548387096774,Premium,"69680,00","11842,31","740,00"
C003847,rural,0,33.40909090909091,Contrato,"20670,00","3657,56","260,00"
C003848,suburbana,1,30,Premium,"30580,00","14846,80","170,00"
C003849,urbana_premium,0,35.26315789473684,Premium,"36660,00","17615,39","390,00"
C003850,urbana_premium,0,35.6,Premium,"49220,00","33224,11","940,00"
C003851,suburbana,1,33.714285714285715,Prepago,"21220,00","4151,24","330,00"
C003852,urbana_premium,0,36.07142857142857,Premium,"26970,00","17601,31","480,00"
C003853,rural,1,32,Contrato,"19060,00","5464,17","60,00"
C003854,suburbana,1,31,Contrato,"36580,00","7535,38","310,00"
C003855,urbana_premium,0,32.592592592592595,Prepago,"55070,00","4358,97","190,00"
C003856,rural,1,33.333333333333336,Premium,"22470,00","8914,33","360,00"
C003857,urbana_premium,0,36,Premium,"47080,00","16619,09","160,00"
C003858,suburbana,0,32.340425531914896,Premium,"35610,00","14372,36","840,00"
C003859,suburbana,0,36.42857142857143,Prepago,"29220,00","5160,60","340,00"
C003860,suburbana,0,35.15151515151515,Prepago,"28970,00","4363,00","350,00"
C003861,urbana_premium,0,36.5,Contrato,,"8235,50","620,00"
C003862,suburbana,1,34.516129032258064,Contrato,"58280,00","7160,71","340,00"
C003863,suburbana,1,33.333333333333336,Contrato,"42120,00","6218,00","70,00"
C003864,suburbana,1,28.333333333333332,Premium,"45410,00","33021,50","50,00"
C003865,urbana_premium,0,36.25,Premium,"78140,00","25120,76","1140,00"
C003866,suburbana,0,33.58974358974359,Contrato,"23350,00","15373,54","340,00"
C003867,urbana_premium,0,34,Premium,"48930,00","14908,97","240,00"
C003868,urbana_premium,0,35.18518518518518,Contrato,"63720,00","18974,94","220,00"
C003869,suburbana,1,36.666666666666664,Premium,"41410,00","6034,62","250,00"
C003870,urbana_premium,0,34.11764705882353,Premium,"31040,00","18749,91","360,00"
C003871,suburbana,0,34.333333333333336,Contrato,"22550,00","9069,33","280,00"
C003872,rural,0,31.607142857142858,Premium,"41120,00","13246,54","220,00"
C003873,urbana_premium,0,37.57575757575758,Prepago,"44270,00","3950,94","120,00"
C003874,urbana_premium,0,36.333333333333336,Premium,"42600,00","16344,89","360,00"
C003875,suburbana,0,33.111111111111114,Contrato,"30010,00","4446,05","240,00"
C003876,suburbana,0,34.666666666666664,Premium,"50570,00","11395,88","480,00"
C003877,rural,0,33.45454545454545,Prepago,"32650,00","2781,88","-180,00"
C003878,urbana_premium,0,36.81818181818182,Premium,"35860,00","12993,61","200,00"
C003879,suburbana,0,34.6875,Contrato,"41010,00","8433,16","150,00"
C003880,suburbana,0,32.77777777777778,Contrato,"31730,00","4122,89","110,00"
C003881,rural,1,32.72727272727273,Prepago,"31500,00","6903,21","60,00"
C003882,urbana_premium,0,32.666666666666664,Premium,,"22653,26","270,00"
C003883,suburbana,0,34.11764705882353,Prepago,"45950,00","2836,26","80,00"
C003884,urbana_premium,0,33.1578947368421,Contrato,"20920,00","12397,97","610,00"
C003885,suburbana,0,37,Premium,"35680,00","13179,11","490,00"
C003886,suburbana,0,34,Contrato,"50010,00","9270,15",
C003887,suburbana,1,32.758620689655174,Prepago,"23180,00","3056,48","330,00"
C003888,suburbana,0,34.5,Prepago,"59800,00","3571,80","410,00"
C003889,urbana_premium,0,36.95652173913044,Premium,"47560,00","18769,97","300,00"
C003890,urbana_premium,0,38.064516129032256,Premium,"53530,00","42519,81","140,00"
C003891,urbana_premium,1,40.588235294117645,Premium,"53520,00","14475,11","70,00"
C003892,rural,1,32.69230769230769,Prepago,"14500,00","2596,06","460,00"
C003893,urbana_premium,1,37.142857142857146,Contrato,"54230,00","6887,80","150,00"
C003894,suburbana,0,31.162790697674417,Premium,"35430,00","19824,36","840,00"
C003895,urbana_premium,0,34.61538461538461,Prepago,"32720,00","4787,26","450,00"
C003896,suburbana,0,34.48275862068966,Premium,"52620,00","6939,66","300,00"
C003897,suburbana,0,37.94117647058823,Prepago,"15360,00","4114,41","290,00"
C003898,rural,0,34.20289855072464,Prepago,"18740,00","3155,11","150,00"
C003899,urbana_premium,0,36.333333333333336,Premium,"63660,00","13086,89","340,00"
C003900,rural,0,32.61904761904762,Contrato,"33050,00","9362,46","270,00"
C003901,urbana_premium,0,36,Contrato,"31710,00","8931,92","90,00"
C003902,urbana_premium,0,35.18518518518518,Contrato,"29830,00","17770,82","120,00"
C003903,suburbana,0,32.1875,Contrato,"28170,00","3881,46","200,00"
C003904,suburbana,0,36.111111111111114,Prepago,"34190,00","2893,68","720,00"
C003905,suburbana,1,31.666666666666668,Prepago,"26430,00","4763,50","70,00"
C003906,rural,1,30,Contrato,"23330,00","4038,00",
C003907,urbana_premium,0,35.65217391304348,Contrato,"40950,00","16867,00","100,00"
C003908,urbana_premium,0,39,Premium,"35410,00","24884,52",
C003909,suburbana,0,32.05128205128205,Prepago,"26580,00","4880,49","50,00"
C003910,urbana_premium,0,35.76923076923077,Premium,"26510,00","15140,59","330,00"
C003911,urbana_premium,0,33.91304347826087,Contrato,"39650,00","13084,44","70,00"
C003912,urbana_premium,0,37.5,Premium,"39380,00","24923,11","350,00"
C003913,suburbana,0,35,Premium,"22450,00","4668,57","560,00"
C003914,suburbana,0,35.53191489361702,Prepago,"34400,00","5150,31","220,00"
C003915,suburbana,0,31.48148148148148,Premium,"47060,00","6796,97","470,00"
C003916,urbana_premium,0,35.78947368421053,Premium,"40920,00","33171,30","190,00"
C003917,suburbana,0,33.666666666666664,Premium,"36220,00","12021,74","140,00"
C003918,suburbana,0,35,Premium,"44030,00","8680,39","670,00"
C003919,rural,0,31.52542372881356,Prepago,"23970,00","5091,35","350,00"
C003920,suburbana,0,35,Contrato,"42580,00","8795,31","330,00"
C003921,rural,1,28.125,Premium,"10840,00","28542,09","320,00"
C003922,suburbana,0,34.57142857142857,Prepago,"24320,00","2501,08","450,00"
C003923,suburbana,0,33.77777777777778,Prepago,"21190,00","4083,03","240,00"
C003924,urbana_premium,0,32.5,Prepago,"65530,00","5171,59","60,00"
C003925,rural,1,,Prepago,"30270,00","9446,33","220,00"
C003926,suburbana,0,33.44827586206897,Contrato,"20400,00","8548,31","410,00"
C003927,suburbana,0,34.193548387096776,Contrato,"22130,00","6174,56","340,00"
C003928,urbana_premium,1,33.63636363636363,Premium,"24750,00","15098,00","150,00"
C003929,urbana_premium,0,32.30769230769231,Premium,"44840,00","12632,92","120,00"
C003930,urbana_premium,0,34.666666666666664,Premium,"42800,00","24729,89","310,00"
C003931,suburbana,0,34.333333333333336,Prepago,"26860,00","2072,89","240,00"
C003932,urbana_premium,0,33.44827586206897,Premium,"29420,00","21040,82","200,00"
C003933,urbana_premium,0,36,Contrato,"39550,00","9127,09","520,00"
C003934,suburbana,0,34.8936170212766,Premium,"76740,00","16061,08","330,00"
C003935,urbana_premium,0,35.625,Premium,"34960,00","16565,80","400,00"
C003936,urbana_premium,1,27.5,Prepago,"59670,00","7077,25","90,00"
C003937,suburbana,0,33.54838709677419,Contrato,"28040,00","7779,00","350,00"
C003938,suburbana,0,33.10344827586207,Contrato,"43700,00","4612,31","210,00"
C003939,urbana_premium,0,31.428571428571427,Premium,"49360,00","25707,92","170,00"
C003940,suburbana,0,37.666666666666664,Premium,"30770,00","14816,20","440,00"
C003941,suburbana,1,38.333333333333336,Premium,"38920,00","13286,80","540,00"
C003942,rural,1,35,Contrato,"36860,00","3357,33","150,00"
C003943,rural,1,30.434782608695652,Contrato,"24810,00","12784,80","330,00"
C003944,rural,0,33.01587301587302,Prepago,"22740,00","2422,11","180,00"
C003945,urbana_premium,0,32.72727272727273,Prepago,"50430,00","5040,48","290,00"
C003946,urbana_premium,0,38.18181818181818,Prepago,"70700,00","4302,74","70,00"
C003947,rural,0,31.666666666666668,Prepago,"14890,00","3377,26","70,00"
C003948,suburbana,0,35.22727272727273,Premium,"19970,00","16892,56","350,00"
C003949,urbana_premium,0,33.04347826086956,Premium,"65550,00","36394,28","160,00"
C003950,urbana_premium,1,33.333333333333336,Premium,,"26031,74","360,00"
C003951,suburbana,0,33.40909090909091,Prepago,"48100,00","1745,62","250,00"
C003952,urbana_premium,0,37.142857142857146,Premium,"31560,00","11884,83","130,00"
C003953,urbana_premium,0,33.54838709677419,Premium,"33910,00","40969,31","320,00"
C003954,rural,0,30.73170731707317,Contrato,"34870,00","16881,92","200,00"
C003955,suburbana,0,34.0625,Premium,"40220,00","15312,66","380,00"
C003956,urbana_premium,0,36.666666666666664,Premium,"26860,00","9554,61","360,00"
C003957,suburbana,0,34.73684210526316,Premium,"38340,00","8023,64","250,00"
C003958,urbana_premium,0,32.592592592592595,Premium,"31620,00","20594,43","390,00"
C003959,suburbana,1,32.857142857142854,Prepago,"36240,00","4944,13","370,00"
C003960,suburbana,0,34.83870967741935,Contrato,"31780,00","17729,03","90,00"
C003961,suburbana,0,35.25,Contrato,"29310,00","4841,20","300,00"
C003962,urbana_premium,0,37.916666666666664,Premium,"32190,00","16682,66","100,00"
C003963,suburbana,0,29.62962962962963,Prepago,"17340,00","3659,72","100,00"
C003964,urbana_premium,0,37.72727272727273,Prepago,"32040,00","4287,47","180,00"
C003965,suburbana,0,35,Prepago,"39680,00","3492,22","20,00"
C003966,suburbana,1,37.142857142857146,Premium,"36510,00","9011,67","570,00"
C003967,urbana_premium,0,34.73684210526316,Prepago,,"3506,76","380,00"
C003968,urbana_premium,0,34.34782608695652,Premium,"58870,00","13102,83","350,00"
C003969,suburbana,0,33.8,Prepago,"35410,00","2778,09","80,00"
C003970,urbana_premium,0,35.6,Contrato,"49740,00","13226,36","520,00"
C003971,urbana_premium,0,34.642857142857146,Prepago,"27890,00","5955,57","430,00"
C003972,urbana_premium,1,32.083333333333336,Premium,"75490,00","14968,22","200,00"
C003973,suburbana,1,32.142857142857146,Prepago,"37020,00","2681,38","180,00"
C003974,rural,0,32,Prepago,"41760,00","5740,30","380,00"
C003975,suburbana,0,34.473684210526315,Prepago,"25130,00","2622,11","180,00"
C003976,rural,1,31.11111111111111,Contrato,"12870,00","12087,14","40,00"
C003977,rural,1,32.22222222222222,Prepago,"17540,00","5329,50","550,00"
C003978,urbana_premium,0,36.52173913043478,Premium,"57980,00","14117,43","310,00"
C003979,urbana_premium,0,35,Contrato,"27120,00","12434,37","260,00"
C003980,suburbana,0,35.12820512820513,Contrato,"52890,00","7910,69","130,00"
C003981,suburbana,0,35.526315789473685,Prepago,"24350,00","4906,36","350,00"
C003982,suburbana,0,34.516129032258064,Contrato,"35940,00","10059,37","280,00"
C003983,urbana_premium,0,33.214285714285715,Premium,"43740,00","41933,18","280,00"
C003984,urbana_premium,0,38.125,Premium,"36150,00","32904,34","230,00"
C003985,suburbana,0,33.75,Prepago,"28210,00","1806,67","190,00"
C003986,suburbana,0,34.54545454545455,Premium,"22230,00","6405,40","250,00"
C003987,rural,0,31.86046511627907,Contrato,"48510,00","7416,14","540,00"
C003988,urbana_premium,0,34.81481481481482,Premium,"48280,00","23209,86","570,00"
C003989,suburbana,1,34,Prepago,"17770,00","3643,50","110,00"
C003990,suburbana,1,32.38095238095238,Contrato,"19510,00","5234,30","890,00"
C003991,suburbana,1,33,Premium,"37770,00","6342,35","360,00"
C003992,suburbana,0,34.166666666666664,Prepago,"31240,00","2008,97","380,00"
C003993,suburbana,0,34.857142857142854,Contrato,"16610,00","8481,43","210,00"
C003994,suburbana,0,32.82051282051282,Premium,"76250,00","8411,23","280,00"
C003995,urbana_premium,0,33.125,Contrato,,"15498,56","480,00"
C003996,suburbana,0,35.666666666666664,Contrato,"26660,00","16094,74","440,00"
C003997,suburbana,0,33.46153846153846,Premium,"31550,00","13452,94","190,00"
C003998,suburbana,0,31.176470588235293,Premium,"24690,00","24060,53","230,00"
C003999,suburbana,0,33.87096774193548,Premium,"42250,00","10133,00","230,00"
C004000,urbana_premium,0,33.92857142857143,Prepago,"48160,00","6782,71","70,00"
C004001,rural,0,31.818181818181817,Contrato,"25650,00","12046,97","-340,00"
C004002,suburbana,1,27.272727272727273,Prepago,"30560,00","6693,43","210,00"
C004003,suburbana,0,35,Prepago,"37830,00","9510,46","410,00"
C004004,urbana_premium,0,36.666666666666664,Premium,"37400,00","14431,35","380,00"
C004005,suburbana,1,38.333333333333336,Premium,"18470,00","8743,42","180,00"
C004006,rural,1,34,Premium,"34250,00","16726,66","580,00"
C004007,urbana_premium,0,34.4,Premium,"74260,00","20060,54","220,00"
C004008,urbana_premium,1,35.90909090909091,Premium,"41450,00","12932,50","690,00"
C004009,urbana_premium,0,35.16129032258065,Premium,"41760,00","12588,47","250,00"
C004010,rural,0,35.55555555555556,Contrato,"24110,00","3779,43","160,00"
C004011,urbana_premium,1,32.8,Prepago,"25380,00","5000,33",
C004012,urbana_premium,0,37.666666666666664,Prepago,"33280,00","4623,32","350,00"
C004013,urbana_premium,0,33.57142857142857,Premium,"53200,00","11763,56","320,00"
C004014,suburbana,0,30.37037037037037,Premium,"34280,00","5152,81","280,00"
C004015,urbana_premium,0,36.666666666666664,Premium,"73440,00","16926,89","350,00"
C004016,suburbana,0,35.45454545454545,Premium,,"6400,09","710,00"
C004017,urbana_premium,0,36.4,Premium,"34940,00","17021,38","470,00"
C004018,suburbana,1,41,Contrato,"39740,00","4555,20","100,00"
C004019,suburbana,0,36,Contrato,"29300,00","4079,17","180,00"
C004020,rural,0,33.392857142857146,Prepago,"13750,00","2497,71","360,00"
C004021,rural,0,32.41935483870968,Premium,"35280,00","12966,54","160,00"
C004022,rural,0,34,Premium,"29230,00","10248,83",
C004023,suburbana,1,32.5,Premium,"87970,00","19959,14","600,00"
C004024,urbana_premium,0,37.36842105263158,Premium,"33440,00","25777,65","320,00"
C004025,urbana_premium,0,33.333333333333336,Premium,"52170,00","20165,39","590,00"
C004026,urbana_premium,0,37.142857142857146,Prepago,"31140,00","3721,70","1170,00"
C004027,suburbana,0,36.57142857142857,Premium,"23200,00","8066,00",
C004028,rural,0,33,Premium,"55360,00","8745,44","430,00"
C004029,urbana_premium,0,32.8,Prepago,"19610,00","5171,54","100,00"
C004030,urbana_premium,0,36.206896551724135,Premium,"39800,00","27924,06","100,00"
C004031,urbana_premium,0,36.785714285714285,Premium,"74120,00","23249,74","170,00"
C004032,suburbana,0,36.15384615384615,Premium,"18270,00","8896,22","360,00"
C004033,suburbana,1,33.68421052631579,Contrato,"26240,00","6479,20","260,00"
C004034,suburbana,0,35.625,Premium,"43070,00","8744,57","610,00"
C004035,urbana_premium,0,34.411764705882355,Premium,"26420,00","18512,53","380,00"
C004036,suburbana,0,35.714285714285715,Premium,"35170,00","8992,63","410,00"
C004037,suburbana,1,30,Prepago,"23760,00","5404,75","450,00"
C004038,suburbana,0,35.27777777777778,Prepago,"50060,00","2178,63","310,00"
C004039,suburbana,1,36,Premium,"49440,00","8890,43","150,00"
C004040,urbana_premium,0,38.857142857142854,Premium,"34010,00","31411,06","1130,00"
C004041,suburbana,0,32.16216216216216,Prepago,"11470,00","9484,60","90,00"
C004042,urbana_premium,0,39.130434782608695,Contrato,"48190,00","22573,39","160,00"
C004043,urbana_premium,0,31.2,Premium,"57550,00","14763,71","270,00"
C004044,urbana_premium,1,31.53846153846154,Premium,"48340,00","29483,22","100,00"
C004045,urbana_premium,1,36.2962962962963,Premium,"46240,00","25165,03","610,00"
C004046,urbana_premium,0,36.52173913043478,Premium,"44130,00","24135,03","220,00"
C004047,urbana_premium,0,35.833333333333336,Premium,"35690,00","22706,46","110,00"
C004048,urbana_premium,1,35,Premium,"30770,00","28590,95","-460,00"
C004049,rural,0,33.84615384615385,Premium,"24690,00","16109,18","430,00"
C004050,rural,1,30.76923076923077,Premium,"22380,00","14077,90","130,00"
C004051,urbana_premium,1,34.285714285714285,Premium,"50890,00","24270,00","160,00"
C004052,rural,0,34.61538461538461,Prepago,"17980,00","1861,09","370,00"
C004053,suburbana,1,33.24324324324324,Premium,"26740,00","12778,90",
C004054,suburbana,1,35,Prepago,"31950,00","2154,19","200,00"
C004055,urbana_premium,1,28.571428571428573,Contrato,"30500,00","9106,73","80,00"
C004056,suburbana,0,34.54545454545455,Contrato,"19020,00","4249,66","350,00"
C004057,urbana_premium,0,30.526315789473685,Premium,"49760,00","18426,94","570,00"
C004058,urbana_premium,0,38.63636363636363,Premium,"25140,00","11969,03",
C004059,suburbana,1,35.333333333333336,Prepago,"33000,00","7154,27","550,00"
C004060,urbana_premium,0,31.93548387096774,Premium,"47820,00","24085,79","210,00"
C004061,urbana_premium,1,44,Prepago,"65250,00","5330,00","190,00"
C004062,suburbana,0,36.04651162790697,Contrato,"69260,00","8157,58","200,00"
C004063,urbana_premium,0,36.52173913043478,Contrato,,"10581,05","470,00"
C004064,urbana_premium,0,33.8235294117647,Premium,,"27729,46","690,00"
C004065,urbana_premium,0,37.77777777777778,Premium,"35730,00","17769,65","150,00"
C004066,urbana_premium,0,34.827586206896555,Premium,"44070,00","20981,94","590,00"
C004067,urbana_premium,1,38.57142857142857,Premium,"38800,00","25028,46","240,00"
C004068,suburbana,0,35.75757575757576,Contrato,"32580,00","14026,22","270,00"
C004069,urbana_premium,0,35.925925925925924,Prepago,"61310,00","4461,67","670,00"
C004070,urbana_premium,1,35.78947368421053,Prepago,"41460,00","5122,18","100,00"
C004071,suburbana,0,33.78378378378378,Contrato,"42490,00","5342,47","460,00"
C004072,suburbana,0,35.55555555555556,Prepago,"20760,00","2369,86","180,00"
C004073,suburbana,0,36.76470588235294,Contrato,"36490,00","5358,81",
C004074,urbana_premium,0,37,Premium,"22030,00","11913,81","200,00"
C004075,suburbana,0,33.714285714285715,Premium,"45570,00","5343,84","100,00"
C004076,rural,0,34.30769230769231,Contrato,"22470,00","11740,75","320,00"
C004077,suburbana,0,34.04761904761905,Premium,"18990,00","12516,69","220,00"
C004078,urbana_premium,0,32.8,Premium,"35840,00","12633,67","110,00"
C004079,urbana_premium,0,40.32258064516129,Prepago,"46660,00","3541,44","40,00"
C004080,suburbana,0,35.65217391304348,Prepago,"19940,00","4818,97","360,00"
C004081,rural,1,38.75,Premium,"17610,00","7498,70","140,00"
C004082,urbana_premium,0,37.142857142857146,Premium,"34390,00","10875,34","370,00"
C004083,rural,0,31.58730158730159,Contrato,"32070,00","8153,00","120,00"
C004084,suburbana,1,37.41935483870968,Premium,"15210,00","13463,41","430,00"
C004085,suburbana,0,36.388888888888886,Premium,"36120,00","15064,41","20,00"
C004086,urbana_premium,0,35.25,Prepago,"36130,00","3957,94","110,00"
C004087,suburbana,1,31.5,Premium,"44760,00","13684,00","310,00"
C004088,rural,0,32.244897959183675,Prepago,"27570,00","7243,26","270,00"
C004089,suburbana,0,37.89473684210526,Premium,"49500,00","6385,86","170,00"
C004090,urbana_premium,0,33.18181818181818,Premium,"45610,00","22345,54","400,00"
C004091,suburbana,1,33.529411764705884,Contrato,"20130,00","4494,64","180,00"
C004092,urbana_premium,0,31.923076923076923,Premium,"45890,00","13194,74",
C004093,suburbana,0,34.81481481481482,Premium,"36540,00","24224,00","490,00"
C004094,rural,0,31.09090909090909,Premium,"18760,00","11723,09","340,00"
C004095,rural,0,33.5,Contrato,"19770,00","13953,83","320,00"
C004096,suburbana,0,36,Prepago,"13210,00","2754,49","250,00"
C004097,urbana_premium,0,31.904761904761905,Premium,"50890,00","21255,24","430,00"
C004098,suburbana,0,33.888888888888886,Contrato,"29130,00","10798,37","10,00"
C004099,suburbana,0,36,Premium,"25040,00","7885,68","270,00"
C004100,urbana_premium,0,35,Premium,"27580,00","18079,08","560,00"
C004101,urbana_premium,0,32.5,Contrato,"32950,00","11939,86","290,00"
C004102,rural,1,35.51724137931034,Prepago,"27710,00","1990,95","130,00"
C004103,suburbana,0,32.27272727272727,Prepago,,"2266,21","290,00"
C004104,urbana_premium,0,35.833333333333336,Premium,"34840,00","17488,17","460,00"
C004105,urbana_premium,0,35.172413793103445,Premium,"25490,00","31250,42","430,00"
C004106,suburbana,0,35.526315789473685,Contrato,"27020,00","8107,97","130,00"
C004107,suburbana,0,36.31578947368421,Premium,"22720,00","11257,54","230,00"
C004108,rural,0,33.46153846153846,Premium,"21930,00","11392,05","400,00"
C004109,urbana_premium,0,36.55172413793103,Premium,"48470,00","17665,11","260,00"
C004110,suburbana,0,34,Premium,"25130,00","6722,17","880,00"
C004111,suburbana,0,33.23529411764706,Premium,"54470,00","9385,78","470,00"
C004112,urbana_premium,0,35.833333333333336,Premium,"31880,00","20998,15","330,00"
C004113,urbana_premium,1,32.22222222222222,Premium,,"10404,78","280,00"
C004114,urbana_premium,0,38.333333333333336,Premium,"35970,00","23034,09","200,00"
C004115,urbana_premium,0,37,Premium,"31470,00","13619,24","250,00"
C004116,urbana_premium,0,40.357142857142854,Premium,"120000,00","22049,46","500,00"
C004117,urbana_premium,0,31.724137931034484,Prepago,"33050,00","7495,22","340,00"
C004118,suburbana,1,35.13513513513514,Prepago,"17720,00","3845,70",
C004119,suburbana,1,33.333333333333336,Prepago,"30240,00","2572,50","150,00"
C004120,urbana_premium,1,35,Prepago,"36150,00","4133,33","360,00"
C004121,urbana_premium,0,33.91304347826087,Premium,"25450,00","29231,29","280,00"
C004122,urbana_premium,0,35.88235294117647,Premium,"43410,00","19725,26","150,00"
C004123,urbana_premium,0,40,Premium,"46660,00","22275,86","580,00"
C004124,suburbana,0,33.69565217391305,Prepago,"30670,00","2832,91","340,00"
C004125,suburbana,0,36.875,Contrato,"27150,00","4875,47","380,00"
C004126,urbana_premium,0,37.096774193548384,Prepago,"33650,00","5351,50","60,00"
C004127,suburbana,0,36.8421052631579,Premium,,"4901,78","160,00"
C004128,urbana_premium,0,35.51724137931034,Premium,"24440,00","23506,29","140,00"
C004129,urbana_premium,0,31.5,Premium,"64370,00","20546,78","130,00"
C004130,urbana_premium,0,35.55555555555556,Contrato,"89840,00","7763,94","530,00"
C004131,rural,0,34.375,Contrato,"16210,00","7092,81","120,00"
C004132,suburbana,0,35.57692307692308,Prepago,"24140,00","1972,73","320,00"
C004133,suburbana,0,33.793103448275865,Contrato,"20410,00","5286,39","310,00"
C004134,urbana_premium,0,33.05555555555556,Premium,"52280,00","25719,92","160,00"
C004135,urbana_premium,0,37.77777777777778,Contrato,"26830,00","6497,31","560,00"
C004136,suburbana,0,36.89655172413793,Premium,"38060,00","7039,65","260,00"
C004137,urbana_premium,1,30,Premium,"44460,00","9353,00","500,00"
C004138,suburbana,1,32,Premium,"28250,00","13171,00","240,00"
C004139,suburbana,0,32.94117647058823,Contrato,"47980,00","4969,09","150,00"
C004140,urbana_premium,1,34.705882352941174,Prepago,"33870,00","9659,72","50,00"
C004141,suburbana,0,34.44444444444444,Premium,"29830,00","7340,91","260,00"
C004142,suburbana,0,34.86486486486486,Contrato,"19470,00","13525,72","600,00"
C004143,suburbana,0,33.333333333333336,Prepago,"12680,00","3442,06","360,00"
C004144,suburbana,0,34.83870967741935,Premium,"43200,00","7230,41","450,00"
C004145,urbana_premium,0,37.142857142857146,Premium,"30830,00","13418,69","540,00"
C004146,urbana_premium,0,36.08695652173913,Premium,"57370,00","18825,14","460,00"
C004147,suburbana,0,35.75757575757576,Contrato,"26350,00","7492,11","110,00"
C004148,suburbana,0,32.25806451612903,Contrato,"28700,00","4262,91","200,00"
C004149,suburbana,1,36.2962962962963,Premium,"32040,00","18159,35","450,00"
C004150,suburbana,0,34.13793103448276,Contrato,"24680,00","9786,66","540,00"
C004151,urbana_premium,0,36.36363636363637,Premium,"21750,00","12975,88","320,00"
C004152,suburbana,1,36.875,Prepago,"21970,00","3947,32","420,00"
C004153,suburbana,0,34.13793103448276,Prepago,"21380,00","5150,56","140,00"
C004154,urbana_premium,0,37.77777777777778,Prepago,"37830,00","5992,00","770,00"
C004155,urbana_premium,0,35.5,Prepago,,"5775,00","360,00"
C004156,rural,1,33.42857142857143,Prepago,"18010,00","3886,56","320,00"
C004157,urbana_premium,0,35.86206896551724,Premium,"36970,00","14884,60","400,00"
C004158,suburbana,0,35,Premium,"32410,00","9692,71","1050,00"
C004159,suburbana,1,40,Contrato,"22580,00","1040,00","110,00"
C004160,rural,0,34.078947368421055,Prepago,,"1538,50","100,00"
C004161,suburbana,0,36.25,Premium,"43820,00","16876,03","280,00"
C004162,urbana_premium,0,37.10526315789474,Premium,"43930,00","18068,08","140,00"
C004163,suburbana,1,35,Contrato,"29290,00","6805,00","30,00"
C004164,suburbana,0,33.23529411764706,Prepago,"22210,00","3711,05","410,00"
C004165,suburbana,0,33.333333333333336,Premium,"28600,00","8196,22","390,00"
C004166,urbana_premium,0,35.609756097560975,Contrato,"29410,00","22722,65","510,00"
C004167,suburbana,1,31.818181818181817,Premium,"24280,00","13289,40","50,00"
C004168,rural,1,32.96296296296296,Prepago,"22240,00","5465,26","510,00"
C004169,suburbana,0,34.18604651162791,Premium,"27720,00","14502,86","280,00"
C004170,suburbana,0,31.071428571428573,Prepago,"42790,00","3739,97","360,00"
C004171,urbana_premium,0,36.875,Premium,"31160,00","14895,65","570,00"
C004172,suburbana,0,34.57142857142857,Prepago,,"2949,31","-460,00"
C004173,suburbana,0,39.39393939393939,Premium,"25340,00","5993,61","570,00"
C004174,urbana_premium,0,33,Prepago,"27830,00","4027,00","360,00"
C004175,urbana_premium,0,33.84615384615385,Premium,"47330,00","17999,71","550,00"
C004176,suburbana,0,35.55555555555556,Contrato,"34520,00","3954,77","120,00"
C004177,rural,1,35,Prepago,"18820,00","2274,65","70,00"
C004178,suburbana,1,31.11111111111111,Contrato,"9980,00","12206,38","60,00"
C004179,suburbana,0,34,Premium,"44130,00","13328,88","590,00"
C004180,urbana_premium,0,37.89473684210526,Premium,"50240,00","17258,31","100,00"
C004181,rural,1,32,Prepago,"34770,00","6830,89","360,00"
C004182,urbana_premium,0,37.58620689655172,Premium,"58410,00","20750,25","100,00"
C004183,suburbana,1,33.92857142857143,Premium,"29960,00","14037,31","560,00"
C004184,urbana_premium,0,33.44827586206897,Contrato,"33090,00","8737,68","70,00"
C004185,urbana_premium,1,33.333333333333336,Premium,"20450,00","32681,50","80,00"
C004186,urbana_premium,0,37.096774193548384,Premium,"40140,00","18462,89","140,00"
C004187,suburbana,1,31.304347826086957,Contrato,"25470,00","10625,89","60,00"
C004188,urbana_premium,0,34.23076923076923,Contrato,"29100,00","15889,86","150,00"
C004189,suburbana,0,31.666666666666668,Premium,"18530,00","9961,41","460,00"
C004190,urbana_premium,1,32.5,Contrato,"26690,00","14021,64","720,00"
C004191,suburbana,1,33.24324324324324,Contrato,"18610,00","8005,22","120,00"
C004192,rural,0,31.85185185185185,Contrato,"32860,00","6965,56","160,00"
C004193,suburbana,0,34.516129032258064,Premium,"44050,00","14740,11","670,00"
C004194,suburbana,0,36.31578947368421,Prepago,"22990,00","7177,69","250,00"
C004195,urbana_premium,0,35.588235294117645,Premium,"58760,00","21427,17","700,00"
C004196,suburbana,1,34.44444444444444,Prepago,"30900,00","4517,86","110,00"
C004197,urbana_premium,0,34.23076923076923,Contrato,"63990,00","13111,37","210,00"
C004198,urbana_premium,0,34.54545454545455,Premium,"47160,00","19917,58","180,00"
C004199,urbana_premium,0,33.75,Premium,"47760,00","14402,76","350,00"
C004200,suburbana,1,37,Contrato,,"8502,19","230,00"
C004201,rural,0,34.285714285714285,Prepago,"18030,00","1923,24","270,00"
C004202,urbana_premium,0,35,Contrato,"24110,00","8386,34","430,00"
C004203,suburbana,0,35.8974358974359,Prepago,"32030,00","5510,43","610,00"
C004204,rural,1,31.5625,Contrato,"22450,00","18603,91","90,00"
C004205,rural,0,33.898305084745765,Premium,"57660,00","16021,97","390,00"
C004206,urbana_premium,0,37.142857142857146,Premium,"49730,00","14185,69","500,00"
C004207,rural,0,31.794871794871796,Prepago,"17270,00","1319,50",
C004208,rural,1,34.23076923076923,Prepago,"22540,00","5012,53","80,00"
C004209,suburbana,1,45,Contrato,"26200,00","12008,86","470,00"
C004210,rural,1,32.857142857142854,Contrato,"22900,00","9142,37","170,00"
C004211,suburbana,0,32.16216216216216,Prepago,"18840,00","2291,94","630,00"
C004212,suburbana,0,33.55555555555556,Prepago,"40950,00","2248,05","60,00"
C004213,suburbana,1,33.666666666666664,Premium,"25960,00","16550,09","370,00"
C004214,urbana_premium,0,34.642857142857146,Premium,"48130,00","31995,24","760,00"
C004215,urbana_premium,0,34.857142857142854,Prepago,"30990,00","4843,00","110,00"
C004216,rural,1,31.764705882352942,Prepago,"20200,00","2733,78","380,00"
C004217,suburbana,0,36.206896551724135,Premium,"36690,00","7636,65","210,00"
C004218,suburbana,1,36.25,Premium,"14440,00","14123,67","270,00"
C004219,suburbana,0,35.88235294117647,Contrato,"42110,00","4502,22","210,00"
C004220,suburbana,0,35.15151515151515,Contrato,"49860,00","14620,92","310,00"
C004221,urbana_premium,1,37.82608695652174,Premium,"63590,00","15356,89","450,00"
C004222,suburbana,0,34.61538461538461,Contrato,"23320,00","12699,00","130,00"
C004223,suburbana,0,35.51724137931034,Contrato,"33130,00","7595,64","860,00"
C004224,urbana_premium,0,34.8,Contrato,"32740,00","14790,14","70,00"
C004225,rural,0,31.836734693877553,Contrato,"13800,00","3664,03","440,00"
C004226,urbana_premium,0,34.4,Premium,"39480,00","20251,81","220,00"
C004227,urbana_premium,0,34,Premium,"22990,00","14172,00","720,00"
C004228,urbana_premium,0,35.714285714285715,Contrato,"47210,00","14280,08","130,00"
C004229,suburbana,0,34.54545454545455,Contrato,"39700,00","17175,25","50,00"
C004230,urbana_premium,0,34.09090909090909,Premium,"60150,00","18173,14","490,00"
C004231,suburbana,0,33.69565217391305,Contrato,"35670,00","4643,94","230,00"
C004232,suburbana,0,33.333333333333336,Prepago,"25790,00","4000,29","670,00"
C004233,rural,0,30.22222222222222,Premium,"21730,00","23365,06","390,00"
C004234,urbana_premium,0,36.57142857142857,Premium,"39960,00","12484,70","310,00"
C004235,suburbana,0,33.61702127659574,Premium,"49740,00","18038,25","730,00"
C004236,urbana_premium,0,35.833333333333336,Premium,"64100,00","12038,33","410,00"
C004237,suburbana,0,35.333333333333336,Premium,"28940,00","13242,89","300,00"
C004238,urbana_premium,0,34.516129032258064,Prepago,"53990,00","6091,21","210,00"
C004239,suburbana,0,34.25,Premium,"24880,00","23150,89","490,00"
C004240,rural,1,34.21052631578947,Premium,"27050,00","8368,23","180,00"
C004241,urbana_premium,0,35,Premium,"33870,00","13629,64","730,00"
C004242,urbana_premium,0,34.78260869565217,Premium,"41690,00","24173,64","240,00"
C004243,urbana_premium,0,36.1764705882353,Premium,"28710,00","17028,03","200,00"
C004244,urbana_premium,0,35.55555555555556,Premium,"23280,00","16242,50","190,00"
C004245,rural,1,31.428571428571427,Premium,"15010,00","25724,80",
C004246,urbana_premium,0,36.470588235294116,Premium,"46940,00","19495,03","700,00"
C004247,suburbana,0,34.54545454545455,Contrato,"20180,00","4811,06","390,00"
C004248,suburbana,1,31.333333333333332,Premium,"26450,00","8730,21","440,00"
C004249,rural,0,31.57894736842105,Contrato,"31700,00","3655,03","400,00"
C004250,urbana_premium,0,35.294117647058826,Premium,"56650,00","22840,89","320,00"
C004251,suburbana,0,34.57142857142857,Prepago,"21160,00","2215,75","270,00"
C004252,urbana_premium,0,34.705882352941174,Prepago,"16520,00","10986,09","120,00"
C004253,rural,0,31.5,Prepago,"17520,00","1370,69","540,00"
C004254,suburbana,0,34.473684210526315,Prepago,"31980,00","4028,60","760,00"
C004255,suburbana,0,32.5,Premium,"37700,00","5761,25","200,00"
C004256,suburbana,1,40,Premium,"19730,00","7291,00","100,00"
C004257,suburbana,0,38.5,Prepago,"16060,00","3720,94","280,00"
C004258,urbana_premium,0,38.275862068965516,Premium,"27860,00","15361,67","450,00"
C004259,urbana_premium,0,34.34782608695652,Premium,"31920,00","9900,83","570,00"
C004260,urbana_premium,1,37.142857142857146,Premium,"79480,00","11949,50",
C004261,urbana_premium,0,35.55555555555556,Prepago,"39780,00","8428,06","360,00"
C004262,urbana_premium,0,35.142857142857146,Contrato,"48030,00","14158,97","290,00"
C004263,urbana_premium,0,33.5,Premium,,"12138,97","350,00"
C004264,urbana_premium,1,39.25925925925926,Prepago,"32700,00","7358,52","30,00"
C004265,suburbana,0,31.818181818181817,Contrato,"30880,00","4225,14","110,00"
C004266,urbana_premium,1,38.333333333333336,Premium,"41820,00","23833,33","360,00"
C004267,suburbana,0,32.42424242424242,Premium,"36860,00","5013,97","460,00"
C004268,urbana_premium,0,33.47826086956522,Premium,"36590,00","24086,11","310,00"
C004269,urbana_premium,0,32.96296296296296,Premium,,"15999,44","520,00"
C004270,urbana_premium,1,35.625,Premium,"56320,00","18411,06","420,00"
C004271,suburbana,0,31.666666666666668,Premium,,"12356,64","400,00"
C004272,urbana_premium,1,34.76190476190476,Premium,"49920,00","23710,65","400,00"
C004273,urbana_premium,0,35.15151515151515,Premium,"43860,00","25469,47","550,00"
C004274,suburbana,0,35.526315789473685,Premium,"75680,00","6904,29","330,00"
C004275,rural,0,34.339622641509436,Prepago,"31770,00","4660,24","270,00"
C004276,suburbana,0,34.44444444444444,Contrato,"34120,00","8151,60","270,00"
C004277,rural,0,32.20338983050848,Prepago,"19020,00","5204,00","250,00"
C004278,suburbana,0,34.76190476190476,Prepago,"20750,00","2742,57","410,00"
C004279,urbana_premium,0,37.5,Premium,"46040,00","27105,53","320,00"
C004280,suburbana,0,33.95348837209303,Prepago,"16390,00","2172,92","300,00"
C004281,rural,0,32.6,Contrato,"40980,00","11187,27","240,00"
C004282,suburbana,0,36.53061224489796,Prepago,"14500,00","2348,44","240,00"
C004283,rural,1,33.75,Prepago,"16190,00","6617,75","100,00"
C004284,urbana_premium,0,33.93939393939394,Contrato,"54320,00","6982,76","50,00"
C004285,urbana_premium,1,32,Prepago,"37800,00","6275,20","160,00"
C004286,urbana_premium,0,37.857142857142854,Premium,"40810,00","14765,54","510,00"
C004287,urbana_premium,0,32,Premium,"30090,00","11784,32","600,00"
C004288,rural,1,30,Prepago,"22200,00","3999,60","120,00"
C004289,suburbana,0,34.04761904761905,Prepago,"37880,00","3993,94","140,00"
C004290,urbana_premium,0,34.5945945945946,Prepago,"28600,00","4232,19","440,00"
C004291,suburbana,0,36.388888888888886,Premium,"27200,00","13505,28","180,00"
C004292,suburbana,0,34.44444444444444,Premium,"29860,00","28552,16","270,00"
C004293,suburbana,0,36.45161290322581,Contrato,"27110,00","15695,56","90,00"
C004294,urbana_premium,0,36.89655172413793,Premium,"49780,00","18995,31","620,00"
C004295,urbana_premium,0,37.142857142857146,Premium,"44950,00","14290,46","520,00"
C004296,rural,1,31,Contrato,"22380,00","4012,13","210,00"
C004297,suburbana,1,34.61538461538461,Prepago,"16410,00","4005,93","200,00"
C004298,urbana_premium,0,33.63636363636363,Premium,"57890,00","24949,69","540,00"
C004299,suburbana,0,34.83870967741935,Prepago,"21570,00","2002,72","420,00"
C004300,suburbana,0,33.421052631578945,Prepago,"55500,00","3732,72","120,00"
C004301,urbana_premium,0,37.61904761904762,Premium,"28480,00","13250,86","200,00"
C004302,rural,1,33.58974358974359,Contrato,"25380,00","11202,26","30,00"
C004303,suburbana,0,37,Premium,"37240,00","26859,53","630,00"
C004304,suburbana,0,32,Contrato,"27830,00","12145,80","530,00"
C004305,rural,0,33.62068965517241,Prepago,"25890,00","2702,33","-270,00"
C004306,urbana_premium,0,35.945945945945944,Contrato,"34670,00","22704,91","340,00"
C004307,suburbana,0,35.86206896551724,Premium,"57750,00","24315,86","230,00"
C004308,suburbana,0,33.06122448979592,Prepago,"32000,00","3332,03","130,00"
C004309,urbana_premium,0,36.666666666666664,Premium,"36750,00","20079,97","260,00"
C004310,suburbana,1,33.18181818181818,Prepago,"32470,00","4006,92","50,00"
C004311,suburbana,1,33.18181818181818,Premium,"44310,00","12046,60","210,00"
C004312,urbana_premium,0,30,Premium,"43880,00","31361,29","190,00"
C004313,urbana_premium,0,34.333333333333336,Premium,"40810,00","13339,97","390,00"
C004314,urbana_premium,0,33.57142857142857,Premium,"23170,00","15274,00","790,00"
C004315,rural,0,32,Premium,"34790,00","6442,68","250,00"
C004316,suburbana,0,32.857142857142854,Prepago,"33700,00","5451,62","70,00"
C004317,urbana_premium,0,31.794871794871796,Prepago,"32750,00","6011,62","110,00"
C004318,urbana_premium,0,36.08695652173913,Premium,"42910,00","30708,00","220,00"
C004319,suburbana,0,32.58064516129032,Premium,"48500,00","4618,24","480,00"
C004320,suburbana,1,40,Contrato,"38290,00","11519,25","460,00"
C004321,urbana_premium,0,36,Premium,"76240,00","19123,89","440,00"
C004322,suburbana,0,29.782608695652176,Prepago,"40480,00","5617,89","90,00"
C004323,suburbana,0,35.714285714285715,Prepago,"15170,00","4480,83","470,00"
C004324,rural,0,32.93103448275862,Prepago,"36100,00","3192,03","70,00"
C004325,rural,1,30,Prepago,"12610,00","5313,50","290,00"
C004326,suburbana,0,36,Premium,"47830,00","16430,20","460,00"
C004327,rural,0,33.392857142857146,Premium,"31650,00","10965,08","350,00"
C004328,rural,1,33.63636363636363,Contrato,"41800,00","4844,33","250,00"
C004329,suburbana,0,35.75,Contrato,"34810,00","10696,78","150,00"
C004330,urbana_premium,0,35.45454545454545,Premium,"42310,00","10027,57","100,00"
C004331,suburbana,0,32.57142857142857,Premium,"45990,00","6466,51","660,00"
C004332,urbana_premium,1,37.5,Premium,"25350,00","25387,00","270,00"
C004333,suburbana,0,34.523809523809526,Contrato,"30230,00","15138,92","220,00"
C004334,urbana_premium,0,36.96969696969697,Premium,"35320,00","15444,53","670,00"
C004335,suburbana,0,32.333333333333336,Premium,"25650,00","7187,77","130,00"
C004336,suburbana,0,34.883720930232556,Premium,"24410,00","11896,31","750,00"
C004337,suburbana,0,36.578947368421055,Premium,"31510,00","9461,92","190,00"
C004338,suburbana,0,32.592592592592595,Premium,"38330,00","8146,94","270,00"
C004339,urbana_premium,0,38,Premium,"64420,00","18628,89","300,00"
C004340,urbana_premium,0,35.78947368421053,Contrato,"34640,00","9367,89","-210,00"
C004341,urbana_premium,0,35,Premium,"33660,00","21969,03","100,00"
C004342,urbana_premium,0,30.434782608695652,Prepago,"14260,00","3877,86","290,00"
C004343,urbana_premium,0,33.92857142857143,Premium,"63910,00","35292,03","570,00"
C004344,urbana_premium,0,35,Contrato,"23800,00","10119,09","-220,00"
C004345,rural,0,32.5,Premium,"27470,00","12039,91","360,00"
C004346,urbana_premium,0,34.44444444444444,Premium,"42400,00","27029,36","310,00"
C004347,urbana_premium,0,34.44444444444444,Premium,"54130,00","13860,14","480,00"
C004348,urbana_premium,1,28.571428571428573,Premium,"28130,00","14836,60","210,00"
C004349,suburbana,0,36.76470588235294,Prepago,"36440,00","6266,44","470,00"
C004350,urbana_premium,0,38.064516129032256,Premium,"67680,00","25338,40","240,00"
C004351,rural,0,33.40909090909091,Contrato,"25180,00","3894,63","300,00"
C004352,suburbana,0,31.612903225806452,Contrato,"21940,00","7657,70","290,00"
C004353,rural,0,32.340425531914896,Premium,"13890,00","15045,92","540,00"
C004354,rural,0,32.27272727272727,Premium,"39090,00","4439,83","710,00"
C004355,urbana_premium,0,34.81481481481482,Contrato,"32820,00","8938,24","160,00"
C004356,suburbana,0,33.4375,Premium,"27400,00","12713,33","310,00"
C004357,urbana_premium,0,34.285714285714285,Premium,"92740,00","10826,57","580,00"
C004358,suburbana,0,29.2,Premium,"41180,00","23965,19","310,00"
C004359,urbana_premium,0,29,Premium,"57160,00","14294,39","180,00"
C004360,rural,0,33.77049180327869,Prepago,"41240,00","5046,47","710,00"
C004361,urbana_premium,0,31.363636363636363,Contrato,"22170,00","9689,32","440,00"
C004362,suburbana,1,35.2,Prepago,"51010,00","4004,39","240,00"
C004363,rural,0,33.333333333333336,Premium,"41660,00","6188,31","270,00"
C004364,suburbana,0,35,Prepago,"25500,00","1734,27","120,00"
C004365,rural,0,34.13793103448276,Contrato,"30210,00","9067,81","130,00"
C004366,urbana_premium,0,33.333333333333336,Prepago,"53700,00","8085,81","400,00"
C004367,urbana_premium,0,37.5,Contrato,"29880,00","10458,44","540,00"
C004368,urbana_premium,0,33.84615384615385,Premium,"52720,00","18843,92","140,00"
C004369,urbana_premium,0,36.666666666666664,Prepago,"30650,00","7544,83","170,00"
C004370,suburbana,0,34.473684210526315,Contrato,"73850,00","4191,57","70,00"
C004371,urbana_premium,0,36.19047619047619,Premium,"40500,00","15061,58","220,00"
C004372,urbana_premium,0,36.19047619047619,Contrato,"46680,00","12309,00","200,00"
C004373,urbana_premium,1,35,Contrato,"21650,00","14420,60","280,00"
C004374,urbana_premium,0,33.8235294117647,Premium,"43970,00","17878,03","100,00"
C004375,urbana_premium,0,34.4,Premium,"58660,00","16238,58","280,00"
C004376,urbana_premium,0,34.44444444444444,Premium,"27990,00","16846,86",
C004377,rural,1,34.08163265306123,Prepago,"19340,00","5173,44","280,00"
C004378,rural,0,32.68292682926829,Premium,"18100,00","6602,80","490,00"
C004379,urbana_premium,0,35.357142857142854,Prepago,"25560,00","5842,08","310,00"
C004380,suburbana,0,30.90909090909091,Premium,"18940,00","8128,53","110,00"
C004381,suburbana,0,35.294117647058826,Contrato,"42740,00","5924,27","570,00"
C004382,suburbana,0,34.5,Prepago,"19140,00","2486,25","510,00"
C004383,urbana_premium,0,33.84615384615385,Premium,"20500,00","25362,19","180,00"
C004384,urbana_premium,1,37,Contrato,,"13782,41","220,00"
C004385,suburbana,0,34.21052631578947,Prepago,"30340,00","3901,00","110,00"
C004386,urbana_premium,1,28.571428571428573,Premium,"46900,00","22919,50","370,00"
C004387,urbana_premium,0,35.55555555555556,Prepago,"28060,00","4580,79",
C004388,urbana_premium,0,36.57142857142857,Premium,"31150,00","25354,70","550,00"
C004389,rural,0,33.95348837209303,Premium,"28050,00","6466,76","300,00"
C004390,urbana_premium,0,37.2,Prepago,"52530,00","5014,92","300,00"
C004391,rural,0,32.82608695652174,Contrato,"35880,00","11711,16","120,00"
C004392,urbana_premium,0,35.666666666666664,Premium,"45270,00","17425,89","500,00"
C004393,suburbana,1,36.8421052631579,Prepago,"16690,00","4584,00","560,00"
C004394,suburbana,0,32.4,Contrato,"21940,00","4844,66","450,00"
C004395,suburbana,0,37.8125,Prepago,"46230,00","3391,20","640,00"
C004396,suburbana,1,32.56410256410256,Premium,"55400,00","18832,58","280,00"
C004397,urbana_premium,0,33.80952380952381,Premium,"37120,00","23180,32","240,00"
C004398,urbana_premium,0,30,Premium,"35990,00","29326,35","50,00"
C004399,urbana_premium,0,34.411764705882355,Prepago,"26960,00","5515,72","190,00"
C004400,urbana_premium,0,35.526315789473685,Prepago,"62920,00","5681,17","220,00"
C004401,urbana_premium,0,36.31578947368421,Premium,"26430,00","14886,46","530,00"
C004402,rural,0,30.24390243902439,Prepago,"46130,00","7780,03","200,00"
C004403,suburbana,1,33.2,Prepago,"28970,00","5040,19","110,00"
C004404,urbana_premium,0,35.714285714285715,Premium,"28330,00","20760,03","410,00"
C004405,urbana_premium,0,32.592592592592595,Contrato,,"10804,66","310,00"
C004406,urbana_premium,1,39.09090909090909,Prepago,"34820,00","4096,83","460,00"
C004407,urbana_premium,0,35.88235294117647,Premium,"36620,00","30889,49","600,00"
C004408,suburbana,0,34.86486486486486,Contrato,,"8434,08","520,00"
C004409,urbana_premium,0,31.818181818181817,Contrato,"38340,00","7788,00","320,00"
C004410,urbana_premium,0,36.5,Premium,"62170,00","21637,86","320,00"
C004411,suburbana,0,32.093023255813954,Premium,"37020,00","6549,26","30,00"
C004412,rural,0,32.58064516129032,Premium,"24850,00","12971,14",
C004413,rural,0,31.70731707317073,Premium,"34620,00","15830,92","480,00"
C004414,urbana_premium,0,35.55555555555556,Premium,"27770,00","14706,79","180,00"
C004415,urbana_premium,0,35.18518518518518,Premium,"49130,00","17530,84","180,00"
C004416,urbana_premium,1,35.833333333333336,Premium,"48810,00","24330,40","290,00"
C004417,suburbana,0,32.592592592592595,Contrato,"50390,00","12246,92","560,00"
C004418,suburbana,1,33.75,Prepago,"18450,00","4369,25","230,00"
C004419,rural,0,33.666666666666664,Prepago,"17140,00","2825,22","70,00"
C004420,urbana_premium,1,40,Prepago,"28830,00","5151,00","320,00"
C004421,urbana_premium,0,35.75757575757576,Premium,"45250,00","14030,36","200,00"
C004422,urbana_premium,0,37.27272727272727,Premium,"41400,00","11383,32","630,00"
C004423,rural,0,31.3953488372093,Prepago,"28320,00","5098,68","110,00"
C004424,urbana_premium,1,35.75757575757576,Prepago,"18310,00","3871,44","250,00"
C004425,urbana_premium,1,39,Prepago,"64080,00","4424,78","110,00"
C004426,suburbana,0,36.111111111111114,Prepago,"32370,00","9253,14","340,00"
C004427,rural,0,34.492753623188406,Premium,"28170,00","23047,18","-330,00"
C004428,urbana_premium,0,37.82608695652174,Contrato,"43570,00","8155,09","530,00"
C004429,urbana_premium,0,34.5,Contrato,"30730,00","19207,23","460,00"
C004430,suburbana,0,32.97872340425532,Premium,"35740,00","23540,56","310,00"
C004431,suburbana,1,34.074074074074076,Prepago,"30620,00","1856,48","220,00"
C004432,urbana_premium,0,37.333333333333336,Contrato,"39130,00","8704,94","250,00"
C004433,urbana_premium,0,34.705882352941174,Premium,"45490,00","12939,54","330,00"
C004434,suburbana,0,32.75,Prepago,"28760,00","2204,88","1100,00"
C004435,urbana_premium,0,37.5,Premium,"23770,00","11828,69","460,00"
C004436,urbana_premium,0,37.77777777777778,Premium,"35920,00","17872,59","230,00"
C004437,urbana_premium,0,36.42857142857143,Premium,"67600,00","17429,66","80,00"
C004438,urbana_premium,0,33.4375,Premium,"31540,00","12815,35","170,00"
C004439,urbana_premium,0,35.18518518518518,Premium,"39560,00","12936,80","140,00"
C004440,urbana_premium,0,38.75,Premium,"51260,00","17816,11","640,00"
C004441,suburbana,0,36.96969696969697,Prepago,"62590,00","3956,51","170,00"
C004442,suburbana,0,33.07692307692308,Contrato,"27260,00","10783,50","580,00"
C004443,urbana_premium,0,36.08695652173913,Prepago,"24910,00","6491,65","200,00"
C004444,urbana_premium,0,34.44444444444444,Premium,"48430,00","12412,03","260,00"
C004445,urbana_premium,1,36.5,Premium,"28800,00","16364,00","480,00"
C004446,suburbana,1,32.63157894736842,Prepago,"33060,00","2467,71","40,00"
C004447,suburbana,1,26.666666666666668,Premium,"36850,00","8078,58","860,00"
C004448,urbana_premium,0,31.5,Premium,"32360,00","15223,00","160,00"
C004449,suburbana,0,32.04545454545455,Contrato,,"7806,82","260,00"
C004450,suburbana,0,33.10344827586207,Premium,"39710,00","11536,47","330,00"
C004451,suburbana,0,34.23076923076923,Premium,"43700,00","8569,19","510,00"
C004452,suburbana,1,34.44444444444444,Prepago,"30270,00","5404,40","190,00"
C004453,suburbana,0,35.2,Prepago,"31620,00","2517,32","590,00"
C004454,rural,0,33.529411764705884,Prepago,"15670,00","4922,97","520,00"
C004455,suburbana,1,35,Prepago,"31070,00","4837,88","390,00"
C004456,suburbana,0,34.285714285714285,Premium,"25990,00","12287,25","120,00"
C004457,urbana_premium,0,37.5,Premium,"39340,00","19489,51","60,00"
C004458,urbana_premium,0,35.588235294117645,Prepago,"62880,00","4799,61","320,00"
C004459,suburbana,0,34.46808510638298,Premium,"20100,00","11960,24","470,00"
C004460,urbana_premium,0,36.09756097560975,Prepago,"57750,00","3017,92","260,00"
C004461,suburbana,0,34.791666666666664,Prepago,"31910,00","1584,22","260,00"
C004462,suburbana,0,36.19047619047619,Premium,"29530,00","8502,91","750,00"
C004463,suburbana,0,35.51724137931034,Contrato,"21990,00","8064,83","100,00"
C004464,urbana_premium,1,38,Premium,"42210,00","14363,00","300,00"
C004465,urbana_premium,0,34.642857142857146,Contrato,"81850,00","9865,82","440,00"
C004466,urbana_premium,1,36,Prepago,"15690,00","7293,26","740,00"
C004467,urbana_premium,1,35,Prepago,"19310,00","7290,72","150,00"
C004468,rural,0,31.904761904761905,Premium,"21820,00","12402,83","420,00"
C004469,suburbana,0,34.705882352941174,Premium,"33420,00","21507,83","250,00"
C004470,urbana_premium,0,38.666666666666664,Premium,"53180,00","25920,44","410,00"
C004471,urbana_premium,0,40,Premium,"44840,00","14713,06","500,00"
C004472,urbana_premium,0,35,Contrato,"21590,00","10233,18","340,00"
C004473,suburbana,0,34.54545454545455,Prepago,"36980,00","3876,03","150,00"
C004474,suburbana,0,37.77777777777778,Premium,"28060,00","7299,22","390,00"
C004475,urbana_premium,0,33.54838709677419,Contrato,"52180,00","13306,00","280,00"
C004476,suburbana,0,37.31707317073171,Premium,"23190,00","9197,11","170,00"
C004477,suburbana,0,30.967741935483872,Prepago,"17440,00","6615,24","1200,00"
C004478,urbana_premium,0,38.75,Premium,"32690,00","12968,03","260,00"
C004479,urbana_premium,0,34.705882352941174,Contrato,"45450,00","9332,00","440,00"
C004480,urbana_premium,1,33.333333333333336,Contrato,"43770,00","4511,75","40,00"
C004481,suburbana,0,36.92307692307692,Contrato,"29990,00","4041,11","200,00"
C004482,suburbana,1,32.72727272727273,Prepago,"24070,00","4148,78","110,00"
C004483,urbana_premium,0,36.486486486486484,Prepago,"36550,00","6689,43","170,00"
C004484,urbana_premium,1,33.5,Premium,"64290,00","11988,81","210,00"
C004485,suburbana,0,32.25806451612903,Premium,"72830,00","18124,27","470,00"
C004486,urbana_premium,0,35.357142857142854,Prepago,"44420,00","4652,56","-130,00"
C004487,urbana_premium,0,35.2,Premium,"54800,00","22449,72","420,00"
C004488,urbana_premium,0,32.857142857142854,Contrato,"29670,00","14952,94","150,00"
C004489,urbana_premium,1,30.833333333333332,Contrato,"61470,00","8273,91","160,00"
C004490,suburbana,0,38.70967741935484,Contrato,"26380,00","7879,35","360,00"
C004491,suburbana,0,33.42857142857143,Premium,"19130,00","14348,16","130,00"
C004492,suburbana,0,32.22222222222222,Premium,"44620,00","13438,94","300,00"
C004493,suburbana,0,33.46153846153846,Contrato,"30760,00","8299,61","140,00"
C004494,suburbana,0,30.322580645161292,Premium,"48550,00","7002,94","320,00"
C004495,urbana_premium,0,33.333333333333336,Prepago,"51110,00","7776,40","510,00"
C004496,suburbana,0,33.541666666666664,Prepago,"18950,00","1968,26","470,00"
C004497,urbana_premium,0,31.153846153846153,Premium,"40830,00","23921,89","150,00"
C004498,urbana_premium,1,33.529411764705884,Premium,"27960,00","18408,45","80,00"
C004499,suburbana,0,34.22222222222222,Contrato,"46390,00","4672,51","510,00"
C004500,urbana_premium,0,35,Prepago,"39450,00","5524,69","510,00"
C004501,suburbana,0,31.875,Contrato,"23680,00","5157,43","320,00"
C004502,suburbana,0,38.285714285714285,Premium,"14650,00","5619,50","320,00"
C004503,suburbana,0,35.36585365853659,Premium,"44840,00","6672,74","130,00"
C004504,urbana_premium,0,37.27272727272727,Premium,"33950,00","12067,12","250,00"
C004505,urbana_premium,0,38.484848484848484,Premium,"34920,00","24921,38","500,00"
C004506,suburbana,0,38.8,Premium,"35310,00","28843,22",
C004507,suburbana,1,35,Premium,"21870,00","14253,40","250,00"
C004508,rural,0,33.333333333333336,Prepago,"13650,00","4093,79","210,00"
C004509,urbana_premium,0,38,Premium,"40950,00","21211,79","550,00"
C004510,suburbana,0,37.857142857142854,Premium,"21520,00","15442,20","290,00"
C004511,urbana_premium,1,26.666666666666668,Contrato,"37260,00","19250,25","440,00"
C004512,urbana_premium,0,37.93103448275862,Contrato,"28270,00","19128,94","480,00"
C004513,urbana_premium,0,30.526315789473685,Premium,"23790,00","13677,83","300,00"
C004514,urbana_premium,0,35.714285714285715,Prepago,"21550,00","5679,17","660,00"
C004515,urbana_premium,0,38,Contrato,"39650,00","13257,71","220,00"
C004516,urbana_premium,0,37.5,Premium,"56180,00","16109,67","500,00"
C004517,suburbana,0,36.41025641025641,Premium,"41980,00","7071,35","310,00"
C004518,urbana_premium,0,34.44444444444444,Premium,"38610,00","13831,03","270,00"
C004519,urbana_premium,0,37.5,Premium,"63020,00","21424,26","540,00"
C004520,urbana_premium,0,36.36363636363637,Contrato,"31730,00","11946,06","690,00"
C004521,suburbana,0,35.172413793103445,Premium,"39700,00","8198,50","250,00"
C004522,suburbana,0,33.68421052631579,Premium,"25090,00","12541,20","830,00"
C004523,urbana_premium,1,35,Prepago,"29690,00","6211,83",
C004524,suburbana,0,32.41379310344828,Premium,"39580,00","8371,95","500,00"
C004525,rural,0,32.666666666666664,Prepago,"27010,00","4196,59","270,00"
C004526,suburbana,0,35.12820512820513,Premium,"37160,00","6726,58","170,00"
C004527,rural,1,34.5,Contrato,"13790,00","6833,79","290,00"
C004528,suburbana,0,35.142857142857146,Premium,"42730,00","22012,26","340,00"
C004529,urbana_premium,0,36.89655172413793,Premium,"48510,00","22913,33","600,00"
C004530,suburbana,1,31.666666666666668,Premium,"25890,00","5703,24","300,00"
C004531,urbana_premium,0,36.36363636363637,Premium,"46940,00","14742,97","430,00"
C004532,suburbana,1,35,Premium,"43750,00","12517,22","230,00"
C004533,suburbana,1,35.9375,Prepago,"23040,00","4142,51","150,00"
C004534,urbana_premium,1,36,Premium,"29650,00","23647,80","360,00"
C004535,urbana_premium,0,34.0625,Prepago,"34600,00","5892,20","210,00"
C004536,suburbana,1,41.666666666666664,Prepago,"13700,00","3568,25","210,00"
C004537,rural,0,32.340425531914896,Contrato,"26060,00","11294,25","240,00"
C004538,suburbana,0,34.87179487179487,Premium,"41000,00","12629,00","190,00"
C004539,urbana_premium,0,34.074074074074076,Premium,"46730,00","14329,03","590,00"
C004540,rural,0,35.30612244897959,Premium,"27460,00","7796,06","720,00"
C004541,suburbana,0,32.888888888888886,Prepago,"42650,00","2185,19","330,00"
C004542,suburbana,0,30.967741935483872,Premium,"28780,00","5475,69",
C004543,suburbana,0,33.4,Prepago,"17200,00","4779,64","560,00"
C004544,urbana_premium,1,42.5,Premium,"40050,00","22506,50","120,00"
C004545,suburbana,0,32.857142857142854,Premium,"47010,00","7193,83","180,00"
C004546,urbana_premium,1,40,Prepago,"43430,00","5367,33","400,00"
C004547,suburbana,0,33.41463414634146,Prepago,"26170,00","7491,89","310,00"
C004548,urbana_premium,0,34.21052631578947,Premium,"50360,00","10697,51","620,00"
C004549,rural,1,31.6,Prepago,"26580,00","2154,50","120,00"
C004550,urbana_premium,0,35.416666666666664,Premium,"35490,00","40716,86","760,00"
C004551,suburbana,1,34,Premium,"31080,00","11560,00","210,00"
C004552,suburbana,0,35.806451612903224,Prepago,"26680,00","1497,65","190,00"
C004553,rural,0,33.95348837209303,Premium,"28790,00","8448,53","290,00"
C004554,suburbana,0,36.25,Premium,"21760,00","14197,76","400,00"
C004555,urbana_premium,0,32.758620689655174,Premium,"42960,00","11722,49","630,00"
C004556,rural,1,32.857142857142854,Prepago,"31470,00","5002,67","410,00"
C004557,urbana_premium,0,33.07692307692308,Premium,"41600,00","17465,77","190,00"
C004558,rural,0,33.0188679245283,Prepago,"25330,00","2538,77","460,00"
C004559,suburbana,0,35.588235294117645,Premium,"30550,00","21736,43","280,00"
C004560,suburbana,1,40,Premium,"35940,00","6340,75","40,00"
C004561,suburbana,0,36.25,Prepago,"26290,00","2816,35","300,00"
C004562,urbana_premium,0,36,Premium,"36570,00","29640,57","420,00"
C004563,urbana_premium,1,36.4,Premium,"27920,00","16496,15","360,00"
C004564,urbana_premium,0,36.25,Premium,"34830,00","11991,44","480,00"
C004565,urbana_premium,0,37.5,Premium,"18980,00","20185,88","330,00"
C004566,rural,0,35.333333333333336,Contrato,"23450,00","4002,89","120,00"
C004567,urbana_premium,0,33.80952380952381,Premium,"47490,00","15119,88","620,00"
C004568,suburbana,1,35.6,Premium,"29120,00","13019,45","320,00"
C004569,suburbana,0,33.125,Premium,"41150,00","26955,94","330,00"
C004570,urbana_premium,0,32.64705882352941,Premium,"61080,00","15332,94","350,00"
C004571,urbana_premium,0,34.166666666666664,Prepago,"38060,00","4784,37","240,00"
C004572,urbana_premium,0,38.5,Premium,"27010,00","14957,14","480,00"
C004573,urbana_premium,0,36.8421052631579,Prepago,"56080,00","4103,03","630,00"
C004574,rural,0,31.4,Prepago,"31690,00","3476,91","80,00"
C004575,suburbana,0,32.8,Prepago,"34880,00","2866,11","60,00"
C004576,rural,0,34.146341463414636,Premium,"19320,00","7358,26","-250,00"
C004577,urbana_premium,0,32.17391304347826,Premium,"43690,00","35083,74","190,00"
C004578,suburbana,0,33.529411764705884,Premium,"26730,00","11311,54","360,00"
C004579,urbana_premium,0,37.58620689655172,Prepago,"29610,00","3070,46","740,00"
C004580,suburbana,0,33.888888888888886,Contrato,"33800,00","7442,21","760,00"
C004581,suburbana,0,31.666666666666668,Contrato,"21200,00","3698,32","180,00"
C004582,urbana_premium,0,35,Premium,,"13332,63","240,00"
C004583,suburbana,1,32.1875,Contrato,"32900,00","7114,79","190,00"
C004584,suburbana,0,33.02325581395349,Prepago,"28670,00","6974,81","390,00"
C004585,suburbana,0,34.54545454545455,Premium,"29380,00","5662,57","240,00"
C004586,urbana_premium,1,37.5,Contrato,"26290,00","5995,36","70,00"
C004587,urbana_premium,0,33.333333333333336,Contrato,,"15986,78","180,00"
C004588,urbana_premium,1,38.666666666666664,Premium,"70200,00","18253,33","310,00"
C004589,suburbana,0,32.432432432432435,Contrato,"28280,00","5346,67","260,00"
C004590,urbana_premium,1,35.88235294117647,Premium,"23250,00","21955,43","150,00"
C004591,urbana_premium,0,35.294117647058826,Premium,"52790,00","27687,14","110,00"
C004592,urbana_premium,0,38.92857142857143,Premium,"26740,00","11599,92","430,00"
C004593,rural,0,32.745098039215684,Contrato,"28410,00","8368,77","290,00"
C004594,rural,1,32.22222222222222,Premium,"38890,00","12388,75","210,00"
C004595,rural,0,35.09803921568628,Contrato,"21520,00","4227,92","320,00"
C004596,suburbana,0,35.333333333333336,Premium,"44700,00","6531,66","350,00"
C004597,suburbana,0,35.58139534883721,Premium,"38540,00","8876,81","320,00"
C004598,urbana_premium,0,36.96969696969697,Premium,"66390,00","22411,14","350,00"
C004599,suburbana,0,31,Premium,"36540,00","22548,08","130,00"
C004600,suburbana,0,32.666666666666664,Contrato,"24770,00","17639,83","630,00"
C004601,suburbana,0,37.05882352941177,Premium,"14380,00","8472,00","390,00"
C004602,urbana_premium,0,35,Premium,"29010,00","11496,95","190,00"
C004603,suburbana,0,38.25,Premium,"25000,00","14382,26","510,00"
C004604,suburbana,0,37.74193548387097,Premium,"42190,00","6819,00","520,00"
C004605,suburbana,0,32.44444444444444,Premium,"45590,00","12620,83","550,00"
C004606,suburbana,0,34.411764705882355,Premium,"20310,00","21995,94","390,00"
C004607,suburbana,0,35.357142857142854,Premium,,"8683,78","260,00"
C004608,rural,0,33.1578947368421,Premium,"17710,00","6626,00","210,00"
C004609,suburbana,0,31.666666666666668,Premium,"22270,00","16063,74","390,00"
C004610,suburbana,0,34.25,Contrato,"18370,00","3404,88","550,00"
C004611,suburbana,0,34.34782608695652,Premium,"33550,00","20602,51","670,00"
C004612,urbana_premium,0,35.55555555555556,Contrato,"31180,00","13025,85","80,00"
C004613,suburbana,0,34.32432432432432,Premium,"47200,00","9487,56",
C004614,urbana_premium,0,36.52173913043478,Premium,"27850,00","34388,86","150,00"
C004615,suburbana,0,35.68181818181818,Prepago,"38520,00","4459,83","330,00"
C004616,urbana_premium,0,33.91304347826087,Premium,"25040,00","19988,64","720,00"
C004617,urbana_premium,0,33.84615384615385,Premium,"54930,00","24115,72","320,00"
C004618,suburbana,1,34.11764705882353,Prepago,"31060,00","5469,00","430,00"
C004619,suburbana,0,38.51851851851852,Premium,"33030,00","5689,36","100,00"
C004620,urbana_premium,0,32.916666666666664,Premium,,"13723,22","370,00"
C004621,rural,0,29.555555555555557,Contrato,"20080,00","4037,61","260,00"
C004622,urbana_premium,0,35,Premium,"45540,00","23084,51","-540,00"
C004623,suburbana,0,34.87179487179487,Contrato,"56140,00","9297,17","80,00"
C004624,urbana_premium,0,35.357142857142854,Premium,"26510,00","20713,71","310,00"
C004625,urbana_premium,0,32.8,Contrato,"33970,00","16341,95","740,00"
C004626,suburbana,0,36.5625,Premium,"24060,00","12413,14","220,00"
C004627,suburbana,0,33.8235294117647,Contrato,"17560,00","3643,51","110,00"
C004628,suburbana,1,34,Prepago,"17480,00","3721,29","480,00"
C004629,rural,0,33.095238095238095,Premium,"17970,00","8311,23","630,00"
C004630,urbana_premium,0,34.44444444444444,Premium,"33320,00","17406,66",
C004631,urbana_premium,0,35.172413793103445,Premium,"62830,00","15719,25","1030,00"
C004632,suburbana,1,35.416666666666664,Premium,"42140,00","23604,55","300,00"
C004633,suburbana,0,32.8,Contrato,"22370,00","4677,03","390,00"
C004634,urbana_premium,0,37.58620689655172,Prepago,"50170,00","5663,68","370,00"
C004635,suburbana,0,34.166666666666664,Contrato,"22530,00","3195,44",
C004636,rural,0,33.333333333333336,Contrato,"22510,00","4381,16","160,00"
C004637,suburbana,0,32.94117647058823,Contrato,,"4850,83","240,00"
C004638,suburbana,0,36.0377358490566,Prepago,"62390,00","2694,22","170,00"
C004639,urbana_premium,1,40,Premium,"42050,00","33117,80","370,00"
C004640,rural,0,32.6,Prepago,"13840,00","2044,89","440,00"
C004641,rural,0,31.228070175438596,Premium,"30120,00","15111,89","150,00"
C004642,rural,1,33.333333333333336,Prepago,"34570,00","3937,45","100,00"
C004643,urbana_premium,0,35.2,Prepago,"52240,00","6372,28","200,00"
C004644,suburbana,0,32.72727272727273,Prepago,"21050,00","4619,03","230,00"
C004645,urbana_premium,0,35.42857142857143,Premium,,"16442,11","190,00"
C004646,suburbana,0,32.5,Prepago,"29620,00","2999,19","390,00"
C004647,urbana_premium,0,33.793103448275865,Premium,"71110,00","17478,47","230,00"
C004648,rural,0,32.459016393442624,Contrato,"28810,00","19668,36","60,00"
C004649,suburbana,0,34.24242424242424,Premium,"54360,00","12367,18","300,00"
C004650,urbana_premium,0,33.87096774193548,Premium,"29860,00","22830,08","510,00"
C004651,suburbana,0,35.333333333333336,Premium,"27630,00","11666,76","390,00"
C004652,urbana_premium,0,35.90909090909091,Premium,"31710,00","15956,14","160,00"
C004653,urbana_premium,0,35.78947368421053,Premium,"53910,00","25671,31","40,00"
C004654,urbana_premium,0,37.27272727272727,Premium,"57040,00","12654,03","880,00"
C004655,suburbana,1,20,Contrato,"34180,00","6266,20","330,00"
C004656,urbana_premium,0,34.86486486486486,Prepago,"39570,00","5334,58","-690,00"
C004657,urbana_premium,0,37.916666666666664,Premium,"44300,00","23104,08","120,00"
C004658,suburbana,1,35.45454545454545,Prepago,"18370,00","4620,71",
C004659,urbana_premium,0,34.285714285714285,Contrato,"33150,00","14073,67","620,00"
C004660,urbana_premium,0,35.78947368421053,Premium,"34090,00","25187,94","500,00"
C004661,suburbana,0,34.11764705882353,Premium,"29670,00","7757,34","280,00"
C004662,urbana_premium,0,34.34782608695652,Prepago,"30470,00","6325,94","130,00"
C004663,suburbana,0,38,Prepago,"22140,00","5375,00","360,00"
C004664,suburbana,0,31.875,Premium,"17040,00","13496,39","140,00"
C004665,urbana_premium,0,37.142857142857146,Premium,"44530,00","10325,03","240,00"
C004666,rural,0,32.75,Prepago,"14360,00","2172,27","310,00"
C004667,urbana_premium,0,36.81818181818182,Premium,"54310,00","18974,09","740,00"
C004668,suburbana,0,36.15384615384615,Premium,"33390,00","15379,09","660,00"
C004669,urbana_premium,0,33.611111111111114,Premium,"52200,00","13461,57","700,00"
C004670,urbana_premium,0,38,Premium,"28010,00","16913,46","750,00"
C004671,urbana_premium,0,38.8235294117647,Premium,"73490,00","25100,39","180,00"
C004672,suburbana,1,32.72727272727273,Contrato,"64830,00","9294,44","160,00"
C004673,suburbana,0,34.411764705882355,Contrato,"30120,00","14058,78","50,00"
C004674,urbana_premium,0,36.53846153846154,Contrato,"43930,00","9304,41","390,00"
C004675,rural,0,31.20689655172414,Contrato,"23110,00","9740,29","180,00"
C004676,urbana_premium,0,38.421052631578945,Premium,"54460,00","15370,17","340,00"
C004677,urbana_premium,0,34,Premium,"50510,00","22861,00","-310,00"
C004678,urbana_premium,0,36.36363636363637,Premium,"20560,00","14837,64","280,00"
C004679,suburbana,0,30.689655172413794,Contrato,"22320,00","4339,58","290,00"
C004680,urbana_premium,1,37.69230769230769,Premium,"43920,00","17232,38","370,00"
C004681,urbana_premium,1,36.36363636363637,Prepago,"50180,00","7415,09","170,00"
C004682,suburbana,0,34.583333333333336,Contrato,"31410,00","7897,03","60,00"
C004683,urbana_premium,0,32.857142857142854,Prepago,"21140,00","5303,14","270,00"
C004684,rural,0,34.61538461538461,Contrato,"28210,00","6039,97","640,00"
C004685,suburbana,0,31.304347826086957,Contrato,"56460,00","3823,17","290,00"
C004686,suburbana,1,35,Prepago,"13350,00","3751,33","410,00"
C004687,urbana_premium,0,32.608695652173914,Premium,"53170,00","15929,46","290,00"
C004688,suburbana,0,34.83870967741935,Contrato,"56600,00","3936,32","590,00"
C004689,suburbana,0,34.5945945945946,Premium,"41470,00","7127,19","190,00"
C004690,rural,0,33.69565217391305,Contrato,"22570,00","15103,38","190,00"
C004691,urbana_premium,0,38.69565217391305,Premium,"52390,00","20200,53","470,00"
C004692,urbana_premium,0,36,Prepago,"37130,00","3832,47","450,00"
C004693,rural,0,34.473684210526315,Premium,"28070,00","12857,50","260,00"
C004694,suburbana,0,36.326530612244895,Contrato,"30690,00","8115,92","330,00"
C004695,rural,0,35,Prepago,"24140,00","6500,37","1080,00"
C004696,rural,0,34.375,Contrato,"17780,00","5239,06","280,00"
C004697,rural,0,36.13636363636363,Premium,"19740,00","13576,74",
C004698,urbana_premium,0,35.55555555555556,Premium,"67590,00","14365,28","140,00"
C004699,suburbana,0,33.8235294117647,Premium,"24000,00","25881,60","580,00"
C004700,urbana_premium,0,36.666666666666664,Prepago,"19300,00","6948,16","120,00"
C004701,suburbana,0,32.5,Premium,"102020,00","23573,14","290,00"
C004702,suburbana,1,34,Prepago,"25590,00","5656,31","130,00"
C004703,suburbana,1,35,Prepago,"27140,00","3617,00","110,00"
C004704,suburbana,0,35.77777777777778,Prepago,"25900,00","4343,59","550,00"
C004705,urbana_premium,0,37.5,Contrato,"38490,00","9031,17","40,00"
C004706,urbana_premium,0,38.125,Premium,"29350,00","18144,00","640,00"
C004707,suburbana,0,32.6,Premium,"50210,00","20217,72","70,00"
C004708,suburbana,0,33.55555555555556,Premium,"27800,00","8999,29","210,00"
C004709,urbana_premium,0,37.241379310344826,Prepago,"26550,00","3503,78","280,00"
C004710,suburbana,0,33.84615384615385,Contrato,"10920,00","3884,03","360,00"
C004711,urbana_premium,0,30.526315789473685,Premium,"56150,00","12060,17","200,00"
C004712,urbana_premium,0,33.7037037037037,Premium,"32810,00","19557,62","250,00"
C004713,rural,0,34.24242424242424,Prepago,"26480,00","2364,00","-340,00"
C004714,urbana_premium,0,34.83870967741935,Prepago,"27650,00","3392,72","760,00"
C004715,urbana_premium,0,35.666666666666664,Contrato,"39550,00","8176,17","320,00"
C004716,rural,0,33.714285714285715,Contrato,"23000,00","3361,29","650,00"
C004717,suburbana,0,33.333333333333336,Prepago,"41150,00","4545,58","370,00"
C004718,urbana_premium,0,39.130434782608695,Premium,"40560,00","21201,06","710,00"
C004719,urbana_premium,0,33.333333333333336,Premium,"25840,00","14189,69","80,00"
C004720,urbana_premium,0,34.473684210526315,Contrato,"88740,00","13177,92","130,00"
C004721,suburbana,0,34.32432432432432,Prepago,"34710,00","1893,83","230,00"
C004722,suburbana,1,33,Prepago,,"2104,36","210,00"
C004723,urbana_premium,0,36.89655172413793,Premium,"40900,00","13472,19","370,00"
C004724,rural,0,31.864406779661017,Prepago,"26620,00","1804,31","170,00"
C004725,suburbana,1,33.07692307692308,Premium,"35310,00","12184,90","360,00"
C004726,suburbana,0,34.4,Premium,"33850,00","32251,97","320,00"
C004727,urbana_premium,0,33,Contrato,"41710,00","11878,91","280,00"
C004728,urbana_premium,0,34.666666666666664,Premium,"52770,00","14159,24","220,00"
C004729,urbana_premium,0,32.857142857142854,Premium,"49380,00","15675,22","300,00"
C004730,suburbana,0,32,Contrato,"38710,00","4412,74","280,00"
C004731,suburbana,0,34.54545454545455,Premium,"16010,00","16111,91","210,00"
C004732,urbana_premium,0,32.903225806451616,Premium,"20860,00","12275,19","80,00"
C004733,suburbana,0,35,Premium,"22580,00","6935,41","500,00"
C004734,urbana_premium,0,34.705882352941174,Premium,"35090,00","23204,91","700,00"
C004735,urbana_premium,0,33.80952380952381,Premium,"29340,00","17819,71","290,00"
C004736,rural,1,31.666666666666668,Contrato,"16270,00","15626,50","460,00"
C004737,suburbana,0,32.857142857142854,Prepago,"32410,00","3705,36","260,00"
C004738,suburbana,1,34.166666666666664,Premium,"21960,00","8645,09","460,00"
C004739,urbana_premium,0,35.55555555555556,Premium,"16500,00","13422,36","550,00"
C004740,suburbana,0,34.31818181818182,Prepago,"18530,00","5056,11","520,00"
C004741,rural,1,32,Contrato,"18750,00","11551,63","-270,00"
C004742,urbana_premium,0,36.42857142857143,Prepago,"34970,00","10545,22","100,00"
C004743,urbana_premium,0,34.48275862068966,Premium,"52420,00","18050,00","230,00"
C004744,urbana_premium,0,33.1578947368421,Premium,"44560,00","10348,21","500,00"
C004745,suburbana,1,36.666666666666664,Prepago,"14780,00","4875,95","270,00"
C004746,suburbana,0,35.625,Contrato,"49560,00","4871,89","50,00"
C004747,suburbana,0,32.35294117647059,Premium,"27800,00","5509,89","590,00"
C004748,rural,0,30.625,Premium,,"5704,61","-120,00"
C004749,urbana_premium,1,34.583333333333336,Prepago,"39940,00","4233,55","180,00"
C004750,urbana_premium,0,40.416666666666664,Premium,"28400,00","19451,58","90,00"
C004751,rural,0,32.25806451612903,Contrato,"28280,00","13292,08",
C004752,suburbana,1,34.642857142857146,Contrato,"15070,00","8733,29","730,00"
C004753,rural,0,32.88461538461539,Contrato,"37110,00","4021,71","270,00"
C004754,urbana_premium,1,30.714285714285715,Premium,"40870,00","17165,69","270,00"
C004755,urbana_premium,0,35.666666666666664,Contrato,"43470,00","12393,32","300,00"
C004756,suburbana,0,34.23076923076923,Premium,"35840,00","6603,73","200,00"
C004757,suburbana,0,36,Prepago,"25540,00","5091,47","30,00"
C004758,suburbana,1,32,Contrato,"46510,00","4366,38","590,00"
C004759,suburbana,0,33,Prepago,"23130,00","6921,22","110,00"
C004760,urbana_premium,0,35.86206896551724,Prepago,"26970,00","5039,54","430,00"
C004761,urbana_premium,0,36,Premium,"40330,00","18658,53",
C004762,urbana_premium,0,35.588235294117645,Prepago,"23630,00","5035,32","430,00"
C004763,urbana_premium,1,36.36363636363637,Premium,"31390,00","11514,20","80,00"
C004764,urbana_premium,0,36.95652173913044,Premium,"41930,00","24908,51","320,00"
C004765,suburbana,0,30.8,Premium,,"15172,54","730,00"
C004766,urbana_premium,1,35.55555555555556,Premium,"37780,00","16952,82","370,00"
C004767,rural,1,33.333333333333336,Prepago,"16920,00","2204,00","80,00"
C004768,urbana_premium,0,32.63157894736842,Premium,"34020,00","25697,79","310,00"
C004769,rural,0,32.15384615384615,Prepago,"18380,00","6684,51","30,00"
C004770,suburbana,0,33.78378378378378,Contrato,"28810,00","11015,23","150,00"
C004771,suburbana,0,31.62162162162162,Contrato,"23990,00","4712,58","630,00"
C004772,suburbana,1,33.57142857142857,Contrato,,"12452,67","310,00"
C004773,rural,0,35.76923076923077,Contrato,"15790,00","16394,29","300,00"
C004774,suburbana,0,34.81481481481482,Prepago,"15660,00","2460,03","590,00"
C004775,rural,0,35.26315789473684,Premium,"33900,00","16071,11","180,00"
C004776,suburbana,0,34.44444444444444,Premium,"38300,00","15075,29","290,00"
C004777,suburbana,0,34.285714285714285,Contrato,"19390,00","8832,86","170,00"
C004778,suburbana,1,31.818181818181817,Contrato,"37430,00","4074,28","130,00"
C004779,urbana_premium,0,36.785714285714285,Prepago,"38850,00","3571,21","150,00"
C004780,rural,1,30.8,Contrato,"14770,00","3707,88","380,00"
C004781,suburbana,0,31.93548387096774,Premium,"20640,00","26754,05","470,00"
C004782,suburbana,1,37.93103448275862,Prepago,"28290,00","1926,52","70,00"
C004783,urbana_premium,0,33.5,Contrato,"49610,00","11042,00","620,00"
C004784,urbana_premium,0,34.285714285714285,Premium,"47120,00","15518,22","570,00"
C004785,urbana_premium,0,35.21739130434783,Prepago,"31700,00","4207,89","240,00"
C004786,suburbana,0,33.7037037037037,Premium,"35010,00","8444,50","250,00"
C004787,suburbana,0,35.1063829787234,Prepago,"28160,00","8452,42","160,00"
C004788,urbana_premium,0,35.21739130434783,Premium,"29600,00","24730,65","250,00"
C004789,urbana_premium,0,36.81818181818182,Contrato,"53570,00","9517,28","260,00"
C004790,suburbana,0,34.285714285714285,Prepago,"31480,00","2910,97","150,00"
C004791,urbana_premium,0,32.17391304347826,Premium,"45770,00","14276,03",
C004792,suburbana,1,31.428571428571427,Premium,"20300,00","24418,67","140,00"
C004793,urbana_premium,0,39.411764705882355,Premium,"31910,00","20315,42","1200,00"
C004794,urbana_premium,0,36.666666666666664,Premium,"51000,00","19748,33","240,00"
C004795,suburbana,1,35,Contrato,"27020,00","14100,75","850,00"
C004796,urbana_premium,0,34.13793103448276,Contrato,"35400,00","10097,86","180,00"
C004797,rural,0,32.745098039215684,Prepago,"16010,00","2551,71","180,00"
C004798,urbana_premium,0,37.05882352941177,Contrato,"41010,00","12394,03","190,00"
C004799,suburbana,0,33.125,Premium,"20430,00","6716,56","370,00"
C004800,urbana_premium,0,34.285714285714285,Premium,"43500,00","13709,09","460,00"
C004801,suburbana,0,33.125,Contrato,"21060,00","11940,47","580,00"
C004802,rural,1,34.63414634146341,Prepago,"21580,00","7447,88","200,00"
C004803,suburbana,0,35.65217391304348,Premium,"51730,00","31167,09","430,00"
C004804,urbana_premium,0,35,Premium,"43500,00","12873,36","130,00"
C004805,urbana_premium,0,36.36363636363637,Contrato,"33910,00","7784,85","640,00"
C004806,rural,1,32.30769230769231,Prepago,"31330,00","3746,75","90,00"
C004807,rural,1,33.333333333333336,Premium,"18020,00","26086,18","110,00"
C004808,urbana_premium,0,34.642857142857146,Prepago,"27100,00","5312,48","250,00"
C004809,suburbana,0,33.225806451612904,Premium,"26240,00","9542,57","390,00"
C004810,urbana_premium,0,32.72727272727273,Premium,"56230,00","19971,71","280,00"
C004811,urbana_premium,0,30,Premium,"55130,00","14203,94","370,00"
C004812,suburbana,1,32.7027027027027,Contrato,"25050,00","10573,72","270,00"
C004813,urbana_premium,0,33.75,Contrato,"34660,00","10255,15","160,00"
C004814,urbana_premium,0,33.5,Premium,"44340,00","9498,74","500,00"
C004815,suburbana,0,32.333333333333336,Premium,"69730,00","9502,16","360,00"
C004816,suburbana,1,31.93548387096774,Contrato,"27430,00","10954,85","400,00"
C004817,urbana_premium,0,34.48275862068966,Contrato,"62100,00","7714,75","650,00"
C004818,urbana_premium,0,34.827586206896555,Premium,"41770,00","19749,47","840,00"
C004819,suburbana,1,32.5,Prepago,"40180,00","3309,50","370,00"
C004820,suburbana,0,32.8,Premium,"42500,00","8445,12","310,00"
C004821,rural,0,32.833333333333336,Contrato,"24690,00","10583,97","400,00"
C004822,urbana_premium,0,34.705882352941174,Contrato,"37900,00","9428,71","350,00"
C004823,rural,0,34.054054054054056,Prepago,,"2287,25","70,00"
C004824,suburbana,0,34.87179487179487,Premium,"33700,00","17272,29","110,00"
C004825,suburbana,0,34.666666666666664,Contrato,"45180,00","5322,76","430,00"
C004826,rural,0,33.75,Premium,"36880,00","13251,83","490,00"
C004827,urbana_premium,1,34.5,Premium,"58470,00","15990,67","120,00"
C004828,suburbana,0,36.875,Contrato,"25320,00","18606,42","130,00"
C004829,urbana_premium,0,34.23076923076923,Prepago,"31370,00","5436,63","490,00"
C004830,urbana_premium,0,33.68421052631579,Contrato,"28650,00","12590,97","250,00"
C004831,urbana_premium,1,36,Premium,"40400,00","23109,94","350,00"
C004832,urbana_premium,0,37.8125,Premium,,"23689,11","120,00"
C004833,suburbana,0,35.55555555555556,Contrato,"24460,00","4650,68","420,00"
C004834,rural,0,31.846153846153847,Prepago,"21780,00","2520,72","60,00"
C004835,suburbana,0,33.72093023255814,Premium,"37380,00","14025,09","510,00"
C004836,urbana_premium,0,35.23809523809524,Premium,"34210,00","14326,43","890,00"
C004837,suburbana,0,33.23529411764706,Premium,"27890,00","7502,66","890,00"
C004838,rural,1,32,Premium,"34290,00","13204,20","500,00"
C004839,urbana_premium,0,37.27272727272727,Premium,"38600,00","13970,86","160,00"
C004840,urbana_premium,0,32.8,Premium,"29750,00","10506,94","430,00"
C004841,urbana_premium,0,36.875,Premium,"39590,00","14624,77","280,00"
C004842,suburbana,0,32.75,Prepago,"34690,00","3698,74","70,00"
C004843,urbana_premium,1,35.4054054054054,Contrato,"91970,00","13056,90","300,00"
C004844,suburbana,1,31.785714285714285,Premium,"50730,00","11189,04","670,00"
C004845,suburbana,0,35.13513513513514,Premium,"91120,00","9750,54","70,00"
C004846,urbana_premium,0,32.77777777777778,Premium,"26360,00","21906,49","180,00"
C004847,urbana_premium,1,33.57142857142857,Premium,"62290,00","15617,38","720,00"
C004848,rural,0,32.75,Contrato,"39980,00","4860,95","200,00"
C004849,urbana_premium,0,38.125,Contrato,"38690,00","9162,82","210,00"
C004850,urbana_premium,0,34.5,Premium,"33360,00","14552,25","200,00"
C004851,rural,1,38.38709677419355,Prepago,"30050,00","2344,32","30,00"
C004852,rural,0,36.5625,Prepago,"20710,00","2042,11","60,00"
C004853,urbana_premium,1,35.6,Contrato,"25650,00","14452,18","520,00"
C004854,urbana_premium,0,32.77777777777778,Prepago,"23310,00","4815,00","140,00"
C004855,suburbana,0,36.0377358490566,Prepago,"17650,00","3247,94","210,00"
C004856,urbana_premium,1,33.91304347826087,Premium,"41530,00","22295,14","250,00"
C004857,urbana_premium,0,39.03225806451613,Prepago,"48410,00","5036,69","180,00"
C004858,suburbana,0,34.888888888888886,Prepago,"21190,00","3932,14","410,00"
C004859,suburbana,0,34.285714285714285,Premium,"35310,00","8381,61","900,00"
C004860,urbana_premium,0,39,Premium,"45220,00","19679,34","710,00"
C004861,urbana_premium,1,36.666666666666664,Premium,"43220,00","20738,82","290,00"
C004862,urbana_premium,0,33.5,Premium,"48560,00","35063,43","590,00"
C004863,urbana_premium,0,34.44444444444444,Contrato,"41280,00","11487,69","600,00"
C004864,urbana_premium,0,35.65217391304348,Contrato,"61030,00","11937,25","530,00"
C004865,rural,0,32.5,Premium,,"19386,50","190,00"
C004866,urbana_premium,0,37.2,Premium,"24670,00","12185,51","440,00"
C004867,urbana_premium,0,38.333333333333336,Premium,"72880,00","16157,42","400,00"
C004868,urbana_premium,1,30,Contrato,"27350,00","10283,14","130,00"
C004869,suburbana,0,35.51724137931034,Contrato,"29640,00","10201,44","110,00"
C004870,suburbana,0,35.26315789473684,Premium,"72830,00","6340,92","420,00"
C004871,suburbana,0,33.63636363636363,Premium,"35380,00","13178,12","330,00"
C004872,urbana_premium,0,39.04761904761905,Premium,"28700,00","16869,22","740,00"
C004873,suburbana,0,38.1578947368421,Contrato,"33540,00","4828,34","50,00"
C004874,urbana_premium,0,35.714285714285715,Premium,"45950,00","10893,00","720,00"
C004875,suburbana,0,34.054054054054056,Premium,"31980,00","14902,94","270,00"
C004876,suburbana,0,35.17857142857143,Premium,"24960,00","15275,91","160,00"
C004877,rural,1,35,Contrato,"14830,00","4276,07","390,00"
C004878,suburbana,0,34.6875,Premium,"19830,00","12239,42","210,00"
C004879,suburbana,0,36.31578947368421,Contrato,"22690,00","4374,83","500,00"
C004880,rural,0,33.40425531914894,Premium,"36530,00","10697,22","250,00"
C004881,urbana_premium,0,31.363636363636363,Prepago,"24980,00","6895,38","100,00"
C004882,urbana_premium,0,35.357142857142854,Premium,"40420,00","24675,53","160,00"
C004883,urbana_premium,0,36.8,Premium,"62440,00","17525,75","80,00"
C004884,suburbana,0,34,Contrato,"37430,00","18336,63","340,00"
C004885,suburbana,1,30,Premium,"49020,00","6298,33","80,00"
C004886,suburbana,0,35,Contrato,"24280,00","14243,29","220,00"
C004887,urbana_premium,0,35.333333333333336,Premium,"47690,00","20312,21","320,00"
C004888,suburbana,0,34.705882352941174,Contrato,"44600,00","4290,97","-330,00"
C004889,suburbana,1,37.77777777777778,Premium,"41440,00","21767,80","200,00"
C004890,suburbana,0,33.63636363636363,Prepago,,"2069,80","90,00"
C004891,urbana_premium,0,35.65217391304348,Contrato,"25200,00","12172,58","180,00"
C004892,urbana_premium,0,32.22222222222222,Premium,"48340,00","13575,54","290,00"
C004893,suburbana,0,35.88235294117647,Premium,"35360,00","8212,24","650,00"
C004894,urbana_premium,0,37.857142857142854,Contrato,"36310,00","8223,47","660,00"
C004895,suburbana,0,36.5,Prepago,"24120,00","5089,29","530,00"
C004896,urbana_premium,0,33.666666666666664,Premium,"44810,00","11924,57","370,00"
C004897,rural,0,33.70967741935484,Prepago,"16430,00","6661,00","180,00"
C004898,urbana_premium,0,34.651162790697676,Prepago,"32910,00","4505,14","280,00"
C004899,urbana_premium,0,36.42857142857143,Prepago,"53230,00","4162,11","420,00"
C004900,urbana_premium,0,36.25,Premium,"55120,00","30503,14","380,00"
C004901,urbana_premium,0,34,Premium,"45310,00","13989,53","400,00"
C004902,urbana_premium,0,36.785714285714285,Contrato,"32590,00","12467,77","270,00"
C004903,urbana_premium,0,34.81481481481482,Premium,"25940,00","13572,09","240,00"
C004904,urbana_premium,1,37,Prepago,"29140,00","5970,65","240,00"
C004905,suburbana,0,33.68421052631579,Prepago,"46750,00","5080,25","100,00"
C004906,urbana_premium,0,35.3125,Premium,"40970,00","13806,11","330,00"
C004907,urbana_premium,0,38.18181818181818,Premium,"36930,00","23490,89","370,00"
C004908,urbana_premium,0,32.17391304347826,Prepago,"40530,00","5959,50","390,00"
C004909,suburbana,0,36.25,Contrato,"37880,00","9329,43","800,00"
C004910,rural,1,39.166666666666664,Prepago,,"3355,94","220,00"
C004911,urbana_premium,0,34.375,Premium,"32290,00","12664,06","280,00"
C004912,urbana_premium,0,36.36363636363637,Premium,"47990,00","11646,64","-360,00"
C004913,suburbana,0,35.21739130434783,Contrato,"32420,00","4718,20","460,00"
C004914,urbana_premium,0,37.41935483870968,Prepago,"56370,00","8151,56","680,00"
C004915,suburbana,0,33.142857142857146,Premium,,"17051,14","790,00"
C004916,urbana_premium,1,35,Prepago,"29210,00","3602,37","120,00"
C004917,urbana_premium,0,32.38095238095238,Premium,"11900,00","16215,11","460,00"
C004918,rural,0,32.15686274509804,Contrato,"24940,00","11594,65","450,00"
C004919,urbana_premium,0,36.52173913043478,Premium,"26550,00","15722,19","1130,00"
C004920,rural,1,34.285714285714285,Prepago,"27730,00","1546,80","560,00"
C004921,suburbana,0,35.17857142857143,Prepago,"52010,00","4678,37","140,00"
C004922,urbana_premium,0,34.73684210526316,Contrato,"26690,00","8507,47","770,00"
C004923,urbana_premium,0,37.241379310344826,Contrato,"47990,00","12271,46","240,00"
C004924,urbana_premium,1,32.608695652173914,Premium,"51900,00","30434,15","630,00"
C004925,urbana_premium,0,32.5,Contrato,"43200,00","14078,66","660,00"
C004926,suburbana,0,34.35897435897436,Contrato,"33430,00","4601,03","380,00"
C004927,rural,0,32.857142857142854,Contrato,"11220,00","17873,08","150,00"
C004928,urbana_premium,1,30,Premium,"39160,00","13788,25","400,00"
C004929,rural,0,32.57575757575758,Prepago,"23150,00","3747,28","410,00"
C004930,urbana_premium,0,38.421052631578945,Premium,"55270,00","15421,71","760,00"
C004931,urbana_premium,0,35.67567567567568,Premium,"53560,00","16712,67","360,00"
C004932,suburbana,0,37,Premium,"24930,00","5393,83","510,00"
C004933,urbana_premium,0,37.77777777777778,Contrato,"19680,00","9385,94","310,00"
C004934,urbana_premium,1,35,Contrato,"21890,00","9348,15",
C004935,suburbana,0,35,Contrato,"48810,00","4356,71","150,00"
C004936,urbana_premium,0,35.65217391304348,Premium,"37250,00","13628,74","-560,00"
C004937,rural,1,35.5,Prepago,"13990,00","3980,95","110,00"
C004938,rural,0,33.896103896103895,Prepago,"14610,00","1312,78","190,00"
C004939,suburbana,1,35,Contrato,"32320,00","3582,00","300,00"
C004940,rural,1,36.25,Prepago,,"4427,44","400,00"
C004941,suburbana,0,32.72727272727273,Premium,"53220,00","21635,91","590,00"
C004942,rural,1,32.5,Contrato,"22570,00","8841,57","210,00"
C004943,urbana_premium,1,37.5,Contrato,"43820,00","10710,50","360,00"
C004944,suburbana,1,30,Prepago,"29380,00","3125,81","210,00"
C004945,suburbana,0,33.4375,Contrato,,"9052,26","210,00"
C004946,urbana_premium,0,33.333333333333336,Premium,"70870,00","10581,17","310,00"
C004947,urbana_premium,0,34.54545454545455,Premium,"53270,00","15912,84","590,00"
C004948,urbana_premium,0,34.11764705882353,Premium,"76300,00","23774,25","470,00"
C004949,rural,0,30,Premium,"28050,00","11401,06","380,00"
C004950,suburbana,1,35.833333333333336,Contrato,"17110,00","5812,36","50,00"
C004951,urbana_premium,0,37.142857142857146,Premium,"28690,00","18718,94","680,00"
C004952,rural,0,35.45454545454545,Contrato,"30940,00","5874,71",
C004953,urbana_premium,0,36.52173913043478,Premium,"35180,00","30875,91","570,00"
C004954,suburbana,0,33.75,Premium,"29830,00","6740,58","540,00"
C004955,urbana_premium,0,34.642857142857146,Contrato,"28830,00","12570,19","140,00"
C004956,urbana_premium,0,37.58620689655172,Prepago,"63460,00","4900,51","340,00"
C004957,suburbana,0,34.44444444444444,Contrato,"50950,00","4555,06","80,00"
C004958,urbana_premium,0,36.785714285714285,Premium,"35330,00","19648,89","250,00"
C004959,rural,0,31.136363636363637,Premium,"21500,00","17215,71","410,00"
C004960,rural,0,33.111111111111114,Premium,"36280,00","13775,71","240,00"
C004961,urbana_premium,0,34.54545454545455,Premium,"55200,00","15382,51","1080,00"
C004962,urbana_premium,0,35,Premium,"21630,00","25573,66","640,00"
C004963,urbana_premium,0,34.642857142857146,Contrato,"48550,00","9773,77","360,00"
C004964,urbana_premium,0,36.94444444444444,Prepago,"45530,00","4578,40","70,00"
C004965,urbana_premium,0,36,Premium,"40860,00","10706,14","340,00"
C004966,rural,1,28.666666666666668,Prepago,"17080,00","7350,87","160,00"
C004967,suburbana,0,37.666666666666664,Premium,"22090,00","18249,38","500,00"
C004968,suburbana,0,35,Prepago,"10080,00","3886,41",
C004969,suburbana,0,37.096774193548384,Premium,"23690,00","5565,83","580,00"
C004970,suburbana,0,34.791666666666664,Prepago,"14960,00","2765,17","450,00"
C004971,suburbana,0,33.02325581395349,Prepago,"24670,00","4639,80","180,00"
C004972,suburbana,0,33.94736842105263,Prepago,"34320,00","4731,67","230,00"
C004973,suburbana,0,33.48837209302326,Prepago,"19810,00","4142,38","370,00"
C004974,urbana_premium,0,34.24242424242424,Premium,"61010,00","24843,76","400,00"
C004975,urbana_premium,0,34.074074074074076,Premium,"75900,00","15927,63","260,00"
C004976,suburbana,0,37.5,Premium,"32390,00","6593,85","800,00"
C004977,urbana_premium,0,36.52173913043478,Prepago,"47360,00","7878,64","40,00"
C004978,rural,1,37,Contrato,,"4409,00","50,00"
C004979,urbana_premium,0,35.925925925925924,Prepago,"40810,00","4708,17","350,00"
C004980,urbana_premium,0,33.1578947368421,Prepago,"23410,00","7301,83","560,00"
C004981,urbana_premium,0,36.96969696969697,Premium,"20940,00","20228,31","240,00"
C004982,rural,0,30.3125,Prepago,"14910,00","2752,26","90,00"
C004983,suburbana,1,31.333333333333332,Premium,"28240,00","27735,91","100,00"
C004984,urbana_premium,0,33.333333333333336,Premium,"37730,00","32492,56","150,00"
C004985,suburbana,0,32.72727272727273,Prepago,"29060,00","1892,05","130,00"
C004986,suburbana,1,33.125,Premium,"19840,00","9875,39","220,00"
C004987,suburbana,0,35,Contrato,"30940,00","4176,74","860,00"
C004988,rural,1,34.333333333333336,Contrato,"18200,00","7481,22","30,00"
C004989,urbana_premium,0,36,Premium,"40040,00","14410,74","360,00"
C004990,suburbana,0,32.77777777777778,Contrato,"27450,00","3935,31","190,00"
C004991,rural,0,32,Premium,"12350,00","11843,53","400,00"
C004992,suburbana,1,35,Premium,"23500,00","25908,72","100,00"
C004993,suburbana,0,33.529411764705884,Contrato,"36060,00","9788,83","270,00"
C004994,suburbana,1,40,Premium,,"3751,00","160,00"
C004995,urbana_premium,0,38.23529411764706,Contrato,,"7472,17","240,00"
C004996,rural,0,33,Prepago,"17770,00","2324,00","470,00"
C004997,urbana_premium,0,34.34782608695652,Contrato,"32730,00","8453,69",
C004998,urbana_premium,0,35.4054054054054,Prepago,"57680,00","5855,36","520,00"
C004999,suburbana,0,32.41379310344828,Premium,"35130,00","17240,67","600,00"
C005000,rural,1,35.18518518518518,Prepago,"14830,00","2149,54","70,00"
C005001,rural,1,34,Prepago,"27580,00","2975,15","130,00"
C005002,rural,0,32.04081632653061,Premium,"36190,00","10057,91","280,00"
C005003,urbana_premium,0,34.583333333333336,Premium,"41290,00","16716,06","850,00"
C005004,urbana_premium,0,35.51724137931034,Premium,"29180,00","16020,31","480,00"
C005005,suburbana,1,34.57142857142857,Premium,"40110,00","7379,44","-90,00"
C005006,suburbana,0,34.63414634146341,Contrato,"31800,00","11695,94","580,00"
C005007,urbana_premium,0,33.44827586206897,Premium,"35070,00","22365,36","410,00"
C005008,suburbana,1,28.181818181818183,Premium,"40750,00","26792,75","510,00"
C005009,suburbana,0,33.541666666666664,Prepago,"29770,00","2275,21","410,00"
C005010,rural,0,32.58620689655172,Prepago,"23880,00","3054,54","210,00"
C005011,urbana_premium,0,31.333333333333332,Premium,"51720,00","19671,41","150,00"
C005012,suburbana,0,35,Contrato,"25020,00","8027,29","540,00"
C005013,rural,0,31.147540983606557,Prepago,"15490,00","2222,14",
C005014,rural,0,36.73076923076923,Prepago,"26010,00","3478,06","200,00"
C005015,rural,0,33.92857142857143,Premium,"40030,00","23732,19","370,00"
C005016,urbana_premium,1,36.666666666666664,Premium,"17270,00","34676,75","210,00"
C005017,urbana_premium,0,35.833333333333336,Premium,"49480,00","22214,22","220,00"
C005018,urbana_premium,0,34.583333333333336,Contrato,"38750,00","16813,28","140,00"
C005019,urbana_premium,0,33,Contrato,"31750,00","8314,61","420,00"
C005020,suburbana,0,37.74193548387097,Premium,"23770,00","14747,08","160,00"
C005021,urbana_premium,0,35,Premium,"52500,00","31670,09","140,00"
C005022,suburbana,0,33.333333333333336,Prepago,"37820,00","3051,28","230,00"
C005023,urbana_premium,0,32.63157894736842,Prepago,"26620,00","7297,77","370,00"
C005024,suburbana,0,31.785714285714285,Premium,"33160,00","6023,78","410,00"
C005025,suburbana,0,32.8125,Prepago,"48190,00","5918,06","50,00"
C005026,rural,0,30.714285714285715,Prepago,"29630,00","4084,89","460,00"
C005027,suburbana,0,32.391304347826086,Prepago,"16630,00","2555,81","90,00"
C005028,suburbana,1,33.84615384615385,Premium,"37370,00","16024,93","220,00"
C005029,urbana_premium,0,35.21739130434783,Premium,"24740,00","12872,64","390,00"
C005030,suburbana,0,33.5,Premium,"32170,00","21737,94","200,00"
C005031,rural,0,33.4,Prepago,"17870,00","3367,00","890,00"
C005032,suburbana,0,36.1764705882353,Contrato,"34320,00","8099,50","140,00"
C005033,suburbana,1,30.666666666666668,Prepago,"23580,00","4376,40","210,00"
C005034,suburbana,0,33.1578947368421,Contrato,"20670,00","4487,33","560,00"
C005035,rural,0,32.93103448275862,Prepago,"25920,00","2595,78","240,00"
C005036,rural,0,32.97872340425532,Contrato,"24170,00","3412,69","760,00"
C005037,urbana_premium,0,36.92307692307692,Premium,"51030,00","33701,64","330,00"
C005038,rural,0,33.44827586206897,Premium,"19280,00","12064,41","250,00"
C005039,urbana_premium,0,33.333333333333336,Prepago,"22530,00","6263,97","770,00"
C005040,urbana_premium,0,35.833333333333336,Premium,"48490,00","10739,55","360,00"
C005041,urbana_premium,1,34.166666666666664,Premium,"63510,00","14557,48","440,00"
C005042,urbana_premium,0,36.55172413793103,Premium,"31270,00","25891,00","510,00"
C005043,suburbana,0,33.39622641509434,Premium,"35340,00","7715,89","1200,00"
C005044,suburbana,0,37.083333333333336,Contrato,"26730,00","6613,32","180,00"
C005045,urbana_premium,0,33.2,Premium,"75280,00","13288,03","430,00"
C005046,suburbana,0,36.5,Prepago,"24800,00","2255,06","160,00"
C005047,urbana_premium,0,36.36363636363637,Premium,"37660,00","10924,69","380,00"
C005048,urbana_premium,0,35.3125,Contrato,"18860,00","9198,28","250,00"
C005049,urbana_premium,0,36.21621621621622,Premium,"66380,00","20673,00","450,00"
C005050,suburbana,0,36.25,Contrato,,"13972,09","120,00"
C005051,urbana_premium,0,35.78947368421053,Premium,"60300,00","14631,77","530,00"
C005052,suburbana,0,35.5,Prepago,"23580,00","4951,67","60,00"
C005053,suburbana,0,33.958333333333336,Prepago,"29000,00","7051,21","480,00"
C005054,urbana_premium,0,37.5,Premium,"29120,00","21151,92","160,00"
C005055,urbana_premium,1,36.666666666666664,Premium,"27600,00","30020,60",
C005056,urbana_premium,0,36,Premium,"34540,00","18313,97","430,00"
C005057,suburbana,1,35.38461538461539,Prepago,"28400,00","2491,43","400,00"
C005058,suburbana,0,34.25,Contrato,"26240,00","3228,47","330,00"
C005059,urbana_premium,0,35,Premium,"22470,00","13831,00","520,00"
C005060,rural,1,35,Contrato,"25640,00","13011,20","260,00"
C005061,urbana_premium,1,35.714285714285715,Premium,"19300,00","18490,43","280,00"
C005062,urbana_premium,1,37.142857142857146,Contrato,"34010,00","6998,75","280,00"
C005063,urbana_premium,0,37.04545454545455,Prepago,"22010,00","5932,38","140,00"
C005064,urbana_premium,0,33.47826086956522,Premium,"52450,00","20270,43","450,00"
C005065,urbana_premium,0,34.44444444444444,Contrato,"58910,00","14577,74","320,00"
C005066,urbana_premium,0,35.38461538461539,Premium,"47090,00","21453,80","520,00"
C005067,suburbana,1,31,Premium,,"10314,86","240,00"
C005068,suburbana,0,34.61538461538461,Prepago,"23000,00","4018,89","270,00"
C005069,urbana_premium,0,33.170731707317074,Premium,"35020,00","14250,81","300,00"
C005070,urbana_premium,0,33.42857142857143,Prepago,"37550,00","7417,46","70,00"
C005071,urbana_premium,0,35.416666666666664,Prepago,"45320,00","3712,19","150,00"
C005072,suburbana,0,33.225806451612904,Contrato,"34260,00","10166,33","270,00"
C005073,suburbana,0,33.673469387755105,Prepago,,"3412,76","130,00"
C005074,urbana_premium,1,33.63636363636363,Contrato,,"9062,78","10,00"
C005075,suburbana,0,35,Premium,"34120,00","17442,81","160,00"
C005076,rural,0,34.285714285714285,Prepago,"17660,00","5987,28","320,00"
C005077,urbana_premium,1,34.705882352941174,Premium,"27280,00","37286,12","340,00"
C005078,urbana_premium,0,36.1764705882353,Premium,"39110,00","19814,19","1200,00"
C005079,suburbana,0,33.65853658536585,Contrato,"31750,00","11073,34","300,00"
C005080,rural,0,33.541666666666664,Prepago,"15790,00","3881,36","140,00"
C005081,urbana_premium,0,39.130434782608695,Premium,"39060,00","26830,81","450,00"
C005082,urbana_premium,0,38.23529411764706,Prepago,"40830,00","4888,43","410,00"
C005083,suburbana,0,32.30769230769231,Premium,"40250,00","15139,62","380,00"
C005084,rural,1,38.4,Prepago,"22330,00","2098,13","50,00"
C005085,urbana_premium,0,34.285714285714285,Premium,"18820,00","17318,83","330,00"
C005086,suburbana,0,33.25581395348837,Premium,"32560,00","6006,68","450,00"
C005087,urbana_premium,0,37.64705882352941,Prepago,"21180,00","5184,55","480,00"
C005088,suburbana,0,31.59090909090909,Prepago,"22140,00","2469,32","230,00"
C005089,urbana_premium,1,32.17391304347826,Premium,"23860,00","15417,50","340,00"
C005090,urbana_premium,1,32.22222222222222,Prepago,"45500,00","9370,52","70,00"
C005091,suburbana,1,32.41379310344828,Contrato,"20380,00","7125,22","530,00"
C005092,urbana_premium,0,36.07142857142857,Prepago,"54300,00","4685,17","230,00"
C005093,suburbana,0,33.57142857142857,Contrato,"19880,00","13278,94","260,00"
C005094,rural,1,32.18181818181818,Prepago,"11470,00","2416,85","590,00"
C005095,suburbana,1,37.096774193548384,Premium,"26390,00","14523,85","230,00"
C005096,suburbana,0,38.292682926829265,Prepago,"18730,00","2590,67","300,00"
C005097,suburbana,0,36.388888888888886,Premium,"47260,00","30678,00","200,00"
C005098,suburbana,0,33.86363636363637,Contrato,"23500,00","6755,05","500,00"
C005099,urbana_premium,0,33.5,Premium,"57330,00","12833,94",
C005100,suburbana,0,35.714285714285715,Premium,"26780,00","7221,00","70,00"
C005101,urbana_premium,0,35.833333333333336,Premium,"43360,00","13439,72","430,00"
C005102,urbana_premium,0,35,Premium,"31800,00","14850,18","210,00"
C005103,suburbana,1,35.333333333333336,Contrato,"68500,00","16240,20","540,00"
C005104,rural,1,34.44444444444444,Prepago,"15530,00","4163,00","300,00"
C005105,urbana_premium,0,34.54545454545455,Premium,"13150,00","25148,03","320,00"
C005106,suburbana,0,34,Prepago,"32650,00","2768,71","510,00"
C005107,urbana_premium,1,32.30769230769231,Prepago,"26740,00","6770,86","120,00"
C005108,urbana_premium,0,34,Contrato,"41110,00","6871,06","250,00"
C005109,urbana_premium,1,37.27272727272727,Premium,"37360,00","15451,23","40,00"
C005110,suburbana,0,33.54838709677419,Prepago,"24770,00","5286,83","460,00"
C005111,urbana_premium,0,32.89473684210526,Prepago,"33190,00","4664,43","90,00"
C005112,rural,0,32.80701754385965,Prepago,"26790,00","2810,81","210,00"
C005113,urbana_premium,0,35.45454545454545,Contrato,"33730,00","7819,21",
C005114,urbana_premium,0,34.074074074074076,Premium,"36280,00","15114,44","690,00"
C005115,urbana_premium,0,35,Premium,"32160,00","19514,76","740,00"
C005116,urbana_premium,0,34.76190476190476,Premium,"67680,00","9058,29","400,00"
C005117,urbana_premium,0,36.07142857142857,Premium,"60530,00","20160,25","420,00"
C005118,urbana_premium,0,38.4,Premium,"22860,00","23336,56","160,00"
C005119,rural,0,33.75,Prepago,"23240,00","7993,65","230,00"
C005120,urbana_premium,0,31.333333333333332,Premium,"28780,00","13258,03","520,00"
C005121,suburbana,0,33.05555555555556,Premium,"19280,00","11247,69","360,00"
C005122,suburbana,0,30.64516129032258,Prepago,,"2828,85","330,00"
C005123,suburbana,0,33.4375,Premium,"26600,00","13766,22","70,00"
C005124,suburbana,0,32.22222222222222,Contrato,"27320,00","4379,72","130,00"
C005125,suburbana,0,32.22222222222222,Premium,,"6783,71","430,00"
C005126,suburbana,0,33,Prepago,,"3677,17","80,00"
C005127,suburbana,0,34.11764705882353,Contrato,"35410,00","3765,06","140,00"
C005128,rural,1,30,Contrato,"30060,00","8214,75","40,00"
C005129,urbana_premium,0,33.84615384615385,Premium,"51570,00","12368,53","340,00"
C005130,suburbana,0,34.642857142857146,Premium,"35360,00","15474,60","200,00"
C005131,urbana_premium,0,35.78947368421053,Premium,"62150,00","18553,23","730,00"
C005132,urbana_premium,0,34.8,Premium,"24540,00","11600,27","380,00"
C005133,rural,0,34.473684210526315,Premium,"19570,00","11595,29","400,00"
C005134,urbana_premium,0,38.23529411764706,Prepago,"30720,00","9968,44","110,00"
C005135,urbana_premium,0,36.36363636363637,Premium,"31560,00","12468,22","360,00"
C005136,urbana_premium,0,36.76470588235294,Premium,"36300,00","21072,14","140,00"
C005137,rural,1,32.142857142857146,Premium,"41110,00","11199,50","130,00"
C005138,suburbana,0,33.44827586206897,Premium,"40780,00","8753,71","790,00"
C005139,urbana_premium,0,36,Premium,"58730,00","11985,82","150,00"
C005140,suburbana,0,35.30612244897959,Prepago,"29010,00","9288,92","220,00"
C005141,suburbana,0,34.21052631578947,Prepago,"28550,00","4663,22","180,00"
C005142,suburbana,0,34.56521739130435,Premium,"36500,00","6683,03","610,00"
C005143,suburbana,0,33.77358490566038,Prepago,"34680,00","2158,71","90,00"
C005144,urbana_premium,0,33.93939393939394,Prepago,"44520,00","7393,64","300,00"
C005145,suburbana,0,33.333333333333336,Premium,"67110,00","6015,19","70,00"
C005146,suburbana,1,34.25,Contrato,"36590,00","5192,82","330,00"
C005147,urbana_premium,0,38.421052631578945,Premium,"29060,00","23185,58","610,00"
C005148,urbana_premium,0,36.666666666666664,Premium,"29920,00","14211,19","230,00"
C005149,urbana_premium,0,35.51724137931034,Premium,"51390,00","9635,34","320,00"
C005150,urbana_premium,0,36.25,Premium,"50010,00","17355,95","400,00"
C005151,rural,0,36.21621621621622,Contrato,"32700,00","6301,43","120,00"
C005152,suburbana,0,34.166666666666664,Premium,"35770,00","24130,25",
C005153,urbana_premium,1,35.15151515151515,Prepago,"26600,00","3575,39","110,00"
C005154,rural,1,32.38095238095238,Prepago,,"2540,85","320,00"
C005155,rural,0,32.36842105263158,Premium,"37150,00","13100,59","210,00"
C005156,rural,0,34.75,Premium,"20280,00","6009,19","250,00"
C005157,suburbana,0,32.10526315789474,Prepago,,"5247,56","100,00"
C005158,urbana_premium,0,35.90909090909091,Premium,"40850,00","11411,36","190,00"
C005159,suburbana,0,34.89795918367347,Prepago,"26170,00","5114,80","110,00"
C005160,urbana_premium,1,40,Premium,"25510,00","31718,17","160,00"
C005161,suburbana,0,34.375,Premium,"36450,00","9594,63","360,00"
C005162,urbana_premium,0,32.10526315789474,Contrato,"22710,00","13745,46","400,00"
C005163,urbana_premium,0,35.18518518518518,Premium,"31080,00","11630,58","630,00"
C005164,suburbana,0,37.2972972972973,Contrato,"54270,00","4099,36","120,00"
C005165,suburbana,0,36.666666666666664,Contrato,"34490,00","6936,12","180,00"
C005166,rural,1,33.68421052631579,Premium,"26550,00","6843,89","470,00"
C005167,rural,0,32.15686274509804,Prepago,"20940,00","3457,86","230,00"
C005168,rural,0,32.63157894736842,Prepago,"13440,00","2984,53","440,00"
C005169,urbana_premium,0,35,Premium,"44250,00","25964,97","350,00"
C005170,suburbana,0,31.785714285714285,Premium,"35500,00","8821,59","130,00"
C005171,rural,1,31.846153846153847,Premium,"30650,00","7911,81","230,00"
C005172,suburbana,1,32.8,Prepago,"25980,00","6944,52","240,00"
C005173,suburbana,0,32.8125,Contrato,"25840,00","9774,57","150,00"
C005174,suburbana,1,30.833333333333332,Contrato,"36370,00","7175,86","130,00"
C005175,urbana_premium,0,35.416666666666664,Premium,"24650,00","22238,64","450,00"
C005176,suburbana,0,35.526315789473685,Premium,"39620,00","11560,36","420,00"
C005177,rural,0,36.578947368421055,Contrato,"21950,00","7724,43","20,00"
C005178,rural,0,34.651162790697676,Prepago,"25720,00","3605,67","620,00"
C005179,urbana_premium,0,36.25,Premium,"85840,00","9485,76","240,00"
C005180,suburbana,0,32.25806451612903,Prepago,"27100,00","4561,06","400,00"
C005181,rural,0,33.8,Premium,"24380,00","6610,33","260,00"
C005182,suburbana,1,34.34782608695652,Contrato,"30120,00","3814,86","350,00"
C005183,rural,0,30.597014925373134,Prepago,"11610,00","2633,26","300,00"
C005184,suburbana,1,35.38461538461539,Contrato,"36920,00","9588,41","150,00"
C005185,rural,0,33.06122448979592,Contrato,"10240,00","4206,39","130,00"
C005186,suburbana,0,32.63157894736842,Prepago,"38860,00","2473,11","90,00"
C005187,suburbana,0,35,Premium,"23400,00","15339,32","320,00"
C005188,suburbana,0,37.5,Contrato,"23020,00","7328,76","430,00"
C005189,urbana_premium,1,35.78947368421053,Prepago,"37760,00","4266,26","150,00"
C005190,urbana_premium,0,36.666666666666664,Premium,"24070,00","24595,64",
C005191,rural,0,32.93103448275862,Prepago,"22320,00","3450,53","80,00"
C005192,suburbana,0,34.509803921568626,Prepago,"20310,00","4202,59","330,00"
C005193,urbana_premium,1,42,Premium,"24380,00","20710,10","130,00"
C005194,suburbana,0,34.285714285714285,Prepago,"27620,00","5337,06","530,00"
C005195,urbana_premium,0,38.125,Prepago,"58740,00","3385,97","330,00"
C005196,suburbana,0,34.44444444444444,Premium,"38380,00","6907,11","320,00"
C005197,suburbana,1,36.25,Prepago,"24640,00","2087,50","270,00"
C005198,suburbana,0,31.48148148148148,Premium,"28150,00","7757,31","360,00"
C005199,urbana_premium,0,35,Premium,"31650,00","8913,03","60,00"
C005200,suburbana,0,35.833333333333336,Premium,"19630,00","17071,80","360,00"
C005201,urbana_premium,0,38.529411764705884,Premium,"26530,00","22811,77","150,00"
C005202,urbana_premium,0,34.72222222222222,Premium,"41990,00","17006,97","370,00"
C005203,urbana_premium,1,39,Premium,"29640,00","16438,68","550,00"
C005204,suburbana,0,33.75,Contrato,"29180,00","10037,78","190,00"
C005205,urbana_premium,0,33.333333333333336,Premium,"26780,00","35674,35","460,00"
C005206,suburbana,0,34.56140350877193,Prepago,"39330,00","1538,97",
C005207,rural,0,32.3728813559322,Prepago,"29030,00","2112,64","300,00"
C005208,urbana_premium,1,45,Premium,"66000,00","16672,83","370,00"
C005209,suburbana,0,34,Contrato,"48010,00","8070,49","260,00"
C005210,suburbana,0,37.407407407407405,Premium,"21590,00","7776,44","150,00"
C005211,suburbana,0,37.6,Prepago,"22060,00","3977,65","580,00"
C005212,urbana_premium,0,35.416666666666664,Premium,"43290,00","24583,56","330,00"
C005213,urbana_premium,0,32.8125,Premium,"28070,00","38267,03","460,00"
C005214,urbana_premium,1,35,Premium,"41560,00","16015,71","630,00"
C005215,rural,0,33.4,Contrato,"20570,00","8334,36","180,00"
C005216,suburbana,0,32.7027027027027,Premium,"41090,00","12565,42","120,00"
C005217,suburbana,0,33.92857142857143,Premium,"41500,00","27533,66","310,00"
C005218,suburbana,1,36.25,Prepago,"26780,00","9100,57","710,00"
C005219,urbana_premium,1,32.38095238095238,Prepago,"20180,00","8270,63","570,00"
C005220,urbana_premium,0,35.925925925925924,Contrato,"54510,00","6820,34","80,00"
C005221,suburbana,0,33.84615384615385,Prepago,"24070,00","8957,64","150,00"
C005222,suburbana,0,34.680851063829785,Prepago,"29570,00","2325,83","480,00"
C005223,suburbana,1,36.42857142857143,Contrato,"28420,00","8811,77","310,00"
C005224,suburbana,0,34.35897435897436,Prepago,"34100,00","5376,97","280,00"
C005225,urbana_premium,0,37.567567567567565,Prepago,,"5073,57","210,00"
C005226,suburbana,0,32.22222222222222,Premium,"20150,00","13275,97",
C005227,urbana_premium,0,36.666666666666664,Premium,"40360,00","14376,39","260,00"
C005228,rural,1,31.11111111111111,Contrato,"31000,00","4212,21","70,00"
C005229,rural,0,36.734693877551024,Prepago,"22240,00","1829,56","360,00"
C005230,urbana_premium,0,33.6,Premium,"36620,00","16489,76","200,00"
C005231,urbana_premium,0,33.75,Premium,"25270,00","13797,79","440,00"
C005232,urbana_premium,0,36.75675675675676,Contrato,"45820,00","8817,19","70,00"
C005233,rural,0,31.666666666666668,Contrato,"28500,00","6511,94","250,00"
C005234,rural,1,31.53846153846154,Contrato,"22360,00","14023,96","450,00"
C005235,suburbana,0,33.333333333333336,Contrato,"21200,00","18150,24","320,00"
C005236,suburbana,1,33,Contrato,"30680,00","6684,33","190,00"
C005237,rural,1,31.08108108108108,Contrato,"24600,00","4319,75","100,00"
C005238,urbana_premium,0,35.18518518518518,Contrato,"37730,00","9874,92","290,00"
C005239,suburbana,1,32.608695652173914,Prepago,"20400,00","8267,00","490,00"
C005240,urbana_premium,0,40,Premium,"41830,00","17389,47","700,00"
C005241,urbana_premium,0,34.09090909090909,Premium,"40520,00","14399,97","420,00"
C005242,urbana_premium,1,28.75,Premium,"44320,00","15525,20","200,00"
C005243,suburbana,1,32.35294117647059,Prepago,"28420,00","8500,17",
C005244,urbana_premium,0,34.516129032258064,Premium,"59980,00","27160,00","320,00"
C005245,urbana_premium,0,37.75,Premium,"38250,00","13556,81","350,00"
C005246,suburbana,0,36.470588235294116,Prepago,"48570,00","1622,00","60,00"
C005247,urbana_premium,0,38.888888888888886,Prepago,"41380,00","4135,17","720,00"
C005248,rural,0,32.94117647058823,Prepago,"15480,00","3127,52","240,00"
C005249,suburbana,0,33.58974358974359,Premium,"39940,00","14163,84","360,00"
C005250,urbana_premium,0,34.8,Premium,"33700,00","10680,20","200,00"
C005251,urbana_premium,0,35.333333333333336,Contrato,"32770,00","8635,35","190,00"
C005252,rural,0,37.567567567567565,Premium,"33390,00","5989,49","500,00"
C005253,urbana_premium,0,34.23076923076923,Prepago,"24720,00","4654,70","440,00"
C005254,urbana_premium,0,35.38461538461539,Premium,,"14763,09","440,00"
C005255,urbana_premium,0,35.6,Contrato,"35450,00","10521,64","120,00"
C005256,urbana_premium,1,31.818181818181817,Premium,"42540,00","10628,80","560,00"
C005257,urbana_premium,0,35.45454545454545,Contrato,"51860,00","12378,81","140,00"
C005258,suburbana,0,34.8,Contrato,"31360,00","4204,45","130,00"
C005259,suburbana,1,34.72222222222222,Prepago,"13560,00","4232,96","170,00"
C005260,rural,0,34.21052631578947,Prepago,"16530,00","3091,11","530,00"
C005261,suburbana,1,34.21052631578947,Prepago,"19180,00","4758,69","180,00"
C005262,urbana_premium,1,32,Premium,"19790,00","22614,27","390,00"
C005263,urbana_premium,0,33.93939393939394,Premium,"36060,00","16835,03","260,00"
C005264,urbana_premium,0,32.1875,Premium,,"20826,94","630,00"
C005265,rural,0,31.136363636363637,Premium,"32610,00","33348,03","380,00"
C005266,suburbana,0,33.54838709677419,Prepago,"35470,00","2618,78","170,00"
C005267,suburbana,0,35.333333333333336,Premium,"24520,00","8495,09","90,00"
C005268,urbana_premium,0,34.6875,Contrato,"55910,00","8629,71","340,00"
C005269,urbana_premium,0,32.666666666666664,Premium,"35560,00","26615,73",
C005270,urbana_premium,0,38.75,Premium,"39090,00","24385,81","300,00"
C005271,urbana_premium,0,32.4,Premium,"30360,00","11483,17","90,00"
C005272,urbana_premium,1,34.23076923076923,Premium,"35130,00","26492,84","670,00"
C005273,urbana_premium,0,33.04347826086956,Contrato,"33030,00","9030,49","380,00"
C005274,suburbana,0,34.56521739130435,Prepago,"18380,00","2119,80","470,00"
C005275,suburbana,0,32,Premium,"37260,00","12116,81","290,00"
C005276,urbana_premium,0,40,Premium,"40590,00","22849,89","290,00"
C005277,urbana_premium,0,36.92307692307692,Premium,"50550,00","11808,36","850,00"
C005278,rural,0,34.23076923076923,Contrato,"18150,00","7060,08","110,00"
C005279,urbana_premium,0,36.53846153846154,Premium,"49000,00","16664,37","680,00"
C005280,rural,0,32.11538461538461,Prepago,"13410,00","5692,16","590,00"
C005281,urbana_premium,0,36.8,Premium,"46260,00","17448,22","150,00"
C005282,urbana_premium,0,34.81481481481482,Premium,"48490,00","14449,97","140,00"
C005283,suburbana,0,35.55555555555556,Premium,"20730,00","12870,46","880,00"
C005284,suburbana,0,36.45161290322581,Contrato,"44070,00","13189,76","240,00"
C005285,rural,0,35.09090909090909,Premium,"40060,00","10605,83","360,00"
C005286,urbana_premium,0,34.44444444444444,Premium,"31300,00","14313,56","320,00"
C005287,urbana_premium,0,39.130434782608695,Premium,"63570,00","8752,08","240,00"
C005288,suburbana,0,35.714285714285715,Premium,"16430,00","4726,77","560,00"
C005289,suburbana,0,33.07692307692308,Premium,"28420,00","7343,61","70,00"
C005290,rural,0,32.18181818181818,Prepago,"9300,00","4514,37","470,00"
C005291,suburbana,1,33.214285714285715,Premium,"41270,00","14044,95","230,00"
C005292,suburbana,1,33.07692307692308,Prepago,"17450,00","4944,50","140,00"
C005293,suburbana,0,35.26315789473684,Prepago,"15060,00","1919,73","180,00"
C005294,rural,1,32.5,Prepago,"25450,00","4343,75","420,00"
C005295,urbana_premium,0,35.833333333333336,Contrato,"55010,00","11848,47","190,00"
C005296,urbana_premium,0,33.75,Prepago,"33220,00","3829,76","40,00"
C005297,suburbana,0,32.25806451612903,Premium,"31270,00","7916,69","110,00"
C005298,urbana_premium,0,35.65217391304348,Premium,"70920,00","20452,17","400,00"
C005299,urbana_premium,1,34.285714285714285,Premium,"27440,00","10580,23","150,00"
C005300,suburbana,0,35.16129032258065,Contrato,"21140,00","9060,81","130,00"
C005301,suburbana,0,32.916666666666664,Premium,"43590,00","6226,34","140,00"
C005302,rural,1,34.35897435897436,Contrato,"25110,00","5125,13","440,00"
C005303,rural,0,34.67741935483871,Premium,"38230,00","6096,86","330,00"
C005304,suburbana,0,36.25,Prepago,"18940,00","3376,67","530,00"
C005305,rural,0,33.77777777777778,Prepago,"12410,00","3042,26","200,00"
C005306,suburbana,0,33.75,Contrato,"18050,00","6160,47","560,00"
C005307,suburbana,1,36.666666666666664,Premium,"38170,00","4686,25","170,00"
C005308,urbana_premium,0,35.90909090909091,Premium,"58270,00","20512,46","350,00"
C005309,rural,0,33.38461538461539,Prepago,"33770,00","5177,74","210,00"
C005310,urbana_premium,0,35.5,Contrato,"46490,00","10715,23","190,00"
C005311,suburbana,1,38,Premium,"46220,00","8108,56","630,00"
C005312,urbana_premium,0,35.9375,Premium,"30950,00","10901,38","210,00"
C005313,suburbana,1,35.21739130434783,Prepago,"14880,00","5007,56","380,00"
C005314,suburbana,0,34.61538461538461,Premium,"16930,00","22806,86","550,00"
C005315,suburbana,0,34,Contrato,"17930,00","4515,64","290,00"
C005316,suburbana,0,35.13513513513514,Prepago,"15140,00","4390,26","160,00"
C005317,suburbana,0,35,Prepago,"18520,00","2839,50","60,00"
C005318,urbana_premium,0,33.57142857142857,Premium,"27690,00","21789,54","220,00"
C005319,rural,0,33.87755102040816,Premium,"28710,00","7624,06","440,00"
C005320,suburbana,0,34.44444444444444,Premium,,"8436,71","510,00"
C005321,suburbana,0,32.758620689655174,Contrato,"50540,00","6356,19","380,00"
C005322,suburbana,1,33.75,Premium,"19320,00","24189,18","240,00"
C005323,suburbana,1,33.84615384615385,Contrato,"33970,00","7766,63","300,00"
C005324,suburbana,1,33.42857142857143,Prepago,"47250,00","8052,74","180,00"
C005325,urbana_premium,1,35.88235294117647,Premium,"32010,00","14034,21","130,00"
C005326,urbana_premium,1,32.666666666666664,Premium,"32750,00","21156,33","480,00"
C005327,urbana_premium,0,32.82051282051282,Prepago,"62080,00","3407,74","90,00"
C005328,urbana_premium,0,35.625,Premium,"33790,00","19489,36",
C005329,suburbana,0,35.714285714285715,Premium,"49230,00","14227,52","170,00"
C005330,suburbana,0,36.470588235294116,Prepago,"17750,00","2588,76","320,00"
C005331,urbana_premium,0,36.857142857142854,Prepago,"67460,00","3752,86","270,00"
C005332,rural,0,32.5,Premium,,"26874,19","190,00"
C005333,urbana_premium,0,33.84615384615385,Premium,"27390,00","18002,76","350,00"
C005334,urbana_premium,0,37.27272727272727,Premium,"34360,00","19265,97","150,00"
C005335,suburbana,0,34.54545454545455,Contrato,"19310,00","8477,97","830,00"
C005336,urbana_premium,0,33.03030303030303,Prepago,"32200,00","4673,83","120,00"
C005337,suburbana,0,31.666666666666668,Contrato,"17240,00","8751,82","400,00"
C005338,rural,0,32.241379310344826,Contrato,"12450,00","7892,17","730,00"
C005339,urbana_premium,0,36.5,Premium,"24680,00","19329,95","320,00"
C005340,urbana_premium,0,31.73913043478261,Premium,"55020,00","33611,11","500,00"
C005341,suburbana,1,36.25,Prepago,"15550,00","10416,33","690,00"
C005342,suburbana,0,34.87179487179487,Contrato,"48200,00","3951,58","330,00"
C005343,urbana_premium,0,35.90909090909091,Premium,"52720,00","12981,83","-250,00"
C005344,urbana_premium,0,34.8,Premium,"60700,00","34795,83","550,00"
C005345,urbana_premium,0,35.76923076923077,Premium,,"26781,36","390,00"
C005346,suburbana,0,35.45454545454545,Contrato,"53090,00","3416,62","40,00"
C005347,rural,1,37.25,Prepago,"14050,00","4802,10","130,00"
C005348,rural,0,34.89795918367347,Premium,"37480,00","6443,11","240,00"
C005349,rural,0,35.26315789473684,Premium,"67310,00","5483,54","590,00"
C005350,rural,0,32.35294117647059,Prepago,"21170,00","2101,20","320,00"
C005351,urbana_premium,0,34.074074074074076,Contrato,"37540,00","7864,97","170,00"
C005352,urbana_premium,0,34.09090909090909,Prepago,"27730,00","7787,14","330,00"
C005353,rural,1,35.714285714285715,Prepago,"23760,00","996,50","30,00"
C005354,suburbana,0,30.54054054054054,Prepago,"31820,00","4347,49","90,00"
C005355,urbana_premium,1,36.12903225806452,Premium,"16740,00","33254,14","760,00"
C005356,urbana_premium,0,31.25,Premium,"47420,00","18184,66","120,00"
C005357,urbana_premium,0,35.714285714285715,Premium,"56440,00","23754,60","780,00"
C005358,suburbana,0,35,Contrato,"21900,00","4009,64","860,00"
C005359,rural,0,32.7906976744186,Premium,"20010,00","23402,61","380,00"
C005360,urbana_premium,0,36.08695652173913,Premium,"51510,00","16543,64","480,00"
C005361,suburbana,0,35.666666666666664,Prepago,"21530,00","2222,20","130,00"
C005362,suburbana,1,36.42857142857143,Premium,"38670,00","14138,04","260,00"
C005363,urbana_premium,0,34.11764705882353,Premium,"42310,00","22846,36","840,00"
C005364,urbana_premium,0,36,Premium,"86660,00","14087,37","770,00"
C005365,urbana_premium,0,33.75,Prepago,"36600,00","5176,44","580,00"
C005366,urbana_premium,0,36.89655172413793,Prepago,"31750,00","5648,00","450,00"
C005367,suburbana,0,32.68292682926829,Prepago,"32500,00","2377,38","70,00"
C005368,urbana_premium,0,33.04347826086956,Prepago,"39860,00","4251,60","180,00"
C005369,urbana_premium,0,35.90909090909091,Premium,"67760,00","11900,23","220,00"
C005370,suburbana,0,31.666666666666668,Contrato,"51810,00","5941,09","550,00"
C005371,urbana_premium,0,32,Premium,"29650,00","13439,89","260,00"
C005372,suburbana,0,34.166666666666664,Contrato,"27870,00","5052,83","420,00"
C005373,suburbana,0,34.13793103448276,Prepago,"23380,00","6492,57","120,00"
C005374,urbana_premium,0,37.2,Contrato,"28210,00","15030,37","100,00"
C005375,suburbana,1,38.333333333333336,Contrato,"9520,00","4788,50","250,00"
C005376,suburbana,0,34.054054054054056,Premium,"53830,00","24032,14","290,00"
C005377,urbana_premium,0,35,Contrato,"30270,00","8193,17","420,00"
C005378,rural,0,34.44444444444444,Prepago,"19860,00","4689,89","450,00"
C005379,rural,0,31.333333333333332,Premium,"61210,00","17084,72","190,00"
C005380,urbana_premium,0,34.642857142857146,Premium,"30590,00","11517,89","240,00"
C005381,rural,0,34.339622641509436,Contrato,"21770,00","9517,39","250,00"
C005382,suburbana,1,34.44444444444444,Contrato,"32730,00","7837,75","640,00"
C005383,urbana_premium,0,34.5,Premium,"43080,00","18752,78","480,00"
C005384,rural,0,31.829268292682926,Premium,"18700,00","25791,56","330,00"
C005385,urbana_premium,0,33.793103448275865,Premium,"56710,00","26660,56","300,00"
C005386,urbana_premium,1,40,Prepago,"40490,00","6091,00","230,00"
C005387,suburbana,1,31.666666666666668,Premium,"31000,00","7800,00","460,00"
C005388,rural,0,32.264150943396224,Prepago,"18340,00","4851,61","460,00"
C005389,suburbana,1,36.27906976744186,Prepago,"28480,00","3123,48","70,00"
C005390,urbana_premium,0,38.214285714285715,Premium,"53840,00","20369,39","80,00"
C005391,suburbana,0,33.03030303030303,Premium,"41980,00","6207,97","410,00"
C005392,suburbana,0,35,Premium,"25650,00","29021,03","730,00"
C005393,suburbana,0,34,Contrato,"22740,00","6920,80","220,00"
C005394,urbana_premium,0,35.65217391304348,Premium,"52060,00","13876,94","380,00"
C005395,suburbana,0,33.46938775510204,Prepago,"33130,00","3776,44","30,00"
C005396,suburbana,0,34,Contrato,"40520,00","4155,11","530,00"
C005397,suburbana,0,36.92307692307692,Premium,"21240,00","6999,50","360,00"
C005398,suburbana,0,37.5,Prepago,"29590,00","5143,11","480,00"
C005399,suburbana,0,32.857142857142854,Premium,"40550,00","13353,35","300,00"
C005400,suburbana,0,35,Premium,"23230,00","14034,14","620,00"
C005401,suburbana,0,31.794871794871796,Contrato,"57710,00","5267,03","690,00"
C005402,rural,0,32.12765957446808,Premium,"41080,00","9602,56","230,00"
C005403,suburbana,0,35,Contrato,"27760,00","4419,64","500,00"
C005404,urbana_premium,0,33.68421052631579,Premium,"35730,00","23480,83","640,00"
C005405,suburbana,0,38.47826086956522,Prepago,,"5702,80",
C005406,rural,0,31.08695652173913,Premium,"24640,00","11987,19","330,00"
C005407,suburbana,0,36.36363636363637,Premium,"45600,00","12215,14",
C005408,urbana_premium,0,34.5,Premium,"28120,00","16221,70","450,00"
C005409,urbana_premium,0,35.2,Premium,"28230,00","19684,16","410,00"
C005410,urbana_premium,0,31,Premium,"42080,00","16209,30","190,00"
C005411,urbana_premium,0,37.391304347826086,Premium,"45520,00","15588,31","360,00"
C005412,urbana_premium,0,35.2,Prepago,"37800,00","6150,25","380,00"
C005413,suburbana,0,32.8,Contrato,"40780,00","15820,00","410,00"
C005414,rural,1,30.833333333333332,Premium,"37460,00","33537,88","210,00"
C005415,rural,0,31.21212121212121,Prepago,"30150,00","5852,38","240,00"
C005416,urbana_premium,0,35.90909090909091,Contrato,"43590,00","12335,71","310,00"
C005417,suburbana,0,36.41025641025641,Prepago,"27630,00","5440,12","70,00"
C005418,urbana_premium,1,32.857142857142854,Contrato,"39290,00","7555,05","400,00"
C005419,urbana_premium,0,34.78260869565217,Premium,"23730,00","35092,92",
C005420,suburbana,0,36.666666666666664,Premium,"19660,00","12265,11","380,00"
C005421,suburbana,0,31.333333333333332,Premium,"46310,00","13299,68","360,00"
C005422,urbana_premium,0,35.357142857142854,Contrato,"70710,00","7389,89","150,00"
C005423,urbana_premium,0,37.083333333333336,Premium,"23730,00","18776,97","520,00"
C005424,rural,0,32.5531914893617,Premium,"28110,00","7477,11","280,00"
C005425,urbana_premium,0,34.44444444444444,Prepago,"22450,00","9323,40","190,00"
C005426,suburbana,0,35.483870967741936,Premium,"53070,00","13930,24","-190,00"
C005427,urbana_premium,0,35.333333333333336,Premium,"38050,00","17745,03","210,00"
C005428,urbana_premium,0,37.93103448275862,Premium,"92440,00","13038,66","540,00"
C005429,urbana_premium,1,35,Premium,"30630,00","12188,63",
C005430,urbana_premium,0,35.744680851063826,Prepago,"32020,00","6846,05","260,00"
C005431,suburbana,1,39.56521739130435,Prepago,"34280,00","4671,95","40,00"
C005432,suburbana,0,34.166666666666664,Premium,"40900,00","6772,46","160,00"
C005433,rural,1,32.903225806451616,Contrato,"30840,00","12154,04","70,00"
C005434,suburbana,1,37.142857142857146,Premium,"41920,00","7728,96","220,00"
C005435,rural,0,32.65625,Prepago,"21450,00","1792,71","300,00"
C005436,suburbana,0,37.89473684210526,Premium,"42090,00","8227,81","190,00"
C005437,urbana_premium,0,32.22222222222222,Premium,"83350,00","13810,57","380,00"
C005438,rural,1,36,Contrato,"30730,00","4493,62","320,00"
C005439,urbana_premium,1,34.48275862068966,Contrato,"28750,00","11960,00","250,00"
C005440,urbana_premium,0,34.44444444444444,Premium,"44450,00","10968,39","170,00"
C005441,urbana_premium,0,40,Premium,,"22842,41","540,00"
C005442,urbana_premium,1,30.714285714285715,Premium,"48940,00","16066,81","740,00"
C005443,urbana_premium,0,38.333333333333336,Contrato,"21350,00","7352,14","470,00"
C005444,rural,0,32.64150943396226,Premium,"29850,00","13158,47","100,00"
C005445,urbana_premium,0,35.42857142857143,Premium,"37740,00","28832,57","120,00"
C005446,urbana_premium,0,34.827586206896555,Premium,"54410,00","16335,69","760,00"
C005447,urbana_premium,0,36.4,Premium,"38930,00","19100,77","280,00"
C005448,suburbana,1,33.333333333333336,Contrato,"48890,00","8920,17","1090,00"
C005449,suburbana,0,30.27777777777778,Prepago,"36420,00","2269,46","120,00"
C005450,suburbana,0,33.4375,Premium,"43830,00","7159,23","280,00"
C005451,rural,0,31.914893617021278,Premium,"20300,00","16224,91","850,00"
C005452,urbana_premium,0,36.81818181818182,Prepago,"32850,00","8034,94","480,00"
C005453,rural,0,33.333333333333336,Contrato,"14250,00","4963,64","520,00"
C005454,urbana_premium,0,36.12903225806452,Premium,"25700,00","25265,11","170,00"
C005455,urbana_premium,0,37.22222222222222,Premium,"39600,00","15788,77","600,00"
C005456,suburbana,0,33.10344827586207,Premium,"30500,00","18686,22","660,00"
C005457,urbana_premium,0,36.89655172413793,Prepago,"44060,00","5547,09","90,00"
C005458,suburbana,0,34.11764705882353,Contrato,"23420,00","3468,71","80,00"
C005459,rural,0,29.818181818181817,Premium,"24640,00","11770,66","590,00"
C005460,suburbana,0,33,Premium,"47760,00","13960,09","340,00"
C005461,suburbana,0,33.611111111111114,Premium,"34700,00","8382,58","490,00"
C005462,urbana_premium,1,32.5,Premium,"38820,00","23220,00","370,00"
C005463,suburbana,1,32.22222222222222,Prepago,,"6613,60","60,00"
C005464,rural,0,33.18181818181818,Premium,"35880,00","14856,46","340,00"
C005465,rural,0,35.3125,Contrato,"24670,00","4019,24","140,00"
C005466,urbana_premium,1,34.34782608695652,Prepago,"31910,00","5471,10","70,00"
C005467,urbana_premium,0,35,Contrato,"32030,00","6661,19","120,00"
C005468,urbana_premium,0,34.61538461538461,Premium,"31640,00","18677,72","670,00"
C005469,suburbana,0,35,Premium,"24430,00","19985,18","150,00"
C005470,suburbana,0,31.875,Premium,"39300,00","6589,56","180,00"
C005471,suburbana,0,34.651162790697676,Prepago,"54060,00","10224,00","410,00"
C005472,rural,1,36.89655172413793,Premium,"20120,00","6939,07","370,00"
C005473,urbana_premium,0,35.714285714285715,Premium,"27910,00","33790,47","250,00"
C005474,rural,1,33.91304347826087,Prepago,"14880,00","5877,90","280,00"
C005475,suburbana,0,34.375,Premium,"54550,00","11430,09","100,00"
C005476,urbana_premium,0,32.30769230769231,Premium,"53680,00","17090,83","240,00"
C005477,rural,0,30.952380952380953,Premium,"18290,00","11700,75","470,00"
C005478,suburbana,0,35.64102564102564,Contrato,"31310,00","6316,34","180,00"
C005479,urbana_premium,0,34.857142857142854,Premium,"62540,00","11344,38","340,00"
C005480,suburbana,1,34.6875,Premium,"29150,00","8855,26","350,00"
C005481,suburbana,0,34.705882352941174,Premium,"40320,00","6028,74","570,00"
C005482,rural,0,33.57142857142857,Premium,"21980,00","25606,44","130,00"
C005483,suburbana,0,31.764705882352942,Contrato,"26880,00","3407,11","50,00"
C005484,rural,0,33.20754716981132,Prepago,"9190,00","3268,34","220,00"
C005485,urbana_premium,0,34.629629629629626,Prepago,"33220,00","10224,59","210,00"
C005486,urbana_premium,0,33.214285714285715,Premium,"31730,00","22371,39","310,00"
C005487,urbana_premium,0,37.5,Premium,"45920,00","18542,86","500,00"
C005488,urbana_premium,0,36.666666666666664,Prepago,"41770,00","6056,00","420,00"
C005489,suburbana,0,34.57142857142857,Premium,"31950,00","18371,94","650,00"
C005490,rural,0,34.8,Prepago,,"4513,51","-90,00"
C005491,suburbana,1,34.61538461538461,Contrato,"13150,00","9632,44","230,00"
C005492,rural,0,30.869565217391305,Premium,"22820,00","7576,51","390,00"
C005493,urbana_premium,0,33.142857142857146,Premium,"25420,00","22803,56","190,00"
C005494,suburbana,0,35.6,Premium,"19240,00","6369,00","130,00"
C005495,suburbana,1,37.5,Premium,"26930,00","11587,00","330,00"
C005496,urbana_premium,0,34.5,Premium,"38570,00","15559,44","430,00"
C005497,urbana_premium,0,36.45161290322581,Premium,"45630,00","12837,84","420,00"
C005498,suburbana,0,37.906976744186046,Contrato,"34720,00","3866,81","140,00"
C005499,suburbana,1,32.857142857142854,Premium,"22320,00","8167,40","190,00"
C005500,urbana_premium,1,36.52173913043478,Premium,,"17053,04","250,00"
C005501,urbana_premium,0,37.27272727272727,Contrato,"63290,00","14096,26","230,00"
C005502,urbana_premium,0,39.44444444444444,Premium,"67340,00","11497,86","440,00"
C005503,urbana_premium,0,35.5,Premium,"34380,00","15362,41","230,00"
C005504,suburbana,0,33.2,Contrato,"30790,00","3292,41","330,00"
C005505,urbana_premium,1,34.166666666666664,Premium,"27970,00","14555,39","270,00"
C005506,rural,1,30.689655172413794,Premium,"33260,00","33797,88","790,00"
C005507,urbana_premium,0,35.6,Premium,"86090,00","15208,42","130,00"
C005508,rural,1,30.88888888888889,Prepago,"19250,00","4462,76","10,00"
C005509,urbana_premium,0,34.34782608695652,Contrato,"57770,00","9380,51","50,00"
C005510,urbana_premium,0,32.8,Premium,"49530,00","12547,22","60,00"
C005511,suburbana,0,35.483870967741936,Premium,,"6645,31","350,00"
C005512,suburbana,0,32.916666666666664,Prepago,"23360,00","5118,94","200,00"
C005513,urbana_premium,0,34.34782608695652,Premium,"91130,00","19227,65","270,00"
C005514,suburbana,0,36.94444444444444,Prepago,"38980,00","2905,00","300,00"
C005515,urbana_premium,0,37.142857142857146,Premium,"53540,00","24536,06","220,00"
C005516,suburbana,0,35.925925925925924,Premium,"27680,00","25633,34","190,00"
C005517,urbana_premium,0,36.111111111111114,Premium,"39100,00","21302,60","410,00"
C005518,rural,1,31.85185185185185,Contrato,"15160,00","14380,70","360,00"
C005519,urbana_premium,0,35,Premium,"49960,00","19139,97","450,00"
C005520,urbana_premium,0,36,Premium,"33570,00","14946,58",
C005521,suburbana,0,33.68421052631579,Contrato,"20810,00","7428,74","80,00"
C005522,urbana_premium,0,38.372093023255815,Premium,"28380,00","14529,95","830,00"
C005523,suburbana,0,37.22222222222222,Prepago,,"3657,77","320,00"
C005524,suburbana,1,35.625,Contrato,"26860,00","8499,27","160,00"
C005525,urbana_premium,0,32.5,Premium,"43540,00","18035,50","520,00"
C005526,urbana_premium,0,33.57142857142857,Premium,"25190,00","23952,27","310,00"
C005527,suburbana,0,34.166666666666664,Prepago,"27900,00","4743,56","580,00"
C005528,rural,1,31.724137931034484,Prepago,"14370,00","3352,57","160,00"
C005529,urbana_premium,0,38.57142857142857,Premium,"43600,00","15889,83","290,00"
C005530,urbana_premium,0,36.5,Premium,"27830,00","24834,94","190,00"
C005531,suburbana,0,34.857142857142854,Contrato,"39420,00","9196,18","220,00"
C005532,suburbana,0,33.61702127659574,Prepago,"15930,00","2381,72","140,00"
C005533,suburbana,0,29.51219512195122,Premium,"23890,00","8877,06","290,00"
C005534,suburbana,0,33.75,Premium,"45000,00","16473,08","730,00"
C005535,suburbana,0,35.45454545454545,Premium,"50980,00","4978,47","200,00"
C005536,urbana_premium,0,34.84848484848485,Prepago,"38360,00","4352,91","630,00"
C005537,urbana_premium,1,35,Premium,"33410,00","20024,94","280,00"
C005538,urbana_premium,0,34.11764705882353,Premium,"39870,00","12207,41","850,00"
C005539,rural,0,33.92857142857143,Prepago,"47610,00","1553,33","320,00"
C005540,rural,0,30.930232558139537,Prepago,"21130,00","1893,38","90,00"
C005541,urbana_premium,1,35.714285714285715,Premium,"38320,00","23284,73","240,00"
C005542,suburbana,1,34.54545454545455,Prepago,"20620,00","7928,38","280,00"
C005543,urbana_premium,0,33.333333333333336,Premium,"30190,00","12762,86","230,00"
C005544,urbana_premium,1,35,Prepago,"44660,00","5381,11","150,00"
C005545,suburbana,1,35.55555555555556,Prepago,"40750,00","2160,20","290,00"
C005546,urbana_premium,0,37.333333333333336,Premium,"42550,00","20392,77","300,00"
C005547,urbana_premium,0,37.5,Premium,"51190,00","35977,54","540,00"
C005548,suburbana,1,35.416666666666664,Prepago,"21000,00","2967,00","500,00"
C005549,suburbana,0,31.904761904761905,Prepago,"20290,00","6782,63","390,00"
C005550,suburbana,0,36.96969696969697,Premium,"39360,00","6326,03","220,00"
C005551,urbana_premium,0,37.857142857142854,Contrato,"32400,00","7498,83","540,00"
C005552,suburbana,0,33.2,Contrato,"19760,00","8730,29","140,00"
C005553,suburbana,0,30.606060606060606,Contrato,"32000,00","15792,14","440,00"
C005554,urbana_premium,0,35.76923076923077,Premium,"39440,00","20897,51","-300,00"
C005555,rural,1,36,Premium,,"24737,46","260,00"
C005556,urbana_premium,0,37.8125,Prepago,"66710,00","3866,31","110,00"
C005557,urbana_premium,1,36.55172413793103,Prepago,"73770,00","7246,17","300,00"
C005558,suburbana,0,30.73170731707317,Prepago,"41710,00","5771,97","90,00"
C005559,rural,0,34.666666666666664,Premium,"26980,00","23791,11","420,00"
C005560,urbana_premium,0,35.88235294117647,Premium,"62050,00","22847,08","320,00"
C005561,urbana_premium,0,33.91304347826087,Premium,"40450,00","13995,00","710,00"
C005562,rural,0,34.2,Prepago,"21690,00","4209,78","120,00"
C005563,suburbana,0,32.4,Premium,"24300,00","6763,94","360,00"
C005564,urbana_premium,0,35,Contrato,,"16609,29",
C005565,urbana_premium,0,31.5,Premium,"52970,00","15821,27","160,00"
C005566,urbana_premium,0,35.55555555555556,Prepago,"22630,00","5890,82","340,00"
C005567,rural,0,29.767441860465116,Premium,"18860,00","17689,74","550,00"
C005568,urbana_premium,0,33.5,Premium,"33820,00","13065,05","310,00"
C005569,rural,0,32.03703703703704,Prepago,"14190,00","2388,66","290,00"
C005570,urbana_premium,0,35.65217391304348,Prepago,"33380,00","4914,97","220,00"
C005571,urbana_premium,0,36,Premium,"39550,00","22632,00","560,00"
C005572,suburbana,0,32.093023255813954,Prepago,"42710,00","6133,15","670,00"
C005573,urbana_premium,0,35,Premium,"32060,00","11714,19","270,00"
C005574,suburbana,0,35.18518518518518,Premium,"30880,00","6294,38","200,00"
C005575,suburbana,0,33.90243902439025,Prepago,"17670,00","2743,11","330,00"
C005576,urbana_premium,0,30.476190476190474,Premium,"25000,00","14558,69","230,00"
C005577,suburbana,0,33.58974358974359,Contrato,"15310,00","9194,79","250,00"
C005578,suburbana,0,37.05882352941177,Premium,"41990,00","8812,80","670,00"
C005579,suburbana,0,34.166666666666664,Prepago,"26580,00","3581,09","180,00"
C005580,urbana_premium,0,33.6,Premium,"41350,00","15250,61","180,00"
C005581,suburbana,0,36.06060606060606,Premium,"35800,00","7385,81","270,00"
C005582,suburbana,0,32.64705882352941,Premium,"39560,00","5889,28","190,00"
C005583,suburbana,1,35.51724137931034,Contrato,"60140,00","7845,80","170,00"
C005584,rural,0,33.77777777777778,Premium,"22880,00","26676,11","80,00"
C005585,rural,0,33.38709677419355,Prepago,"18100,00","2052,44","680,00"
C005586,urbana_premium,0,34.166666666666664,Contrato,"48870,00","13455,86","570,00"
C005587,urbana_premium,0,37.74193548387097,Prepago,"87520,00","6791,97","570,00"
C005588,urbana_premium,1,35,Contrato,"31690,00","10379,36","400,00"
C005589,urbana_premium,1,40,Contrato,"28980,00","3674,00","430,00"
C005590,rural,1,33.333333333333336,Contrato,"9490,00","8474,37","120,00"
C005591,suburbana,0,36.2,Prepago,"14460,00","2572,63","100,00"
C005592,urbana_premium,0,36.206896551724135,Premium,"62900,00","25679,58","290,00"
C005593,urbana_premium,0,36.08695652173913,Premium,"36020,00","25766,31","200,00"
C005594,rural,0,34.4,Contrato,"15590,00","7899,83","230,00"
C005595,urbana_premium,0,35.78947368421053,Premium,"38320,00","12660,31","190,00"
C005596,suburbana,0,33.513513513513516,Premium,"74090,00","6541,62","130,00"
C005597,urbana_premium,0,35.6,Premium,"38330,00","16429,55",
C005598,suburbana,0,35.09803921568628,Prepago,"58260,00","1710,83","170,00"
C005599,urbana_premium,0,34.285714285714285,Contrato,"27570,00","7001,36","230,00"
C005600,urbana_premium,0,33.68421052631579,Premium,"63810,00","18956,74","220,00"
C005601,suburbana,0,34.09090909090909,Premium,"24490,00","7943,37","480,00"
C005602,suburbana,1,32.38095238095238,Premium,"22770,00","12274,92","130,00"
C005603,urbana_premium,0,35.88235294117647,Premium,"27550,00","13727,95","410,00"
C005604,urbana_premium,0,38.46153846153846,Prepago,"34170,00","4693,09","20,00"
C005605,suburbana,0,32.8125,Premium,"41950,00","12190,42","1170,00"
C005606,suburbana,0,31.071428571428573,Premium,"25180,00","20726,53","700,00"
C005607,rural,1,32.5,Contrato,"33760,00","12318,67","130,00"
C005608,urbana_premium,0,34.5945945945946,Prepago,"29780,00","6775,51","90,00"
C005609,suburbana,0,37.69230769230769,Premium,"28970,00","6029,33","850,00"
C005610,suburbana,0,32.95454545454545,Contrato,"24760,00","4572,00","440,00"
C005611,suburbana,1,36.470588235294116,Premium,"56200,00","6602,27","200,00"
C005612,suburbana,0,34.193548387096776,Premium,"35730,00","8386,26","320,00"
C005613,urbana_premium,1,35,Contrato,"42280,00","12379,14","70,00"
C005614,suburbana,0,35.526315789473685,Contrato,"27040,00","4283,97","140,00"
C005615,suburbana,0,34.888888888888886,Prepago,"24310,00","1573,11","260,00"
C005616,urbana_premium,0,34.583333333333336,Premium,"26910,00","22929,09","180,00"
C005617,suburbana,0,35.13513513513514,Prepago,"47350,00","2683,51","100,00"
C005618,suburbana,1,35.42857142857143,Prepago,"16940,00","2114,44","140,00"
C005619,urbana_premium,1,34.375,Premium,"33720,00","10699,23","140,00"
C005620,suburbana,0,32.97872340425532,Prepago,"40600,00","2266,62","700,00"
C005621,suburbana,0,35.95238095238095,Prepago,"16580,00","2082,14","480,00"
C005622,suburbana,1,33.125,Premium,"31730,00","19728,52","50,00"
C005623,suburbana,0,35.15151515151515,Premium,"21980,00","11986,03","240,00"
C005624,rural,1,30.476190476190474,Premium,"23430,00","27757,41","640,00"
C005625,rural,1,33,Premium,"21890,00","22116,36","140,00"
C005626,urbana_premium,0,35.55555555555556,Premium,,"12177,14",
C005627,rural,0,34.57627118644068,Contrato,"29020,00","9071,50","530,00"
C005628,urbana_premium,0,34.61538461538461,Premium,"27090,00","16179,38","170,00"
C005629,rural,0,33.02325581395349,Prepago,"19160,00","4967,29","490,00"
C005630,urbana_premium,0,35.45454545454545,Prepago,"38960,00","4690,94","190,00"
C005631,suburbana,0,35.094339622641506,Premium,"34000,00","15271,06","440,00"
C005632,urbana_premium,0,36.333333333333336,Premium,"44760,00","20256,43","250,00"
C005633,suburbana,0,33,Premium,"39320,00","6865,17","100,00"
C005634,suburbana,0,37.69230769230769,Prepago,"12570,00","4385,72","210,00"
C005635,urbana_premium,0,35.925925925925924,Premium,"45320,00","17975,79","70,00"
C005636,rural,1,29.444444444444443,Premium,"23310,00","19402,20","780,00"
C005637,urbana_premium,0,35.15151515151515,Prepago,"31540,00","6687,97","90,00"
C005638,suburbana,0,34.1025641025641,Prepago,"32680,00","2943,38","250,00"
C005639,suburbana,1,35,Prepago,"41140,00","1969,50","420,00"
C005640,suburbana,0,34.87179487179487,Premium,"21930,00","9024,08","430,00"
C005641,suburbana,0,34.91228070175438,Prepago,"48690,00","2574,30","130,00"
C005642,urbana_premium,0,31.904761904761905,Premium,"57170,00","12116,63","210,00"
C005643,urbana_premium,0,38.51851851851852,Contrato,"43570,00","6253,29","410,00"
C005644,suburbana,0,34.57142857142857,Premium,"19430,00","13794,29","280,00"
C005645,suburbana,0,31.568627450980394,Prepago,"63380,00","7008,08",
C005646,urbana_premium,1,38,Prepago,"42280,00","4067,08","220,00"
C005647,urbana_premium,0,35.5,Premium,"40320,00","9546,11","250,00"
C005648,suburbana,0,32.94117647058823,Premium,"31020,00","5612,94","-640,00"
C005649,suburbana,1,30.90909090909091,Contrato,"36170,00","4258,40","80,00"
C005650,rural,1,33.333333333333336,Contrato,"32110,00","7565,71","190,00"
C005651,urbana_premium,0,36.53846153846154,Contrato,"37940,00","17113,34","260,00"
C005652,suburbana,0,34.11764705882353,Premium,"19300,00","8736,46","310,00"
C005653,urbana_premium,0,35,Premium,"54980,00","25378,05","320,00"
C005654,suburbana,1,33.84615384615385,Premium,"22410,00","10857,67","300,00"
C005655,urbana_premium,1,26.666666666666668,Premium,"26930,00","14842,60","310,00"
C005656,rural,1,31.372549019607842,Contrato,"22700,00","7465,09","140,00"
C005657,urbana_premium,0,33.333333333333336,Premium,"32630,00","13992,28","440,00"
C005658,urbana_premium,0,33,Premium,"43720,00","20071,94",
C005659,urbana_premium,0,34.13793103448276,Premium,"46730,00","13329,57","480,00"
C005660,rural,0,34.13793103448276,Premium,"19690,00","6499,09","520,00"
C005661,suburbana,1,37.83783783783784,Prepago,"31100,00","3017,65","710,00"
C005662,suburbana,0,33.54838709677419,Premium,"25150,00","11756,25","1000,00"
C005663,suburbana,0,34.4,Premium,"38990,00","7628,86","470,00"
C005664,urbana_premium,0,35,Contrato,"45440,00","18995,86","210,00"
C005665,rural,0,31.70212765957447,Prepago,"29840,00","3866,36","70,00"
C005666,suburbana,1,34.48275862068966,Premium,"26990,00","13371,60","290,00"
C005667,urbana_premium,0,37,Premium,"41900,00","16584,69","230,00"
C005668,urbana_premium,0,34.61538461538461,Premium,"45760,00","15547,03","130,00"
C005669,rural,0,32.45614035087719,Contrato,"30170,00","5293,83","280,00"
C005670,urbana_premium,0,36.470588235294116,Contrato,"48270,00","17025,65","180,00"
C005671,rural,1,30.980392156862745,Prepago,"22240,00","3817,58","130,00"
C005672,urbana_premium,0,36.774193548387096,Contrato,"25600,00","15451,17","100,00"
C005673,rural,0,35.23809523809524,Prepago,"27670,00","1569,05","80,00"
C005674,suburbana,0,33.23529411764706,Prepago,"34920,00","3077,60","370,00"
C005675,urbana_premium,0,33.225806451612904,Prepago,"26050,00","6851,22","100,00"
C005676,urbana_premium,0,33.333333333333336,Premium,"51480,00","16492,86","490,00"
C005677,urbana_premium,0,35,Contrato,"40430,00","13041,06","240,00"
C005678,urbana_premium,0,36.4,Premium,"36590,00","22092,40","490,00"
C005679,urbana_premium,0,30.64516129032258,Prepago,"41250,00","7047,63","50,00"
C005680,suburbana,0,35.945945945945944,Premium,"41290,00","15043,80","520,00"
C005681,suburbana,0,36.206896551724135,Contrato,"51430,00","9283,29","510,00"
C005682,suburbana,0,34.63414634146341,Contrato,"29260,00","14536,12","340,00"
C005683,urbana_premium,1,35,Premium,"35310,00","12453,29","120,00"
C005684,urbana_premium,0,32,Contrato,"47350,00","15126,03","340,00"
C005685,suburbana,0,34.8780487804878,Prepago,"18650,00","2133,70","1000,00"
C005686,suburbana,0,34.81481481481482,Premium,"40310,00","7983,89","430,00"
C005687,suburbana,0,35.75,Prepago,"18550,00","2716,05","310,00"
C005688,rural,1,38.888888888888886,Prepago,"14350,00","1682,60","320,00"
C005689,urbana_premium,0,40,Premium,"65920,00","15639,97","260,00"
C005690,urbana_premium,1,32.30769230769231,Prepago,"18470,00","6689,35","400,00"
C005691,suburbana,0,31.904761904761905,Premium,"47100,00","9684,82","160,00"
C005692,suburbana,0,32.35294117647059,Premium,"51460,00","12365,06","420,00"
C005693,suburbana,1,32.857142857142854,Prepago,"33570,00","4873,86","120,00"
C005694,suburbana,0,34.054054054054056,Prepago,"36850,00","4634,74","100,00"
C005695,urbana_premium,0,35.90909090909091,Prepago,"22060,00","6956,85","50,00"
C005696,urbana_premium,0,36.81818181818182,Contrato,"32220,00","9077,71","450,00"
C005697,urbana_premium,0,36.07142857142857,Premium,"43390,00","18271,64","380,00"
C005698,urbana_premium,0,31.875,Premium,"42950,00","16787,11","410,00"
C005699,suburbana,0,35.714285714285715,Premium,"34830,00","24838,81","380,00"
C005700,rural,0,33.728813559322035,Prepago,"26050,00","1915,14","60,00"
C005701,urbana_premium,0,34.61538461538461,Premium,"38560,00","15509,89","330,00"
C005702,suburbana,1,32.857142857142854,Prepago,"19440,00","4945,67","40,00"
C005703,rural,1,34.6875,Contrato,"26260,00","12475,52","180,00"
C005704,urbana_premium,0,36.285714285714285,Prepago,"25710,00","5462,68","500,00"
C005705,suburbana,0,35.172413793103445,Prepago,"26240,00","4795,31",
C005706,suburbana,0,33.333333333333336,Premium,"48530,00","12072,49","470,00"
C005707,urbana_premium,1,35.833333333333336,Premium,"22140,00","16846,52","200,00"
C005708,suburbana,0,33.6,Premium,"28540,00","9325,54","180,00"
C005709,rural,0,34.18604651162791,Contrato,"31460,00","14469,29","260,00"
C005710,rural,0,34.78260869565217,Prepago,"29030,00","6245,29","400,00"
C005711,urbana_premium,1,30,Premium,,"38062,33","110,00"
C005712,suburbana,0,33.94736842105263,Contrato,"23520,00","8453,25",
C005713,suburbana,0,34.857142857142854,Premium,"47160,00","23062,47","390,00"
C005714,suburbana,0,34.76190476190476,Premium,"19420,00","20928,63","200,00"
C005715,suburbana,0,34.5945945945946,Contrato,"37990,00","9001,06","150,00"
C005716,rural,0,34.905660377358494,Premium,"24490,00","8511,23","360,00"
C005717,urbana_premium,0,36.81818181818182,Premium,"29060,00","27263,03","550,00"
C005718,suburbana,0,36.27906976744186,Contrato,"26010,00","8338,88","110,00"
C005719,suburbana,0,35.4054054054054,Contrato,"56190,00","7607,26","60,00"
C005720,suburbana,1,28.88888888888889,Contrato,"19850,00","4696,17","80,00"
C005721,urbana_premium,0,37.77777777777778,Premium,"20670,00","20926,14","230,00"
C005722,suburbana,0,35.22727272727273,Premium,"23840,00","15927,18","310,00"
C005723,suburbana,0,34.34782608695652,Contrato,"34450,00","4823,46","350,00"
C005724,urbana_premium,0,35.172413793103445,Premium,"63000,00","22490,56","130,00"
C005725,urbana_premium,0,34.54545454545455,Premium,"38620,00","17855,71","510,00"
C005726,urbana_premium,0,35.90909090909091,Premium,"21650,00","17748,81","160,00"
C005727,suburbana,0,36,Premium,"30820,00","12223,86","340,00"
C005728,suburbana,0,35.625,Premium,"40220,00","7455,92","990,00"
C005729,urbana_premium,0,36,Premium,"42820,00","14056,94","140,00"
C005730,urbana_premium,0,36.81818181818182,Premium,"45500,00","20384,17","210,00"
C005731,urbana_premium,0,35.714285714285715,Premium,"19880,00","16064,00","620,00"
C005732,urbana_premium,0,27.647058823529413,Premium,"23930,00","18349,25","590,00"
C005733,suburbana,0,34.339622641509436,Contrato,"28440,00","4326,00","140,00"
C005734,urbana_premium,0,33.68421052631579,Prepago,,"8063,18","100,00"
C005735,urbana_premium,0,34.44444444444444,Premium,"29040,00","24912,12","70,00"
C005736,urbana_premium,1,34.285714285714285,Premium,"41120,00","21949,28","40,00"
C005737,rural,1,40,Contrato,"24610,00","11684,67","170,00"
C005738,rural,1,31.666666666666668,Contrato,"16120,00","11426,25","10,00"
C005739,urbana_premium,1,35,Premium,"29580,00","17467,79","310,00"
C005740,suburbana,1,35,Premium,"29550,00","8078,36","440,00"
C005741,rural,0,33.63636363636363,Prepago,"20430,00","5036,60","-80,00"
C005742,suburbana,0,36.92307692307692,Contrato,"39730,00","15145,60","430,00"
C005743,urbana_premium,0,38.4,Premium,"33030,00","14217,45","360,00"
C005744,urbana_premium,0,36.53846153846154,Premium,"52210,00","17363,71","330,00"
C005745,suburbana,0,35.333333333333336,Prepago,"26260,00","2707,92","80,00"
C005746,suburbana,0,35.36585365853659,Premium,"30060,00","6139,80","200,00"
C005747,rural,0,32.888888888888886,Contrato,"30720,00","3472,41","390,00"
C005748,urbana_premium,1,33.333333333333336,Prepago,"36870,00","4058,24","130,00"
C005749,urbana_premium,0,35.76923076923077,Premium,"32970,00","21910,19","620,00"
C005750,urbana_premium,0,35.45454545454545,Premium,"37360,00","20884,28","360,00"
C005751,suburbana,0,35.12820512820513,Premium,"40750,00","14926,83","510,00"
C005752,suburbana,0,35,Premium,"33480,00","11216,97","220,00"
C005753,urbana_premium,0,35.90909090909091,Premium,"18070,00","14680,56",
C005754,urbana_premium,0,33.78378378378378,Prepago,"29730,00","5250,49","70,00"
C005755,suburbana,0,30.980392156862745,Prepago,"23220,00","1868,71","140,00"
C005756,rural,0,35.283018867924525,Premium,"28480,00","28690,89","110,00"
C005757,urbana_premium,0,35,Prepago,"19570,00","7845,83","440,00"
C005758,urbana_premium,0,34.516129032258064,Premium,"42210,00","17195,77","370,00"
C005759,urbana_premium,0,33.44827586206897,Premium,"47820,00","14116,75","730,00"
C005760,rural,0,37.608695652173914,Contrato,"29010,00","2966,35","220,00"
C005761,suburbana,0,33.05555555555556,Prepago,"28940,00","2642,54","110,00"
C005762,urbana_premium,0,34.73684210526316,Contrato,"21740,00","19340,94","640,00"
C005763,rural,0,32.19512195121951,Contrato,"21220,00","18331,17","1200,00"
C005764,urbana_premium,0,37.5,Premium,"64110,00","35375,39","550,00"
C005765,urbana_premium,0,34.54545454545455,Contrato,"31070,00","11175,74","560,00"
C005766,suburbana,0,33.63636363636363,Premium,"63950,00","5207,86","110,00"
C005767,suburbana,0,37.25,Prepago,"39600,00","6664,65","180,00"
C005768,rural,0,31.904761904761905,Prepago,"22080,00","5908,47","-500,00"
C005769,suburbana,0,31.57894736842105,Premium,"32260,00","15567,50","360,00"
C005770,rural,0,35,Premium,"26470,00","13683,69","430,00"
C005771,urbana_premium,0,36.36363636363637,Prepago,"31280,00","9530,78","110,00"
C005772,urbana_premium,0,36.206896551724135,Prepago,"33110,00","5187,51","260,00"
C005773,urbana_premium,0,35.88235294117647,Premium,,"21495,03","370,00"
C005774,suburbana,0,37,Prepago,"50250,00","4639,20","160,00"
C005775,rural,0,31.57894736842105,Contrato,"20340,00","14500,72","840,00"
C005776,suburbana,0,32.72727272727273,Premium,"22700,00","14166,39","320,00"
C005777,suburbana,1,35,Contrato,"17070,00","5852,00","380,00"
C005778,suburbana,0,33.333333333333336,Premium,"63410,00","20896,54","520,00"
C005779,rural,0,37.45454545454545,Prepago,"33230,00","3324,46","190,00"
C005780,suburbana,0,36.774193548387096,Premium,"46110,00","12098,03","210,00"
C005781,suburbana,1,33.333333333333336,Prepago,"24650,00","1947,23","150,00"
C005782,suburbana,0,30.74074074074074,Contrato,,"3156,06","480,00"
C005783,urbana_premium,1,33.333333333333336,Premium,"27720,00","17216,14","200,00"
C005784,suburbana,0,33.40909090909091,Premium,"9860,00","11403,57","910,00"
C005785,urbana_premium,0,35.30612244897959,Prepago,"28180,00","7738,28","50,00"
C005786,rural,1,34.166666666666664,Prepago,"25960,00","2718,58","810,00"
C005787,urbana_premium,0,35,Premium,"41750,00","21211,42","460,00"
C005788,urbana_premium,1,35,Contrato,"30850,00","11024,14","250,00"
C005789,urbana_premium,0,34.84848484848485,Contrato,"48130,00","11826,60","90,00"
C005790,urbana_premium,0,35.64102564102564,Premium,"30230,00","22985,59",
C005791,urbana_premium,0,34,Premium,"50080,00","11134,65","290,00"
C005792,suburbana,1,32.857142857142854,Prepago,"38820,00","4034,31","150,00"
C005793,urbana_premium,0,37.916666666666664,Premium,"50990,00","14097,64","220,00"
C005794,urbana_premium,0,37.142857142857146,Premium,"39280,00","15025,70","260,00"
C005795,urbana_premium,0,30.526315789473685,Contrato,"28770,00","6460,56","170,00"
C005796,suburbana,0,34.285714285714285,Contrato,"19640,00","3915,38","600,00"
C005797,suburbana,0,32.72727272727273,Prepago,"13950,00","1924,33","420,00"
C005798,urbana_premium,0,37.72727272727273,Premium,"49890,00","15785,78","460,00"
C005799,rural,1,32.7027027027027,Prepago,"12870,00","1681,04","270,00"
C005800,suburbana,1,28.333333333333332,Contrato,"28430,00","2825,20","90,00"
C005801,suburbana,1,35.55555555555556,Prepago,"32170,00","2682,70","280,00"
C005802,urbana_premium,0,35.65217391304348,Premium,"26330,00","12435,29","440,00"
C005803,urbana_premium,0,34.34782608695652,Premium,"36660,00","16973,49",
C005804,urbana_premium,0,34.44444444444444,Premium,"42800,00","9811,37","400,00"
C005805,urbana_premium,0,33.333333333333336,Premium,"34780,00","13844,95","610,00"
C005806,rural,0,30.408163265306122,Contrato,"27270,00","3813,36","80,00"
C005807,suburbana,0,32.58064516129032,Premium,"25510,00","18126,14","180,00"
C005808,urbana_premium,0,38.23529411764706,Premium,"34730,00","15986,22","400,00"
C005809,rural,1,33.04347826086956,Prepago,"17010,00","3066,00","260,00"
C005810,urbana_premium,1,32.5,Premium,"36500,00","23755,78","160,00"
C005811,urbana_premium,0,34,Premium,,"16678,83","190,00"
C005812,suburbana,0,32.56410256410256,Premium,"21570,00","10885,65","230,00"
C005813,suburbana,1,34.333333333333336,Contrato,"34640,00","19501,28","50,00"
C005814,rural,0,35.42372881355932,Prepago,"9800,00","2817,29","100,00"
C005815,suburbana,0,33.333333333333336,Prepago,"43530,00","2164,28","470,00"
C005816,urbana_premium,0,37.5,Contrato,"23310,00","15448,56","350,00"
C005817,urbana_premium,1,35,Premium,"55090,00","17773,00","550,00"
C005818,rural,0,33.214285714285715,Prepago,"28850,00","3831,32","830,00"
C005819,suburbana,0,29.545454545454547,Premium,"42490,00","7510,74",
C005820,suburbana,1,40,Contrato,"20100,00","5089,09","40,00"
C005821,suburbana,1,36.785714285714285,Premium,"27760,00","17018,60","270,00"
C005822,suburbana,0,32.459016393442624,Prepago,"33040,00","3932,80","360,00"
C005823,rural,0,35.370370370370374,Contrato,"26970,00","11795,64","250,00"
C005824,urbana_premium,1,37.61904761904762,Premium,"51360,00","23523,47","200,00"
C005825,rural,1,30,Contrato,"29160,00","5998,00","320,00"
C005826,urbana_premium,0,32.22222222222222,Premium,"45210,00","12966,97","570,00"
C005827,suburbana,0,34.11764705882353,Prepago,"35400,00","6466,68","290,00"
C005828,urbana_premium,0,35.588235294117645,Premium,"48630,00","16992,32","530,00"
C005829,suburbana,1,36,Premium,"30020,00","6194,83","330,00"
C005830,urbana_premium,0,32.27272727272727,Premium,"57160,00","20324,66","320,00"
C005831,suburbana,0,33.57142857142857,Premium,"29020,00","14327,39","150,00"
C005832,urbana_premium,1,39.166666666666664,Prepago,"21180,00","3713,81","360,00"
C005833,suburbana,0,34.31818181818182,Contrato,"46100,00","3483,14","300,00"
C005834,suburbana,1,32.22222222222222,Premium,"35120,00","5639,80","180,00"
C005835,suburbana,1,38.46153846153846,Premium,"28300,00","33100,67","830,00"
C005836,suburbana,1,36.666666666666664,Contrato,"31020,00","4329,10",
C005837,urbana_premium,0,35,Prepago,"64860,00","4932,62","240,00"
C005838,urbana_premium,0,36.19047619047619,Prepago,"39640,00","3583,28","630,00"
C005839,urbana_premium,0,34.6875,Premium,"65140,00","22069,57","470,00"
C005840,rural,0,35.45454545454545,Contrato,"27380,00","5018,11","520,00"
C005841,suburbana,0,36.333333333333336,Contrato,,"9564,30",
C005842,suburbana,0,31.666666666666668,Contrato,"18850,00","6412,03","260,00"
C005843,urbana_premium,0,38.333333333333336,Contrato,"39520,00","10636,69",
C005844,urbana_premium,0,36.08695652173913,Premium,"60630,00","22578,61","460,00"
C005845,urbana_premium,0,34.09090909090909,Contrato,"31370,00","14170,11","200,00"
C005846,urbana_premium,1,37.857142857142854,Prepago,"43520,00","5714,33","380,00"
C005847,urbana_premium,0,34.73684210526316,Premium,"65500,00","21608,09","680,00"
C005848,rural,0,33.857142857142854,Prepago,"12480,00","2034,89","210,00"
C005849,suburbana,0,31.77777777777778,Prepago,"34260,00","2367,56","110,00"
C005850,urbana_premium,0,34.44444444444444,Premium,"46470,00","30078,73","390,00"
C005851,suburbana,0,34.44444444444444,Premium,"33770,00","14911,89","360,00"
C005852,suburbana,0,36.25,Prepago,"16420,00","2007,91","120,00"
C005853,suburbana,0,36.41025641025641,Premium,"22850,00","15146,92","380,00"
C005854,urbana_premium,0,39.375,Premium,"18440,00","33514,46","430,00"
C005855,suburbana,0,34.583333333333336,Prepago,"18800,00","2178,74","500,00"
C005856,urbana_premium,0,32.5,Premium,"51430,00","21436,03","60,00"
C005857,urbana_premium,0,33.63636363636363,Premium,"34100,00","16887,14","250,00"
C005858,urbana_premium,1,35,Premium,"50990,00","15090,44","360,00"
C005859,suburbana,0,35.16129032258065,Premium,"38960,00","21270,00","220,00"
C005860,urbana_premium,0,34,Premium,"25830,00","15695,76",
C005861,urbana_premium,0,34.166666666666664,Premium,"40610,00","34149,23","290,00"
C005862,suburbana,0,33.77358490566038,Prepago,"17110,00","4256,11","420,00"
C005863,suburbana,0,33.333333333333336,Premium,"32820,00","10064,33","200,00"
C005864,rural,0,31.8,Premium,"26930,00","10377,50","420,00"
C005865,suburbana,0,33.225806451612904,Premium,"27530,00","5603,49","500,00"
C005866,suburbana,1,35,Prepago,"16550,00","6521,00","70,00"
C005867,urbana_premium,0,37.5,Premium,"22740,00","10924,75","750,00"
C005868,rural,0,33.7037037037037,Premium,"56530,00","11619,75","240,00"
C005869,urbana_premium,0,36.388888888888886,Premium,"47580,00","17234,81","180,00"
C005870,rural,0,32.20338983050848,Prepago,"21060,00","2181,83","290,00"
C005871,suburbana,0,35.23809523809524,Prepago,"41710,00","4667,72","140,00"
C005872,urbana_premium,0,32.666666666666664,Premium,"64070,00","17175,42",
C005873,urbana_premium,0,36.89655172413793,Premium,"58470,00","12447,20","350,00"
C005874,urbana_premium,0,37.2,Premium,"35770,00","24576,06","570,00"
C005875,urbana_premium,0,33.666666666666664,Prepago,"34050,00","6553,19","290,00"
C005876,urbana_premium,1,32,Premium,"50570,00","20310,33","210,00"
C005877,urbana_premium,0,34.23076923076923,Premium,"35250,00","18083,23","320,00"
C005878,urbana_premium,0,36.8,Premium,"58230,00","22459,94","160,00"
C005879,suburbana,1,36.4,Contrato,"31000,00","4007,92","70,00"
C005880,urbana_premium,1,40,Contrato,"50530,00","13359,00","220,00"
C005881,suburbana,0,31.944444444444443,Prepago,"42890,00","1823,06","100,00"
C005882,rural,1,35.5,Prepago,,"2636,25","290,00"
C005883,urbana_premium,0,35.925925925925924,Premium,"40280,00","15177,26","270,00"
C005884,urbana_premium,0,36.15384615384615,Premium,"57210,00","12524,44","360,00"
C005885,urbana_premium,0,35.666666666666664,Premium,"28860,00","13171,74","240,00"
C005886,suburbana,1,31.714285714285715,Premium,"24610,00","23012,41","240,00"
C005887,urbana_premium,1,34,Prepago,"58280,00","7074,38","450,00"
C005888,urbana_premium,0,35.666666666666664,Premium,"65340,00","18494,25","200,00"
C005889,suburbana,0,34.285714285714285,Prepago,"9000,00","2684,71","280,00"
C005890,suburbana,0,35.75,Contrato,"45350,00","8576,14","170,00"
C005891,urbana_premium,0,35.172413793103445,Contrato,"16960,00","7567,80","360,00"
C005892,urbana_premium,0,36.52173913043478,Premium,"37440,00","11430,14","340,00"
C005893,urbana_premium,0,37.142857142857146,Premium,"23570,00","15721,19","610,00"
C005894,suburbana,0,38.529411764705884,Prepago,"24610,00","4867,32","480,00"
C005895,suburbana,1,32.5,Contrato,"30930,00","7114,33","210,00"
C005896,urbana_premium,0,33.888888888888886,Premium,"46090,00","13026,00","560,00"
C005897,urbana_premium,0,35.833333333333336,Contrato,"63130,00","6045,97","130,00"
C005898,suburbana,1,36.8421052631579,Premium,"18620,00","23925,38","490,00"
C005899,suburbana,0,38.94736842105263,Premium,"44680,00","24964,58","490,00"
C005900,rural,0,31.147540983606557,Prepago,"21070,00","3072,50","230,00"
C005901,urbana_premium,0,33.333333333333336,Premium,"34990,00","10942,19","610,00"
C005902,suburbana,0,36.8421052631579,Prepago,"54050,00","3079,11","30,00"
C005903,urbana_premium,0,30.625,Premium,"51400,00","16778,50","70,00"
C005904,urbana_premium,0,36.81818181818182,Premium,"21240,00","13761,21","530,00"
C005905,urbana_premium,0,32.758620689655174,Contrato,"37240,00","8485,43","250,00"
C005906,urbana_premium,0,38,Premium,"29460,00","23237,94","320,00"
C005907,suburbana,0,35.172413793103445,Premium,"25600,00","29938,44","910,00"
C005908,suburbana,0,34,Premium,"28470,00","6507,03","760,00"
C005909,urbana_premium,0,35.90909090909091,Premium,"45010,00","24871,74","290,00"
C005910,urbana_premium,0,34,Prepago,"24670,00","5920,80","180,00"
C005911,urbana_premium,0,35.55555555555556,Premium,"35420,00","17144,46","430,00"
C005912,suburbana,0,37.407407407407405,Contrato,"25960,00","5913,11","230,00"
C005913,suburbana,0,34.44444444444444,Prepago,"34100,00","2278,26","300,00"
C005914,urbana_premium,0,34.32432432432432,Premium,"37570,00","19777,91","350,00"
C005915,urbana_premium,0,35.38461538461539,Premium,"53150,00","12937,27","380,00"
C005916,urbana_premium,0,32.58064516129032,Premium,"41900,00","17554,91","290,00"
C005917,urbana_premium,0,34.78260869565217,Premium,"47270,00","38946,62","410,00"
C005918,urbana_premium,0,38.23529411764706,Premium,"41530,00","24870,97","440,00"
C005919,urbana_premium,0,35.294117647058826,Premium,"25600,00","15599,97","780,00"
C005920,urbana_premium,0,36.5,Premium,"33570,00","18636,69","350,00"
C005921,urbana_premium,0,32.27272727272727,Premium,"30290,00","14110,84","190,00"
C005922,rural,1,29.5,Premium,"30280,00","7121,76","270,00"
C005923,rural,0,30.925925925925927,Premium,"31280,00","14457,19","550,00"
C005924,urbana_premium,0,37.027027027027025,Premium,"37190,00","17172,51","430,00"
C005925,suburbana,0,34.48275862068966,Contrato,"31360,00","8809,03","50,00"
C005926,urbana_premium,0,36.36363636363637,Premium,"22020,00","19536,57","140,00"
C005927,urbana_premium,0,29.473684210526315,Contrato,"33400,00","13207,06","90,00"
C005928,urbana_premium,1,40,Prepago,"15940,00","3878,20","160,00"
C005929,urbana_premium,1,36.25,Premium,"50810,00","12202,23","310,00"
C005930,suburbana,0,37.82608695652174,Prepago,"65040,00","3632,69","220,00"
C005931,suburbana,0,36.19047619047619,Prepago,"24730,00","2411,74","580,00"
C005932,urbana_premium,0,36.96969696969697,Premium,"41470,00","19510,13","880,00"
C005933,suburbana,0,36.578947368421055,Prepago,"34500,00","4689,06","250,00"
C005934,urbana_premium,0,38.285714285714285,Prepago,"25710,00","3761,37","160,00"
C005935,urbana_premium,0,33.68421052631579,Premium,"36550,00","8739,69","210,00"
C005936,suburbana,1,36,Premium,"35110,00","17161,00","510,00"
C005937,urbana_premium,0,35.55555555555556,Premium,"40610,00","15665,44","90,00"
C005938,suburbana,0,37.2972972972973,Contrato,"30440,00","7071,25","350,00"
C005939,rural,0,35.283018867924525,Premium,"20930,00","24881,71","290,00"
C005940,suburbana,0,31.59090909090909,Prepago,"22400,00","2281,28","340,00"
C005941,suburbana,0,29.130434782608695,Premium,"37770,00","6761,63","220,00"
C005942,urbana_premium,0,32.325581395348834,Prepago,"70880,00","4923,69","250,00"
C005943,urbana_premium,0,34.81481481481482,Prepago,,"5403,12","190,00"
C005944,urbana_premium,0,37.142857142857146,Contrato,"18010,00","11137,97","470,00"
C005945,suburbana,0,32.8,Premium,"19490,00","7879,53","170,00"
C005946,urbana_premium,0,36.07142857142857,Premium,"32800,00","18791,14","170,00"
C005947,rural,0,32.22222222222222,Premium,"21180,00","34481,61","250,00"
C005948,rural,1,30.571428571428573,Prepago,"24270,00","1715,29","180,00"
C005949,rural,0,31.764705882352942,Prepago,"23810,00","2126,89","130,00"
C005950,suburbana,0,32.68292682926829,Contrato,"28400,00","3727,69","780,00"
C005951,suburbana,0,30.357142857142858,Premium,"46530,00","19348,03","240,00"
C005952,suburbana,0,36.774193548387096,Contrato,"21560,00","4676,15","380,00"
C005953,suburbana,0,36.12903225806452,Premium,"40950,00","5764,85","820,00"
C005954,suburbana,0,34.24242424242424,Premium,"59720,00","16388,17","400,00"
C005955,suburbana,0,34.523809523809526,Prepago,"17820,00","2740,11","320,00"
C005956,suburbana,0,36.13636363636363,Prepago,"15070,00","5459,16","370,00"
C005957,suburbana,0,36.12903225806452,Premium,"31810,00","14890,39","480,00"
C005958,suburbana,0,36.25,Premium,"37380,00","9632,50","280,00"
C005959,rural,0,33.40909090909091,Prepago,"23510,00","2960,06","60,00"
C005960,suburbana,0,34.35897435897436,Premium,"14170,00","6385,06","210,00"
C005961,suburbana,1,36,Contrato,"16520,00","4279,91","490,00"
C005962,urbana_premium,0,34.1025641025641,Premium,"32040,00","30931,19",
C005963,urbana_premium,0,34.516129032258064,Premium,"44270,00","17671,91","560,00"
C005964,suburbana,0,34.390243902439025,Prepago,"26330,00","6305,25","330,00"
C005965,suburbana,0,35.833333333333336,Contrato,"32120,00","5040,74","440,00"
C005966,urbana_premium,0,33.666666666666664,Premium,"40840,00","33344,20","380,00"
C005967,urbana_premium,1,36.25,Premium,"53020,00","17120,43","180,00"
C005968,urbana_premium,1,37,Prepago,"25500,00","3814,44","110,00"
C005969,suburbana,0,32.903225806451616,Contrato,"30740,00","5170,26","580,00"
C005970,urbana_premium,0,36.5,Prepago,"63330,00","6112,59","250,00"
C005971,suburbana,0,32.30769230769231,Contrato,"22610,00","8756,71","270,00"
C005972,suburbana,0,35.55555555555556,Premium,"23940,00","13317,23","250,00"
C005973,suburbana,0,35,Premium,"30720,00","16269,50","320,00"
C005974,suburbana,0,33.68421052631579,Contrato,"20590,00","8464,00","390,00"
C005975,urbana_premium,0,30.76923076923077,Contrato,"25470,00","15835,57","370,00"
C005976,rural,0,35.07936507936508,Contrato,"20560,00","3899,46","320,00"
C005977,urbana_premium,0,34.21052631578947,Premium,"35140,00","21552,18","310,00"
C005978,suburbana,0,35.88235294117647,Premium,"38780,00","18808,62","230,00"
C005979,urbana_premium,0,36,Premium,"27970,00","19218,40","240,00"
C005980,rural,0,33.529411764705884,Contrato,"23460,00","9085,06","400,00"
C005981,urbana_premium,0,35.18518518518518,Prepago,"58960,00","7101,50","160,00"
C005982,suburbana,0,32.5,Prepago,"44970,00","5260,85","510,00"
C005983,urbana_premium,0,36.785714285714285,Prepago,"36830,00","4508,33","270,00"
C005984,suburbana,0,34.25,Contrato,"31850,00","9385,61","400,00"
C005985,rural,1,33.75,Prepago,"16910,00","3941,14","390,00"
C005986,rural,0,33.333333333333336,Contrato,"25690,00","7325,63","330,00"
C005987,suburbana,0,30.73170731707317,Prepago,"50930,00","4920,41","370,00"
C005988,suburbana,0,32.77777777777778,Premium,"46970,00","12143,80",
C005989,urbana_premium,0,35.416666666666664,Premium,"37980,00","18611,57","770,00"
C005990,urbana_premium,0,37,Premium,"43200,00","19497,60","920,00"
C005991,urbana_premium,0,38.18181818181818,Prepago,"29590,00","10383,54","240,00"
C005992,suburbana,1,32,Prepago,"21530,00","3757,60","260,00"
C005993,urbana_premium,0,38.125,Premium,"33690,00","15791,94","380,00"
C005994,urbana_premium,0,37,Premium,"42080,00","9834,51","270,00"
C005995,urbana_premium,0,36.15384615384615,Prepago,"49280,00","4421,09","290,00"
C005996,suburbana,1,41.666666666666664,Premium,"28990,00","8382,25","320,00"
C005997,urbana_premium,0,38.84615384615385,Premium,"44650,00","16547,75","210,00"
C005998,urbana_premium,0,36.333333333333336,Premium,"15670,00","18616,89","330,00"
C005999,suburbana,0,32.857142857142854,Premium,,"5688,94","210,00"
C006000,urbana_premium,0,32.30769230769231,Premium,"30810,00","13794,47","380,00"
C006001,suburbana,1,32,Prepago,"19240,00","8029,75","120,00"
C006002,urbana_premium,0,35.55555555555556,Premium,"44870,00","21331,06","90,00"
C006003,urbana_premium,0,36.578947368421055,Premium,"63520,00","18738,58","580,00"
C006004,urbana_premium,0,32.121212121212125,Premium,"38090,00","28820,40","730,00"
C006005,rural,1,33.333333333333336,Contrato,"31590,00","4599,30","120,00"
C006006,urbana_premium,0,38.333333333333336,Premium,"33070,00","12319,89","210,00"
C006007,rural,0,33.87755102040816,Prepago,"47620,00","1888,80","570,00"
C006008,suburbana,0,35.3125,Premium,"17170,00","12955,94","770,00"
C006009,urbana_premium,0,34.4,Premium,"36950,00","14401,06","1200,00"
C006010,suburbana,0,33.63636363636363,Contrato,"38780,00","8053,35","160,00"
C006011,urbana_premium,0,35.65217391304348,Premium,"37860,00","26509,61","170,00"
C006012,suburbana,0,35.357142857142854,Premium,"48260,00","12643,55","140,00"
C006013,rural,0,36.03448275862069,Contrato,"11240,00","3923,22","840,00"
C006014,suburbana,0,37.096774193548384,Premium,"28670,00","6798,09","30,00"
C006015,urbana_premium,0,39.629629629629626,Premium,"35080,00","18779,79","480,00"
C006016,rural,0,34.75,Premium,"22340,00","12807,82","500,00"
C006017,urbana_premium,0,39.166666666666664,Contrato,"21990,00","11890,19","510,00"
C006018,urbana_premium,0,35.21739130434783,Premium,"34570,00","11435,34","410,00"
C006019,rural,1,32.94117647058823,Premium,"20630,00","15060,38","520,00"
C006020,urbana_premium,0,35.294117647058826,Premium,"41680,00","18420,97","220,00"
C006021,suburbana,0,35,Premium,"43780,00","7265,49","210,00"
C006022,urbana_premium,0,36,Premium,"39800,00","20824,83","110,00"
C006023,urbana_premium,0,35.416666666666664,Premium,"44300,00","12064,68","190,00"
C006024,urbana_premium,0,35.45454545454545,Contrato,"59440,00","9184,36","130,00"
C006025,suburbana,1,37.22222222222222,Premium,"45200,00","22139,18","150,00"
C006026,urbana_premium,1,35.45454545454545,Contrato,"16610,00","14633,68","250,00"
C006027,urbana_premium,0,32,Premium,"50600,00","12053,54",
C006028,urbana_premium,0,35.18518518518518,Premium,"50490,00","14060,34","460,00"
C006029,urbana_premium,0,31.428571428571427,Premium,"34920,00","13183,85","90,00"
C006030,urbana_premium,0,33.84615384615385,Premium,"32600,00","25540,91","210,00"
C006031,rural,1,29.428571428571427,Premium,"15640,00","7256,25","280,00"
C006032,suburbana,0,34.642857142857146,Contrato,"15110,00","3895,06","210,00"
C006033,urbana_premium,0,35.833333333333336,Premium,,"14002,03","820,00"
C006034,suburbana,0,33.225806451612904,Contrato,"38960,00","4255,75","390,00"
C006035,suburbana,1,33.333333333333336,Premium,"28780,00","14933,13","190,00"
C006036,urbana_premium,0,36.206896551724135,Premium,"49070,00","13616,76","140,00"
C006037,urbana_premium,0,35.27777777777778,Contrato,"54770,00","7677,11","480,00"
C006038,urbana_premium,0,33.91304347826087,Prepago,"20420,00","3777,97","770,00"
C006039,rural,1,35.714285714285715,Contrato,"25330,00","17405,30","470,00"
C006040,suburbana,0,32.4390243902439,Premium,"27380,00","8504,71","420,00"
C006041,suburbana,0,33.46938775510204,Contrato,"34680,00","5045,03","180,00"
C006042,rural,0,29.53488372093023,Prepago,"24780,00","3758,94","-460,00"
C006043,urbana_premium,0,38.8235294117647,Premium,"50110,00","18152,80","660,00"
C006044,suburbana,1,30.714285714285715,Prepago,"17130,00","3444,22","120,00"
C006045,suburbana,1,35,Premium,"47220,00","8098,63","100,00"
C006046,suburbana,0,33.94736842105263,Premium,"24820,00","15952,78","300,00"
C006047,suburbana,1,36.12903225806452,Contrato,"28440,00","6863,03","290,00"
C006048,suburbana,0,32.68292682926829,Prepago,"16100,00","3847,42","950,00"
C006049,urbana_premium,0,39.411764705882355,Premium,"36910,00","19153,83","450,00"
C006050,urbana_premium,0,33.92857142857143,Prepago,"38030,00","4472,79","220,00"
C006051,suburbana,0,35.4054054054054,Premium,"28990,00","8453,14","720,00"
C006052,suburbana,0,34.72222222222222,Contrato,"23040,00","6800,03","270,00"
C006053,suburbana,1,40,Prepago,"19450,00","10592,75","70,00"
C006054,urbana_premium,0,38,Premium,"47910,00","32348,54","490,00"
C006055,suburbana,0,34.583333333333336,Prepago,"16230,00","2553,33","620,00"
C006056,suburbana,0,35.75757575757576,Contrato,"39510,00","7294,97","90,00"
C006057,urbana_premium,0,36,Premium,"69260,00","18248,88","260,00"
C006058,urbana_premium,0,39.44444444444444,Premium,"83150,00","13481,18","250,00"
C006059,urbana_premium,0,37.36842105263158,Premium,"26200,00","16456,29","340,00"
C006060,urbana_premium,0,36,Prepago,"47070,00","6062,36","270,00"
C006061,suburbana,0,33.57142857142857,Premium,"24480,00","9752,89","160,00"
C006062,rural,0,33.69565217391305,Contrato,"35640,00","10044,54","310,00"
C006063,urbana_premium,0,35.416666666666664,Premium,,"21054,41","310,00"
C006064,rural,0,34.34782608695652,Prepago,"20960,00","4441,36","450,00"
C006065,suburbana,0,34.523809523809526,Premium,"21680,00","14040,67","340,00"
C006066,urbana_premium,0,35.21739130434783,Contrato,"33630,00","14109,17","380,00"
C006067,urbana_premium,0,35.76923076923077,Premium,"30230,00","31761,26","160,00"
C006068,urbana_premium,0,37.142857142857146,Contrato,"37950,00","8559,66","830,00"
C006069,urbana_premium,0,35,Premium,"38640,00","11863,23","600,00"
C006070,urbana_premium,1,30,Contrato,"31520,00","13781,75","230,00"
C006071,urbana_premium,1,36.95652173913044,Premium,"30550,00","36581,06","220,00"
C006072,rural,0,32.96296296296296,Contrato,"28920,00","6567,39","330,00"
C006073,rural,1,34.583333333333336,Premium,"29670,00","26576,92","190,00"
C006074,rural,0,35,Premium,"17470,00","13565,97","380,00"
C006075,urbana_premium,0,37.241379310344826,Premium,"37550,00","26060,35",
C006076,suburbana,0,35.27777777777778,Prepago,"22030,00","4686,75","80,00"
C006077,suburbana,0,36.27906976744186,Prepago,"74260,00","2493,79","190,00"
C006078,suburbana,0,33.333333333333336,Contrato,"21450,00","6162,86","360,00"
C006079,suburbana,0,34.516129032258064,Contrato,"32570,00","3615,78","260,00"
C006080,suburbana,1,32.30769230769231,Premium,"34830,00","9271,14","430,00"
C006081,rural,0,33.63636363636363,Contrato,"18390,00","3188,30","330,00"
C006082,suburbana,1,36.666666666666664,Prepago,"22060,00","7189,83",
C006083,urbana_premium,0,34.827586206896555,Premium,"34710,00","21604,06","220,00"
C006084,suburbana,0,35.833333333333336,Premium,"22020,00","13002,16","550,00"
C006085,suburbana,0,35.13513513513514,Premium,"31840,00","21760,72","320,00"
C006086,urbana_premium,1,34.44444444444444,Premium,"28430,00","18683,77","-270,00"
C006087,urbana_premium,0,34.44444444444444,Prepago,"40290,00","6959,17","90,00"
C006088,urbana_premium,0,32.10526315789474,Contrato,"18580,00","12569,52","230,00"
C006089,suburbana,1,32.30769230769231,Prepago,"22470,00","7410,56","30,00"
C006090,rural,1,34.5,Contrato,"20040,00","4518,70","560,00"
C006091,suburbana,0,33.829787234042556,Contrato,"42310,00","11532,36","320,00"
C006092,urbana_premium,0,37.94117647058823,Prepago,"20050,00","3638,11","550,00"
C006093,rural,0,31.833333333333332,Prepago,"33120,00","4721,66","320,00"
C006094,urbana_premium,0,35.42857142857143,Prepago,"48220,00","3791,28","220,00"
C006095,urbana_premium,1,34.78260869565217,Premium,"20490,00","30019,48","620,00"
C006096,suburbana,0,32.432432432432435,Prepago,,"2794,20","150,00"
C006097,suburbana,0,33.57142857142857,Contrato,"21530,00","8598,66","390,00"
C006098,suburbana,0,38,Premium,"36410,00","14793,27","520,00"
C006099,suburbana,0,36.470588235294116,Premium,"37170,00","13084,76","200,00"
C006100,urbana_premium,0,40,Premium,"50520,00","18368,92","280,00"
C006101,suburbana,0,30.344827586206897,Prepago,"24410,00","4908,59","200,00"
C006102,rural,0,32.15686274509804,Prepago,"29480,00","2281,71","200,00"
C006103,suburbana,1,,Premium,"51100,00","30448,00","170,00"
C006104,suburbana,0,32.89473684210526,Contrato,"26920,00","7989,97","220,00"
C006105,suburbana,0,35.75757575757576,Contrato,"28140,00","9916,15","230,00"
C006106,urbana_premium,1,35.714285714285715,Premium,"49080,00","14945,28","260,00"
C006107,suburbana,0,33.529411764705884,Premium,"11010,00","7268,69","360,00"
C006108,urbana_premium,1,36,Prepago,"27150,00","6508,29","260,00"
C006109,rural,1,34.473684210526315,Premium,"33030,00","8544,62","290,00"
C006110,urbana_premium,0,34.5,Premium,"40390,00","11190,91","230,00"
C006111,suburbana,0,36.57142857142857,Contrato,"27640,00","9218,91","410,00"
C006112,suburbana,1,33.214285714285715,Contrato,"21440,00","5450,30","330,00"
C006113,urbana_premium,1,35,Premium,"38630,00","19903,88","130,00"
C006114,urbana_premium,0,38,Contrato,"31790,00","24871,91","340,00"
C006115,suburbana,1,36.666666666666664,Premium,"16170,00","12769,47","400,00"
C006116,urbana_premium,0,30.526315789473685,Premium,"60390,00","12401,58","350,00"
C006117,suburbana,0,33,Premium,"23370,00","5485,97","670,00"
C006118,urbana_premium,0,38.5,Premium,"34800,00","16128,91","320,00"
C006119,suburbana,0,34.75,Contrato,"15970,00","4272,39","100,00"
C006120,rural,0,33.333333333333336,Prepago,"19250,00","3484,11","450,00"
C006121,rural,0,31.132075471698112,Premium,"33010,00","6636,18","280,00"
C006122,rural,1,32.5,Prepago,"32160,00","3483,17",
C006123,suburbana,0,36.785714285714285,Contrato,"30070,00","4169,47","660,00"
C006124,suburbana,0,34.5945945945946,Contrato,"23950,00","9755,53","680,00"
C006125,suburbana,1,35.625,Premium,"30080,00","24593,14","140,00"
C006126,suburbana,0,35.925925925925924,Premium,"35580,00","16040,60","300,00"
C006127,urbana_premium,0,38,Premium,"22670,00","20721,54","170,00"
C006128,rural,0,31.132075471698112,Prepago,"25340,00","2334,60","610,00"
C006129,suburbana,0,35.666666666666664,Contrato,"38980,00","5099,64","-670,00"
C006130,urbana_premium,0,34.44444444444444,Prepago,"37480,00","3946,68","1020,00"
C006131,urbana_premium,0,33.6,Premium,"38020,00","14757,97","550,00"
C006132,suburbana,1,35.4,Prepago,"23120,00","4385,07","350,00"
C006133,rural,0,33.48837209302326,Premium,"25760,00","8643,86","450,00"
C006134,urbana_premium,0,37.142857142857146,Premium,"67200,00","9416,86","150,00"
C006135,suburbana,0,33.23529411764706,Prepago,"48770,00","3558,31","210,00"
C006136,urbana_premium,0,36,Premium,"31290,00","14361,78","380,00"
C006137,urbana_premium,0,34.73684210526316,Contrato,"33570,00","15044,71","250,00"
C006138,rural,0,33.18181818181818,Contrato,"37440,00","14516,83","180,00"
C006139,rural,1,28.666666666666668,Prepago,"28590,00","8613,20","740,00"
C006140,suburbana,0,31.93548387096774,Premium,"36450,00","25071,26","20,00"
C006141,rural,0,32.888888888888886,Premium,"12330,00","9064,31","310,00"
C006142,urbana_premium,0,36.81818181818182,Premium,"52720,00","26725,38","300,00"
C006143,suburbana,0,33.46153846153846,Contrato,"27020,00","3897,61","360,00"
C006144,suburbana,0,34.87179487179487,Contrato,"32350,00","8222,78","30,00"
C006145,rural,0,32.765957446808514,Prepago,"18140,00","4247,31","470,00"
C006146,suburbana,1,30,Contrato,"53100,00","13108,55","430,00"
C006147,urbana_premium,0,36.666666666666664,Contrato,"27210,00","13040,35","560,00"
C006148,suburbana,0,35.3125,Premium,"59040,00","23606,40","170,00"
C006149,urbana_premium,0,34.583333333333336,Premium,"38660,00","11347,03","440,00"
C006150,rural,0,30.256410256410255,Contrato,"21890,00","7451,27","50,00"
C006151,urbana_premium,1,,Premium,"28100,00","23085,00","170,00"
C006152,rural,1,31.11111111111111,Prepago,"19330,00","4786,00","70,00"
C006153,suburbana,1,34.11764705882353,Contrato,"27760,00","6733,48","220,00"
C006154,urbana_premium,0,34.516129032258064,Premium,"40130,00","19706,03","210,00"
C006155,suburbana,0,35.490196078431374,Premium,"36000,00","9188,74","220,00"
C006156,suburbana,0,36.21621621621622,Premium,"27710,00","28114,87","370,00"
C006157,suburbana,0,33.18181818181818,Contrato,"35990,00","7526,88","100,00"
C006158,suburbana,0,33.265306122448976,Premium,"45100,00","14914,26","150,00"
C006159,rural,0,33.55555555555556,Premium,"33630,00","8289,51","80,00"
C006160,urbana_premium,0,34.34782608695652,Premium,"47660,00","23715,26","200,00"
C006161,suburbana,0,34.48275862068966,Premium,"35510,00","8405,14",
C006162,suburbana,0,31.29032258064516,Contrato,"20570,00","8877,37","170,00"
C006163,suburbana,0,35.666666666666664,Contrato,"32070,00","10935,78","260,00"
C006164,urbana_premium,0,33.714285714285715,Premium,"26180,00","9744,44","770,00"
C006165,urbana_premium,0,30.8,Premium,"54640,00","15330,46","290,00"
C006166,suburbana,0,33.8235294117647,Contrato,"32980,00","4540,55","320,00"
C006167,urbana_premium,0,34.333333333333336,Prepago,,"4772,21","280,00"
C006168,urbana_premium,0,31.764705882352942,Premium,"57750,00","23623,76","560,00"
C006169,suburbana,0,36.857142857142854,Contrato,"34790,00","15684,14","230,00"
C006170,suburbana,1,32.857142857142854,Premium,"23530,00","7293,00","160,00"
C006171,suburbana,0,32.432432432432435,Premium,"13600,00","11867,74","180,00"
C006172,suburbana,0,33.26086956521739,Premium,"36050,00","7365,03","600,00"
C006173,suburbana,0,34.390243902439025,Prepago,"28110,00","2549,69","170,00"
C006174,suburbana,1,34.285714285714285,Prepago,"39450,00","6495,46","120,00"
C006175,suburbana,0,32.30769230769231,Prepago,"38060,00","3627,44","250,00"
C006176,suburbana,0,36.25,Contrato,"36750,00","16391,50","490,00"
C006177,suburbana,0,31.31578947368421,Contrato,"32500,00","3557,95","210,00"
C006178,suburbana,0,35.95238095238095,Premium,"16680,00","13314,78","350,00"
C006179,suburbana,0,34.31818181818182,Contrato,"46390,00","7673,05","940,00"
C006180,suburbana,0,34.528301886792455,Prepago,"19200,00","3617,69","520,00"
C006181,suburbana,0,35.869565217391305,Prepago,"23770,00","6818,74","310,00"
C006182,suburbana,0,35.16129032258065,Contrato,"26550,00","7527,68","240,00"
C006183,urbana_premium,0,35,Prepago,"38520,00","5366,19","610,00"
C006184,rural,0,32.69230769230769,Premium,"20760,00","11995,62",
C006185,rural,0,31.77777777777778,Premium,"19110,00","17893,75","760,00"
C006186,rural,0,31.48936170212766,Premium,"30750,00","12316,32","430,00"
C006187,rural,1,36.666666666666664,Premium,"14570,00","17545,33","200,00"
C006188,urbana_premium,0,34.074074074074076,Premium,"33110,00","23850,64","230,00"
C006189,suburbana,0,35.86206896551724,Premium,"14310,00","13277,03","500,00"
C006190,rural,0,30.606060606060606,Contrato,"16180,00","13555,86","140,00"
C006191,suburbana,0,32.04081632653061,Prepago,"17250,00","4822,14","190,00"
C006192,urbana_premium,0,37.64705882352941,Premium,"49490,00","20523,22","300,00"
C006193,rural,1,30.526315789473685,Premium,"24780,00","11677,00","160,00"
C006194,urbana_premium,0,35.65217391304348,Contrato,"28840,00","10119,51","130,00"
C006195,suburbana,1,37.142857142857146,Prepago,"9730,00","4499,87","90,00"
C006196,suburbana,0,32.8125,Prepago,"17480,00","1888,08","370,00"
C006197,urbana_premium,1,33.84615384615385,Prepago,"26050,00","5332,18","340,00"
C006198,urbana_premium,1,31.818181818181817,Contrato,"33740,00","9783,80","420,00"
C006199,suburbana,0,31.85185185185185,Premium,"38860,00","13093,78","640,00"
C006200,suburbana,1,37.333333333333336,Premium,"18020,00","17180,00","160,00"
C006201,urbana_premium,0,36,Premium,"23860,00","21169,91","130,00"
C006202,urbana_premium,1,36.25,Premium,"21290,00","15187,25","220,00"
C006203,suburbana,0,31.48148148148148,Premium,"29840,00","8242,58",
C006204,rural,1,28.88888888888889,Contrato,,"10337,00","20,00"
C006205,urbana_premium,0,35.714285714285715,Contrato,"20640,00","9667,03","550,00"
C006206,suburbana,0,37.35294117647059,Premium,"35160,00","12267,28","300,00"
C006207,suburbana,0,31.5,Prepago,"50820,00","4870,39","580,00"
C006208,urbana_premium,0,33.84615384615385,Premium,"39140,00","10934,06","350,00"
C006209,suburbana,0,35.333333333333336,Premium,"26710,00","8341,89","200,00"
C006210,suburbana,0,34.09090909090909,Prepago,"63890,00","2734,67","280,00"
C006211,suburbana,1,44.285714285714285,Contrato,"24840,00","16243,15","260,00"
C006212,urbana_premium,1,31.5,Contrato,"31930,00","7856,56","50,00"
C006213,suburbana,0,35.9375,Contrato,"24710,00","8257,83","1000,00"
C006214,urbana_premium,0,33.80952380952381,Premium,"64720,00","11411,86","690,00"
C006215,urbana_premium,0,35,Premium,"46220,00","21947,67","600,00"
C006216,urbana_premium,0,33.87096774193548,Prepago,"46050,00","5119,81","930,00"
C006217,suburbana,0,33.02325581395349,Prepago,"33420,00","2581,49","110,00"
C006218,suburbana,1,35,Prepago,"25410,00","2697,25","320,00"
C006219,rural,1,31.666666666666668,Prepago,"20730,00","4208,70","350,00"
C006220,suburbana,0,33.714285714285715,Contrato,"21270,00","4571,68","660,00"
C006221,suburbana,0,35,Prepago,"25950,00","2005,20","100,00"
C006222,rural,0,33.68421052631579,Premium,"25630,00","9901,43",
C006223,urbana_premium,0,33.87096774193548,Premium,"35750,00","12124,97","510,00"
C006224,urbana_premium,0,36.15384615384615,Premium,"50810,00","20498,76","700,00"
C006225,urbana_premium,0,31.428571428571427,Contrato,"41960,00","7363,19","150,00"
C006226,urbana_premium,0,32.72727272727273,Premium,"40910,00","21902,20","440,00"
C006227,urbana_premium,0,37.241379310344826,Prepago,"28250,00","4962,00","310,00"
C006228,suburbana,0,34.473684210526315,Premium,,"26561,28","320,00"
C006229,suburbana,0,35.26315789473684,Prepago,"20100,00","2142,75","110,00"
C006230,suburbana,0,33.87096774193548,Premium,"43620,00","12954,32","-660,00"
C006231,urbana_premium,0,34.84848484848485,Premium,"20910,00","13426,45","670,00"
C006232,urbana_premium,1,39.375,Premium,"40910,00","19306,79","650,00"
C006233,urbana_premium,0,36.875,Contrato,"40910,00","10239,89","170,00"
C006234,urbana_premium,0,35.45454545454545,Prepago,"30120,00","5624,94","270,00"
C006235,suburbana,0,36.75675675675676,Contrato,,"4303,97","470,00"
C006236,suburbana,0,34.72222222222222,Premium,"31650,00","6728,32","240,00"
C006237,suburbana,0,34.883720930232556,Prepago,"19900,00","3809,86","70,00"
C006238,rural,0,33.07692307692308,Prepago,"17610,00","3591,62","470,00"
C006239,suburbana,1,35.714285714285715,Prepago,"28440,00","5292,50","110,00"
C006240,urbana_premium,0,37.333333333333336,Contrato,"36920,00","13798,31","420,00"
C006241,suburbana,1,32,Prepago,"18120,00","3452,50","60,00"
C006242,urbana_premium,0,33.46153846153846,Premium,"38320,00","10663,78","390,00"
C006243,suburbana,0,35.526315789473685,Contrato,"30240,00","3803,30","1020,00"
C006244,urbana_premium,0,36.19047619047619,Premium,"52740,00","23712,95","790,00"
C006245,urbana_premium,0,33.333333333333336,Premium,"36890,00","16182,28","460,00"
C006246,suburbana,0,33.333333333333336,Prepago,"25140,00","3709,86","550,00"
C006247,urbana_premium,1,38.57142857142857,Premium,"48620,00","19300,33","210,00"
C006248,urbana_premium,0,36.92307692307692,Premium,"54890,00","14296,78","440,00"
C006249,rural,1,31.19047619047619,Contrato,"13880,00","18319,60","30,00"
C006250,suburbana,0,29.62962962962963,Premium,"24090,00","10839,89","560,00"
C006251,urbana_premium,0,37.89473684210526,Premium,"17720,00","32113,03","550,00"
C006252,rural,1,36,Prepago,"16080,00","2322,00","530,00"
C006253,suburbana,0,33.333333333333336,Premium,"48610,00","7365,75","470,00"
C006254,suburbana,0,33.40425531914894,Prepago,,"4455,56","770,00"
C006255,urbana_premium,0,37,Premium,"43660,00","35295,50","500,00"
C006256,urbana_premium,0,36.8421052631579,Contrato,"42810,00","10758,77","200,00"
C006257,suburbana,0,34.390243902439025,Contrato,"23540,00","7647,14","440,00"
C006258,urbana_premium,0,35.13513513513514,Prepago,"31630,00","5473,00","420,00"
C006259,urbana_premium,0,31,Premium,"60360,00","9414,00","310,00"
C006260,urbana_premium,0,38.333333333333336,Contrato,"51580,00","19858,66","390,00"
C006261,urbana_premium,1,34,Premium,"81120,00","12197,67","160,00"
C006262,urbana_premium,0,40.27777777777778,Prepago,"15160,00","11039,36","150,00"
C006263,rural,0,32.53521126760563,Prepago,"27110,00","6614,56","180,00"
C006264,suburbana,0,34.651162790697676,Premium,"12530,00","15832,66","470,00"
C006265,suburbana,0,35.357142857142854,Prepago,"28450,00","2776,38","60,00"
C006266,suburbana,0,33.68421052631579,Prepago,"26680,00","4111,84","1160,00"
C006267,suburbana,0,33.75,Premium,"19300,00","15494,75","1040,00"
C006268,urbana_premium,1,37.6,Contrato,"29940,00","5387,29","-200,00"
C006269,suburbana,0,36.95652173913044,Contrato,"25950,00","3635,94","270,00"
C006270,suburbana,1,36.36363636363637,Premium,"33570,00","18207,75","460,00"
C006271,urbana_premium,1,36.111111111111114,Contrato,"24760,00","10053,55","160,00"
C006272,rural,1,30.967741935483872,Prepago,"17330,00","4429,37","240,00"
C006273,urbana_premium,0,35.9375,Premium,"44360,00","22436,37","480,00"
C006274,suburbana,0,36.388888888888886,Prepago,"37050,00","2288,25","350,00"
C006275,suburbana,0,35.45454545454545,Premium,"72310,00","6673,17","150,00"
C006276,rural,1,31.666666666666668,Prepago,"23790,00","6391,25","560,00"
C006277,rural,0,34.827586206896555,Prepago,"27990,00","7636,95","930,00"
C006278,rural,0,34.130434782608695,Premium,"20730,00","13868,81","540,00"
C006279,urbana_premium,0,34.84848484848485,Premium,"60400,00","14139,74","260,00"
C006280,rural,1,32.5,Prepago,"16180,00","1702,89","190,00"
C006281,urbana_premium,0,34.32432432432432,Contrato,"36110,00","15051,73","200,00"
C006282,urbana_premium,0,35.88235294117647,Premium,"40360,00","27947,68","-420,00"
C006283,suburbana,0,32.05128205128205,Prepago,"34160,00","4640,35","390,00"
C006284,suburbana,0,32.94117647058823,Prepago,"39950,00","9080,67","430,00"
C006285,suburbana,1,32.857142857142854,Premium,"26810,00","7930,73","580,00"
C006286,suburbana,0,34.86486486486486,Premium,"39350,00","5607,33","1200,00"
C006287,urbana_premium,0,36.81818181818182,Premium,,"25338,49","520,00"
C006288,urbana_premium,0,38.888888888888886,Premium,"40370,00","20315,65","160,00"
C006289,suburbana,1,36.666666666666664,Prepago,"14870,00","5016,25","40,00"
C006290,urbana_premium,0,35.714285714285715,Premium,"34150,00","12297,78","70,00"
C006291,rural,0,34.42307692307692,Prepago,"53790,00","1807,81","300,00"
C006292,urbana_premium,0,37.03703703703704,Contrato,"40570,00","12333,91","230,00"
C006293,urbana_premium,0,37.2093023255814,Prepago,,"5061,89","130,00"
C006294,suburbana,0,34.89795918367347,Prepago,"34470,00","2210,71","30,00"
C006295,urbana_premium,0,35,Premium,"36350,00","19718,88","680,00"
C006296,urbana_premium,0,38.57142857142857,Contrato,"24930,00","10686,89","230,00"
C006297,urbana_premium,0,29.583333333333332,Prepago,"19380,00","6616,86","760,00"
C006298,suburbana,0,37.30769230769231,Premium,,"6241,76","340,00"
C006299,urbana_premium,0,36.12903225806452,Contrato,"34530,00","9798,05","180,00"
C006300,urbana_premium,0,33.333333333333336,Prepago,"33820,00","4829,38","150,00"
C006301,rural,0,32.38095238095238,Prepago,"30120,00","6563,42","130,00"
C006302,urbana_premium,0,35,Prepago,,"3407,89","360,00"
C006303,suburbana,0,35.75757575757576,Contrato,"37360,00","3487,64","140,00"
C006304,urbana_premium,0,35.625,Contrato,"33090,00","19314,75","300,00"
C006305,rural,0,33.333333333333336,Premium,"23660,00","32893,89","870,00"
C006306,suburbana,0,31.333333333333332,Premium,"42790,00","8368,67","150,00"
C006307,suburbana,0,33.63636363636363,Premium,"39600,00","6607,54","180,00"
C006308,suburbana,0,34,Premium,"35630,00","13782,97","230,00"
C006309,suburbana,0,32.7906976744186,Prepago,"24580,00","3774,03","330,00"
C006310,suburbana,0,32.35294117647059,Premium,"42850,00","12232,41","270,00"
C006311,urbana_premium,1,35.714285714285715,Premium,"61290,00","20359,55","340,00"
C006312,suburbana,0,36,Contrato,"39720,00","3878,40","650,00"
C006313,urbana_premium,0,35.15151515151515,Contrato,"107230,00","8725,69","180,00"
C006314,urbana_premium,0,35.45454545454545,Premium,"49750,00","39419,14","170,00"
C006315,suburbana,0,33.888888888888886,Prepago,"44540,00","2410,03","230,00"
C006316,urbana_premium,0,32,Premium,"47900,00","15625,80","500,00"
C006317,suburbana,1,35,Contrato,"28490,00","5526,52","130,00"
C006318,suburbana,1,35,Premium,"19750,00","17099,90","40,00"
C006319,urbana_premium,0,34.583333333333336,Premium,"29240,00","25862,89","1200,00"
C006320,urbana_premium,0,35,Premium,"29350,00","25812,34","230,00"
C006321,urbana_premium,0,35.23809523809524,Premium,"25070,00","25321,31","400,00"
C006322,suburbana,0,34.31818181818182,Prepago,"26960,00","2340,24","320,00"
C006323,suburbana,0,35.588235294117645,Contrato,"29840,00","7260,09","250,00"
C006324,urbana_premium,0,36.333333333333336,Premium,"58080,00","25463,71","100,00"
C006325,urbana_premium,1,33.47826086956522,Prepago,"25100,00","5252,47","170,00"
C006326,rural,0,32.54237288135593,Contrato,"31720,00","16590,75","400,00"
C006327,suburbana,0,33.47826086956522,Premium,"32740,00","13334,86","130,00"
C006328,urbana_premium,0,39.583333333333336,Premium,"43670,00","21642,65","760,00"
C006329,rural,1,31.904761904761905,Contrato,"22450,00","4654,79","180,00"
C006330,urbana_premium,0,34.57142857142857,Premium,"79600,00","17987,66","430,00"
C006331,suburbana,0,35.23809523809524,Prepago,"22640,00","3653,26","780,00"
C006332,urbana_premium,0,36.42857142857143,Prepago,"31480,00","5419,89","70,00"
C006333,urbana_premium,0,36.57142857142857,Prepago,"39890,00","5290,74","170,00"
C006334,urbana_premium,0,34.166666666666664,Premium,"43960,00","24555,83","300,00"
C006335,rural,0,32.6,Contrato,"25120,00","5313,67","220,00"
C006336,suburbana,0,31.53846153846154,Premium,"29290,00","22543,30","200,00"
C006337,suburbana,0,31.724137931034484,Premium,"35840,00","7323,48","410,00"
C006338,suburbana,1,31.25,Contrato,"36800,00","8025,33","360,00"
C006339,urbana_premium,0,36.07142857142857,Premium,"37760,00","11506,86","330,00"
C006340,rural,0,33.26923076923077,Prepago,"44150,00","2479,74","500,00"
C006341,urbana_premium,0,36,Premium,"44670,00","30908,34","100,00"
C006342,urbana_premium,0,34.34782608695652,Premium,"34760,00","13424,06","370,00"
C006343,urbana_premium,0,34.857142857142854,Premium,"59150,00","15204,94","350,00"
C006344,suburbana,0,34.54545454545455,Prepago,"14650,00","3764,16","90,00"
C006345,urbana_premium,1,33.125,Prepago,"25820,00","4559,92","150,00"
C006346,suburbana,0,32.608695652173914,Premium,"27760,00","11300,17","250,00"
C006347,urbana_premium,0,34.61538461538461,Contrato,,"11105,06","100,00"
C006348,rural,1,31.666666666666668,Prepago,"30750,00","3539,43","340,00"
C006349,urbana_premium,0,33.2,Premium,"50100,00","22070,56","230,00"
C006350,suburbana,0,35.333333333333336,Premium,"52760,00","8700,94","560,00"
C006351,urbana_premium,0,38,Contrato,"31270,00","10875,89","500,00"
C006352,urbana_premium,0,32.972972972972975,Premium,"46690,00","18656,38","690,00"
C006353,urbana_premium,0,32.142857142857146,Premium,"59900,00","12503,58",
C006354,suburbana,1,35,Premium,"31550,00","35292,50","30,00"
C006355,urbana_premium,0,36.52173913043478,Prepago,,"5564,14","110,00"
C006356,urbana_premium,0,32.30769230769231,Premium,"36960,00","17526,13","310,00"
C006357,suburbana,0,35.3125,Premium,"47230,00","6085,60","230,00"
C006358,urbana_premium,0,35,Contrato,"29330,00","9054,67","410,00"
C006359,urbana_premium,0,35.416666666666664,Prepago,"22240,00","6335,06","220,00"
C006360,urbana_premium,0,36.15384615384615,Premium,"33520,00","35455,71","470,00"
C006361,suburbana,0,32.10526315789474,Contrato,"28910,00","7818,56","100,00"
C006362,suburbana,1,34.285714285714285,Premium,"34740,00","7928,00","360,00"
C006363,suburbana,1,35,Premium,"34910,00","6394,36","190,00"
C006364,urbana_premium,0,36.875,Prepago,"29860,00","4860,33","180,00"
C006365,urbana_premium,0,38.63636363636363,Contrato,"26990,00","14311,18","180,00"
C006366,suburbana,0,33.333333333333336,Premium,"52670,00","6166,06","110,00"
C006367,suburbana,0,34.61538461538461,Contrato,"28410,00","3368,89","490,00"
C006368,rural,0,35.43478260869565,Contrato,"19650,00","8569,51",
C006369,suburbana,0,34.18604651162791,Prepago,"33330,00","5060,08","50,00"
C006370,suburbana,0,35,Prepago,"21230,00","7438,76","90,00"
C006371,urbana_premium,1,34.5,Prepago,"29800,00","5453,89","300,00"
C006372,rural,1,32.22222222222222,Premium,"30630,00","14603,38","350,00"
C006373,suburbana,0,32.391304347826086,Prepago,"20900,00","5072,64","120,00"
C006374,suburbana,1,33,Prepago,"18720,00","2538,22","130,00"
C006375,urbana_premium,0,36,Premium,"33800,00","10655,91","-350,00"
C006376,rural,0,32.17391304347826,Premium,"25420,00","5064,76","620,00"
C006377,urbana_premium,0,35.23809523809524,Premium,"61930,00","23107,97","100,00"
C006378,urbana_premium,0,38.064516129032256,Premium,"43120,00","11891,44","440,00"
C006379,urbana_premium,0,36,Prepago,"45850,00","4561,50","380,00"
C006380,urbana_premium,0,36.666666666666664,Premium,"26760,00","14966,28","200,00"
C006381,suburbana,0,34.73684210526316,Prepago,"31820,00","2126,54","330,00"
C006382,urbana_premium,0,38.214285714285715,Contrato,"25870,00","7625,83","580,00"
C006383,rural,0,33.02325581395349,Contrato,"31980,00","12796,70","350,00"
C006384,urbana_premium,0,37.8125,Contrato,"39830,00","8348,94","1200,00"
C006385,urbana_premium,0,35.625,Premium,"37590,00","26222,81","930,00"
C006386,urbana_premium,0,36.666666666666664,Prepago,"45690,00","6206,94","160,00"
C006387,urbana_premium,1,32.666666666666664,Contrato,"32240,00","14885,06","100,00"
C006388,urbana_premium,0,34.583333333333336,Premium,"32300,00","16611,47","-840,00"
C006389,suburbana,1,31.904761904761905,Prepago,"21370,00","2676,00","480,00"
C006390,rural,0,33.45454545454545,Contrato,"43300,00","5214,19","420,00"
C006391,urbana_premium,0,39.5,Premium,"35340,00","24684,66","200,00"
C006392,suburbana,1,30,Premium,"26690,00","10049,61","80,00"
C006393,suburbana,0,31.48148148148148,Premium,"38000,00","14583,00","420,00"
C006394,urbana_premium,1,32.857142857142854,Prepago,"38430,00","5689,62","190,00"
C006395,urbana_premium,0,35.483870967741936,Prepago,"16980,00","5627,69","330,00"
C006396,urbana_premium,0,37.27272727272727,Premium,"77700,00","15584,03","640,00"
C006397,urbana_premium,0,35.2,Premium,"32360,00","20666,17","270,00"
C006398,urbana_premium,0,34.193548387096776,Premium,"28530,00","19420,56","440,00"
C006399,suburbana,0,31.5625,Premium,,"11808,28","400,00"
C006400,urbana_premium,0,37.142857142857146,Premium,"31950,00","12820,41","530,00"
C006401,urbana_premium,0,34.84848484848485,Prepago,"32170,00","5374,23","170,00"
C006402,rural,0,30.81081081081081,Premium,"24180,00","14233,89","170,00"
C006403,rural,0,33.58490566037736,Prepago,"12110,00","4287,14","270,00"
C006404,suburbana,1,35.55555555555556,Contrato,"38550,00","7747,80","90,00"
C006405,rural,0,32.96296296296296,Premium,"32420,00","16171,05","490,00"
C006406,rural,0,31.53846153846154,Contrato,"12850,00","3759,76","1140,00"
C006407,urbana_premium,0,37.30769230769231,Prepago,"44890,00","3346,57","170,00"
C006408,rural,1,35.833333333333336,Contrato,,"4038,89","330,00"
C006409,suburbana,0,36.666666666666664,Prepago,"25570,00","4431,41","640,00"
C006410,rural,0,33.63636363636363,Premium,"26260,00","5195,66","190,00"
C006411,suburbana,0,36.25,Premium,"40370,00","9852,95","220,00"
C006412,urbana_premium,0,35,Premium,"42980,00","12955,03","650,00"
C006413,suburbana,1,34.705882352941174,Prepago,"18330,00","5240,21","160,00"
C006414,urbana_premium,1,39.473684210526315,Premium,"39150,00","24667,93","350,00"
C006415,suburbana,0,34.285714285714285,Premium,"35380,00","17033,00","440,00"
C006416,urbana_premium,0,34.34782608695652,Premium,"29210,00","16440,38","300,00"
C006417,suburbana,1,32.25,Premium,"22170,00","17131,08","190,00"
C006418,rural,0,32.5,Premium,"22640,00","7889,18","770,00"
C006419,urbana_premium,0,38.18181818181818,Premium,"46790,00","19055,14","110,00"
C006420,suburbana,0,33.63636363636363,Premium,"24450,00","7394,97",
C006421,suburbana,1,35,Prepago,"32430,00","4884,40","120,00"
C006422,suburbana,0,33.95348837209303,Premium,"19180,00","7454,50","350,00"
C006423,rural,0,32.131147540983605,Premium,"25520,00","11879,44","620,00"
C006424,urbana_premium,1,35,Premium,"20230,00","22245,14","190,00"
C006425,suburbana,0,35.43478260869565,Premium,"33220,00","8884,50","450,00"
C006426,suburbana,0,32.5,Premium,"40580,00","12225,43","960,00"
C006427,urbana_premium,0,34.285714285714285,Premium,"36100,00","11703,97","210,00"
C006428,suburbana,0,31.28205128205128,Premium,"36230,00","11966,43","290,00"
C006429,urbana_premium,1,31.666666666666668,Premium,"41710,00","9536,21","120,00"
C006430,urbana_premium,0,39.411764705882355,Contrato,"23640,00","8862,41","100,00"
C006431,suburbana,1,34.074074074074076,Premium,"19720,00","19632,18","110,00"
C006432,suburbana,0,34,Prepago,"26260,00","6378,50","180,00"
C006433,urbana_premium,1,36,Contrato,"36340,00","9494,00","410,00"
C006434,urbana_premium,0,39.285714285714285,Contrato,"29110,00","11708,94","410,00"
C006435,urbana_premium,0,35,Premium,"24970,00","21067,61","280,00"
C006436,suburbana,1,35.588235294117645,Prepago,"10970,00","4050,32","310,00"
C006437,urbana_premium,1,35,Contrato,"68760,00","10084,36","580,00"
C006438,suburbana,0,30,Premium,"54130,00","8873,60","360,00"
C006439,suburbana,0,32.94117647058823,Contrato,"22180,00","5189,57","90,00"
C006440,urbana_premium,1,37.5,Contrato,"23120,00","13441,11",
C006441,urbana_premium,0,32.8125,Prepago,"63690,00","4593,63","1200,00"
C006442,urbana_premium,0,35.51724137931034,Premium,"18230,00","18084,50","290,00"
C006443,suburbana,0,35.9375,Premium,"42720,00","13198,58","380,00"
C006444,urbana_premium,0,35.925925925925924,Contrato,"47830,00","20385,37","60,00"
C006445,urbana_premium,0,37,Premium,"33870,00","13830,03","130,00"
C006446,urbana_premium,0,36,Premium,"62330,00","16575,75","470,00"
C006447,suburbana,1,34,Contrato,"23660,00","9893,40","60,00"
C006448,urbana_premium,1,39.166666666666664,Contrato,"51370,00","8443,63","310,00"
C006449,suburbana,0,35,Premium,"27320,00","6289,14","540,00"
C006450,urbana_premium,0,37.878787878787875,Prepago,"25000,00","6098,50","210,00"
C006451,urbana_premium,0,36.8421052631579,Contrato,"78240,00","11111,17","440,00"
C006452,urbana_premium,0,37.27272727272727,Premium,"29870,00","18241,72","470,00"
C006453,urbana_premium,1,34.285714285714285,Premium,"32940,00","14445,80","300,00"
C006454,urbana_premium,0,37.142857142857146,Premium,"50880,00","17766,19","200,00"
C006455,rural,1,31.25,Contrato,"35840,00","2931,50","80,00"
C006456,rural,1,32.72727272727273,Prepago,"14630,00","3044,77","170,00"
C006457,urbana_premium,0,33.888888888888886,Premium,"63380,00","19764,05","290,00"
C006458,rural,0,33.55555555555556,Prepago,"23160,00","2106,57","230,00"
C006459,urbana_premium,0,38.125,Prepago,"37120,00","11259,17","480,00"
C006460,suburbana,0,36.25,Premium,"28110,00","7291,29","250,00"
C006461,urbana_premium,0,35.75757575757576,Premium,"38050,00","10416,21","300,00"
C006462,rural,0,33.25,Premium,"13450,00","7025,51","600,00"
C006463,rural,1,31.304347826086957,Premium,"26770,00","5665,38","420,00"
C006464,urbana_premium,0,36.111111111111114,Premium,"41110,00","20826,81","420,00"
C006465,suburbana,0,34.72222222222222,Prepago,"26210,00","2245,64","330,00"
C006466,suburbana,0,36,Prepago,"32030,00","4396,67",
C006467,urbana_premium,0,35.65217391304348,Contrato,"35620,00","7611,03","540,00"
C006468,rural,0,33.57142857142857,Contrato,"22620,00","4295,97","40,00"
C006469,urbana_premium,0,33.18181818181818,Premium,"44300,00","15177,77","300,00"
C006470,suburbana,0,33.421052631578945,Premium,"27540,00","6472,39","370,00"
C006471,rural,0,32.666666666666664,Prepago,"17690,00","2426,31","440,00"
C006472,urbana_premium,0,32.22222222222222,Premium,"49920,00","25015,63","260,00"
C006473,suburbana,0,36.15384615384615,Prepago,,"4023,09","50,00"
C006474,urbana_premium,0,36.1764705882353,Contrato,,"11147,34","130,00"
C006475,urbana_premium,0,32.22222222222222,Premium,"33940,00","25453,09","300,00"
C006476,suburbana,0,34.705882352941174,Contrato,"40500,00","4287,91","300,00"
C006477,urbana_premium,1,35,Prepago,"63310,00","7323,75","270,00"
C006478,suburbana,0,35.26315789473684,Contrato,"29200,00","7651,12","50,00"
C006479,urbana_premium,0,36.1764705882353,Contrato,"51940,00","9798,95","630,00"
C006480,suburbana,0,32.1875,Prepago,"37170,00","4615,37","150,00"
C006481,urbana_premium,0,38.421052631578945,Premium,"40810,00","20840,00","110,00"
C006482,urbana_premium,0,38.857142857142854,Premium,"47270,00","16071,56","240,00"
C006483,urbana_premium,0,33.513513513513516,Premium,"34700,00","15754,50","190,00"
C006484,rural,0,34.107142857142854,Prepago,"41240,00","9328,38","550,00"
C006485,suburbana,0,36.75,Prepago,"30700,00","6097,33","290,00"
C006486,urbana_premium,0,34.23076923076923,Premium,"29640,00","32660,72","320,00"
C006487,urbana_premium,0,32.083333333333336,Premium,"32880,00","11991,50","90,00"
C006488,rural,0,34.146341463414636,Contrato,"31670,00","9895,41","450,00"
C006489,suburbana,0,37.05882352941177,Contrato,"21600,00","8094,58","660,00"
C006490,suburbana,0,31.85185185185185,Premium,"57800,00","11566,22","670,00"
C006491,urbana_premium,0,33.333333333333336,Premium,"60450,00","21663,86","320,00"
C006492,rural,0,32.5,Premium,"15090,00","11132,26","710,00"
C006493,suburbana,0,32.36842105263158,Premium,"39080,00","15468,54","850,00"
C006494,urbana_premium,0,34.285714285714285,Prepago,"27280,00","3648,06","80,00"
C006495,suburbana,0,35,Premium,"22270,00","25377,69","290,00"
C006496,rural,1,34,Prepago,,"7825,67",
C006497,suburbana,0,38.44444444444444,Prepago,"22990,00","1982,30",
C006498,urbana_premium,0,33.793103448275865,Premium,"49340,00","31478,22","320,00"
C006499,suburbana,0,36.96969696969697,Premium,"32580,00","7323,03","460,00"
C006500,urbana_premium,0,34.8,Premium,"44380,00","18914,03","130,00"
C006501,urbana_premium,0,38.57142857142857,Prepago,"38320,00","7280,03","160,00"
C006502,suburbana,0,34.857142857142854,Contrato,"24780,00","4989,68","580,00"
C006503,urbana_premium,1,35.416666666666664,Premium,"31900,00","15819,45","480,00"
C006504,urbana_premium,0,38.333333333333336,Premium,"56360,00","15317,19","730,00"
C006505,urbana_premium,0,32.916666666666664,Prepago,"33880,00","3716,54","390,00"
C006506,suburbana,1,31,Premium,"48580,00","6898,91","110,00"
C006507,urbana_premium,0,35.38461538461539,Prepago,"30640,00","5205,43","220,00"
C006508,suburbana,1,37.142857142857146,Prepago,"30290,00","10340,00","160,00"
C006509,urbana_premium,0,35.6,Premium,"42650,00","11903,42","160,00"
C006510,urbana_premium,0,33.44827586206897,Premium,"57890,00","17784,89","180,00"
C006511,urbana_premium,0,34.5,Premium,"53740,00","9738,74","470,00"
C006512,urbana_premium,0,35,Premium,"42620,00","16703,44","260,00"
C006513,urbana_premium,0,35,Premium,"39290,00","14339,00","240,00"
C006514,urbana_premium,0,34,Premium,"27850,00","13260,94","630,00"
C006515,urbana_premium,1,38,Premium,"35780,00","15825,32","300,00"
C006516,urbana_premium,0,36.785714285714285,Premium,"84500,00","12559,14","670,00"
C006517,rural,0,32,Contrato,"16600,00","7882,26","160,00"
C006518,suburbana,0,37.5,Premium,"24480,00","27674,61","510,00"
C006519,rural,1,27.272727272727273,Premium,,"12749,57","540,00"
C006520,urbana_premium,0,35.111111111111114,Prepago,"29470,00","4877,75","220,00"
C006521,urbana_premium,0,34.73684210526316,Prepago,"25300,00","3694,55","280,00"
C006522,suburbana,0,31.5625,Prepago,"19410,00","9685,26","470,00"
C006523,suburbana,0,34.5,Contrato,"33380,00","6170,11","330,00"
C006524,rural,0,29.636363636363637,Prepago,"29980,00","6782,51","660,00"
C006525,suburbana,0,34,Contrato,"33730,00","10079,29","260,00"
C006526,suburbana,0,33.7037037037037,Contrato,"20850,00","7756,29","60,00"
C006527,urbana_premium,0,32.42424242424242,Contrato,"21230,00","8206,89","240,00"
C006528,suburbana,0,36.4,Premium,"14570,00","7245,46","370,00"
C006529,urbana_premium,0,35.23809523809524,Premium,"24980,00","17429,36","110,00"
C006530,suburbana,0,32.64150943396226,Prepago,"20820,00","2692,80","50,00"
C006531,urbana_premium,0,33.2,Premium,"32600,00","17250,47","340,00"
C006532,suburbana,0,35.833333333333336,Contrato,"32680,00","7968,51","160,00"
C006533,suburbana,0,38.888888888888886,Contrato,"26040,00","6756,94","320,00"
C006534,rural,0,30.357142857142858,Premium,"40420,00","15808,95","220,00"
C006535,suburbana,0,34.21052631578947,Premium,"66830,00","7945,56","310,00"
C006536,urbana_premium,0,36.285714285714285,Premium,"36880,00","12013,03","150,00"
C006537,urbana_premium,0,36.52173913043478,Premium,"19590,00","9880,92","90,00"
C006538,urbana_premium,0,33.57142857142857,Premium,"31720,00","15359,19","210,00"
C006539,urbana_premium,0,36,Premium,"34860,00","31455,40",
C006540,rural,1,33.220338983050844,Premium,"29520,00","6578,76","130,00"
C006541,urbana_premium,0,34.34782608695652,Premium,"23980,00","12096,82","200,00"
C006542,urbana_premium,0,33.5,Contrato,"21690,00","8895,88","260,00"
C006543,urbana_premium,0,37.142857142857146,Premium,"41950,00","14910,03","210,00"
C006544,suburbana,0,37.77777777777778,Contrato,"24620,00","8283,31","90,00"
C006545,urbana_premium,0,36.470588235294116,Premium,,"13674,09","210,00"
C006546,suburbana,1,,Premium,"21910,00","12494,00","170,00"
C006547,suburbana,0,35.416666666666664,Premium,"25880,00","25417,00","350,00"
C006548,suburbana,0,33.793103448275865,Prepago,"31960,00","2877,97","130,00"
C006549,rural,1,31.666666666666668,Prepago,"10010,00","2206,00","340,00"
C006550,urbana_premium,1,32.30769230769231,Premium,"38500,00","39506,00","400,00"
C006551,suburbana,0,33.166666666666664,Premium,"37920,00","21648,23","540,00"
C006552,urbana_premium,0,36.206896551724135,Prepago,"44760,00","10169,05","40,00"
C006553,suburbana,0,32.857142857142854,Premium,"62320,00","16828,83","940,00"
C006554,suburbana,0,36.27906976744186,Premium,"25580,00","13223,75","170,00"
C006555,urbana_premium,0,39.411764705882355,Contrato,"37050,00","8036,24","610,00"
C006556,suburbana,1,30,Premium,"46550,00","14726,29","250,00"
C006557,suburbana,0,36.206896551724135,Contrato,"30380,00","5464,29","220,00"
C006558,urbana_premium,0,36.111111111111114,Premium,"64830,00","19511,08","420,00"
C006559,urbana_premium,0,34.75,Prepago,"50940,00","4995,08","250,00"
C006560,urbana_premium,0,34.666666666666664,Contrato,"40250,00","13468,94","620,00"
C006561,suburbana,1,36.111111111111114,Contrato,"29690,00","8450,13","760,00"
C006562,suburbana,1,37.2972972972973,Prepago,"27460,00","5815,63","160,00"
C006563,urbana_premium,0,34.09090909090909,Premium,"37810,00","15877,03","670,00"
C006564,urbana_premium,1,37.6,Contrato,"28470,00","12231,13","50,00"
C006565,suburbana,0,35.609756097560975,Contrato,"37790,00","7490,92","260,00"
C006566,suburbana,0,34.8780487804878,Premium,"58260,00","6270,05","370,00"
C006567,urbana_premium,0,37.096774193548384,Premium,"20300,00","12802,79","210,00"
C006568,urbana_premium,0,35.357142857142854,Premium,"57830,00","23046,17","170,00"
C006569,rural,1,32.83018867924528,Prepago,"25270,00","4419,10","110,00"
C006570,urbana_premium,0,36.07142857142857,Premium,"55170,00","12397,58","310,00"
C006571,suburbana,1,28.88888888888889,Contrato,"24270,00","8957,94","250,00"
C006572,suburbana,0,32.61904761904762,Premium,"27980,00","32823,17","170,00"
C006573,suburbana,0,31.363636363636363,Premium,"46420,00","5636,97","140,00"
C006574,urbana_premium,0,37.27272727272727,Premium,"37620,00","14017,63","390,00"
C006575,suburbana,0,33.225806451612904,Premium,"39790,00","33924,17","580,00"
C006576,suburbana,1,36.15384615384615,Premium,"24260,00","7751,36","360,00"
C006577,suburbana,1,36.666666666666664,Premium,"27810,00","15306,15","490,00"
C006578,urbana_premium,0,36.89655172413793,Premium,"45750,00","9811,16","310,00"
C006579,urbana_premium,1,37.69230769230769,Premium,"44100,00","14311,18","180,00"
C006580,urbana_premium,0,37.89473684210526,Premium,"51120,00","13149,34","200,00"
C006581,urbana_premium,0,35.5,Contrato,"33970,00","6305,31","230,00"
C006582,urbana_premium,0,36.4,Premium,"38280,00","23921,06","430,00"
C006583,urbana_premium,1,40,Premium,"53730,00","21545,00","260,00"
C006584,urbana_premium,0,35.21739130434783,Premium,"63420,00","18741,26","150,00"
C006585,urbana_premium,1,31.25,Contrato,"28540,00","9946,29","210,00"
C006586,urbana_premium,0,32.25806451612903,Prepago,"58010,00","6151,26","210,00"
C006587,rural,1,34.44444444444444,Contrato,"17740,00","4738,04","470,00"
C006588,urbana_premium,0,35.6,Premium,"41160,00","16085,09","120,00"
C006589,suburbana,0,33.75,Premium,"32900,00","18077,18","200,00"
C006590,urbana_premium,0,36.07142857142857,Contrato,"32270,00","13680,73","230,00"
C006591,urbana_premium,0,38.421052631578945,Premium,"35970,00","37837,00","70,00"
C006592,suburbana,1,38.57142857142857,Prepago,"16050,00","1206,00","110,00"
C006593,suburbana,0,35,Prepago,"38420,00","2352,74","90,00"
C006594,urbana_premium,0,36.666666666666664,Contrato,"34730,00","7143,35","430,00"
C006595,suburbana,0,35.68181818181818,Prepago,"29380,00","2776,05","110,00"
C006596,suburbana,1,34,Prepago,"24400,00","6686,60","390,00"
C006597,urbana_premium,0,35.16129032258065,Contrato,"49390,00","10170,83","1200,00"
C006598,urbana_premium,0,35.142857142857146,Premium,"40840,00","26724,69","530,00"
C006599,suburbana,0,34.54545454545455,Prepago,"19940,00","2090,14","420,00"
C006600,suburbana,0,34.705882352941174,Premium,"28660,00","14025,83","780,00"
C006601,suburbana,1,34.4,Contrato,"20750,00","4616,48","540,00"
C006602,urbana_premium,0,37.42857142857143,Prepago,"38550,00","4823,62","500,00"
C006603,urbana_premium,0,35.588235294117645,Premium,"48610,00","16617,11","240,00"
C006604,urbana_premium,0,33.214285714285715,Premium,"40950,00","25100,36","300,00"
C006605,rural,0,34.130434782608695,Prepago,"27030,00","4725,66","180,00"
C006606,suburbana,0,34.166666666666664,Prepago,"43160,00","2237,17","400,00"
C006607,suburbana,0,33.421052631578945,Prepago,"22380,00","7285,39","30,00"
C006608,rural,0,31.20689655172414,Premium,"19910,00","8786,29","380,00"
C006609,urbana_premium,0,37.77777777777778,Prepago,"20390,00","11724,33","530,00"
C006610,rural,0,34.21052631578947,Contrato,"20330,00","5406,68","150,00"
C006611,rural,0,35.82089552238806,Prepago,"18730,00","4986,71","130,00"
C006612,urbana_premium,0,37.407407407407405,Premium,"48120,00","33634,03","310,00"
C006613,urbana_premium,0,33.23529411764706,Prepago,"44980,00","6589,70","370,00"
C006614,urbana_premium,0,34.83870967741935,Premium,"64720,00","18155,32","80,00"
C006615,suburbana,0,33.793103448275865,Premium,"25010,00","24767,94","350,00"
C006616,urbana_premium,0,34.44444444444444,Premium,"43980,00","22202,28","480,00"
C006617,suburbana,0,36.42857142857143,Premium,,"8285,77","490,00"
C006618,suburbana,0,34.857142857142854,Contrato,"66470,00","4942,24","80,00"
C006619,urbana_premium,0,36.2962962962963,Premium,"44580,00","33761,86","90,00"
C006620,urbana_premium,0,35.65217391304348,Premium,"37640,00","14439,37","240,00"
C006621,urbana_premium,0,34.6875,Contrato,"40000,00","12154,22","550,00"
C006622,urbana_premium,0,37,Premium,"45050,00","25633,54","300,00"
C006623,rural,1,36.25,Premium,,"6719,75","360,00"
C006624,suburbana,1,36.5625,Premium,"25680,00","24307,70","290,00"
C006625,rural,1,32.63157894736842,Contrato,"18100,00","5581,36","50,00"
C006626,urbana_premium,0,34.285714285714285,Premium,"95820,00","13911,45","440,00"
C006627,suburbana,1,32.666666666666664,Contrato,"20090,00","6581,50","680,00"
C006628,urbana_premium,0,37.72727272727273,Premium,"51640,00","27664,00","140,00"
C006629,rural,0,35.357142857142854,Prepago,"26860,00","1816,57","400,00"
C006630,suburbana,0,28.70967741935484,Premium,"33370,00","12393,81","1010,00"
C006631,suburbana,0,35,Prepago,"19400,00","6657,91","820,00"
C006632,rural,0,33.13725490196079,Prepago,"59920,00","8161,56","150,00"
C006633,urbana_premium,0,38.421052631578945,Premium,"40710,00","16546,71","380,00"
C006634,urbana_premium,0,37.5,Premium,"31960,00","21227,40","260,00"
C006635,urbana_premium,0,36.19047619047619,Premium,"24030,00","14941,83","440,00"
C006636,urbana_premium,0,36.388888888888886,Prepago,"18940,00","8468,76","420,00"
C006637,urbana_premium,0,33.63636363636363,Prepago,"48970,00","8735,91","260,00"
C006638,suburbana,0,34.73684210526316,Contrato,"22230,00","5103,13","110,00"
C006639,urbana_premium,0,38.57142857142857,Premium,"34850,00","11749,09","490,00"
C006640,suburbana,1,39.333333333333336,Premium,"24140,00","8387,64","220,00"
C006641,suburbana,0,37.05882352941177,Premium,"35980,00","6373,11","200,00"
C006642,urbana_premium,0,35.65217391304348,Premium,"43870,00","32032,81","260,00"
C006643,rural,1,33.07692307692308,Premium,"30210,00","31561,12","700,00"
C006644,suburbana,0,37.3469387755102,Premium,"39310,00","7722,25","110,00"
C006645,suburbana,0,34.375,Premium,"23200,00","11772,94","280,00"
C006646,suburbana,0,31.666666666666668,Contrato,"18610,00","8725,31","100,00"
C006647,suburbana,0,34.77272727272727,Prepago,"28300,00","2795,85","150,00"
C006648,suburbana,0,35.88235294117647,Premium,"35730,00","14698,54",
C006649,urbana_premium,1,34.285714285714285,Premium,"39750,00","10351,14","-190,00"
C006650,suburbana,0,32.35294117647059,Prepago,"15500,00","7891,39","60,00"
C006651,rural,0,32,Premium,"23690,00","5474,28","250,00"
C006652,suburbana,0,36.31578947368421,Prepago,"21000,00","3915,79","210,00"
C006653,rural,0,30,Premium,"23400,00","7603,51","280,00"
C006654,suburbana,0,31.764705882352942,Premium,"41780,00","27654,27","680,00"
C006655,suburbana,1,33.46153846153846,Contrato,"12460,00","7456,22","230,00"
C006656,suburbana,0,31.77777777777778,Premium,"50520,00","4988,57","400,00"
C006657,urbana_premium,0,33.78378378378378,Premium,"26540,00","23172,62","360,00"
C006658,urbana_premium,0,34.78260869565217,Premium,"54240,00","24248,23","460,00"
C006659,urbana_premium,1,34.285714285714285,Premium,"51380,00","21905,00","330,00"
C006660,suburbana,0,32.285714285714285,Premium,"26830,00","6168,28","840,00"
C006661,suburbana,0,34.83870967741935,Prepago,"34950,00","3019,29","140,00"
C006662,urbana_premium,0,38.333333333333336,Premium,"29940,00","11195,94","420,00"
C006663,urbana_premium,0,37.93103448275862,Prepago,"20920,00","3327,76","100,00"
C006664,suburbana,0,36,Premium,"44390,00","32289,46","140,00"
C006665,urbana_premium,0,34.5945945945946,Premium,"30140,00","12712,27","470,00"
C006666,rural,1,32.05128205128205,Prepago,"43600,00","2044,59","330,00"
C006667,urbana_premium,0,37.27272727272727,Premium,"52140,00","12443,30","310,00"
C006668,urbana_premium,0,33.23529411764706,Premium,"28480,00","24225,18","370,00"
C006669,rural,1,41.666666666666664,Contrato,"28530,00","10311,33","70,00"
C006670,suburbana,0,35.43478260869565,Prepago,"35860,00","3717,25","170,00"
C006671,rural,0,32.608695652173914,Premium,"42420,00","9509,00","850,00"
C006672,suburbana,0,31.59090909090909,Premium,"25120,00","13241,31","430,00"
C006673,urbana_premium,0,39.45945945945946,Prepago,"35290,00","5281,92","490,00"
C006674,suburbana,0,32.857142857142854,Contrato,"34690,00","9357,08","410,00"
C006675,suburbana,0,34.4,Premium,"30000,00","11930,22","600,00"
C006676,urbana_premium,0,32.17391304347826,Premium,"23530,00","16618,03","230,00"
C006677,suburbana,1,34.54545454545455,Premium,"42520,00","14720,88","450,00"
C006678,urbana_premium,0,36.81818181818182,Premium,"66970,00","23948,94","400,00"
C006679,suburbana,0,33.170731707317074,Prepago,"31450,00","1843,78","650,00"
C006680,suburbana,0,34.22222222222222,Premium,"19090,00","11731,91","370,00"
C006681,rural,1,33.142857142857146,Contrato,"22310,00","3898,38","80,00"
C006682,urbana_premium,0,33.44827586206897,Premium,"27840,00","17073,69","200,00"
C006683,urbana_premium,1,34.44444444444444,Premium,"34960,00","17871,17","550,00"
C006684,urbana_premium,0,36.8,Premium,"40840,00","16171,40","330,00"
C006685,rural,1,36.25,Contrato,"29210,00","9443,65","650,00"
C006686,suburbana,0,34.23076923076923,Contrato,"48750,00","7420,20","410,00"
C006687,urbana_premium,0,33.333333333333336,Contrato,"47670,00","10880,03","680,00"
C006688,urbana_premium,0,37.77777777777778,Premium,"26430,00","12273,28","160,00"
C006689,suburbana,0,34.6875,Premium,"37840,00","21252,62","370,00"
C006690,urbana_premium,0,34.8,Premium,"34630,00","16314,74","270,00"
C006691,suburbana,0,33.8235294117647,Premium,"28060,00","8938,85","680,00"
C006692,rural,0,33.0188679245283,Prepago,"23100,00","2211,34","220,00"
C006693,urbana_premium,0,34.4,Premium,"40130,00","16167,41","360,00"
C006694,urbana_premium,0,35.2,Premium,"54560,00","24016,54","250,00"
C006695,suburbana,0,33.47826086956522,Prepago,"35470,00","2734,48","310,00"
C006696,urbana_premium,1,35.172413793103445,Contrato,"25280,00","13181,93","210,00"
C006697,suburbana,1,27.894736842105264,Contrato,"17620,00","13220,27","240,00"
C006698,urbana_premium,0,36.92307692307692,Premium,"48060,00","13620,31","230,00"
C006699,rural,0,34.42307692307692,Prepago,"28030,00","9289,46","400,00"
C006700,suburbana,0,35.1219512195122,Premium,"46350,00","6769,58","320,00"
C006701,urbana_premium,0,36.36363636363637,Premium,"36980,00","29273,64","440,00"
C006702,suburbana,0,32.44444444444444,Prepago,"32880,00","5162,06","-80,00"
C006703,suburbana,0,34.73684210526316,Contrato,"35230,00","9415,97","160,00"
C006704,urbana_premium,0,35.5,Premium,"22220,00","26724,27","70,00"
C006705,suburbana,0,37.38095238095238,Prepago,"16950,00","4128,06",
C006706,urbana_premium,0,32.69230769230769,Premium,"49520,00","18817,40","820,00"
C006707,urbana_premium,0,33.84615384615385,Contrato,"43560,00","12501,63","390,00"
C006708,suburbana,0,34.857142857142854,Contrato,"47760,00","11311,03","370,00"
C006709,urbana_premium,0,37.64705882352941,Premium,"72980,00","34215,59","610,00"
C006710,urbana_premium,0,37.82608695652174,Premium,"34460,00","12504,36","440,00"
C006711,urbana_premium,0,34.24242424242424,Prepago,"33830,00","6622,74","110,00"
C006712,suburbana,0,33.90243902439025,Premium,"18540,00","6914,80","320,00"
C006713,suburbana,0,30.81081081081081,Contrato,"35740,00","6105,88","160,00"
C006714,suburbana,1,35,Prepago,"14500,00","7034,67","630,00"
C006715,suburbana,0,33.111111111111114,Contrato,"21230,00","8593,51",
C006716,suburbana,0,34,Premium,"33210,00","6542,31",
C006717,rural,0,31.403508771929825,Premium,"18430,00","6019,03","320,00"
C006718,suburbana,0,35.58139534883721,Prepago,"29320,00","2228,26","420,00"
C006719,suburbana,0,33.75,Premium,"27730,00","21841,37","310,00"
C006720,suburbana,0,36.22222222222222,Prepago,"20200,00","4589,25","410,00"
C006721,suburbana,0,33.5,Prepago,"14470,00","3687,54","290,00"
C006722,suburbana,0,34,Premium,"38090,00","15952,75","160,00"
C006723,suburbana,0,33.75,Premium,"28010,00","7767,67","310,00"
C006724,urbana_premium,0,35.357142857142854,Contrato,"43110,00","8965,71","460,00"
C006725,suburbana,0,36.53846153846154,Contrato,"29210,00","5225,28","320,00"
C006726,suburbana,0,32.30769230769231,Contrato,"29020,00","15718,74","210,00"
C006727,suburbana,0,35.526315789473685,Contrato,"31570,00","4938,69","850,00"
C006728,urbana_premium,1,28.46153846153846,Premium,"35780,00","23993,36","380,00"
C006729,urbana_premium,0,38.23529411764706,Contrato,"34000,00","14037,29","130,00"
C006730,urbana_premium,0,34.76190476190476,Premium,"26930,00","13804,42","660,00"
C006731,urbana_premium,0,35,Prepago,"91260,00","4422,11","110,00"
C006732,suburbana,0,32.142857142857146,Premium,"42410,00","19448,61","420,00"
C006733,suburbana,0,32.75,Premium,"50230,00","21623,54","200,00"
C006734,urbana_premium,0,37.083333333333336,Premium,"59680,00","13202,53","180,00"
C006735,suburbana,0,35,Prepago,"27030,00","4146,32","300,00"
C006736,suburbana,1,34.44444444444444,Prepago,"27970,00","2278,89","190,00"
C006737,suburbana,1,33.84615384615385,Prepago,"29840,00","2607,30","390,00"
C006738,urbana_premium,0,35.714285714285715,Prepago,"33700,00","5164,08","530,00"
C006739,urbana_premium,0,35.55555555555556,Premium,"52040,00","36450,62","530,00"
C006740,suburbana,0,36,Contrato,"22420,00","9585,94","310,00"
C006741,urbana_premium,0,37.05882352941177,Prepago,"26350,00","3609,50","300,00"
C006742,rural,0,33.28125,Prepago,,"4535,39","310,00"
C006743,rural,0,32.53968253968254,Contrato,"20730,00","10796,77","720,00"
C006744,rural,0,34.61538461538461,Prepago,"19680,00","1946,89","160,00"
C006745,suburbana,0,32.5,Prepago,"24000,00","1822,76","740,00"
C006746,suburbana,0,31.89189189189189,Premium,"30700,00","5923,19","100,00"
C006747,rural,0,31.08695652173913,Premium,"15440,00","7855,26","740,00"
C006748,suburbana,0,35.64102564102564,Prepago,"38650,00","1833,08","320,00"
C006749,suburbana,0,33.25,Contrato,"20310,00","4439,20","710,00"
C006750,suburbana,0,30.975609756097562,Prepago,"19770,00","3041,73","170,00"
C006751,suburbana,1,34,Prepago,"23800,00","1916,90","410,00"
C006752,urbana_premium,0,36,Contrato,"36470,00","18644,22","470,00"
C006753,urbana_premium,0,34.34782608695652,Premium,"51730,00","11182,92","860,00"
C006754,urbana_premium,0,36.15384615384615,Premium,"37290,00","15620,69","830,00"
C006755,suburbana,1,31.363636363636363,Prepago,"17000,00","4008,83","270,00"
C006756,suburbana,0,34.523809523809526,Premium,"35360,00","14984,31","270,00"
C006757,urbana_premium,0,33.07692307692308,Premium,"45090,00","14582,30","330,00"
C006758,urbana_premium,0,35,Premium,"31240,00","22787,64","600,00"
C006759,suburbana,0,30.833333333333332,Prepago,"31650,00","7264,31","360,00"
C006760,urbana_premium,0,33.42857142857143,Premium,"63240,00","17702,94","850,00"
C006761,suburbana,0,33.72093023255814,Prepago,"22030,00","2233,54","760,00"
C006762,urbana_premium,0,37.6,Premium,"53570,00","14220,62",
C006763,urbana_premium,0,37.30769230769231,Premium,"59610,00","20624,22","640,00"
C006764,suburbana,0,35.806451612903224,Prepago,"31700,00","4579,61","230,00"
C006765,suburbana,0,32.2,Prepago,"19390,00","6671,17","500,00"
C006766,suburbana,0,36.36363636363637,Premium,"47100,00","9879,03","500,00"
C006767,urbana_premium,0,36.96969696969697,Premium,"52740,00","17697,28","550,00"
C006768,urbana_premium,0,36.785714285714285,Premium,"46380,00","14668,35","200,00"
C006769,urbana_premium,0,34.666666666666664,Premium,"37580,00","29238,36","690,00"
C006770,suburbana,0,33.86363636363637,Prepago,"44700,00","2634,05","460,00"
C006771,suburbana,0,33.23529411764706,Prepago,"22140,00","2304,47","230,00"
C006772,urbana_premium,1,34,Contrato,"51670,00","14132,29","150,00"
C006773,urbana_premium,0,34.54545454545455,Premium,"34200,00","12438,26","380,00"
C006774,suburbana,0,31.89189189189189,Prepago,"16580,00","4138,81","640,00"
C006775,urbana_premium,1,33,Contrato,"26930,00","7795,75","260,00"
C006776,suburbana,0,37.75,Premium,"34340,00","10301,66","350,00"
C006777,suburbana,1,35.26315789473684,Prepago,"32220,00","2714,50","120,00"
C006778,suburbana,0,36.111111111111114,Contrato,"34810,00","4532,20","420,00"
C006779,suburbana,0,34,Prepago,"26220,00","2076,86","130,00"
C006780,rural,1,32,Contrato,"25000,00","6350,60","280,00"
C006781,suburbana,0,33.333333333333336,Premium,"37100,00","6467,72","80,00"
C006782,suburbana,0,34,Contrato,"68090,00","7574,25","330,00"
C006783,rural,0,33.666666666666664,Prepago,"20240,00","2284,74","350,00"
C006784,rural,0,31.020408163265305,Contrato,"33230,00","4120,67","110,00"
C006785,rural,1,31.379310344827587,Premium,"29110,00","13715,90","170,00"
C006786,urbana_premium,1,32.758620689655174,Prepago,"39960,00","8484,21","460,00"
C006787,suburbana,0,34.255319148936174,Prepago,"18900,00","3961,56","190,00"
C006788,rural,0,34,Prepago,"37760,00","5298,06","340,00"
C006789,urbana_premium,0,35.15151515151515,Premium,"41760,00","33883,28","860,00"
C006790,suburbana,0,34.4,Contrato,"24240,00","3794,47","80,00"
C006791,suburbana,0,32,Contrato,"21870,00","5147,17","190,00"
C006792,suburbana,0,36.09756097560975,Prepago,"32660,00","6287,41","120,00"
C006793,rural,0,30.714285714285715,Prepago,"16720,00","2094,08",
C006794,urbana_premium,0,34.13793103448276,Premium,"31370,00","20868,50","810,00"
C006795,suburbana,0,36,Premium,"24240,00","9142,86","220,00"
C006796,suburbana,0,33.47826086956522,Premium,"30300,00","14746,65","180,00"
C006797,urbana_premium,0,33,Premium,"47230,00","33584,50","760,00"
C006798,rural,1,35.714285714285715,Premium,"20770,00","6042,77","280,00"
C006799,suburbana,0,36.89655172413793,Premium,"27670,00","8089,72","210,00"
C006800,urbana_premium,0,34.73684210526316,Premium,"39750,00","10114,86","630,00"
C006801,rural,0,32.69230769230769,Contrato,"17860,00","4028,79","180,00"
C006802,rural,1,32.5,Prepago,"18900,00","3952,82","210,00"
C006803,urbana_premium,0,33.6,Prepago,"32500,00","5024,91","310,00"
C006804,suburbana,1,35.172413793103445,Contrato,"32970,00","11243,44","1000,00"
C006805,urbana_premium,0,32,Premium,"67220,00","21194,46","-520,00"
C006806,urbana_premium,0,37.8125,Prepago,"24750,00","5876,11","280,00"
C006807,suburbana,0,33.41463414634146,Prepago,"32410,00","7198,57","410,00"
C006808,urbana_premium,0,36.111111111111114,Premium,"35320,00","17922,53","520,00"
C006809,suburbana,0,36.38297872340426,Contrato,"28090,00","10496,28","200,00"
C006810,urbana_premium,0,37.41935483870968,Prepago,"32270,00","6070,17","300,00"
C006811,urbana_premium,0,37.142857142857146,Premium,"57070,00","23127,59","670,00"
C006812,urbana_premium,0,38.4,Premium,"16380,00","10314,57","170,00"
C006813,suburbana,0,36.734693877551024,Prepago,"20030,00","2477,84","80,00"
C006814,suburbana,1,40,Prepago,"43660,00","5187,25","160,00"
C006815,urbana_premium,0,37.142857142857146,Premium,"57540,00","14563,23","360,00"
C006816,rural,0,33.6,Contrato,,"7809,86","390,00"
C006817,suburbana,0,32.97872340425532,Prepago,"33190,00","2216,78","160,00"
C006818,rural,0,32.97872340425532,Prepago,"27480,00","4748,75","370,00"
C006819,urbana_premium,0,35,Contrato,"19940,00","8272,91","390,00"
C006820,urbana_premium,0,35,Premium,"38320,00","17147,84","160,00"
C006821,rural,0,31.08695652173913,Contrato,"28240,00","7274,40","720,00"
C006822,urbana_premium,0,34.73684210526316,Premium,"32270,00","19853,22","140,00"
C006823,urbana_premium,0,35.294117647058826,Premium,"37060,00","17541,54","110,00"
C006824,suburbana,0,34.32432432432432,Premium,"45880,00","8897,32","240,00"
C006825,urbana_premium,0,34.54545454545455,Premium,"63730,00","17960,69","170,00"
C006826,suburbana,0,35.26315789473684,Premium,,"8326,33","310,00"
C006827,suburbana,0,30.48780487804878,Prepago,"29280,00","3543,38","140,00"
C006828,suburbana,0,30.344827586206897,Premium,"38470,00","34500,51","240,00"
C006829,suburbana,1,35.5,Premium,"26190,00","29432,60","190,00"
C006830,rural,0,33.07692307692308,Prepago,"33460,00","2215,94","240,00"
C006831,urbana_premium,0,34.76190476190476,Premium,"31850,00","16429,25","250,00"
C006832,suburbana,1,32.72727272727273,Premium,"38760,00","12445,60","110,00"
C006833,urbana_premium,1,33.5,Prepago,"38010,00","3483,07","170,00"
C006834,suburbana,0,31.666666666666668,Contrato,"24000,00","3868,58","270,00"
C006835,rural,0,35.36585365853659,Premium,"26330,00","8433,33","180,00"
C006836,urbana_premium,0,32,Contrato,"33370,00","10511,40","450,00"
C006837,rural,1,32.7027027027027,Contrato,"32880,00","7612,00",
C006838,suburbana,0,34.31818181818182,Contrato,"21050,00","4856,41","1110,00"
C006839,suburbana,0,35,Premium,"32250,00","14967,81","360,00"
C006840,urbana_premium,0,33.91304347826087,Prepago,"29620,00","6259,72","60,00"
C006841,suburbana,0,34.61538461538461,Contrato,"45390,00","7220,78","580,00"
C006842,suburbana,0,31,Premium,"38280,00","7141,14","120,00"
C006843,rural,0,35.53191489361702,Prepago,"22850,00","2269,89","230,00"
C006844,suburbana,0,32.5,Contrato,"29650,00","8011,54","740,00"
C006845,urbana_premium,0,36.666666666666664,Premium,"69020,00","14097,21","120,00"
C006846,suburbana,1,33.47826086956522,Prepago,"38880,00","3575,96","30,00"
C006847,rural,0,32.96875,Prepago,"17820,00","2796,69","620,00"
C006848,suburbana,0,32.857142857142854,Contrato,"41350,00","12366,48","100,00"
C006849,rural,1,32.857142857142854,Premium,"19070,00","9584,17","240,00"
C006850,urbana_premium,0,36.95652173913044,Premium,"40380,00","17821,24","160,00"
C006851,suburbana,0,34.6875,Premium,"14300,00","11674,03","370,00"
C006852,suburbana,0,31.57894736842105,Prepago,"39650,00","1437,21","70,00"
C006853,suburbana,0,36,Prepago,"23580,00","2955,16","330,00"
C006854,rural,0,35.2,Premium,"21590,00","14431,26","210,00"
C006855,urbana_premium,1,34.583333333333336,Contrato,"23510,00","19819,83","310,00"
C006856,suburbana,0,38.333333333333336,Contrato,,"4654,83","700,00"
C006857,urbana_premium,0,35.714285714285715,Premium,"39230,00","10849,34","490,00"
C006858,suburbana,0,37.6,Prepago,"19080,00","3884,77","1100,00"
C006859,rural,0,29.375,Contrato,"23480,00","6258,63","250,00"
C006860,urbana_premium,1,23.333333333333332,Premium,"34880,00","16025,25","270,00"
C006861,rural,0,30.76923076923077,Contrato,"35630,00","9326,29","140,00"
C006862,urbana_premium,0,36.470588235294116,Contrato,"29870,00","12882,94","10,00"
C006863,suburbana,0,35.625,Prepago,"35250,00","3077,25","740,00"
C006864,suburbana,0,34.41860465116279,Contrato,"17820,00","8171,00","640,00"
C006865,suburbana,0,31.764705882352942,Prepago,"30660,00","2792,14","170,00"
C006866,suburbana,0,32.95454545454545,Prepago,"33780,00","3956,30","370,00"
C006867,urbana_premium,0,34.21052631578947,Premium,"44140,00","15309,85","360,00"
C006868,suburbana,1,34.87179487179487,Premium,"28600,00","13730,58","270,00"
C006869,suburbana,0,32.083333333333336,Premium,"54650,00","13019,57","310,00"
C006870,urbana_premium,0,40.476190476190474,Premium,"33740,00","17682,33","130,00"
C006871,suburbana,0,34.0625,Premium,"35280,00","12845,12","270,00"
C006872,urbana_premium,0,34.78260869565217,Prepago,"34280,00","8494,51","160,00"
C006873,suburbana,0,31.555555555555557,Prepago,"22230,00","3015,03","210,00"
C006874,suburbana,0,35.283018867924525,Prepago,"19670,00","3863,91","380,00"
C006875,urbana_premium,0,34.83870967741935,Premium,"27790,00","29292,60","310,00"
C006876,urbana_premium,0,38.5,Premium,"47290,00","9110,65","590,00"
C006877,suburbana,1,35.357142857142854,Contrato,"47430,00","9048,45","180,00"
C006878,suburbana,0,34.32432432432432,Premium,"36790,00","8276,29","370,00"
C006879,suburbana,0,37.241379310344826,Premium,"26510,00","13771,79","80,00"
C006880,urbana_premium,0,35.45454545454545,Premium,"30720,00","20289,11","260,00"
C006881,rural,1,34,Premium,"24590,00","16084,47","400,00"
C006882,suburbana,1,35.625,Prepago,"20700,00","1644,25","250,00"
C006883,suburbana,0,34.8780487804878,Premium,"40620,00","17952,82","390,00"
C006884,urbana_premium,0,36.08695652173913,Prepago,"43560,00","3831,69","70,00"
C006885,urbana_premium,0,34.48275862068966,Prepago,"27280,00","6895,36","130,00"
C006886,urbana_premium,0,36.8,Prepago,"64510,00","3564,91","220,00"
C006887,suburbana,0,34.44444444444444,Prepago,"19540,00","2181,27","200,00"
C006888,urbana_premium,0,35.833333333333336,Prepago,"38980,00","9369,00","400,00"
C006889,rural,1,33.333333333333336,Premium,"31080,00","12980,15","100,00"
C006890,suburbana,0,31.35135135135135,Contrato,"38550,00","10987,92","880,00"
C006891,suburbana,0,33.94736842105263,Premium,"23950,00","8999,94","230,00"
C006892,suburbana,0,34.642857142857146,Premium,"25800,00","15724,06","630,00"
C006893,suburbana,0,33.421052631578945,Premium,"21330,00","5771,81","160,00"
C006894,rural,1,33,Prepago,"25060,00","2568,69","320,00"
C006895,urbana_premium,0,33.72093023255814,Prepago,"51000,00","7592,89","660,00"
C006896,urbana_premium,0,36.08695652173913,Premium,"19620,00","12802,47","420,00"
C006897,urbana_premium,1,33,Premium,"46500,00","16375,50","360,00"
C006898,suburbana,0,36.111111111111114,Prepago,"25090,00","4152,44","170,00"
C006899,urbana_premium,1,35,Premium,"37050,00","23147,75",
C006900,urbana_premium,0,34.642857142857146,Contrato,"26370,00","10980,37","460,00"
C006901,suburbana,0,32.608695652173914,Premium,"24000,00","5811,97","170,00"
C006902,suburbana,0,36.34146341463415,Premium,"59870,00","10103,25","380,00"
C006903,suburbana,0,32.666666666666664,Premium,"26480,00","14827,06","570,00"
C006904,suburbana,1,35.45454545454545,Contrato,"29700,00","4903,36","300,00"
C006905,urbana_premium,0,33.91304347826087,Prepago,"27790,00","4825,17","260,00"
C006906,urbana_premium,0,37.8125,Premium,"94520,00","24358,61","510,00"
C006907,rural,1,32.666666666666664,Premium,"27330,00","20635,30","480,00"
C006908,urbana_premium,0,41.5,Premium,,"15050,31",
C006909,suburbana,0,35.945945945945944,Contrato,"41140,00","9139,49","250,00"
C006910,suburbana,0,35.76271186440678,Prepago,"33750,00","6564,17","330,00"
C006911,rural,1,28.75,Contrato,"21860,00","9787,60","340,00"
C006912,urbana_premium,0,36.666666666666664,Premium,"36600,00","18732,47","320,00"
C006913,rural,0,34.24242424242424,Prepago,"13550,00","8554,28","370,00"
C006914,rural,0,32.95454545454545,Contrato,"20430,00","11105,19","720,00"
C006915,urbana_premium,0,33.793103448275865,Premium,"32070,00","11870,78","360,00"
C006916,urbana_premium,1,37.333333333333336,Premium,"42830,00","18152,06","160,00"
C006917,suburbana,0,34.46808510638298,Premium,,"7131,17","110,00"
C006918,suburbana,0,32.56410256410256,Contrato,"37900,00","3885,75","140,00"
C006919,urbana_premium,0,34.11764705882353,Premium,"39640,00","15108,14","310,00"
C006920,urbana_premium,0,32.89473684210526,Premium,"28510,00","13789,03","540,00"
C006921,urbana_premium,0,33.793103448275865,Premium,"64450,00","16852,54","290,00"
C006922,urbana_premium,0,35.18518518518518,Prepago,"33430,00","3496,88","470,00"
C006923,suburbana,0,36.333333333333336,Contrato,"36190,00","3607,11","440,00"
C006924,urbana_premium,0,32.22222222222222,Premium,"24190,00","11172,97","190,00"
C006925,suburbana,1,35,Premium,"39030,00","34449,70","210,00"
C006926,urbana_premium,1,37.30769230769231,Premium,"21590,00","21398,08","120,00"
C006927,urbana_premium,0,32.72727272727273,Premium,"75400,00","16646,76","550,00"
C006928,urbana_premium,0,35,Premium,"48640,00","14097,16","240,00"
C006929,suburbana,0,34.705882352941174,Contrato,"27620,00","9641,69","180,00"
C006930,suburbana,0,38.78787878787879,Premium,"36410,00","5328,69","410,00"
C006931,urbana_premium,1,38,Prepago,"24560,00","10747,00","50,00"
C006932,rural,0,33.148148148148145,Premium,"21630,00","12054,39","250,00"
C006933,urbana_premium,0,35.65217391304348,Premium,"49680,00","16666,89","300,00"
C006934,suburbana,0,34.48275862068966,Premium,"36430,00","6408,56","130,00"
C006935,suburbana,0,33.58974358974359,Prepago,"29730,00","4251,06","280,00"
C006936,suburbana,0,32.75,Prepago,"33290,00","2642,03","590,00"
C006937,urbana_premium,0,37.391304347826086,Premium,"55870,00","25021,03","270,00"
C006938,urbana_premium,0,37.5,Contrato,"49300,00","9374,92","430,00"
C006939,suburbana,0,33.91304347826087,Premium,"15450,00","6663,43","200,00"
C006940,urbana_premium,0,35,Premium,,"26613,67","-220,00"
C006941,suburbana,0,33.793103448275865,Contrato,"30000,00","8635,03","540,00"
C006942,urbana_premium,0,32.857142857142854,Premium,"24710,00","13120,37","140,00"
C006943,suburbana,0,31.57894736842105,Prepago,"20600,00","2169,23","210,00"
C006944,urbana_premium,0,30.416666666666668,Premium,"64640,00","13060,23","740,00"
C006945,suburbana,0,36.07142857142857,Prepago,"23120,00","3397,23","140,00"
C006946,urbana_premium,0,34.411764705882355,Premium,"33000,00","15796,48","430,00"
C006947,rural,0,33,Prepago,"17550,00","4761,38","450,00"
C006948,rural,1,33.9344262295082,Prepago,"26830,00","2729,53","380,00"
C006949,rural,0,31.639344262295083,Premium,"25600,00","7128,37","400,00"
C006950,urbana_premium,0,36.333333333333336,Premium,"75440,00","12196,51","560,00"
C006951,urbana_premium,0,39.583333333333336,Premium,"31720,00","19983,95","100,00"
C006952,urbana_premium,0,35.55555555555556,Prepago,"45970,00","3851,61","600,00"
C006953,urbana_premium,0,34.411764705882355,Prepago,"19780,00","8320,70","280,00"
C006954,suburbana,1,34.54545454545455,Prepago,"18150,00","2215,84","-300,00"
C006955,rural,0,32.58620689655172,Premium,"37000,00","6701,62","360,00"
C006956,urbana_premium,0,34.074074074074076,Premium,"56350,00","19956,67","120,00"
C006957,urbana_premium,0,33.2,Premium,"44710,00","17219,09","720,00"
C006958,suburbana,0,34.21052631578947,Premium,"44220,00","5072,79","100,00"
C006959,rural,0,33.68421052631579,Prepago,"15930,00","2155,23","170,00"
C006960,urbana_premium,0,34.411764705882355,Contrato,"68260,00","14249,35","600,00"
C006961,suburbana,0,34.78260869565217,Premium,"20750,00","21940,06","550,00"
C006962,urbana_premium,1,35,Premium,"42870,00","18196,57","200,00"
C006963,urbana_premium,0,36.666666666666664,Premium,"100990,00","24090,09","150,00"
C006964,suburbana,1,45,Prepago,"21890,00","3233,00","220,00"
C006965,suburbana,0,32.64705882352941,Premium,"47790,00","13839,38","170,00"
C006966,urbana_premium,0,36.285714285714285,Premium,"53680,00","16078,75","70,00"
C006967,suburbana,0,38.84615384615385,Contrato,"24730,00","7492,11","370,00"
C006968,urbana_premium,0,36,Premium,"79550,00","24862,14","1200,00"
C006969,urbana_premium,0,35.714285714285715,Prepago,"27820,00","10840,15","120,00"
C006970,urbana_premium,0,36.470588235294116,Premium,"37790,00","22441,20","620,00"
C006971,urbana_premium,0,34.84848484848485,Premium,"47910,00","24563,61","380,00"
C006972,rural,0,33.75,Premium,"22450,00","14413,35","-410,00"
C006973,urbana_premium,0,35.833333333333336,Premium,"113610,00","13972,14","310,00"
C006974,urbana_premium,0,35.333333333333336,Prepago,"24640,00","7339,00","30,00"
C006975,suburbana,0,35,Prepago,"52520,00","6215,92","300,00"
C006976,suburbana,1,36.25,Prepago,"13500,00","2466,92","170,00"
C006977,urbana_premium,1,40,Prepago,"13910,00","6088,25","130,00"
C006978,rural,0,32.6530612244898,Contrato,"23650,00","4810,53","710,00"
C006979,urbana_premium,0,34.583333333333336,Premium,"49540,00","24746,92","390,00"
C006980,suburbana,0,36.111111111111114,Prepago,"50220,00","4067,83","110,00"
C006981,urbana_premium,0,32.758620689655174,Prepago,"67210,00","5870,57","330,00"
C006982,urbana_premium,0,34.11764705882353,Premium,"41050,00","18293,17","210,00"
C006983,urbana_premium,0,35.2,Premium,"45570,00","18359,97","200,00"
C006984,urbana_premium,0,33.793103448275865,Premium,"41670,00","27102,20","310,00"
C006985,suburbana,1,33.333333333333336,Prepago,,"6381,56","360,00"
C006986,suburbana,0,33.87096774193548,Contrato,,"6042,39","570,00"
C006987,urbana_premium,0,33.888888888888886,Premium,"30330,00","21399,37","260,00"
C006988,rural,0,30.24390243902439,Premium,"31330,00","21705,78","420,00"
C006989,rural,0,33.265306122448976,Premium,"33560,00","16616,50","360,00"
C006990,rural,1,36.666666666666664,Premium,"37180,00","22326,79","290,00"
C006991,urbana_premium,0,36.5625,Premium,"37340,00","19793,67","170,00"
C006992,urbana_premium,0,34.23076923076923,Premium,"32150,00","10097,67","250,00"
C006993,urbana_premium,0,37.03703703703704,Premium,"48970,00","12913,69","250,00"
C006994,suburbana,1,33.84615384615385,Premium,"20310,00","19409,76","180,00"
C006995,urbana_premium,0,34.166666666666664,Contrato,"68580,00","11588,33","550,00"
C006996,suburbana,0,34.04255319148936,Prepago,"25000,00","2588,46","560,00"
C006997,rural,1,33.888888888888886,Contrato,"21070,00","7268,46","290,00"
C006998,suburbana,0,31.85185185185185,Premium,"38780,00","7011,00","770,00"
C006999,suburbana,1,40,Contrato,"23120,00","11974,00","110,00"
C007000,rural,1,32,Prepago,"15530,00","2758,70","80,00"
C007001,rural,1,32.592592592592595,Prepago,"34750,00","2410,14","380,00"
C007002,urbana_premium,1,35.90909090909091,Premium,"26570,00","16432,15","170,00"
C007003,urbana_premium,0,37.77777777777778,Prepago,"41920,00","5286,35","760,00"
C007004,suburbana,1,34,Premium,"30030,00","7361,30","270,00"
C007005,urbana_premium,1,34.705882352941174,Premium,"19690,00","12517,71","620,00"
C007006,suburbana,0,35.945945945945944,Prepago,"20670,00","4296,74","150,00"
C007007,urbana_premium,0,37.1875,Premium,"43330,00","14811,86","140,00"
C007008,rural,0,32.72727272727273,Premium,"35740,00","11721,31","430,00"
C007009,rural,0,31.363636363636363,Prepago,"17780,00","2444,44","190,00"
C007010,suburbana,0,33.23529411764706,Premium,"21860,00","25740,62","240,00"
C007011,suburbana,0,33.333333333333336,Premium,"37180,00","14356,15","190,00"
C007012,suburbana,0,35.483870967741936,Premium,"39470,00","19427,97","530,00"
C007013,rural,0,32.291666666666664,Premium,"32190,00","12520,78","410,00"
C007014,rural,0,33.53846153846154,Prepago,"25080,00","7333,78","130,00"
C007015,urbana_premium,0,35.18518518518518,Premium,"31790,00","21620,24","250,00"
C007016,urbana_premium,0,35.294117647058826,Premium,"50360,00","14136,67","290,00"
C007017,suburbana,0,33.25581395348837,Contrato,"28950,00","4759,38","160,00"
C007018,suburbana,0,35.483870967741936,Premium,"37700,00","12007,58","470,00"
C007019,suburbana,0,35.6,Contrato,"24860,00","8585,71","320,00"
C007020,suburbana,0,37.41935483870968,Premium,"27700,00","15431,54","200,00"
C007021,suburbana,0,34,Premium,"35950,00","13278,17","800,00"
C007022,suburbana,0,35,Contrato,"14510,00","3842,41","320,00"
C007023,suburbana,0,32.8125,Contrato,"47630,00","9330,03","190,00"
C007024,urbana_premium,1,36.15384615384615,Contrato,"37610,00","13616,46","150,00"
C007025,suburbana,1,29.166666666666668,Contrato,"11120,00","9326,25","160,00"
C007026,suburbana,1,33.91304347826087,Contrato,"31630,00","5324,42","60,00"
C007027,urbana_premium,0,37.5,Premium,"32890,00","11907,11","150,00"
C007028,urbana_premium,0,34.76190476190476,Premium,"26580,00","29893,65","270,00"
C007029,rural,1,34.583333333333336,Premium,"46070,00","18749,38","370,00"
C007030,urbana_premium,0,37.57575757575758,Premium,"51300,00","19411,67","300,00"
C007031,rural,0,33.77777777777778,Premium,"21970,00","24104,79","180,00"
C007032,urbana_premium,0,35.4054054054054,Prepago,"39010,00","6908,79","140,00"
C007033,rural,1,33.170731707317074,Contrato,"25490,00","3537,13","490,00"
C007034,urbana_premium,0,36.12903225806452,Premium,"21650,00","24347,61","230,00"
C007035,urbana_premium,0,34.61538461538461,Prepago,"96050,00","3247,37","320,00"
C007036,suburbana,0,34.166666666666664,Premium,"30280,00","6265,39","270,00"
C007037,suburbana,0,34.54545454545455,Premium,"56140,00","6063,39","220,00"
C007038,rural,0,33.58974358974359,Prepago,"17250,00","2126,36","640,00"
C007039,urbana_premium,0,38.63636363636363,Premium,"47000,00","11250,11","1200,00"
C007040,urbana_premium,0,39.696969696969695,Prepago,"25290,00","4010,35","470,00"
C007041,rural,1,40,Contrato,"9000,00","4347,25","350,00"
C007042,rural,0,32,Premium,"31860,00","9177,19","510,00"
C007043,suburbana,0,35.76923076923077,Premium,"31910,00","5888,57","580,00"
C007044,urbana_premium,0,36.666666666666664,Premium,"31790,00","12913,44","330,00"
C007045,urbana_premium,0,35.625,Premium,"11750,00","15026,61",
C007046,urbana_premium,0,36.666666666666664,Contrato,"32460,00","11036,22","290,00"
C007047,suburbana,0,34.77272727272727,Prepago,"32810,00","2062,86","300,00"
C007048,suburbana,0,33.958333333333336,Prepago,"20450,00","1809,81","660,00"
C007049,urbana_premium,1,33.57142857142857,Prepago,"40080,00","7414,67","370,00"
C007050,urbana_premium,1,37.36842105263158,Premium,"30650,00","15596,29","480,00"
C007051,suburbana,0,35.588235294117645,Contrato,"19570,00","4875,58","340,00"
C007052,rural,0,32.82608695652174,Premium,"22090,00","12035,67","340,00"
C007053,rural,0,33.333333333333336,Premium,"10860,00","5059,41","1080,00"
C007054,suburbana,1,32.5,Contrato,"35530,00","20321,67","460,00"
C007055,urbana_premium,0,35,Premium,"39620,00","12727,05","540,00"
C007056,suburbana,0,36.58536585365854,Prepago,"36840,00","5108,61","-330,00"
C007057,suburbana,0,35.55555555555556,Premium,"44250,00","12131,92","440,00"
C007058,urbana_premium,0,35.75757575757576,Contrato,"35040,00","7960,14","590,00"
C007059,urbana_premium,1,31.428571428571427,Prepago,"14940,00","5999,50","530,00"
C007060,rural,1,33.92857142857143,Contrato,"21220,00","3915,20",
C007061,urbana_premium,0,39.333333333333336,Contrato,"25640,00","12111,36","210,00"
C007062,rural,0,33.10344827586207,Prepago,"38330,00","4617,43","80,00"
C007063,urbana_premium,0,33.4375,Premium,"33620,00","32182,15","250,00"
C007064,rural,0,32.758620689655174,Contrato,"31170,00","8326,06",
C007065,suburbana,0,36.8421052631579,Premium,"49710,00","6224,43","140,00"
C007066,urbana_premium,0,34.705882352941174,Contrato,"29460,00","9546,44","350,00"
C007067,rural,0,33.26086956521739,Premium,"23840,00","14090,14","300,00"
C007068,urbana_premium,1,31,Contrato,"38810,00","13470,50","340,00"
C007069,suburbana,0,33.84615384615385,Contrato,"64520,00","7844,58","190,00"
C007070,suburbana,0,31.5625,Premium,"46430,00","5450,31","570,00"
C007071,rural,0,33.17460317460318,Prepago,"16000,00","4318,89","80,00"
C007072,rural,0,32.03703703703704,Prepago,"18750,00","4619,39","250,00"
C007073,urbana_premium,0,33.75,Premium,"32540,00","15770,64","240,00"
C007074,suburbana,0,35.666666666666664,Premium,"22430,00","15951,19","100,00"
C007075,urbana_premium,0,37,Premium,"34260,00","19134,21","40,00"
C007076,urbana_premium,0,33.7037037037037,Premium,"31800,00","11000,46","360,00"
C007077,urbana_premium,1,30,Contrato,"38770,00","11995,14","270,00"
C007078,suburbana,0,31.73913043478261,Prepago,"28630,00","4662,06","90,00"
C007079,urbana_premium,0,38.94736842105263,Premium,"57320,00","9666,43","80,00"
C007080,urbana_premium,0,39.285714285714285,Premium,"29320,00","16780,03","460,00"
C007081,urbana_premium,0,34.857142857142854,Prepago,"21340,00","8260,27","240,00"
C007082,suburbana,0,32.4390243902439,Prepago,"25080,00","3849,74","510,00"
C007083,urbana_premium,0,32.72727272727273,Premium,"30880,00","21111,08","240,00"
C007084,rural,1,31.666666666666668,Premium,"38880,00","5297,50","640,00"
C007085,suburbana,0,32.77777777777778,Prepago,"40070,00","6098,00","150,00"
C007086,urbana_premium,1,36.92307692307692,Prepago,"60280,00","9076,36","90,00"
C007087,rural,0,33.84615384615385,Prepago,"32520,00","4370,17","400,00"
C007088,urbana_premium,0,37.80487804878049,Prepago,"19190,00","4976,64","60,00"
C007089,urbana_premium,0,37.27272727272727,Contrato,"28400,00","22732,44","530,00"
C007090,suburbana,0,34,Prepago,"17640,00","4684,25","250,00"
C007091,urbana_premium,0,32.903225806451616,Premium,,"16173,57","-540,00"
C007092,urbana_premium,0,34.48275862068966,Premium,"51360,00","22662,37","740,00"
C007093,suburbana,0,35.714285714285715,Premium,"34270,00","8680,27","260,00"
C007094,urbana_premium,1,35,Contrato,"31370,00","7823,13","290,00"
C007095,suburbana,0,31.142857142857142,Contrato,"25410,00","14415,32","350,00"
C007096,urbana_premium,0,33.1578947368421,Premium,"28330,00","11451,56","920,00"
C007097,urbana_premium,0,36.19047619047619,Premium,"48050,00","24322,92","270,00"
C007098,suburbana,1,,Prepago,"30910,00","4417,00","190,00"
C007099,urbana_premium,0,34.13793103448276,Premium,"48800,00","20663,36","550,00"
C007100,rural,0,32.97872340425532,Prepago,"26880,00","3677,92","130,00"
C007101,suburbana,0,35.15151515151515,Prepago,"39800,00","7285,41","50,00"
C007102,urbana_premium,0,34.24242424242424,Prepago,"45860,00","3204,49","640,00"
C007103,urbana_premium,0,34.76190476190476,Premium,"56290,00","24018,83","150,00"
C007104,rural,0,33.40909090909091,Premium,"30080,00","7969,28","830,00"
C007105,urbana_premium,0,38.46153846153846,Premium,"31970,00","13475,32","400,00"
C007106,suburbana,0,31.62162162162162,Contrato,"35380,00","4594,08","60,00"
C007107,suburbana,0,30.88235294117647,Premium,"33220,00","6993,09","200,00"
C007108,urbana_premium,0,36.15384615384615,Contrato,"35810,00","6901,92","150,00"
C007109,suburbana,0,30.5,Premium,"29630,00","7189,20","330,00"
C007110,urbana_premium,0,34.583333333333336,Premium,"54450,00","16149,42","580,00"
C007111,urbana_premium,0,39.44444444444444,Premium,"46250,00","12024,52","-260,00"
C007112,urbana_premium,0,36.42857142857143,Contrato,"53010,00","9568,67","170,00"
C007113,suburbana,1,28.88888888888889,Premium,"30230,00","6660,62","590,00"
C007114,suburbana,0,33.8235294117647,Prepago,"44580,00","4694,50","110,00"
C007115,urbana_premium,1,33.44827586206897,Prepago,"50180,00","5795,58","470,00"
C007116,urbana_premium,1,38,Premium,"28870,00","12353,40",
C007117,suburbana,0,35.27777777777778,Premium,"26300,00","11689,95","470,00"
C007118,suburbana,0,36,Prepago,"22140,00","4214,94","30,00"
C007119,urbana_premium,0,36,Premium,"26230,00","9684,20","420,00"
C007120,suburbana,0,33.5,Premium,"76150,00","21269,65","320,00"
C007121,suburbana,0,38.5,Premium,"53450,00","7986,43","350,00"
C007122,rural,1,31.818181818181817,Prepago,"34790,00","2009,63",
C007123,urbana_premium,0,35,Contrato,"44790,00","9126,31","30,00"
C007124,urbana_premium,0,35.45454545454545,Premium,"31660,00","19203,19","260,00"
C007125,urbana_premium,0,35.2,Contrato,"25970,00","13324,20","310,00"
C007126,suburbana,1,30,Premium,"27700,00","32681,67","360,00"
C007127,suburbana,1,31.25,Prepago,"23170,00","4943,00","180,00"
C007128,suburbana,1,32.77777777777778,Prepago,"38270,00","2490,76","70,00"
C007129,suburbana,0,34.11764705882353,Prepago,"31440,00","2195,80","90,00"
C007130,urbana_premium,0,32.5,Contrato,"51650,00","13058,35","950,00"
C007131,suburbana,0,32.5,Premium,"32450,00","18606,20","190,00"
C007132,rural,0,34.25925925925926,Prepago,,"4088,77","500,00"
C007133,urbana_premium,1,34.09090909090909,Premium,"36040,00","17815,42",
C007134,suburbana,0,34.44444444444444,Premium,"34140,00","5722,06","340,00"
C007135,suburbana,1,33.333333333333336,Contrato,"32820,00","7417,29","270,00"
C007136,suburbana,1,40,Contrato,"24550,00","8307,00","230,00"
C007137,urbana_premium,0,34.81481481481482,Premium,"32240,00","20241,75","450,00"
C007138,urbana_premium,0,34.34782608695652,Contrato,"30330,00","10549,00","20,00"
C007139,suburbana,0,34.333333333333336,Premium,"16620,00","11702,86","270,00"
C007140,urbana_premium,1,36.36363636363637,Contrato,"37890,00","12770,83","190,00"
C007141,suburbana,1,35.42857142857143,Prepago,"39160,00","3722,47","180,00"
C007142,suburbana,0,37.142857142857146,Contrato,"25240,00","7736,46","180,00"
C007143,urbana_premium,0,35.65217391304348,Contrato,,"6097,76","330,00"
C007144,suburbana,1,40,Prepago,"42220,00","7413,60","190,00"
C007145,suburbana,0,33.03030303030303,Premium,"48030,00","28507,95","280,00"
C007146,rural,0,29.23076923076923,Premium,"19900,00","6351,09","230,00"
C007147,suburbana,0,32.94117647058823,Contrato,"21470,00","4337,69","950,00"
C007148,urbana_premium,0,34.34782608695652,Premium,"36380,00","19163,46","90,00"
C007149,rural,0,34.375,Contrato,"25610,00","15126,80","240,00"
C007150,urbana_premium,0,34.11764705882353,Contrato,"32700,00","10128,36","150,00"
C007151,suburbana,0,32.5,Contrato,,"15303,49","140,00"
C007152,rural,0,36.170212765957444,Contrato,"32490,00","7089,57","50,00"
C007153,suburbana,0,34.0625,Premium,"32450,00","8278,03","170,00"
C007154,urbana_premium,0,32.083333333333336,Premium,"65820,00","24954,32","380,00"
C007155,urbana_premium,0,36,Premium,"38850,00","33449,08","630,00"
C007156,rural,0,31.53846153846154,Premium,"38870,00","15677,36","140,00"
C007157,suburbana,1,35.476190476190474,Prepago,"27540,00","2306,71","330,00"
C007158,urbana_premium,1,33.5,Prepago,"30980,00","4964,16","340,00"
C007159,rural,0,32.78688524590164,Prepago,"19490,00","3233,00","300,00"
C007160,urbana_premium,0,31.818181818181817,Premium,"72480,00","15200,50","290,00"
C007161,urbana_premium,0,36.666666666666664,Contrato,"35840,00","11574,92","450,00"
C007162,suburbana,0,32.857142857142854,Prepago,,"2289,21","110,00"
C007163,urbana_premium,0,38.148148148148145,Prepago,"32570,00","5044,59",
C007164,urbana_premium,1,40,Premium,"23580,00","19294,25","340,00"
C007165,urbana_premium,0,33.92857142857143,Premium,"48880,00","32057,63","370,00"
C007166,suburbana,0,35.172413793103445,Contrato,"23820,00","3084,73","250,00"
C007167,rural,0,32.7906976744186,Premium,"25820,00","19933,78","310,00"
C007168,rural,0,34.63414634146341,Prepago,"24910,00","2244,74","470,00"
C007169,suburbana,0,33.513513513513516,Prepago,"31820,00","1713,24","560,00"
C007170,suburbana,0,35.12820512820513,Premium,"53080,00","12345,60","930,00"
C007171,urbana_premium,0,34.8,Premium,,"10991,03","160,00"
C007172,suburbana,0,31.428571428571427,Premium,"31080,00","9839,45","150,00"
C007173,rural,1,32,Contrato,"20500,00","9186,75","1110,00"
C007174,suburbana,0,35.833333333333336,Prepago,"35980,00","6328,00","270,00"
C007175,suburbana,0,33.170731707317074,Prepago,"34850,00","6162,91","390,00"
C007176,rural,1,32.8,Contrato,"20170,00","4773,58","160,00"
C007177,urbana_premium,0,38.46153846153846,Contrato,"53230,00","11914,71","450,00"
C007178,suburbana,0,33.86363636363637,Prepago,,"4867,95","60,00"
C007179,urbana_premium,1,36.42857142857143,Premium,"46890,00","12211,48","90,00"
C007180,suburbana,0,33.80952380952381,Premium,"18740,00","19297,36","830,00"
C007181,urbana_premium,0,36.55172413793103,Premium,"52700,00","13608,63","520,00"
C007182,suburbana,0,38.421052631578945,Contrato,"23190,00","8630,86","160,00"
C007183,suburbana,0,36.1764705882353,Premium,"37760,00","6518,62","530,00"
C007184,suburbana,0,35,Premium,"46670,00","23044,00","300,00"
C007185,suburbana,0,35.483870967741936,Premium,"34410,00","15016,94","150,00"
C007186,rural,0,33.333333333333336,Contrato,"34750,00","8018,79","300,00"
C007187,urbana_premium,1,32.5,Contrato,"26240,00","9395,00","250,00"
C007188,suburbana,1,30,Premium,"28960,00","27130,90","210,00"
C007189,urbana_premium,0,36.4,Prepago,"30510,00","2956,71","100,00"
C007190,rural,0,34.54545454545455,Contrato,"18420,00","3588,03","470,00"
C007191,suburbana,0,32.5,Prepago,"17160,00","3379,39","280,00"
C007192,urbana_premium,1,45,Premium,"39370,00","21223,63","370,00"
C007193,suburbana,1,29.677419354838708,Premium,"41430,00","13174,58","160,00"
C007194,urbana_premium,0,35.65217391304348,Premium,"59620,00","26102,72","210,00"
C007195,urbana_premium,0,34.48275862068966,Premium,"26440,00","15708,00","370,00"
C007196,urbana_premium,0,33.2,Premium,"32360,00","10513,29","90,00"
C007197,urbana_premium,0,39.333333333333336,Premium,"29530,00","20900,26",
C007198,urbana_premium,0,35.13513513513514,Prepago,"28840,00","6657,43","740,00"
C007199,suburbana,0,34.680851063829785,Contrato,"26870,00","8843,25","410,00"
C007200,suburbana,1,33.333333333333336,Contrato,"30020,00","8174,24","430,00"
C007201,suburbana,0,32.857142857142854,Prepago,"26930,00","2190,37","280,00"
C007202,suburbana,0,37.027027027027025,Contrato,"18310,00","12679,28","500,00"
C007203,rural,1,33.05555555555556,Premium,"32590,00","14083,37","430,00"
C007204,suburbana,0,35.75757575757576,Prepago,"31730,00","2832,43","320,00"
C007205,urbana_premium,0,36.19047619047619,Premium,"43930,00","22940,56","460,00"
C007206,rural,0,34.583333333333336,Premium,"27190,00","22843,23","280,00"
C007207,suburbana,0,33.54838709677419,Prepago,"36990,00","4416,36","880,00"
C007208,suburbana,0,33.5,Prepago,"31450,00","2891,66","80,00"
C007209,urbana_premium,0,35.86206896551724,Premium,"28590,00","26071,71","440,00"
C007210,suburbana,0,33,Premium,"50660,00","14589,36","100,00"
C007211,urbana_premium,0,35.12820512820513,Premium,"47860,00","13161,18","210,00"
C007212,urbana_premium,0,35,Premium,"27960,00","14380,41","360,00"
C007213,rural,0,32.16216216216216,Premium,"17040,00","5795,80","230,00"
C007214,urbana_premium,0,33.333333333333336,Premium,"76810,00","28999,42",
C007215,urbana_premium,0,40.3448275862069,Prepago,"36160,00","11688,89","40,00"
C007216,suburbana,1,35.5,Prepago,"23520,00","4393,27","250,00"
C007217,suburbana,0,34.44444444444444,Premium,"24760,00","11591,54","170,00"
C007218,rural,0,33.111111111111114,Contrato,"27190,00","2640,49","320,00"
C007219,urbana_premium,0,35.833333333333336,Prepago,"32410,00","4183,83","210,00"
C007220,rural,1,38.51851851851852,Premium,"24320,00","12737,40",
C007221,rural,1,31.363636363636363,Contrato,"52100,00","6686,82","230,00"
C007222,rural,1,30.294117647058822,Prepago,"13400,00","7940,42","130,00"
C007223,suburbana,1,32.5,Contrato,"25860,00","14404,36","270,00"
C007224,urbana_premium,0,37.30769230769231,Premium,"39110,00","23694,11","140,00"
C007225,rural,0,33.666666666666664,Prepago,"12520,00","4437,44","160,00"
C007226,suburbana,0,36,Premium,"35720,00","11819,03","270,00"
C007227,suburbana,0,36.27450980392157,Contrato,"40780,00","15595,15","470,00"
C007228,suburbana,1,30,Contrato,"18340,00","6596,72","140,00"
C007229,rural,1,35.714285714285715,Prepago,"22560,00","4156,00","130,00"
C007230,suburbana,0,35.744680851063826,Contrato,"31780,00","16195,19",
C007231,urbana_premium,0,34.78260869565217,Prepago,"46800,00","5849,26","190,00"
C007232,rural,0,33.220338983050844,Premium,"59080,00","10230,89","960,00"
C007233,rural,1,27.857142857142858,Prepago,"17910,00","4760,67","360,00"
C007234,suburbana,1,30.666666666666668,Contrato,"35980,00","4732,33","780,00"
C007235,urbana_premium,0,34.73684210526316,Premium,"36610,00","16533,67","270,00"
C007236,urbana_premium,0,35.51724137931034,Contrato,"34480,00","11101,03","230,00"
C007237,rural,1,33.829787234042556,Contrato,"23350,00","7633,68","270,00"
C007238,suburbana,0,34.130434782608695,Premium,"34420,00","6575,63","320,00"
C007239,urbana_premium,0,37.5,Premium,"38410,00","11537,60","410,00"
C007240,suburbana,0,34.32432432432432,Premium,"32830,00","8552,14","40,00"
C007241,urbana_premium,0,36.96969696969697,Contrato,"37210,00","16296,61","200,00"
C007242,urbana_premium,0,34.73684210526316,Premium,"27570,00","14366,53","210,00"
C007243,suburbana,0,34.0625,Premium,"39800,00","27915,60","560,00"
C007244,urbana_premium,0,35.609756097560975,Prepago,"54830,00","4568,53","330,00"
C007245,urbana_premium,0,34.583333333333336,Premium,"53960,00","21785,00","300,00"
C007246,suburbana,1,37.1875,Premium,"37750,00","5423,11","370,00"
C007247,urbana_premium,0,36.53846153846154,Premium,"29170,00","14136,31","520,00"
C007248,rural,0,33.559322033898304,Prepago,"16630,00","2203,91","410,00"
C007249,urbana_premium,0,37.74193548387097,Prepago,"52740,00","7623,94","130,00"
C007250,urbana_premium,0,36.12903225806452,Premium,"25110,00","11962,17","320,00"
C007251,suburbana,1,33.529411764705884,Contrato,"23450,00","4386,89","180,00"
C007252,urbana_premium,0,35,Premium,"81120,00","15372,49","250,00"
C007253,suburbana,1,31.875,Prepago,"35610,00","4306,00","130,00"
C007254,rural,0,33.125,Contrato,"24550,00","7052,50","370,00"
C007255,suburbana,0,35.588235294117645,Prepago,"15590,00","2357,11","420,00"
C007256,suburbana,0,34.4,Premium,"23570,00","6869,44","310,00"
C007257,suburbana,1,33.57142857142857,Prepago,"39940,00","3225,30","410,00"
C007258,urbana_premium,0,33.84615384615385,Premium,"22780,00","20958,34","180,00"
C007259,suburbana,0,32,Premium,"34320,00","7597,68","580,00"
C007260,rural,0,33.26086956521739,Prepago,"14310,00","2085,97","150,00"
C007261,urbana_premium,0,35.714285714285715,Premium,"30770,00","13368,36","470,00"
C007262,urbana_premium,0,38.064516129032256,Prepago,,"3775,39","160,00"
C007263,suburbana,0,34.44444444444444,Contrato,"30820,00","7879,29","620,00"
C007264,suburbana,0,30.73170731707317,Prepago,"16440,00","2744,33","280,00"
C007265,suburbana,0,35.833333333333336,Premium,"28950,00","12921,61","370,00"
C007266,rural,1,35,Premium,"29030,00","21798,86","300,00"
C007267,suburbana,0,34.83870967741935,Premium,"31970,00","15742,03","420,00"
C007268,suburbana,0,36.388888888888886,Contrato,"35080,00","11405,51","470,00"
C007269,urbana_premium,0,31.25,Premium,"41420,00","17944,89","580,00"
C007270,suburbana,1,33.91304347826087,Prepago,"28880,00","4802,22","80,00"
C007271,suburbana,0,32.72727272727273,Premium,"29100,00","8086,39","80,00"
C007272,urbana_premium,0,36.92307692307692,Prepago,"42410,00","6456,42","60,00"
C007273,suburbana,0,34.56521739130435,Premium,"20340,00","6848,42","460,00"
C007274,urbana_premium,0,35.38461538461539,Premium,"33320,00","18867,12","240,00"
C007275,suburbana,0,35.6,Premium,"60750,00","6697,43","290,00"
C007276,urbana_premium,1,40,Premium,"45350,00","12498,00","200,00"
C007277,suburbana,0,34.73684210526316,Prepago,"46160,00","2563,38","200,00"
C007278,rural,0,30.8,Prepago,"26150,00","1912,68","490,00"
C007279,rural,1,33.125,Prepago,"17970,00","2681,18","180,00"
C007280,rural,0,34.523809523809526,Contrato,"20870,00","8986,97","120,00"
C007281,rural,0,33.58490566037736,Prepago,"12620,00","3764,98","620,00"
C007282,suburbana,0,33.87096774193548,Premium,"48220,00","6583,12","750,00"
C007283,urbana_premium,0,36.42857142857143,Premium,"52360,00","16421,83","120,00"
C007284,urbana_premium,0,31.025641025641026,Premium,"28560,00","13303,34","390,00"
C007285,urbana_premium,0,35,Premium,"50010,00","27950,03","580,00"
C007286,urbana_premium,0,36.785714285714285,Contrato,"48470,00","13591,97","90,00"
C007287,urbana_premium,0,35.76923076923077,Premium,"39330,00","19215,15","310,00"
C007288,urbana_premium,0,35,Premium,"45220,00","18351,37","410,00"
C007289,urbana_premium,1,,Premium,"46730,00","16441,60","100,00"
C007290,rural,0,32.264150943396224,Contrato,"26560,00","5975,34","160,00"
C007291,rural,1,31.458333333333332,Prepago,"24480,00","3284,76","230,00"
C007292,urbana_premium,0,37.333333333333336,Prepago,"39440,00","5383,36","370,00"
C007293,urbana_premium,0,34.705882352941174,Contrato,"31380,00","12065,15","90,00"
C007294,urbana_premium,0,33.333333333333336,Contrato,"52600,00","10387,09","220,00"
C007295,suburbana,0,32.1875,Prepago,,"1989,71","240,00"
C007296,suburbana,1,32.63157894736842,Premium,"20140,00","13769,36","270,00"
C007297,suburbana,0,31.93548387096774,Premium,"30170,00","16814,54","1110,00"
C007298,suburbana,0,35.75757575757576,Prepago,"23710,00","3771,69","170,00"
C007299,urbana_premium,0,32.30769230769231,Premium,"46410,00","10849,21","350,00"
C007300,suburbana,0,34.84848484848485,Premium,"34610,00","29593,75","480,00"
C007301,suburbana,1,33.333333333333336,Premium,"31250,00","21184,33","460,00"
C007302,rural,0,33.39622641509434,Contrato,"18870,00","4542,22","220,00"
C007303,urbana_premium,0,32.72727272727273,Premium,"32440,00","13754,32","420,00"
C007304,urbana_premium,0,34.8,Premium,"29330,00","14761,15","360,00"
C007305,suburbana,0,31.470588235294116,Prepago,"16320,00","4564,11","440,00"
C007306,suburbana,0,35.22727272727273,Contrato,"45830,00","4168,29","100,00"
C007307,suburbana,0,38.888888888888886,Contrato,"37670,00","8690,65","350,00"
C007308,urbana_premium,0,35.55555555555556,Prepago,"60130,00","9699,62","130,00"
C007309,urbana_premium,0,34,Premium,"33880,00","30580,15","640,00"
C007310,suburbana,0,31.944444444444443,Premium,"35390,00","8470,44","180,00"
C007311,suburbana,0,35.38461538461539,Prepago,"22160,00","2162,19","180,00"
C007312,urbana_premium,0,32.35294117647059,Premium,"31360,00","20346,58","230,00"
C007313,rural,0,31.764705882352942,Prepago,"47570,00","5087,61","100,00"
C007314,suburbana,1,31.11111111111111,Contrato,"26160,00","12464,60","260,00"
C007315,suburbana,0,32.63157894736842,Prepago,"41530,00","2032,26","110,00"
C007316,urbana_premium,1,32.857142857142854,Prepago,"41790,00","7761,67","200,00"
C007317,urbana_premium,1,,Premium,"23490,00","16825,00",
C007318,urbana_premium,0,34.8,Premium,,"40552,74","450,00"
C007319,suburbana,0,32.57142857142857,Premium,"34020,00","6505,49","190,00"
C007320,suburbana,1,32.666666666666664,Premium,"38220,00","6892,21","370,00"
C007321,suburbana,0,33.6,Prepago,"15950,00","5442,32","130,00"
C007322,suburbana,0,33.75,Premium,"21260,00","13909,86","60,00"
C007323,suburbana,0,34.523809523809526,Contrato,"33230,00","8048,14","130,00"
C007324,urbana_premium,0,35.55555555555556,Contrato,"27540,00","13945,24","70,00"
C007325,rural,1,,Prepago,"35570,00","377,00","100,00"
C007326,suburbana,1,34.78260869565217,Contrato,"29170,00","4232,06","370,00"
C007327,urbana_premium,0,33.63636363636363,Premium,"45380,00","24042,91","280,00"
C007328,suburbana,0,34.75409836065574,Prepago,"46920,00","3767,92","320,00"
C007329,urbana_premium,1,30,Premium,"25020,00","23771,00","190,00"
C007330,suburbana,0,34.0625,Premium,"35050,00","22624,39","350,00"
C007331,rural,0,34.833333333333336,Prepago,"24340,00","5053,58","90,00"
C007332,urbana_premium,0,35.90909090909091,Premium,"40550,00","15155,89","300,00"
C007333,rural,1,35,Prepago,"21470,00","7503,50","160,00"
C007334,rural,0,33.55555555555556,Contrato,"24550,00","2889,44","380,00"
C007335,suburbana,1,40,Prepago,"10710,00","8579,00","690,00"
C007336,urbana_premium,0,38.75,Premium,"59160,00","14697,00","150,00"
C007337,suburbana,1,32,Prepago,"18670,00","1908,25","160,00"
C007338,urbana_premium,0,35.16129032258065,Premium,"71230,00","24300,00","240,00"
C007339,urbana_premium,0,35.16129032258065,Contrato,"27450,00","7380,88","120,00"
C007340,urbana_premium,0,36.875,Premium,"27040,00","26492,74","240,00"
C007341,suburbana,0,37.241379310344826,Prepago,"34350,00","6975,16","290,00"
C007342,urbana_premium,0,33.214285714285715,Premium,"42090,00","11795,03","810,00"
C007343,urbana_premium,0,35.55555555555556,Prepago,"44820,00","6878,27","210,00"
C007344,rural,0,37,Contrato,"26350,00","4088,71","80,00"
C007345,suburbana,0,34.375,Prepago,"28380,00","2288,58","100,00"
C007346,suburbana,0,36.73913043478261,Premium,"26210,00","17234,50","270,00"
C007347,suburbana,1,20,Premium,"36550,00","6946,50","390,00"
C007348,urbana_premium,0,38.333333333333336,Premium,,"25051,77","240,00"
C007349,urbana_premium,0,37.84313725490196,Prepago,"39910,00","7158,00","510,00"
C007350,urbana_premium,1,30.833333333333332,Contrato,"21150,00","7264,80",
C007351,suburbana,0,36.458333333333336,Premium,"32580,00","16052,80","420,00"
C007352,urbana_premium,0,36.774193548387096,Premium,"39620,00","25677,78","400,00"
C007353,urbana_premium,0,35,Premium,"37730,00","19753,03","650,00"
C007354,urbana_premium,0,34.883720930232556,Prepago,"69550,00","5168,33","280,00"
C007355,urbana_premium,0,35.357142857142854,Premium,"64590,00","22862,74","210,00"
C007356,suburbana,0,34.666666666666664,Premium,"41050,00","6493,71","740,00"
C007357,suburbana,0,30.967741935483872,Premium,"40740,00","22121,78","210,00"
C007358,urbana_premium,0,38,Premium,"39720,00","13216,62","270,00"
C007359,urbana_premium,0,34.074074074074076,Contrato,"42620,00","10782,36","570,00"
C007360,rural,1,33.4375,Prepago,"27010,00","2832,32","460,00"
C007361,urbana_premium,0,36,Premium,"47260,00","18179,85","260,00"
C007362,urbana_premium,0,31.428571428571427,Premium,"39240,00","33417,57","590,00"
C007363,urbana_premium,1,40,Premium,"46270,00","11099,75","310,00"
C007364,urbana_premium,0,37.03703703703704,Contrato,"39150,00","8948,64","420,00"
C007365,rural,1,32.96296296296296,Premium,"26910,00","4781,65","210,00"
C007366,suburbana,0,35.55555555555556,Premium,"41100,00","13504,34","170,00"
C007367,urbana_premium,1,34.87179487179487,Prepago,"30420,00","5124,18","130,00"
C007368,urbana_premium,0,34.24242424242424,Prepago,"40090,00","3914,54","40,00"
C007369,urbana_premium,0,35.22727272727273,Prepago,"39310,00","6197,00","360,00"
C007370,urbana_premium,0,40.625,Prepago,"26800,00","6157,69","450,00"
C007371,urbana_premium,0,39.04761904761905,Premium,"62280,00","23281,65","260,00"
C007372,suburbana,0,33.4375,Contrato,"22330,00","4066,33","230,00"
C007373,suburbana,0,33.4375,Contrato,"49220,00","8413,31","40,00"
C007374,urbana_premium,0,36.25,Prepago,"23930,00","4802,89",
C007375,suburbana,1,35.8974358974359,Prepago,"17660,00","2094,94","650,00"
C007376,urbana_premium,0,34.166666666666664,Contrato,"34030,00","12315,89","230,00"
C007377,suburbana,1,29.166666666666668,Premium,"34260,00","18050,44","300,00"
C007378,urbana_premium,1,30,Premium,"43910,00","24266,00","220,00"
C007379,suburbana,0,33.40909090909091,Prepago,"46870,00","2508,12","380,00"
C007380,suburbana,0,32.857142857142854,Prepago,"22770,00","3038,46","180,00"
C007381,suburbana,1,31.11111111111111,Prepago,"41220,00","4264,47","290,00"
C007382,suburbana,0,35.53191489361702,Premium,"16680,00","12365,68","550,00"
C007383,urbana_premium,0,33.07692307692308,Prepago,"27290,00","9891,53","250,00"
C007384,rural,0,32.36363636363637,Prepago,"21170,00","6432,39","-470,00"
C007385,urbana_premium,0,34.193548387096776,Contrato,,"7207,06","200,00"
C007386,urbana_premium,0,34.642857142857146,Premium,"46350,00","13078,78","380,00"
C007387,suburbana,1,34.61538461538461,Premium,"23740,00","9105,20","170,00"
C007388,urbana_premium,0,35,Premium,"54370,00","10808,46","370,00"
C007389,suburbana,1,35.714285714285715,Premium,"40400,00","6921,67","600,00"
C007390,urbana_premium,0,31.724137931034484,Premium,"30220,00","23920,78","490,00"
C007391,urbana_premium,1,32.857142857142854,Premium,"33840,00","28300,77","370,00"
C007392,suburbana,0,35.51020408163265,Prepago,"28890,00","2290,31","-280,00"
C007393,rural,1,33.10344827586207,Contrato,"37300,00","4119,19","460,00"
C007394,rural,0,34.15094339622642,Contrato,"16690,00","3320,91","270,00"
C007395,suburbana,1,35,Contrato,"12990,00","3797,75","380,00"
C007396,urbana_premium,0,35.23809523809524,Premium,"33000,00","16337,46","220,00"
C007397,suburbana,0,37.69230769230769,Premium,"21610,00","14131,26","460,00"
C007398,suburbana,0,37.69230769230769,Contrato,"17440,00","3475,53","220,00"
C007399,suburbana,0,34.54545454545455,Prepago,"29430,00","7530,46","210,00"
C007400,urbana_premium,0,33.18181818181818,Premium,"25380,00","16266,49","220,00"
C007401,suburbana,0,32.36842105263158,Prepago,"33550,00","1961,53","210,00"
C007402,urbana_premium,0,32.94117647058823,Premium,"25120,00","18102,09","350,00"
C007403,suburbana,0,31.21951219512195,Contrato,"83800,00","10343,69","80,00"
C007404,urbana_premium,0,35.38461538461539,Premium,"55450,00","16862,29","220,00"
C007405,suburbana,1,29.62962962962963,Contrato,"23060,00","6990,23","50,00"
C007406,suburbana,0,35.42857142857143,Contrato,"22760,00","3110,08","50,00"
C007407,urbana_premium,1,34.21052631578947,Premium,"35810,00","15880,39","280,00"
C007408,urbana_premium,1,33.75,Premium,"49520,00","16022,28","30,00"
C007409,urbana_premium,0,38.75,Premium,"32720,00","28210,36","260,00"
C007410,rural,0,33.714285714285715,Prepago,"15460,00","1815,40","500,00"
C007411,urbana_premium,0,35.76923076923077,Premium,"23030,00","14408,44","210,00"
C007412,rural,0,36.41509433962264,Contrato,"23060,00","4337,78","160,00"
C007413,suburbana,0,33.75,Premium,"23130,00","8983,14","480,00"
C007414,urbana_premium,0,38.148148148148145,Premium,"42260,00","21957,15","560,00"
C007415,rural,0,33.20754716981132,Prepago,"11030,00","4537,24","270,00"
C007416,suburbana,0,35.27777777777778,Prepago,"35170,00","2086,30","310,00"
C007417,rural,1,30,Prepago,"20750,00","3419,67","260,00"
C007418,urbana_premium,0,31.428571428571427,Premium,"20710,00","17276,03","380,00"
C007419,urbana_premium,0,36.4,Premium,"43450,00","22082,83","670,00"
C007420,suburbana,0,32.16216216216216,Contrato,"35490,00","16335,40",
C007421,suburbana,0,32.94117647058823,Prepago,"22480,00","2835,97","230,00"
C007422,rural,0,31.020408163265305,Premium,"29110,00","15470,54","310,00"
C007423,urbana_premium,0,32.857142857142854,Premium,"23730,00","21170,27","1080,00"
C007424,urbana_premium,0,35,Premium,"17140,00","22302,73","630,00"
C007425,rural,1,31.304347826086957,Prepago,,"6384,23","190,00"
C007426,rural,0,31.73913043478261,Prepago,"17020,00","2776,46","40,00"
C007427,suburbana,0,34.285714285714285,Premium,"19270,00","35673,89","590,00"
C007428,urbana_premium,0,33.07692307692308,Contrato,"46740,00","10588,15","320,00"
C007429,urbana_premium,0,35.90909090909091,Prepago,"41260,00","5582,53","950,00"
C007430,urbana_premium,0,37.30769230769231,Premium,"67960,00","19910,66","1010,00"
C007431,urbana_premium,0,36.52173913043478,Premium,"44290,00","14939,79","300,00"
C007432,suburbana,0,35.116279069767444,Premium,,"15511,69","210,00"
C007433,rural,0,30.18867924528302,Prepago,"17100,00","2418,50","220,00"
C007434,urbana_premium,0,38,Premium,"18100,00","18465,75","250,00"
C007435,rural,0,34.705882352941174,Premium,"46390,00","16046,38","280,00"
C007436,suburbana,0,32.857142857142854,Contrato,"35420,00","7431,53","-580,00"
C007437,suburbana,1,33.18181818181818,Premium,"52260,00","28410,86","270,00"
C007438,suburbana,0,36.888888888888886,Premium,"19710,00","5627,36","300,00"
C007439,rural,0,33.714285714285715,Premium,"33020,00","15974,86","220,00"
C007440,urbana_premium,1,32.666666666666664,Prepago,"42350,00","5068,15","320,00"
C007441,urbana_premium,0,34.81481481481482,Prepago,"55510,00","8025,74","60,00"
C007442,urbana_premium,0,38.69565217391305,Premium,"46900,00","14050,51","210,00"
C007443,rural,0,33.541666666666664,Contrato,"21430,00","8102,41","230,00"
C007444,urbana_premium,0,38.888888888888886,Premium,"42230,00","16981,61","270,00"
C007445,suburbana,0,31.428571428571427,Contrato,"26340,00","6444,91",
C007446,suburbana,0,32.72727272727273,Premium,"39960,00","7484,06","340,00"
C007447,suburbana,0,34.6875,Premium,"22560,00","6497,16","450,00"
C007448,rural,0,33,Contrato,"18160,00","4841,85","640,00"
C007449,urbana_premium,1,36.25,Premium,"36180,00","21223,32","470,00"
C007450,urbana_premium,0,38.421052631578945,Premium,"47470,00","17453,00","610,00"
C007451,urbana_premium,0,35.51724137931034,Premium,"39000,00","25164,54","-870,00"
C007452,suburbana,0,29.642857142857142,Contrato,"26580,00","3143,71","840,00"
C007453,suburbana,0,33.95348837209303,Contrato,"43140,00","5645,67","110,00"
C007454,urbana_premium,0,36,Prepago,"47030,00","5158,23","450,00"
C007455,urbana_premium,0,36.55172413793103,Prepago,"32590,00","6013,43","170,00"
C007456,suburbana,1,36.111111111111114,Prepago,"20700,00","3481,36","340,00"
C007457,rural,0,31,Contrato,"21830,00","4310,94","100,00"
C007458,urbana_premium,1,35.55555555555556,Premium,"30770,00","9970,00","120,00"
C007459,urbana_premium,0,37.083333333333336,Premium,"29210,00","25915,65","580,00"
C007460,suburbana,0,32.22222222222222,Prepago,"38750,00","5487,39","150,00"
C007461,urbana_premium,0,31.6,Premium,"56790,00","25792,14","400,00"
C007462,urbana_premium,0,34,Premium,"37490,00","19933,14","-380,00"
C007463,suburbana,0,32.94117647058823,Premium,"29750,00","15516,50","350,00"
C007464,urbana_premium,0,32.857142857142854,Prepago,"29540,00","3689,64","390,00"
C007465,urbana_premium,0,35.925925925925924,Contrato,"26380,00","13570,03","620,00"
C007466,rural,0,33.69230769230769,Prepago,"30670,00","2586,50","330,00"
C007467,rural,0,30.980392156862745,Prepago,"14880,00","3317,88","160,00"
C007468,urbana_premium,1,31.25,Premium,"30820,00","15483,75","310,00"
C007469,urbana_premium,0,32.63157894736842,Contrato,"30470,00","20335,92","290,00"
C007470,urbana_premium,0,37.241379310344826,Premium,"44400,00","10117,67","430,00"
C007471,urbana_premium,0,35.5,Premium,"35720,00","13485,09","420,00"
C007472,urbana_premium,0,36.19047619047619,Prepago,"31360,00","3738,11","300,00"
C007473,suburbana,1,32.903225806451616,Premium,"47970,00","16892,81","190,00"
C007474,urbana_premium,0,38.57142857142857,Premium,"67720,00","14057,92","310,00"
C007475,suburbana,1,30,Premium,"34160,00","8179,73","130,00"
C007476,suburbana,0,35,Contrato,"31350,00","3997,89","430,00"
C007477,urbana_premium,0,35.172413793103445,Premium,"32090,00","24443,06","430,00"
C007478,urbana_premium,0,34.11764705882353,Premium,"38030,00","18353,41","580,00"
C007479,suburbana,0,35.15151515151515,Contrato,"19550,00","4405,64","290,00"
C007480,urbana_premium,0,34.76190476190476,Contrato,"54100,00","11642,08","220,00"
C007481,urbana_premium,0,38.75,Contrato,"36550,00","7411,74","550,00"
C007482,urbana_premium,0,35.714285714285715,Premium,,"15107,20","500,00"
C007483,suburbana,0,34.73684210526316,Contrato,"26540,00","4126,84","240,00"
C007484,urbana_premium,0,36.25,Premium,"49010,00","19468,79",
C007485,urbana_premium,0,37.142857142857146,Premium,"34990,00","20023,62","170,00"
C007486,urbana_premium,1,37.5,Prepago,"29060,00","3786,33","150,00"
C007487,urbana_premium,0,33.333333333333336,Premium,"18420,00","20074,24","50,00"
C007488,suburbana,1,35.333333333333336,Prepago,"29010,00","2661,03","120,00"
C007489,urbana_premium,0,34.44444444444444,Premium,"43650,00","25648,00",
C007490,suburbana,0,35,Prepago,"25110,00","7036,91","330,00"
C007491,urbana_premium,0,35.833333333333336,Contrato,"28990,00","14522,09","360,00"
C007492,suburbana,0,32.916666666666664,Prepago,"20100,00","4008,57","160,00"
C007493,urbana_premium,0,32.8,Premium,"33550,00","14961,22","270,00"
C007494,urbana_premium,0,32.083333333333336,Premium,"25920,00","31908,26","430,00"
C007495,urbana_premium,0,34.074074074074076,Prepago,"25860,00","3583,31","170,00"
C007496,rural,1,36.666666666666664,Prepago,"19630,00","2303,00","160,00"
C007497,suburbana,0,28.857142857142858,Contrato,"57640,00","6575,03","130,00"
C007498,urbana_premium,0,34.375,Premium,"86670,00","13821,94","570,00"
C007499,rural,0,33.87755102040816,Premium,"35060,00","5840,23","500,00"
C007500,suburbana,0,34.41860465116279,Contrato,"37350,00","8368,97","750,00"
C007501,urbana_premium,0,36.111111111111114,Premium,"19430,00","15484,06","130,00"
C007502,rural,0,32.950819672131146,Prepago,"59230,00","2950,55","160,00"
C007503,rural,1,34.41860465116279,Prepago,"26630,00","2892,59","400,00"
C007504,suburbana,0,37.74193548387097,Premium,"20290,00","7326,19","1090,00"
C007505,suburbana,0,34.04255319148936,Premium,"76330,00","6222,32","560,00"
C007506,rural,0,33.81818181818182,Prepago,"22430,00","1879,61","70,00"
C007507,urbana_premium,0,37.82608695652174,Premium,"51260,00","12377,47","870,00"
C007508,suburbana,0,34.285714285714285,Prepago,"26700,00","4622,03","520,00"
C007509,suburbana,0,35.75757575757576,Contrato,"36360,00","3748,94","260,00"
C007510,urbana_premium,0,34.73684210526316,Premium,"48670,00","10257,00","440,00"
C007511,urbana_premium,0,36.42857142857143,Premium,"51720,00","9109,58","720,00"
C007512,suburbana,0,35.348837209302324,Premium,"46710,00","6583,78","210,00"
C007513,rural,0,35.47945205479452,Prepago,"24510,00","2182,87","440,00"
C007514,suburbana,0,35.5,Contrato,"32080,00","5084,94","860,00"
C007515,rural,0,35.27272727272727,Premium,"22830,00","7116,86","120,00"
C007516,urbana_premium,0,38.4375,Prepago,"26560,00","7840,86","430,00"
C007517,urbana_premium,1,35,Prepago,"27890,00","5675,33","590,00"
C007518,suburbana,0,35.25423728813559,Prepago,"26760,00","2236,64","200,00"
C007519,rural,0,35.51020408163265,Contrato,"36110,00","4741,06","170,00"
C007520,suburbana,0,36.42857142857143,Prepago,"35150,00","1691,69","80,00"
C007521,rural,0,33.91304347826087,Contrato,"22470,00","4259,76","140,00"
C007522,suburbana,1,31.764705882352942,Prepago,"27180,00","4201,93","60,00"
C007523,urbana_premium,0,33.03030303030303,Premium,"25440,00","12445,36","170,00"
C007524,urbana_premium,0,36.666666666666664,Premium,"27950,00","28540,48","220,00"
C007525,rural,1,30,Contrato,"24510,00","3965,44","90,00"
C007526,urbana_premium,0,36.92307692307692,Premium,"38390,00","31424,86","370,00"
C007527,urbana_premium,0,33.125,Premium,"50260,00","15897,12","280,00"
C007528,urbana_premium,0,36.666666666666664,Premium,"35480,00","24716,86","80,00"
C007529,suburbana,1,30,Contrato,"36360,00","8320,50","260,00"
C007530,urbana_premium,0,35.76923076923077,Premium,"22400,00","18829,28","420,00"
C007531,urbana_premium,0,34.5,Contrato,"27450,00","8758,82","540,00"
C007532,suburbana,0,32.56410256410256,Prepago,"32690,00","2377,97","630,00"
C007533,suburbana,0,33.54838709677419,Contrato,"29980,00","8654,35","520,00"
C007534,suburbana,0,33.40909090909091,Prepago,,"5178,17","340,00"
C007535,suburbana,1,32,Prepago,"44980,00","4048,80","300,00"
C007536,urbana_premium,0,37.142857142857146,Premium,"58690,00","17089,28","360,00"
C007537,urbana_premium,0,36.42857142857143,Contrato,"66680,00","9464,03","200,00"
C007538,urbana_premium,0,33.1578947368421,Premium,"72390,00","20975,97","260,00"
C007539,urbana_premium,0,38.095238095238095,Premium,"33790,00","22561,61","180,00"
C007540,urbana_premium,0,33.84615384615385,Premium,"85600,00","30445,54","230,00"
C007541,urbana_premium,0,37.916666666666664,Prepago,"105220,00","11917,86","200,00"
C007542,suburbana,1,32,Prepago,"18900,00","4095,29","50,00"
C007543,suburbana,0,36.25,Contrato,"24260,00","5606,19","460,00"
C007544,suburbana,0,35.714285714285715,Prepago,"33810,00","3420,15","240,00"
C007545,suburbana,0,38.1578947368421,Contrato,"32330,00","8867,33","410,00"
C007546,urbana_premium,0,40,Prepago,"21210,00","3254,30","160,00"
C007547,suburbana,0,33.92857142857143,Contrato,"21380,00","9643,79","200,00"
C007548,rural,1,35.13513513513514,Premium,"25050,00","7512,44","-290,00"
C007549,urbana_premium,0,35.925925925925924,Premium,"35470,00","16476,94","330,00"
C007550,rural,0,33.50877192982456,Prepago,"28850,00","6566,61","160,00"
C007551,urbana_premium,0,35.666666666666664,Prepago,"75890,00","8671,46","410,00"
C007552,suburbana,0,33.095238095238095,Premium,"19280,00","9368,31","100,00"
C007553,urbana_premium,0,32.4,Prepago,"86040,00","5252,50","400,00"
C007554,rural,0,34.44444444444444,Contrato,,"8170,25","50,00"
C007555,suburbana,0,32.4390243902439,Contrato,"16290,00","5845,74","470,00"
C007556,urbana_premium,1,38.46153846153846,Contrato,"25200,00","12811,88","40,00"
C007557,urbana_premium,0,33.04347826086956,Contrato,"33230,00","8052,67","180,00"
C007558,suburbana,1,35.86206896551724,Contrato,"21350,00","16585,26","290,00"
C007559,suburbana,0,32.758620689655174,Contrato,"36540,00","13100,33","200,00"
C007560,urbana_premium,1,38.57142857142857,Premium,"47800,00","10201,59","110,00"
C007561,urbana_premium,0,34.0625,Premium,"40220,00","20239,86","-160,00"
C007562,urbana_premium,1,36.666666666666664,Premium,"43630,00","14229,84","380,00"
C007563,urbana_premium,0,32.5,Premium,"36520,00","12938,92","260,00"
C007564,suburbana,0,36.21621621621622,Prepago,"34250,00","3576,00","380,00"
C007565,urbana_premium,0,39,Premium,"74760,00","18681,06","390,00"
C007566,urbana_premium,0,35.65217391304348,Premium,,"25984,94","230,00"
C007567,suburbana,0,35.744680851063826,Contrato,"30000,00","8413,61","120,00"
C007568,suburbana,0,35.75757575757576,Prepago,"35080,00","1973,19","630,00"
C007569,urbana_premium,0,35.16129032258065,Premium,"36980,00","15011,27","360,00"
C007570,suburbana,1,35.3125,Prepago,"33260,00","2272,77","220,00"
C007571,suburbana,0,33.214285714285715,Premium,"45350,00","16688,72","680,00"
C007572,urbana_premium,0,36.15384615384615,Contrato,"31950,00","9174,70","470,00"
C007573,suburbana,0,33.61702127659574,Prepago,,"3747,28",
C007574,suburbana,1,35.88235294117647,Prepago,"17730,00","3837,94","450,00"
C007575,rural,0,33.958333333333336,Premium,"28850,00","28186,69","470,00"
C007576,suburbana,0,33.333333333333336,Premium,"29670,00","23971,06","400,00"
C007577,urbana_premium,0,35.333333333333336,Premium,"41920,00","12281,65","450,00"
C007578,suburbana,0,32.5,Premium,"38910,00","22343,25","140,00"
C007579,suburbana,1,33.333333333333336,Premium,"24010,00","13194,80","140,00"
C007580,rural,1,32.5,Premium,"34150,00","11303,64","170,00"
C007581,urbana_premium,0,35,Premium,"76410,00","16878,86","360,00"
C007582,suburbana,0,31.25,Prepago,"26930,00","2326,57","300,00"
C007583,urbana_premium,0,34.166666666666664,Contrato,"31930,00","14785,97","350,00"
C007584,urbana_premium,0,36.5,Premium,"59600,00","13522,51","380,00"
C007585,suburbana,0,33,Prepago,"42040,00","2201,91","410,00"
C007586,suburbana,0,35.714285714285715,Premium,"17230,00","8298,12","380,00"
C007587,urbana_premium,0,35.172413793103445,Contrato,"46440,00","10972,35","340,00"
C007588,suburbana,1,35.2,Prepago,"39100,00","3702,78","180,00"
C007589,suburbana,0,34.285714285714285,Prepago,"29240,00","2259,61","-80,00"
C007590,suburbana,0,32.888888888888886,Prepago,"50400,00","5519,95","190,00"
C007591,suburbana,0,33.142857142857146,Premium,"17000,00","7352,06","690,00"
C007592,urbana_premium,0,34.4,Premium,"18030,00","27070,32","130,00"
C007593,urbana_premium,1,40,Prepago,"55560,00","4790,00","170,00"
C007594,urbana_premium,0,35.333333333333336,Premium,"28800,00","14194,97",
C007595,rural,1,32.22222222222222,Contrato,"22940,00","3661,83","70,00"
C007596,urbana_premium,0,33,Premium,"25750,00","19541,03","630,00"
C007597,urbana_premium,0,34.8,Contrato,"51580,00","5589,61","30,00"
C007598,suburbana,0,30.833333333333332,Premium,"33590,00","7226,44","290,00"
C007599,rural,0,34.23076923076923,Contrato,"22160,00","4323,92","350,00"
C007600,urbana_premium,0,37.714285714285715,Prepago,"24850,00","3400,33","560,00"
C007601,suburbana,1,30,Contrato,,"9310,50","200,00"
C007602,suburbana,0,34.44444444444444,Prepago,"33500,00","1632,17","440,00"
C007603,urbana_premium,0,38.666666666666664,Prepago,"31780,00","5226,17","290,00"
C007604,urbana_premium,0,32.1875,Contrato,"32160,00","7604,03","400,00"
C007605,urbana_premium,0,35,Premium,"38420,00","13605,31","400,00"
C007606,suburbana,0,32.8125,Premium,"37740,00","20737,94","370,00"
C007607,urbana_premium,0,35.853658536585364,Premium,"44400,00","18023,20","600,00"
C007608,suburbana,0,34.516129032258064,Premium,"44990,00","13062,86","290,00"
C007609,suburbana,1,40,Prepago,"28890,00","2590,67","350,00"
C007610,urbana_premium,1,30,Contrato,"54560,00","9136,50","60,00"
C007611,urbana_premium,0,37.5,Contrato,"25450,00","16034,81","360,00"
C007612,rural,0,36.59574468085106,Premium,"26690,00","17702,33","70,00"
C007613,rural,1,35.15151515151515,Contrato,"26200,00","4220,11","90,00"
C007614,suburbana,0,34.390243902439025,Contrato,"68030,00","5965,69","430,00"
C007615,rural,1,34.523809523809526,Prepago,"18360,00","8109,90","370,00"
C007616,urbana_premium,0,34.0625,Prepago,"25140,00","5370,33","110,00"
C007617,urbana_premium,0,35.75757575757576,Prepago,"29230,00","5118,75","140,00"
C007618,suburbana,0,34.193548387096776,Contrato,"23890,00","19264,29","110,00"
C007619,rural,1,34.54545454545455,Prepago,"26800,00","3441,50","640,00"
C007620,suburbana,1,,Prepago,"19180,00","6253,00","480,00"
C007621,suburbana,0,33.84615384615385,Contrato,"33640,00","4054,60",
C007622,rural,0,33.53846153846154,Prepago,"23500,00","7318,11","300,00"
C007623,suburbana,0,32.142857142857146,Contrato,"41050,00","9040,89","200,00"
C007624,urbana_premium,0,31.11111111111111,Premium,"47540,00","12357,83","130,00"
C007625,suburbana,0,33.225806451612904,Premium,"39830,00","6795,68","190,00"
C007626,rural,0,32.340425531914896,Premium,"27570,00","16749,24",
C007627,urbana_premium,0,33.44827586206897,Prepago,"57600,00","4656,48","70,00"
C007628,urbana_premium,0,38.108108108108105,Premium,"22720,00","14038,33","210,00"
C007629,suburbana,1,33.2,Contrato,"17910,00","3954,26","550,00"
C007630,suburbana,0,34.883720930232556,Prepago,"29600,00","4056,05","480,00"
C007631,urbana_premium,0,36.470588235294116,Contrato,"39420,00","7845,50","310,00"
C007632,suburbana,0,33.829787234042556,Prepago,"20830,00","1886,54","250,00"
C007633,urbana_premium,0,34.074074074074076,Contrato,"46570,00","9414,64","180,00"
C007634,urbana_premium,0,34.523809523809526,Prepago,"24250,00","4419,86","410,00"
C007635,urbana_premium,1,37.666666666666664,Prepago,"34850,00","5394,65","90,00"
C007636,rural,1,31.764705882352942,Prepago,"23070,00","4692,00","260,00"
C007637,urbana_premium,0,39.2,Contrato,"46760,00","9549,18","30,00"
C007638,urbana_premium,0,35,Contrato,"32090,00","9691,83","160,00"
C007639,urbana_premium,0,36.875,Premium,"58570,00","11930,43","330,00"
C007640,suburbana,0,37.22222222222222,Contrato,"53670,00","3760,83","740,00"
C007641,suburbana,0,34.21052631578947,Premium,"51070,00","8226,86","350,00"
C007642,urbana_premium,0,40.45454545454545,Premium,"72070,00","10750,83","-480,00"
C007643,suburbana,0,31.28205128205128,Premium,"43290,00","16245,14","700,00"
C007644,suburbana,0,34.255319148936174,Premium,"36970,00","13938,63","250,00"
C007645,suburbana,0,37.2,Contrato,"22930,00","6347,00","100,00"
C007646,urbana_premium,0,33.80952380952381,Premium,"31420,00","30632,84","240,00"
C007647,suburbana,0,36.25,Premium,"41550,00","12635,06","440,00"
C007648,suburbana,0,33.333333333333336,Contrato,"15980,00","13869,27","180,00"
C007649,suburbana,0,34,Premium,"47370,00","13168,57","490,00"
C007650,suburbana,0,32.5,Premium,"24110,00","10695,54","320,00"
C007651,urbana_premium,1,42.5,Premium,"31750,00","24232,50","170,00"
C007652,rural,0,34.61538461538461,Prepago,"30460,00","3134,97","200,00"
C007653,suburbana,0,34.193548387096776,Contrato,"32880,00","4261,58","540,00"
C007654,suburbana,0,35.1063829787234,Prepago,"25740,00","3177,51","260,00"
C007655,rural,0,31.346153846153847,Contrato,"16880,00","8886,73","560,00"
C007656,urbana_premium,0,37.2972972972973,Contrato,"22630,00","19141,86","100,00"
C007657,urbana_premium,0,34.666666666666664,Premium,"17950,00","25102,81","1200,00"
C007658,urbana_premium,0,33.5,Premium,"63880,00","17973,76","270,00"
C007659,urbana_premium,0,37.2972972972973,Prepago,"35480,00","3903,36","480,00"
C007660,suburbana,0,32.121212121212125,Premium,"21840,00","7623,94","730,00"
C007661,suburbana,0,34.666666666666664,Premium,"38780,00","14999,97","640,00"
C007662,suburbana,0,34.166666666666664,Prepago,"22690,00","3707,81","230,00"
C007663,suburbana,0,30,Contrato,,"12005,74","430,00"
C007664,urbana_premium,0,35.76923076923077,Contrato,"58040,00","11171,28","620,00"
C007665,urbana_premium,1,36.55172413793103,Prepago,"49620,00","3441,30","450,00"
C007666,suburbana,1,34.375,Prepago,"31780,00","4652,31","110,00"
C007667,urbana_premium,0,34.411764705882355,Premium,"31530,00","22502,21","510,00"
C007668,rural,0,32.7027027027027,Premium,"25190,00","7766,21","380,00"
C007669,suburbana,0,36.55172413793103,Premium,"36530,00","6389,43","-280,00"
C007670,urbana_premium,0,34.76190476190476,Premium,"41890,00","20551,00","680,00"
C007671,suburbana,0,31.627906976744185,Premium,"45600,00","15334,26","140,00"
C007672,urbana_premium,0,35.88235294117647,Prepago,"26960,00","9384,12","460,00"
C007673,urbana_premium,0,37.5,Premium,"34970,00","13715,00","280,00"
C007674,rural,1,34.827586206896555,Contrato,"28210,00","13994,68","540,00"
C007675,urbana_premium,0,36.08695652173913,Premium,"31320,00","24473,34","190,00"
C007676,suburbana,0,34,Premium,"41610,00","12230,00","560,00"
C007677,urbana_premium,0,37.03703703703704,Premium,"61240,00","17503,80","150,00"
C007678,urbana_premium,0,30.76923076923077,Premium,"39080,00","21741,75","330,00"
C007679,urbana_premium,0,33.6,Premium,"43760,00","13424,68","310,00"
C007680,urbana_premium,1,36.875,Contrato,"35580,00","9164,73","410,00"
C007681,suburbana,0,33.42857142857143,Prepago,"26910,00","7322,47","270,00"
C007682,rural,0,31.836734693877553,Contrato,"36380,00","3938,94","270,00"
C007683,suburbana,0,31.818181818181817,Prepago,"22250,00","2523,18","160,00"
C007684,suburbana,0,34.76190476190476,Premium,"39810,00","7329,00","750,00"
C007685,suburbana,0,35.483870967741936,Contrato,"25090,00","5391,39","570,00"
C007686,suburbana,0,34.0625,Prepago,"22170,00","6244,86","710,00"
C007687,urbana_premium,0,37,Premium,"54470,00","22377,00","270,00"
C007688,suburbana,0,32.333333333333336,Premium,"38040,00","6708,30",
C007689,suburbana,0,34.1025641025641,Contrato,"23720,00","7412,41","180,00"
C007690,rural,1,35.625,Prepago,"21890,00","1819,50","510,00"
C007691,suburbana,0,35.9375,Contrato,"28540,00","10565,33","470,00"
C007692,suburbana,0,35.111111111111114,Contrato,"32370,00","4751,94","40,00"
C007693,rural,1,39.09090909090909,Prepago,"19560,00","1960,75","-50,00"
C007694,urbana_premium,0,36.06060606060606,Premium,"70290,00","17093,40","140,00"
C007695,urbana_premium,0,40.45454545454545,Premium,"25970,00","29777,11","270,00"
C007696,urbana_premium,0,35,Prepago,"22520,00","3488,14","190,00"
C007697,suburbana,0,32.5,Premium,"28610,00","10972,03","400,00"
C007698,urbana_premium,0,35.26315789473684,Contrato,"19090,00","6964,43","160,00"
C007699,urbana_premium,0,33,Premium,"29160,00","12703,31","230,00"
C007700,urbana_premium,1,32.30769230769231,Premium,"30670,00","9238,63","360,00"
C007701,urbana_premium,0,34.54545454545455,Premium,"38480,00","12781,26","420,00"
C007702,suburbana,0,33.58490566037736,Prepago,"27820,00","2645,69",
C007703,suburbana,1,34,Prepago,"32380,00","4609,40","90,00"
C007704,suburbana,1,36.36363636363637,Prepago,"22690,00","5391,00","530,00"
C007705,suburbana,0,38.78787878787879,Prepago,"26110,00","4177,47","170,00"
C007706,urbana_premium,0,37.5,Premium,"46870,00","24718,54","600,00"
C007707,urbana_premium,0,35.26315789473684,Contrato,"17300,00","9575,46","610,00"
C007708,urbana_premium,0,34.34782608695652,Premium,"44350,00","19054,97","530,00"
C007709,suburbana,0,32.432432432432435,Premium,"14070,00","24189,86","660,00"
C007710,rural,1,32.38095238095238,Prepago,"23300,00","7329,36","300,00"
C007711,suburbana,0,38.214285714285715,Contrato,"35760,00","18093,66","290,00"
C007712,urbana_premium,0,36.5,Premium,"42630,00","14136,47","460,00"
C007713,suburbana,1,25,Premium,"23990,00","6741,60","370,00"
C007714,urbana_premium,0,36.27906976744186,Prepago,"41880,00","6942,87","150,00"
C007715,urbana_premium,0,35.26315789473684,Contrato,"27520,00","13441,89","310,00"
C007716,suburbana,0,34.54545454545455,Premium,"48350,00","29239,50","350,00"
C007717,suburbana,0,38.68421052631579,Prepago,"39880,00","5961,30","630,00"
C007718,urbana_premium,0,37.142857142857146,Premium,"27460,00","12175,62","250,00"
C007719,urbana_premium,0,36.92307692307692,Premium,"61980,00","17410,65","90,00"
C007720,suburbana,0,36.875,Premium,"31910,00","12247,89","-620,00"
C007721,rural,0,31.666666666666668,Prepago,"15630,00","5412,94","70,00"
C007722,suburbana,0,35.16129032258065,Premium,"44860,00","20442,62","200,00"
C007723,rural,0,35.81818181818182,Prepago,"41270,00","4316,34","190,00"
C007724,suburbana,0,35.22727272727273,Premium,"27260,00","13434,00","210,00"
C007725,suburbana,1,30.952380952380953,Prepago,"33880,00","1976,36","210,00"
C007726,suburbana,0,32.25806451612903,Contrato,"29670,00","7838,88","200,00"
C007727,urbana_premium,0,40.476190476190474,Prepago,"46880,00","5190,66",
C007728,urbana_premium,0,35,Premium,"50550,00","12326,81","270,00"
C007729,urbana_premium,0,35.483870967741936,Premium,"54050,00","11852,71","810,00"
C007730,urbana_premium,0,38.666666666666664,Prepago,"20050,00","6588,92","50,00"
C007731,suburbana,0,33.47826086956522,Prepago,"24860,00","2627,77","460,00"
C007732,suburbana,0,34.82142857142857,Contrato,"41790,00","4223,74","190,00"
C007733,suburbana,1,40,Premium,"23350,00","7342,71","580,00"
C007734,urbana_premium,0,39.166666666666664,Prepago,"43220,00","5995,54","540,00"
C007735,urbana_premium,0,36.5,Contrato,"27770,00","13420,91","360,00"
C007736,suburbana,0,33.75,Contrato,"37790,00","6695,03","690,00"
C007737,rural,0,33.46153846153846,Contrato,"23520,00","9295,03","260,00"
C007738,suburbana,1,33.125,Premium,"36830,00","11467,42","700,00"
C007739,suburbana,0,34.61538461538461,Premium,"34230,00","5644,08","260,00"
C007740,suburbana,0,32.94117647058823,Contrato,"18230,00","4562,24","200,00"
C007741,urbana_premium,0,34.21052631578947,Premium,"79680,00","10830,70","620,00"
C007742,suburbana,0,34.90196078431372,Prepago,"18860,00","1622,21","110,00"
C007743,urbana_premium,0,36.666666666666664,Premium,"91350,00","25433,14","390,00"
C007744,urbana_premium,1,33.63636363636363,Premium,"17970,00","18670,33","470,00"
C007745,urbana_premium,0,33.888888888888886,Premium,"39200,00","31604,84","590,00"
C007746,urbana_premium,0,36.15384615384615,Premium,"23390,00","18875,03","200,00"
C007747,suburbana,0,34.41860465116279,Premium,"52480,00","4782,23","600,00"
C007748,suburbana,0,35.13513513513514,Premium,"20900,00","9943,71","190,00"
C007749,urbana_premium,0,33.07692307692308,Premium,"26090,00","15330,20","410,00"
C007750,urbana_premium,1,35.78947368421053,Premium,"38740,00","13370,69","160,00"
C007751,suburbana,0,32.68292682926829,Premium,"49180,00","25816,92","190,00"
C007752,urbana_premium,0,37.72727272727273,Prepago,"58930,00","3934,44","460,00"
C007753,urbana_premium,0,35.22727272727273,Premium,"35410,00","21108,75",
C007754,suburbana,1,33.2,Prepago,"26650,00","3228,46","330,00"
C007755,suburbana,0,35.38461538461539,Contrato,"35780,00","7846,28","70,00"
C007756,urbana_premium,0,37.72727272727273,Premium,"37500,00","17775,11","270,00"
C007757,urbana_premium,0,39.2,Premium,"39370,00","33099,09","150,00"
C007758,suburbana,1,31.666666666666668,Prepago,"28370,00","2612,00","210,00"
C007759,suburbana,0,35,Premium,"36910,00","6562,88","250,00"
C007760,urbana_premium,0,38.421052631578945,Premium,"44820,00","15118,23","320,00"
C007761,suburbana,0,33.78378378378378,Premium,,"7163,81","230,00"
C007762,urbana_premium,0,33.23529411764706,Premium,"30630,00","23866,23","170,00"
C007763,urbana_premium,0,32.5,Prepago,"30530,00","5751,21","50,00"
C007764,urbana_premium,0,30.625,Premium,"37050,00","10964,41","560,00"
C007765,suburbana,1,32.5,Premium,"27770,00","14973,44","170,00"
C007766,rural,0,38.333333333333336,Contrato,"31400,00","12477,33","400,00"
C007767,rural,1,33.333333333333336,Prepago,"16050,00","2526,73","310,00"
C007768,suburbana,0,33,Premium,"46500,00","12904,49","100,00"
C007769,suburbana,0,33.69565217391305,Premium,"26980,00","8395,52",
C007770,suburbana,1,28,Contrato,"45070,00","10220,09","350,00"
C007771,rural,0,33.63636363636363,Contrato,"56300,00","4805,54","340,00"
C007772,suburbana,0,31.86046511627907,Contrato,"42700,00","8735,47","230,00"
C007773,suburbana,1,30,Prepago,"37100,00","2399,00","510,00"
C007774,urbana_premium,0,35.806451612903224,Premium,"56560,00","20525,42","240,00"
C007775,suburbana,0,37.25,Premium,"26890,00","14936,09","370,00"
C007776,suburbana,1,35.333333333333336,Prepago,"32680,00","3510,75","350,00"
C007777,rural,0,36.206896551724135,Prepago,"18350,00","3667,78","290,00"
C007778,urbana_premium,0,36.25,Premium,"30930,00","19093,25","180,00"
C007779,rural,1,32.36842105263158,Prepago,"25860,00","3883,69","330,00"
C007780,suburbana,0,36.04651162790697,Prepago,"30830,00","2139,78","180,00"
C007781,urbana_premium,0,40,Premium,"44510,00","24909,67","620,00"
C007782,urbana_premium,0,37.083333333333336,Premium,"40120,00","20586,30","610,00"
C007783,urbana_premium,1,34.285714285714285,Prepago,"34670,00","5056,86","480,00"
C007784,rural,0,32.44897959183673,Contrato,,"4495,00","210,00"
C007785,suburbana,0,33,Prepago,"24020,00","2824,53","850,00"
C007786,urbana_premium,0,32,Premium,"41790,00","11698,20","270,00"
C007787,suburbana,0,33.04347826086956,Premium,"44550,00","16520,61","210,00"
C007788,suburbana,1,32.857142857142854,Prepago,"38210,00","3864,80","260,00"
C007789,suburbana,0,31.025641025641026,Premium,"29510,00","10312,14","250,00"
C007790,urbana_premium,0,35.925925925925924,Contrato,"20410,00","8770,58","340,00"
C007791,suburbana,0,37.77777777777778,Prepago,"26460,00","4388,86","240,00"
C007792,urbana_premium,0,31.666666666666668,Premium,"80510,00","13197,37","900,00"
C007793,urbana_premium,0,36.666666666666664,Premium,"35090,00","42105,80","160,00"
C007794,suburbana,0,33.54838709677419,Prepago,"29760,00","5173,78","500,00"
C007795,suburbana,0,34.61538461538461,Contrato,"31630,00","9667,61","800,00"
C007796,rural,0,32.83018867924528,Premium,"26960,00","25167,31","190,00"
C007797,urbana_premium,0,37.27272727272727,Premium,"30430,00","15649,47","400,00"
C007798,urbana_premium,0,38.214285714285715,Prepago,"49910,00","5520,67","190,00"
C007799,suburbana,0,34.04761904761905,Premium,"34390,00","12644,06","260,00"
C007800,urbana_premium,0,32.30769230769231,Prepago,"20950,00","5105,56","730,00"
C007801,rural,0,33.46153846153846,Contrato,"9530,00","7981,21","180,00"
C007802,urbana_premium,0,36.07142857142857,Prepago,,"4615,11","360,00"
C007803,suburbana,0,34,Contrato,"19510,00","9898,49","680,00"
C007804,urbana_premium,0,33.333333333333336,Premium,"42650,00","20363,49","750,00"
C007805,rural,1,34.827586206896555,Prepago,"20360,00","5090,50","370,00"
C007806,suburbana,0,32.41379310344828,Premium,"35140,00","26215,94","460,00"
C007807,urbana_premium,0,35.416666666666664,Premium,"45330,00","15354,24","150,00"
C007808,suburbana,1,34.827586206896555,Prepago,"20960,00","3185,00","430,00"
C007809,urbana_premium,0,34.642857142857146,Premium,"33690,00","14295,92","190,00"
C007810,suburbana,1,36,Prepago,"24560,00","5096,29","240,00"
C007811,urbana_premium,0,33.75,Prepago,"53060,00","4181,64","550,00"
C007812,urbana_premium,0,38.07692307692308,Contrato,"35990,00","21040,73","250,00"
C007813,suburbana,1,32.22222222222222,Premium,"46190,00","7589,31","670,00"
C007814,urbana_premium,0,35,Premium,"60470,00","17632,36","110,00"
C007815,suburbana,0,35.90909090909091,Premium,"28430,00","9561,82","190,00"
C007816,suburbana,0,35.625,Premium,"24230,00","6401,28","170,00"
C007817,suburbana,1,34.285714285714285,Contrato,"21940,00","3326,62","20,00"
C007818,rural,1,32.708333333333336,Prepago,"29760,00","3327,45","50,00"
C007819,urbana_premium,0,37.42857142857143,Prepago,"36960,00","6219,49","550,00"
C007820,suburbana,0,31.428571428571427,Prepago,"23100,00","2095,47","960,00"
C007821,suburbana,0,31.666666666666668,Premium,"40810,00","7588,59","630,00"
C007822,urbana_premium,1,40,Prepago,"52730,00","5346,62",
C007823,suburbana,0,35,Premium,"21390,00","9244,23","230,00"
C007824,urbana_premium,0,30.5,Premium,"43440,00","21253,92","680,00"
C007825,suburbana,0,38.69565217391305,Premium,"36630,00","5763,08","70,00"
C007826,rural,0,33.63636363636363,Premium,"42110,00","6315,25","190,00"
C007827,urbana_premium,0,34.09090909090909,Premium,"36130,00","15624,09","1170,00"
C007828,urbana_premium,0,36.07142857142857,Premium,"38280,00","19792,86","960,00"
C007829,urbana_premium,1,35.45454545454545,Premium,"48240,00","35324,17","240,00"
C007830,rural,0,34.35897435897436,Contrato,"36200,00","12324,92","240,00"
C007831,urbana_premium,0,36.19047619047619,Premium,"44040,00","15567,21","100,00"
C007832,suburbana,0,33.75,Premium,"32260,00","7228,21","390,00"
C007833,suburbana,1,32.5,Premium,"24490,00","23682,00","420,00"
C007834,suburbana,0,30,Premium,"26620,00","13043,11","290,00"
C007835,urbana_premium,0,35.86206896551724,Premium,"36330,00","21966,19","640,00"
C007836,suburbana,0,35.357142857142854,Contrato,"38100,00","19037,14","110,00"
C007837,urbana_premium,0,33.57142857142857,Premium,"44790,00","19636,97","400,00"
C007838,rural,0,33.9344262295082,Contrato,"18240,00","4827,44","200,00"
C007839,rural,0,32.714285714285715,Prepago,"31260,00","2110,61","310,00"
C007840,suburbana,0,32.592592592592595,Premium,"28100,00","6052,03","120,00"
C007841,urbana_premium,0,39.583333333333336,Premium,"36260,00","24234,17","190,00"
C007842,urbana_premium,1,33.333333333333336,Prepago,"50080,00","8706,25","70,00"
C007843,suburbana,0,35,Premium,"40740,00","10771,76","390,00"
C007844,urbana_premium,0,34.705882352941174,Prepago,"43200,00","4069,34","170,00"
C007845,suburbana,1,36.42857142857143,Prepago,,"3425,33","50,00"
C007846,urbana_premium,1,31.176470588235293,Prepago,"19860,00","6388,23","260,00"
C007847,urbana_premium,0,37.2,Contrato,"53670,00","13387,34","280,00"
C007848,urbana_premium,0,34.35897435897436,Premium,"26980,00","11615,67","230,00"
C007849,rural,0,34.651162790697676,Contrato,"23080,00","9514,72","400,00"
C007850,suburbana,0,32.285714285714285,Prepago,"30070,00","4360,80","450,00"
C007851,suburbana,0,33.61702127659574,Premium,"29300,00","15827,42","720,00"
C007852,suburbana,0,34.193548387096776,Contrato,"21730,00","9062,58","660,00"
C007853,urbana_premium,0,37.74193548387097,Premium,"23870,00","22275,03","580,00"
C007854,urbana_premium,1,35,Premium,"19590,00","15268,27","490,00"
C007855,urbana_premium,0,37.05882352941177,Premium,"35700,00","10793,32","460,00"
C007856,urbana_premium,0,35,Premium,"40250,00","24515,49","-120,00"
C007857,rural,0,33.05555555555556,Premium,"28670,00","13887,89","430,00"
C007858,urbana_premium,0,35.142857142857146,Prepago,"57650,00","4579,25","90,00"
C007859,suburbana,0,33.26086956521739,Prepago,"40120,00","4137,53","490,00"
C007860,rural,1,35.925925925925924,Prepago,"32910,00","9537,31","560,00"
C007861,rural,1,34.583333333333336,Prepago,"16410,00","3500,44","140,00"
C007862,suburbana,0,35,Premium,"44010,00","5958,31","330,00"
C007863,urbana_premium,0,35.172413793103445,Contrato,"43770,00","7265,31","280,00"
C007864,urbana_premium,0,35,Premium,"24360,00","17375,64","340,00"
C007865,rural,0,34.34782608695652,Prepago,"33870,00","2085,64","460,00"
C007866,urbana_premium,0,35.16129032258065,Premium,"28190,00","13496,86","700,00"
C007867,suburbana,1,35,Prepago,"20810,00","6835,00","310,00"
C007868,rural,0,35.18518518518518,Premium,"39960,00","11336,28","170,00"
C007869,urbana_premium,1,36,Premium,"41750,00","11718,41","340,00"
C007870,suburbana,0,30.9375,Premium,"20760,00","5004,14","310,00"
C007871,suburbana,1,32.77777777777778,Prepago,"24770,00","3748,80","170,00"
C007872,suburbana,0,34.390243902439025,Premium,"43300,00","15332,66","270,00"
C007873,urbana_premium,1,40,Premium,"25220,00","21091,83","120,00"
C007874,suburbana,0,31.379310344827587,Contrato,"28450,00","5246,92","380,00"
C007875,suburbana,0,32.11538461538461,Prepago,,"3660,06","440,00"
C007876,urbana_premium,0,35,Premium,"99540,00","23317,18","1120,00"
C007877,suburbana,1,34,Prepago,"17950,00","2099,86","230,00"
C007878,urbana_premium,0,35.9375,Prepago,"23380,00","5030,64","120,00"
C007879,urbana_premium,0,36.12903225806452,Premium,,"23046,56","640,00"
C007880,urbana_premium,0,34.34782608695652,Premium,"30680,00","27764,54","330,00"
C007881,urbana_premium,0,36.25,Contrato,"38850,00","13050,35","10,00"
C007882,suburbana,0,32.857142857142854,Premium,"25340,00","6297,95","190,00"
C007883,suburbana,1,34.285714285714285,Prepago,"40200,00","5797,03","230,00"
C007884,suburbana,1,36.25,Contrato,"30830,00","3548,29",
C007885,rural,1,35,Contrato,"16600,00","7001,15","530,00"
C007886,suburbana,0,35.58139534883721,Premium,"27510,00","13943,77","160,00"
C007887,urbana_premium,0,37.142857142857146,Premium,"34920,00","15958,82","920,00"
C007888,rural,0,34.09090909090909,Premium,"34750,00","7343,54","460,00"
C007889,suburbana,0,34.73684210526316,Contrato,"40480,00","4880,94","270,00"
C007890,rural,0,34.03846153846154,Contrato,"29900,00","9569,91","-40,00"
C007891,suburbana,0,34.905660377358494,Contrato,"23190,00","3542,33","310,00"
C007892,urbana_premium,0,36.111111111111114,Contrato,"42850,00","12561,66","380,00"
C007893,suburbana,0,35.26315789473684,Contrato,"19990,00","5207,26","140,00"
C007894,urbana_premium,0,33.6,Premium,"48260,00","16270,68","280,00"
C007895,suburbana,0,36.42857142857143,Contrato,"45790,00","9018,09","410,00"
C007896,rural,0,32.22222222222222,Premium,"11220,00","12288,20","410,00"
C007897,urbana_premium,1,35.26315789473684,Premium,"37300,00","17533,00","290,00"
C007898,suburbana,0,34.074074074074076,Contrato,"29040,00","2668,11","250,00"
C007899,urbana_premium,0,35.78947368421053,Premium,"52850,00","19254,18","110,00"
C007900,urbana_premium,0,32.17391304347826,Contrato,"31300,00","12348,19","180,00"
C007901,suburbana,1,35.714285714285715,Contrato,"24260,00","10058,00",
C007902,suburbana,1,30,Premium,"31730,00","14562,86","260,00"
C007903,urbana_premium,0,34.81481481481482,Contrato,"47670,00","7797,05","110,00"
C007904,rural,0,34.107142857142854,Contrato,"25120,00","3326,64","-760,00"
C007905,urbana_premium,0,32.857142857142854,Premium,"52460,00","12410,20","130,00"
C007906,rural,1,34.04255319148936,Premium,"29750,00","11390,17","380,00"
C007907,suburbana,0,32.42424242424242,Premium,"25050,00","9801,76","720,00"
C007908,urbana_premium,0,31.85185185185185,Premium,"38870,00","27229,32","240,00"
C007909,urbana_premium,0,36.2962962962963,Premium,"46730,00","18991,03","70,00"
C007910,rural,0,33.07692307692308,Prepago,"17720,00","1923,61","280,00"
C007911,suburbana,0,33.611111111111114,Prepago,"23680,00","4780,97","170,00"
C007912,urbana_premium,0,37.41935483870968,Prepago,"23150,00","6679,49","170,00"
C007913,suburbana,1,33.148148148148145,Prepago,"45410,00","2444,66","430,00"
C007914,urbana_premium,0,38.57142857142857,Prepago,"82390,00","5066,70","430,00"
C007915,urbana_premium,0,37.58620689655172,Prepago,"30440,00","5480,24","220,00"
C007916,suburbana,0,31.35135135135135,Premium,"36760,00","11878,33","270,00"
C007917,urbana_premium,0,33.7037037037037,Prepago,"59760,00","5104,11","300,00"
C007918,rural,1,35.88235294117647,Prepago,"15560,00","3235,64","150,00"
C007919,urbana_premium,0,35,Premium,"43610,00","15770,66","320,00"
C007920,suburbana,0,36,Premium,"47860,00","19664,11","210,00"
C007921,suburbana,0,34.73684210526316,Prepago,"27440,00","6617,44","760,00"
C007922,suburbana,0,37.74193548387097,Premium,"29280,00","14276,43","210,00"
C007923,urbana_premium,0,38.214285714285715,Prepago,"62740,00","5064,97","210,00"
C007924,urbana_premium,0,33.2,Premium,"33370,00","13486,66","440,00"
C007925,suburbana,0,35.588235294117645,Premium,"24660,00","13651,59","520,00"
C007926,rural,0,31.70212765957447,Premium,"22020,00","12310,26","220,00"
C007927,rural,1,33.333333333333336,Prepago,"44450,00","2121,73","30,00"
C007928,suburbana,0,34.193548387096776,Premium,"39920,00","15962,20","550,00"
C007929,rural,1,36.45161290322581,Prepago,"28410,00","6869,00","520,00"
C007930,suburbana,1,31.666666666666668,Contrato,"36350,00","5580,20","310,00"
C007931,urbana_premium,0,31.48148148148148,Premium,"26280,00","19123,11","70,00"
C007932,suburbana,0,35.51724137931034,Premium,"36860,00","9369,69","190,00"
C007933,suburbana,0,32.857142857142854,Contrato,,"17200,27","130,00"
C007934,urbana_premium,0,34.81481481481482,Premium,"36440,00","18970,11","230,00"
C007935,suburbana,0,34.857142857142854,Prepago,"27880,00","1837,44","240,00"
C007936,urbana_premium,1,38.421052631578945,Prepago,"54340,00","3223,56","750,00"
C007937,rural,0,32.15384615384615,Premium,"45000,00","21656,36","230,00"
C007938,urbana_premium,0,36.81818181818182,Premium,"28420,00","20033,12","610,00"
C007939,rural,0,31.627906976744185,Premium,"34550,00","12574,44","550,00"
C007940,suburbana,1,35.23809523809524,Contrato,"28980,00","15819,64","80,00"
C007941,urbana_premium,0,33.84615384615385,Contrato,"51750,00","24367,94","50,00"
C007942,rural,1,34.87179487179487,Contrato,"26740,00","3539,88","180,00"
C007943,suburbana,1,35.45454545454545,Prepago,"24940,00","7420,96","390,00"
C007944,urbana_premium,0,32.857142857142854,Premium,"31850,00","18127,86","580,00"
C007945,urbana_premium,0,36.07142857142857,Premium,"36870,00","23211,09","640,00"
C007946,urbana_premium,0,31.818181818181817,Premium,"45070,00","19712,06","330,00"
C007947,urbana_premium,0,34.375,Premium,"47310,00","19990,80","590,00"
C007948,suburbana,1,34.1025641025641,Prepago,"87600,00","3719,42","80,00"
C007949,urbana_premium,0,37,Premium,"48170,00","12644,88","130,00"
C007950,urbana_premium,0,35.5,Premium,"25280,00","13298,14","230,00"
C007951,rural,0,31.35135135135135,Premium,"37520,00","16559,89","430,00"
C007952,rural,0,32.89855072463768,Prepago,"29770,00","3159,97","200,00"
C007953,urbana_premium,1,37.5,Premium,"37650,00","2670,67","260,00"
C007954,rural,1,31.304347826086957,Prepago,"16400,00","3880,26","240,00"
C007955,suburbana,0,34.63414634146341,Premium,"28160,00","9037,22","310,00"
C007956,suburbana,1,30.90909090909091,Premium,"46780,00","8121,17","830,00"
C007957,suburbana,0,33.93939393939394,Contrato,"36970,00","12220,89","80,00"
C007958,urbana_premium,0,35.76923076923077,Premium,"64120,00","10246,21","230,00"
C007959,suburbana,0,32.41379310344828,Premium,"49020,00","22056,50","270,00"
C007960,urbana_premium,0,34.11764705882353,Premium,"42850,00","12171,62","690,00"
C007961,urbana_premium,0,38.125,Premium,"13240,00","13021,81","820,00"
C007962,urbana_premium,0,40,Premium,"29070,00","22617,13","690,00"
C007963,suburbana,0,36.1764705882353,Premium,"18100,00","5877,27",
C007964,suburbana,1,30,Prepago,"50990,00","9212,50","180,00"
C007965,urbana_premium,0,35.86206896551724,Premium,"47720,00","20949,31","390,00"
C007966,urbana_premium,1,35.38461538461539,Premium,"36950,00","17484,80","850,00"
C007967,urbana_premium,0,34.09090909090909,Premium,"33200,00","8859,06","480,00"
C007968,suburbana,0,35.714285714285715,Prepago,"45340,00","2493,89","320,00"
C007969,suburbana,0,30.303030303030305,Prepago,"22650,00","2521,81","230,00"
C007970,suburbana,1,28,Premium,"19740,00","17469,58","360,00"
C007971,suburbana,1,31.666666666666668,Prepago,"19160,00","6858,80","50,00"
C007972,urbana_premium,1,37.22222222222222,Premium,"41350,00","24277,95","500,00"
C007973,suburbana,0,34.375,Premium,"23310,00","11671,89","340,00"
C007974,suburbana,0,34.73684210526316,Premium,"43950,00","23922,71","600,00"
C007975,urbana_premium,0,32.22222222222222,Premium,"39570,00","18047,91","420,00"
C007976,urbana_premium,0,35.714285714285715,Premium,"24310,00","13829,92","790,00"
C007977,suburbana,1,33.84615384615385,Prepago,"28310,00","2760,00","130,00"
C007978,urbana_premium,0,37.36842105263158,Premium,"28060,00","7598,26","90,00"
C007979,urbana_premium,1,28.333333333333332,Contrato,"37720,00","20990,00","160,00"
C007980,suburbana,0,30.54054054054054,Contrato,,"3727,50","160,00"
C007981,suburbana,1,39,Premium,"29020,00","11638,21","510,00"
C007982,urbana_premium,0,33.888888888888886,Premium,"31100,00","24621,61","450,00"
C007983,urbana_premium,0,33.92857142857143,Premium,"45860,00","13954,27","890,00"
C007984,urbana_premium,0,34.11764705882353,Premium,"33790,00","15688,26","140,00"
C007985,urbana_premium,1,36.666666666666664,Premium,"47290,00","18213,67","390,00"
C007986,rural,0,34.166666666666664,Contrato,"26670,00","14900,83","420,00"
C007987,urbana_premium,0,31.818181818181817,Premium,"27100,00","25767,86","140,00"
C007988,urbana_premium,0,33.333333333333336,Premium,"24740,00","26224,29","120,00"
C007989,rural,1,32.57142857142857,Premium,"20870,00","7268,08","270,00"
C007990,suburbana,0,34.86486486486486,Premium,"35200,00","11332,08","180,00"
C007991,suburbana,0,40.833333333333336,Premium,"55850,00","9016,12","570,00"
C007992,urbana_premium,0,38.095238095238095,Premium,"26320,00","13117,03","740,00"
C007993,suburbana,0,32.11538461538461,Prepago,"21380,00","6960,33","680,00"
C007994,suburbana,1,32.5,Premium,"42750,00","14577,50","350,00"
C007995,rural,0,33.23076923076923,Premium,"25270,00","6575,65","110,00"
C007996,suburbana,0,34.285714285714285,Contrato,"28470,00","8558,60","110,00"
C007997,urbana_premium,0,36.5,Premium,"49230,00","18950,91","260,00"
C007998,urbana_premium,0,36.206896551724135,Premium,"60070,00","9760,92","110,00"
C007999,urbana_premium,0,34.09090909090909,Premium,"55930,00","17240,69","520,00"
C008000,urbana_premium,0,37,Prepago,"30420,00","7156,34","40,00"
C008001,suburbana,0,33.40909090909091,Premium,"35320,00","5344,25","170,00"
C008002,urbana_premium,0,37,Prepago,"57780,00","4912,71","150,00"
C008003,urbana_premium,0,38.57142857142857,Premium,"35150,00","12046,36","780,00"
C008004,suburbana,0,38.4375,Contrato,"34520,00","8714,11","160,00"
C008005,urbana_premium,0,36.5,Prepago,"31680,00","8762,56","270,00"
C008006,suburbana,1,33.44827586206897,Prepago,"21700,00","2072,25","270,00"
C008007,suburbana,0,36.578947368421055,Premium,"35030,00","5276,37","330,00"
C008008,urbana_premium,0,36.41025641025641,Prepago,"53770,00","9189,39","470,00"
C008009,suburbana,0,33.75,Prepago,"39610,00","2303,35","230,00"
C008010,urbana_premium,0,34.32432432432432,Premium,"24390,00","16382,89",
C008011,urbana_premium,0,36.8,Premium,"61690,00","20226,44","200,00"
C008012,rural,1,34.285714285714285,Contrato,"28980,00","7615,53","290,00"
C008013,suburbana,0,33.793103448275865,Premium,"45070,00","11725,64","180,00"
C008014,rural,1,35.38461538461539,Prepago,"17100,00","3753,17","160,00"
C008015,rural,0,30.666666666666668,Premium,"31800,00","6329,31","280,00"
C008016,urbana_premium,0,37.333333333333336,Contrato,"48880,00","7409,86","480,00"
C008017,urbana_premium,0,34.44444444444444,Prepago,"25110,00","4976,51","50,00"
C008018,suburbana,0,30.833333333333332,Premium,"35540,00","17698,91","110,00"
C008019,suburbana,0,34.32432432432432,Premium,"21240,00","6155,05","300,00"
C008020,suburbana,0,35,Premium,"30650,00","7761,53","550,00"
C008021,rural,0,32.916666666666664,Contrato,"53450,00","9647,03","340,00"
C008022,urbana_premium,0,35.5,Premium,"43330,00","17020,33","810,00"
C008023,urbana_premium,0,37.083333333333336,Prepago,"37630,00","4143,89","250,00"
C008024,suburbana,0,31.794871794871796,Prepago,"18140,00","2191,72","30,00"
C008025,urbana_premium,0,36.92307692307692,Premium,"43340,00","21216,12","500,00"
C008026,urbana_premium,0,35.416666666666664,Premium,"37140,00","32805,08","960,00"
C008027,suburbana,1,32.94117647058823,Prepago,,"1915,90","200,00"
C008028,rural,0,33.38709677419355,Prepago,"16220,00","4934,91","440,00"
C008029,urbana_premium,0,35.744680851063826,Prepago,"53490,00","5586,49","360,00"
C008030,urbana_premium,0,37.27272727272727,Premium,"61560,00","33850,00","350,00"
C008031,urbana_premium,0,34.166666666666664,Premium,"40200,00","14641,75","310,00"
C008032,rural,1,30,Premium,"33850,00","8660,57","340,00"
C008033,urbana_premium,0,33.57142857142857,Premium,"39650,00","16366,63","1140,00"
C008034,suburbana,0,34.4,Premium,"23420,00","25539,51","140,00"
C008035,rural,1,30,Premium,"51350,00","24616,00","340,00"
C008036,suburbana,0,35,Contrato,"18620,00","5270,78","70,00"
C008037,suburbana,0,37.8125,Contrato,"35400,00","4551,92","380,00"
C008038,urbana_premium,0,35.625,Contrato,"31210,00","13281,75","120,00"
C008039,suburbana,1,31.666666666666668,Contrato,"28380,00","4772,17","180,00"
C008040,suburbana,0,32.61904761904762,Contrato,"53230,00","4772,69","80,00"
C008041,urbana_premium,0,35.9375,Premium,"39810,00","23670,86","550,00"
C008042,suburbana,0,37.83783783783784,Contrato,"27250,00","4696,53","400,00"
C008043,suburbana,0,35.172413793103445,Contrato,"25210,00","5297,54","210,00"
C008044,suburbana,1,35.714285714285715,Prepago,"37160,00","2212,96","270,00"
C008045,urbana_premium,0,35.294117647058826,Premium,"28140,00","18683,34","80,00"
C008046,rural,1,32.857142857142854,Prepago,"24570,00","2631,17","330,00"
C008047,rural,0,30.96153846153846,Contrato,"22680,00","3747,77","230,00"
C008048,suburbana,0,34.827586206896555,Premium,"23210,00","33603,67","-210,00"
C008049,suburbana,0,36.388888888888886,Prepago,"18490,00","3398,51",
C008050,suburbana,0,34.35897435897436,Premium,"30890,00","8427,57","170,00"
C008051,suburbana,0,35.483870967741936,Premium,"26790,00","8772,03","60,00"
C008052,urbana_premium,0,35.90909090909091,Premium,"42380,00","30314,72","900,00"
C008053,urbana_premium,0,35.416666666666664,Contrato,"18350,00","9540,09","230,00"
C008054,suburbana,0,34.78260869565217,Premium,"25990,00","14783,26","210,00"
C008055,urbana_premium,0,37.64705882352941,Premium,"52820,00","11201,03","1200,00"
C008056,urbana_premium,0,35,Prepago,"22000,00","5286,64","390,00"
C008057,urbana_premium,0,37,Prepago,"75520,00","4267,56","300,00"
C008058,urbana_premium,0,36.92307692307692,Prepago,"44490,00","4057,75","100,00"
C008059,suburbana,0,33.333333333333336,Premium,"29030,00","15866,97","550,00"
C008060,urbana_premium,1,34.44444444444444,Premium,,"13209,71","250,00"
C008061,suburbana,0,37.95918367346939,Contrato,"22630,00","7457,89","340,00"
C008062,urbana_premium,0,34.0625,Contrato,"64360,00","10717,11","250,00"
C008063,suburbana,0,36.5625,Contrato,"32470,00","3709,12","80,00"
C008064,urbana_premium,0,36.07142857142857,Premium,"40080,00","16340,59","570,00"
C008065,urbana_premium,0,37.77777777777778,Contrato,"55630,00","10777,94","1190,00"
C008066,urbana_premium,0,35.357142857142854,Premium,"44850,00","11644,65","320,00"
C008067,urbana_premium,1,36.15384615384615,Prepago,"30870,00","10253,50","230,00"
C008068,suburbana,0,35.43478260869565,Premium,"30140,00","11941,09","370,00"
C008069,urbana_premium,1,37.36842105263158,Contrato,"47760,00","13704,48","370,00"
C008070,suburbana,1,36,Premium,"31130,00","11492,10","250,00"
C008071,suburbana,0,37.073170731707314,Premium,"19030,00","11037,17","310,00"
C008072,suburbana,0,33.333333333333336,Prepago,"49770,00","5342,89","330,00"
C008073,urbana_premium,0,33.333333333333336,Premium,"41410,00","15188,43","320,00"
C008074,suburbana,0,34.78260869565217,Prepago,"26550,00","5156,68","460,00"
C008075,suburbana,0,37.03703703703704,Premium,"38280,00","8201,27","580,00"
C008076,urbana_premium,0,33.5,Premium,"32920,00","35755,31","380,00"
C008077,rural,0,34.63414634146341,Contrato,"13880,00","8991,00","500,00"
C008078,urbana_premium,0,36.666666666666664,Premium,"39060,00","16094,94","560,00"
C008079,suburbana,1,33.333333333333336,Prepago,"38510,00","3037,75","170,00"
C008080,suburbana,0,37.2093023255814,Contrato,"27710,00","4939,51","210,00"
C008081,rural,0,35.294117647058826,Premium,"21870,00","7561,76","650,00"
C008082,rural,1,28.46153846153846,Prepago,"22220,00","6071,83","500,00"
C008083,suburbana,0,35.78947368421053,Prepago,"29370,00","2519,50","180,00"
C008084,urbana_premium,0,31.48148148148148,Premium,"41150,00","16411,97","210,00"
C008085,urbana_premium,0,38.69565217391305,Premium,"51670,00","15966,53","160,00"
C008086,urbana_premium,1,35.5,Premium,"50570,00","17009,82","410,00"
C008087,urbana_premium,0,38.095238095238095,Contrato,"79590,00","8215,14","120,00"
C008088,urbana_premium,0,35,Premium,"71940,00","19260,84","220,00"
C008089,urbana_premium,1,38.095238095238095,Premium,"28910,00","19858,11","120,00"
C008090,suburbana,1,33.03030303030303,Contrato,"28090,00","7671,68","280,00"
C008091,suburbana,0,32.30769230769231,Contrato,,"5061,55","130,00"
C008092,suburbana,0,36.170212765957444,Contrato,"16250,00","5353,61","160,00"
C008093,urbana_premium,0,33.18181818181818,Contrato,"43600,00","11523,35","280,00"
C008094,suburbana,0,34.81481481481482,Premium,"22540,00","14778,03","460,00"
C008095,suburbana,1,32.94117647058823,Prepago,"29850,00","2449,42","200,00"
C008096,suburbana,0,36.09756097560975,Contrato,"30540,00","8262,92","310,00"
C008097,suburbana,1,35.833333333333336,Prepago,"16370,00","3282,45","40,00"
C008098,suburbana,0,35.833333333333336,Premium,"70890,00","9560,97","400,00"
C008099,suburbana,0,35.23809523809524,Contrato,"25170,00","4671,03","260,00"
C008100,urbana_premium,0,36.25,Premium,"64590,00","35961,97","470,00"
C008101,rural,0,31.4,Prepago,"13360,00","3733,47","350,00"
C008102,urbana_premium,0,39.23076923076923,Prepago,"31030,00","5971,44","130,00"
C008103,rural,0,32.80701754385965,Prepago,"31130,00","5378,17","490,00"
C008104,rural,0,33.38235294117647,Prepago,"21630,00","2929,20","1200,00"
C008105,suburbana,0,33.77777777777778,Premium,"39980,00","9773,71","-240,00"
C008106,suburbana,0,37.5,Contrato,"37730,00","9103,22","460,00"
C008107,urbana_premium,0,36.89655172413793,Prepago,"29020,00","6269,57","220,00"
C008108,suburbana,0,33.714285714285715,Premium,"46370,00","5902,54","190,00"
C008109,urbana_premium,0,36.92307692307692,Premium,"47430,00","15028,72","720,00"
C008110,urbana_premium,0,32.94117647058823,Contrato,"23360,00","14343,06","190,00"
C008111,urbana_premium,1,34.827586206896555,Premium,"40180,00","20503,79","940,00"
C008112,urbana_premium,0,37.69230769230769,Premium,"48680,00","31347,79","230,00"
C008113,urbana_premium,0,33.46153846153846,Premium,"37400,00","19617,82","530,00"
C008114,rural,0,33.06122448979592,Premium,"23890,00","8325,50","560,00"
C008115,urbana_premium,0,35.15151515151515,Premium,"45920,00","16220,60","-130,00"
C008116,urbana_premium,0,35.16129032258065,Premium,"21860,00","15304,26","150,00"
C008117,urbana_premium,0,37.17391304347826,Prepago,"36100,00","11008,12","150,00"
C008118,suburbana,0,34.21052631578947,Prepago,"26460,00","8030,09","160,00"
C008119,suburbana,0,34,Contrato,"39290,00","15599,86","630,00"
C008120,rural,0,31.224489795918366,Prepago,"19280,00","1804,92","1200,00"
C008121,suburbana,1,34.63414634146341,Premium,"59620,00","7809,70","220,00"
C008122,urbana_premium,0,35.55555555555556,Premium,"31530,00","17784,97","160,00"
C008123,suburbana,1,33.7037037037037,Prepago,"20320,00","2291,45","250,00"
C008124,rural,0,31.5,Prepago,"36070,00","2905,39","640,00"
C008125,urbana_premium,0,33.07692307692308,Contrato,"47650,00","8230,88","140,00"
C008126,suburbana,1,35.833333333333336,Premium,"34440,00","6036,75","100,00"
C008127,suburbana,0,35,Contrato,"27630,00","4658,47","270,00"
C008128,suburbana,0,31.38888888888889,Contrato,"26570,00","4132,11","320,00"
C008129,rural,0,34,Prepago,"27490,00","2049,74","170,00"
C008130,suburbana,0,35.714285714285715,Premium,"24640,00","19276,36","650,00"
C008131,suburbana,1,33.75,Premium,"56030,00","9566,92","300,00"
C008132,urbana_premium,0,38.57142857142857,Contrato,"41940,00","14233,38","480,00"
C008133,urbana_premium,1,36.666666666666664,Prepago,"35100,00","4744,04","40,00"
C008134,urbana_premium,1,34.73684210526316,Premium,"33380,00","18362,85","180,00"
C008135,urbana_premium,0,36,Premium,"25200,00","18357,44","300,00"
C008136,suburbana,0,32.19512195121951,Prepago,"38480,00","4830,09","270,00"
C008137,suburbana,0,32.82051282051282,Contrato,"22780,00","11274,89","520,00"
C008138,suburbana,0,33.58974358974359,Prepago,"28500,00","2615,14","470,00"
C008139,urbana_premium,0,32.142857142857146,Premium,"93360,00","14191,79","240,00"
C008140,suburbana,0,34.5945945945946,Contrato,"15860,00","4867,89","140,00"
C008141,urbana_premium,0,33.63636363636363,Premium,"36970,00","12145,56","320,00"
C008142,urbana_premium,1,34.78260869565217,Contrato,"23710,00","9529,21","320,00"
C008143,urbana_premium,1,30,Contrato,"31720,00","12241,09","150,00"
C008144,suburbana,0,34.285714285714285,Contrato,"28360,00","5110,21","490,00"
C008145,urbana_premium,0,36.666666666666664,Premium,"24250,00","12582,43","500,00"
C008146,urbana_premium,0,36,Premium,"44170,00","17740,17","290,00"
C008147,urbana_premium,0,36.07142857142857,Premium,"63990,00","22179,77","150,00"
C008148,rural,0,30,Contrato,"26080,00","4320,42","540,00"
C008149,urbana_premium,0,38.26086956521739,Contrato,"51360,00","15448,22","800,00"
C008150,suburbana,0,36.53846153846154,Premium,"52630,00","15362,24","400,00"
C008151,urbana_premium,0,37.93103448275862,Prepago,"47340,00","4199,69","300,00"
C008152,suburbana,0,33.265306122448976,Prepago,"13070,00","8754,40","450,00"
C008153,urbana_premium,0,36.2962962962963,Premium,,"12475,24",
C008154,urbana_premium,0,37.82608695652174,Contrato,"15940,00","11479,58","270,00"
C008155,suburbana,0,34.83870967741935,Contrato,"23150,00","12361,85","30,00"
C008156,suburbana,0,31.11111111111111,Contrato,"17640,00","4202,20","340,00"
C008157,urbana_premium,0,36.666666666666664,Premium,"42110,00","11874,25","420,00"
C008158,rural,1,33.06122448979592,Prepago,"16960,00","2615,52","170,00"
C008159,urbana_premium,0,36.53846153846154,Premium,"42520,00","13458,56","340,00"
C008160,suburbana,0,33.611111111111114,Contrato,"39180,00","7537,42","410,00"
C008161,suburbana,1,34.4,Contrato,"21320,00","11539,71","180,00"
C008162,suburbana,1,,Prepago,"32550,00","4389,00","230,00"
C008163,urbana_premium,1,35.294117647058826,Premium,"15310,00","25590,54","290,00"
C008164,rural,0,31.666666666666668,Prepago,"13770,00","1370,55","410,00"
C008165,suburbana,0,35.21739130434783,Premium,"46460,00","31429,47","620,00"
C008166,suburbana,0,36.42857142857143,Contrato,"21890,00","3698,54","370,00"
C008167,suburbana,0,33.03030303030303,Contrato,"24800,00","3521,50","820,00"
C008168,suburbana,1,33.04347826086956,Contrato,"22390,00","8493,67","190,00"
C008169,rural,1,32,Premium,"12660,00","21198,45","290,00"
C008170,suburbana,0,37.77777777777778,Premium,"20760,00","14440,34","300,00"
C008171,urbana_premium,0,35.75757575757576,Contrato,,"12023,38","50,00"
C008172,suburbana,1,33.75,Premium,"26050,00","14162,32","70,00"
C008173,urbana_premium,0,33.92857142857143,Premium,"55730,00","42707,69","160,00"
C008174,suburbana,0,36.2962962962963,Contrato,"24010,00","4376,14","110,00"
C008175,suburbana,0,32.333333333333336,Premium,"29680,00","12091,09","230,00"
C008176,urbana_premium,0,33.333333333333336,Premium,"31640,00","16383,97","70,00"
C008177,suburbana,0,35.25,Premium,"41340,00","12155,64","620,00"
C008178,urbana_premium,0,36.81818181818182,Contrato,"23180,00","8389,59","290,00"
C008179,suburbana,1,34.285714285714285,Premium,"35230,00","12765,50","-490,00"
C008180,suburbana,0,34.054054054054056,Contrato,"34350,00","6744,46","220,00"
C008181,urbana_premium,0,34.411764705882355,Prepago,"28710,00","4793,54","170,00"
C008182,urbana_premium,1,35,Premium,"36970,00","26437,50","630,00"
C008183,urbana_premium,0,34.516129032258064,Premium,"43830,00","13508,97","550,00"
C008184,suburbana,0,34.130434782608695,Prepago,"23400,00","3935,23","150,00"
C008185,suburbana,0,32.94117647058823,Contrato,"23230,00","3459,97","140,00"
C008186,urbana_premium,0,34.285714285714285,Premium,"24890,00","16859,25","780,00"
C008187,suburbana,0,33.54838709677419,Contrato,"60500,00","18467,71","780,00"
C008188,suburbana,0,32.89473684210526,Prepago,"25320,00","2842,29","40,00"
C008189,suburbana,0,35.67567567567568,Prepago,"19410,00","6666,06",
C008190,urbana_premium,1,30,Prepago,"20610,00","5548,20","140,00"
C008191,rural,1,33.5,Prepago,"17530,00","4176,04","180,00"
C008192,suburbana,1,40,Prepago,,"5658,40","260,00"
C008193,urbana_premium,0,38,Prepago,"35000,00","6146,60","-490,00"
C008194,urbana_premium,0,38,Premium,"43270,00","14846,29","500,00"
C008195,urbana_premium,1,30,Premium,"49160,00","25970,65","130,00"
C008196,suburbana,0,36.170212765957444,Contrato,"28280,00","9276,91","90,00"
C008197,suburbana,0,34.72222222222222,Premium,"28510,00","28863,20","750,00"
C008198,rural,0,31.27659574468085,Premium,"40160,00","7500,17","150,00"
C008199,suburbana,0,34.333333333333336,Premium,"38580,00","4337,72","210,00"
C008200,rural,1,34,Prepago,"26560,00","1417,50","560,00"
C008201,suburbana,0,37.027027027027025,Premium,"26440,00","13865,60","330,00"
C008202,suburbana,0,32.19512195121951,Premium,"37760,00","15925,34","240,00"
C008203,urbana_premium,0,39.142857142857146,Premium,"43300,00","18696,65","140,00"
C008204,urbana_premium,0,37.77777777777778,Premium,"42730,00","15859,36","180,00"
C008205,urbana_premium,0,35.55555555555556,Premium,"49200,00","27654,29","210,00"
C008206,suburbana,0,33.94736842105263,Premium,"33410,00","7502,08","440,00"
C008207,suburbana,0,32.32142857142857,Prepago,"17520,00","4916,29","200,00"
C008208,suburbana,0,34.054054054054056,Premium,"30390,00","16660,25","310,00"
C008209,suburbana,1,45,Premium,"20180,00","16849,00","240,00"
C008210,urbana_premium,0,31.21212121212121,Prepago,"47770,00","3188,71","210,00"
C008211,suburbana,0,32.7906976744186,Prepago,"17220,00","4212,00","130,00"
C008212,suburbana,0,33.333333333333336,Contrato,"29490,00","8131,74","390,00"
C008213,rural,0,29.772727272727273,Contrato,"23690,00","9914,97","280,00"
C008214,urbana_premium,0,36.8,Premium,,"11763,69","170,00"
C008215,urbana_premium,0,36.89655172413793,Prepago,"37210,00","5001,12","410,00"
C008216,rural,0,32.93103448275862,Prepago,"30370,00","3999,17","100,00"
C008217,suburbana,1,34,Premium,"24530,00","16202,67","270,00"
C008218,urbana_premium,0,38.84615384615385,Premium,"42360,00","17301,06","280,00"
C008219,suburbana,0,34.827586206896555,Premium,"35610,00","6336,26","480,00"
C008220,urbana_premium,0,33.333333333333336,Premium,,"17752,94","160,00"
C008221,suburbana,0,33.333333333333336,Prepago,"30240,00","6535,28","50,00"
C008222,urbana_premium,0,36.666666666666664,Prepago,"35550,00","3990,59","360,00"
C008223,suburbana,0,34.23076923076923,Premium,,"14746,17","530,00"
C008224,urbana_premium,0,36.2962962962963,Prepago,"21830,00","8922,49",
C008225,urbana_premium,0,33.095238095238095,Prepago,"23390,00","9799,94","1200,00"
C008226,urbana_premium,0,34.61538461538461,Premium,"58670,00","15433,56","190,00"
C008227,suburbana,0,33.92857142857143,Premium,"38840,00","8538,97","670,00"
C008228,urbana_premium,0,36.206896551724135,Premium,"41340,00","13183,83","530,00"
C008229,urbana_premium,0,37.142857142857146,Premium,"52480,00","14846,60","530,00"
C008230,rural,0,32.98245614035088,Contrato,"14600,00","4472,46","480,00"
C008231,urbana_premium,0,37.5,Premium,"35350,00","19265,77","200,00"
C008232,rural,0,34.41860465116279,Premium,"20750,00","20054,69","470,00"
C008233,urbana_premium,0,35.65217391304348,Premium,"29230,00","23128,38","320,00"
C008234,rural,0,33.793103448275865,Prepago,"15610,00","2651,86",
C008235,urbana_premium,0,36.666666666666664,Premium,"60670,00","23333,35","280,00"
C008236,urbana_premium,0,39.25925925925926,Premium,"30710,00","29576,46","390,00"
C008237,urbana_premium,0,37.083333333333336,Contrato,"44820,00","6340,31","390,00"
C008238,suburbana,0,32.340425531914896,Premium,"33490,00","4604,15","160,00"
C008239,rural,0,34.166666666666664,Prepago,"33470,00","2092,72","330,00"
C008240,suburbana,0,35.8,Premium,"38540,00","15718,54","600,00"
C008241,rural,0,33.72549019607843,Contrato,"20850,00","4761,97","620,00"
C008242,urbana_premium,0,34.375,Contrato,"24580,00","7058,20","380,00"
C008243,suburbana,0,33.04347826086956,Premium,"40740,00","26178,36","180,00"
C008244,rural,0,35.370370370370374,Premium,"35610,00","19535,74","280,00"
C008245,urbana_premium,0,36.31578947368421,Premium,"90640,00","17960,15","290,00"
C008246,urbana_premium,0,38.5,Premium,,"13603,09","460,00"
C008247,urbana_premium,0,33.333333333333336,Premium,"30610,00","10448,89","610,00"
C008248,suburbana,0,37.10526315789474,Prepago,"24950,00","4332,30","470,00"
C008249,suburbana,0,30.303030303030305,Contrato,"14410,00","4676,42","410,00"
C008250,rural,0,33.5,Premium,"17470,00","6638,20","200,00"
C008251,suburbana,1,34.285714285714285,Prepago,"19120,00","3480,17","290,00"
C008252,urbana_premium,0,39.04761904761905,Premium,"47020,00","12866,00","160,00"
C008253,rural,0,31.8,Contrato,"32460,00","3700,69","470,00"
C008254,urbana_premium,0,34,Premium,"84370,00","9597,50","240,00"
C008255,suburbana,1,32.5,Prepago,"87830,00","2227,78","560,00"
C008256,rural,0,30.816326530612244,Prepago,"25330,00","2630,24","160,00"
C008257,urbana_premium,1,35.38461538461539,Premium,"31210,00","29113,72","160,00"
C008258,urbana_premium,0,37.72727272727273,Prepago,"33380,00","6480,00","260,00"
C008259,urbana_premium,0,35.65217391304348,Contrato,"30040,00","12380,49","-140,00"
C008260,urbana_premium,0,37.8125,Premium,"86930,00","21601,23","580,00"
C008261,rural,0,32.54545454545455,Prepago,"9000,00","2476,03","260,00"
C008262,suburbana,0,33.23529411764706,Premium,"52560,00","14421,88","220,00"
C008263,urbana_premium,0,38,Premium,"27610,00","16002,47","470,00"
C008264,urbana_premium,0,33.529411764705884,Premium,"33380,00","18282,14","220,00"
C008265,rural,0,39.51219512195122,Contrato,"9410,00","4232,67","400,00"
C008266,urbana_premium,0,31.875,Premium,"55370,00","15931,56","240,00"
C008267,urbana_premium,0,36.206896551724135,Premium,"50520,00","14149,06","180,00"
C008268,rural,0,33.170731707317074,Premium,"15830,00","7280,89","110,00"
C008269,rural,0,32.94117647058823,Contrato,"34210,00","4601,94","250,00"
C008270,suburbana,0,33.84615384615385,Prepago,"41060,00","3124,83","160,00"
C008271,urbana_premium,0,37.391304347826086,Premium,"31790,00","18732,19","340,00"
C008272,urbana_premium,0,35.714285714285715,Prepago,"18660,00","5181,40","570,00"
C008273,suburbana,0,35.744680851063826,Prepago,"27610,00","3754,41","80,00"
C008274,rural,0,33.63636363636363,Prepago,"33430,00","2801,31","120,00"
C008275,urbana_premium,0,35.666666666666664,Premium,"27790,00","32901,11","140,00"
C008276,suburbana,0,36.04651162790697,Contrato,"43520,00","9375,60","110,00"
C008277,suburbana,1,36.666666666666664,Prepago,"22060,00","8927,21","70,00"
C008278,rural,1,32.857142857142854,Premium,"22490,00","24953,39","260,00"
C008279,urbana_premium,0,32.94117647058823,Premium,"29580,00","16076,06","200,00"
C008280,suburbana,0,35.1219512195122,Prepago,"31490,00","4258,33","580,00"
C008281,urbana_premium,0,35.625,Premium,"51020,00","17525,42","410,00"
C008282,urbana_premium,0,34.23076923076923,Premium,"67730,00","12500,00","520,00"
C008283,suburbana,0,35.111111111111114,Prepago,"32060,00","3745,43","60,00"
C008284,urbana_premium,0,34.44444444444444,Prepago,"22180,00","4904,23","140,00"
C008285,suburbana,0,33.24324324324324,Premium,"37190,00","22264,66","330,00"
C008286,urbana_premium,0,34.583333333333336,Contrato,"34490,00","8393,08","150,00"
C008287,rural,0,34.130434782608695,Prepago,"20760,00","4612,60","110,00"
C008288,urbana_premium,1,36.666666666666664,Premium,"39720,00","15537,83","330,00"
C008289,suburbana,1,34.61538461538461,Prepago,,"3513,76","110,00"
C008290,urbana_premium,1,26.666666666666668,Contrato,,"6099,00","50,00"
C008291,rural,0,34.3421052631579,Prepago,"28450,00","4038,21","240,00"
C008292,urbana_premium,0,38.333333333333336,Premium,"44100,00","17746,36","160,00"
C008293,suburbana,1,35.869565217391305,Prepago,"36540,00","3362,56","1000,00"
C008294,rural,0,33.46153846153846,Prepago,,"4384,69","500,00"
C008295,suburbana,1,33.666666666666664,Contrato,"13770,00","4987,30","320,00"
C008296,suburbana,0,32,Contrato,"25980,00","4952,60","310,00"
C008297,suburbana,0,35.13513513513514,Prepago,"28260,00","7582,59","590,00"
C008298,urbana_premium,0,33.68421052631579,Premium,"35080,00","17595,91","500,00"
C008299,rural,1,31.818181818181817,Premium,"17140,00","21238,68","780,00"
C008300,suburbana,0,34.8,Contrato,"23720,00","8331,76",
C008301,suburbana,0,35.714285714285715,Prepago,"35780,00","4236,63","140,00"
C008302,suburbana,0,32.857142857142854,Premium,"35030,00","6877,26","80,00"
C008303,rural,0,35.3968253968254,Prepago,"23480,00","2689,49","690,00"
C008304,urbana_premium,0,36.53846153846154,Premium,"26930,00","24757,44",
C008305,urbana_premium,0,35,Premium,"51710,00","21906,14","590,00"
C008306,urbana_premium,0,36.36363636363637,Premium,"50420,00","11082,58","660,00"
C008307,suburbana,0,35.42857142857143,Premium,"44000,00","27579,37","400,00"
C008308,rural,1,29.23076923076923,Prepago,"17660,00","9032,50","230,00"
C008309,suburbana,0,35,Premium,"106090,00","5890,83","530,00"
C008310,urbana_premium,0,32.30769230769231,Premium,"41340,00","11194,76","150,00"
C008311,urbana_premium,0,32.63157894736842,Premium,"29360,00","29540,11","220,00"
C008312,suburbana,0,34.09090909090909,Contrato,"68540,00","5708,47","520,00"
C008313,suburbana,0,33.93939393939394,Premium,"38730,00","19987,88","550,00"
C008314,suburbana,0,33,Prepago,"32000,00","2391,22","250,00"
C008315,rural,0,31.951219512195124,Prepago,"26000,00","4216,20","510,00"
C008316,suburbana,0,33.03030303030303,Contrato,"46700,00","16097,70","120,00"
C008317,urbana_premium,0,33.333333333333336,Premium,"41810,00","16098,16","420,00"
C008318,urbana_premium,1,33.04347826086956,Prepago,"20930,00","5869,03","50,00"
C008319,urbana_premium,0,32.857142857142854,Contrato,"38040,00","17281,37","-440,00"
C008320,suburbana,0,35.294117647058826,Prepago,"40840,00","3443,36","610,00"
C008321,suburbana,0,37,Contrato,"29320,00","4356,40","600,00"
C008322,suburbana,1,34.31818181818182,Prepago,"21120,00","2666,97","110,00"
C008323,suburbana,0,33.142857142857146,Premium,"29430,00","8819,72","730,00"
C008324,urbana_premium,0,38.75,Premium,,"18845,81","240,00"
C008325,suburbana,0,34.375,Prepago,"46590,00","4395,14","90,00"
C008326,rural,0,34.523809523809526,Prepago,"15750,00","2286,74","240,00"
C008327,suburbana,0,33,Contrato,"19740,00","7831,08","490,00"
C008328,urbana_premium,0,33.6,Premium,"37500,00","16367,32","830,00"
C008329,urbana_premium,0,34.642857142857146,Premium,"30030,00","19081,06","-480,00"
C008330,urbana_premium,0,34.61538461538461,Premium,"31260,00","32123,61","790,00"
C008331,rural,0,35.21739130434783,Premium,"21130,00","16396,81","430,00"
C008332,suburbana,0,34.146341463414636,Contrato,"38980,00","5095,45","90,00"
C008333,suburbana,0,35.67567567567568,Prepago,"22190,00","2908,69","310,00"
C008334,urbana_premium,0,37.27272727272727,Premium,"25450,00","13173,09","380,00"
C008335,rural,1,31.636363636363637,Premium,"17920,00","15176,94","320,00"
C008336,suburbana,1,30.833333333333332,Prepago,"17550,00","2585,71","180,00"
C008337,urbana_premium,0,37.407407407407405,Prepago,"38990,00","4197,51","920,00"
C008338,urbana_premium,0,34.78260869565217,Premium,"39770,00","24965,73","250,00"
C008339,rural,0,34.21052631578947,Contrato,"33060,00","7763,81","20,00"
C008340,rural,0,33.27272727272727,Contrato,"16030,00","4163,31","320,00"
C008341,urbana_premium,0,36.206896551724135,Prepago,"39960,00","5671,00","390,00"
C008342,urbana_premium,1,30,Premium,"43040,00","11131,80","220,00"
C008343,suburbana,1,33.529411764705884,Prepago,"17340,00","2387,57","130,00"
C008344,suburbana,0,34.25,Premium,"32190,00","27905,44","690,00"
C008345,urbana_premium,0,37.6,Premium,"41870,00","22410,78","270,00"
C008346,urbana_premium,0,32.857142857142854,Premium,"36600,00","10601,59","250,00"
C008347,suburbana,0,36.666666666666664,Prepago,"19040,00","5497,06","80,00"
C008348,urbana_premium,0,37.83783783783784,Prepago,,"5714,83","200,00"
C008349,suburbana,0,35,Premium,"15030,00","7971,57","950,00"
C008350,rural,0,33.095238095238095,Contrato,"26010,00","12492,00","180,00"
C008351,urbana_premium,0,35.833333333333336,Premium,"49620,00","16170,69","50,00"
C008352,urbana_premium,0,38.57142857142857,Premium,"35450,00","14141,28","510,00"
C008353,urbana_premium,0,35.90909090909091,Premium,"59900,00","15893,22","450,00"
C008354,rural,0,33.8,Prepago,"18190,00","1824,92","330,00"
C008355,suburbana,0,35.45454545454545,Prepago,"23100,00","2569,44","270,00"
C008356,urbana_premium,0,39.285714285714285,Premium,"34720,00","12248,42","260,00"
C008357,suburbana,0,32.972972972972975,Premium,"65830,00","7727,70","360,00"
C008358,urbana_premium,0,35.38461538461539,Contrato,"34650,00","11246,16","390,00"
C008359,urbana_premium,0,36.36363636363637,Premium,"81040,00","18726,44","630,00"
C008360,urbana_premium,0,34.285714285714285,Contrato,"37760,00","14696,78","690,00"
C008361,urbana_premium,0,32.7027027027027,Prepago,"28860,00","3079,41","270,00"
C008362,urbana_premium,0,35.357142857142854,Contrato,"75820,00","11519,27","420,00"
C008363,urbana_premium,0,36.8421052631579,Prepago,"40830,00","4316,64","360,00"
C008364,suburbana,0,31.956521739130434,Prepago,"26890,00","4048,54","220,00"
C008365,suburbana,0,32.5,Premium,"40290,00","9367,71","280,00"
C008366,suburbana,0,34.57142857142857,Premium,"46130,00","8710,31","190,00"
C008367,urbana_premium,1,35,Premium,"31230,00","35528,67","160,00"
C008368,urbana_premium,0,34.63414634146341,Premium,"52480,00","23413,73","80,00"
C008369,suburbana,1,36.96969696969697,Premium,"27540,00","7522,79","480,00"
C008370,urbana_premium,0,37.75,Prepago,"27150,00","5810,17","190,00"
C008371,suburbana,0,38,Contrato,"23270,00","8827,38","420,00"
C008372,suburbana,0,35.55555555555556,Contrato,"19780,00","3627,14","180,00"
C008373,rural,1,34.54545454545455,Contrato,"23930,00","9620,71","310,00"
C008374,rural,0,33.39622641509434,Prepago,"23960,00","2488,76","200,00"
C008375,suburbana,0,34.2,Contrato,"44460,00","8788,06","180,00"
C008376,urbana_premium,0,39.23076923076923,Prepago,"51870,00","4650,68","270,00"
C008377,rural,1,,Premium,"20160,00","24467,00","710,00"
C008378,suburbana,0,34.285714285714285,Premium,"27860,00","17949,35","140,00"
C008379,rural,1,36,Prepago,"18500,00","9930,25","440,00"
C008380,suburbana,0,35,Premium,,"12270,47","150,00"
C008381,urbana_premium,0,36,Premium,"35430,00","12319,78","290,00"
C008382,urbana_premium,0,33.75,Contrato,"38950,00","12741,69","420,00"
C008383,urbana_premium,0,32.41379310344828,Premium,"63850,00","14000,33","480,00"
C008384,suburbana,0,34.2,Contrato,"50640,00","4405,56","190,00"
C008385,urbana_premium,0,35.67567567567568,Prepago,"30760,00","4743,03","460,00"
C008386,suburbana,0,32.72727272727273,Premium,"39120,00","5535,06","470,00"
C008387,suburbana,0,36.89655172413793,Contrato,"37470,00","3959,89",
C008388,urbana_premium,0,35.833333333333336,Premium,"31580,00","14139,83","340,00"
C008389,suburbana,0,33.78378378378378,Premium,"48860,00","11312,82","700,00"
C008390,urbana_premium,1,27.5,Prepago,"22810,00","5283,50","440,00"
C008391,rural,0,32.45614035087719,Prepago,"33830,00","7186,06","220,00"
C008392,suburbana,0,37.1875,Prepago,"28610,00","5146,24","100,00"
C008393,suburbana,0,32.121212121212125,Contrato,"20490,00","8269,58","240,00"
C008394,suburbana,0,36.458333333333336,Contrato,"27950,00","8938,42","400,00"
C008395,rural,0,32.3728813559322,Premium,"44800,00","12706,81","430,00"
C008396,suburbana,0,32.58064516129032,Premium,"71780,00","7526,35","200,00"
C008397,suburbana,1,37.142857142857146,Prepago,"22700,00","2024,60","440,00"
C008398,urbana_premium,0,39.04761904761905,Premium,"37760,00","18762,94","670,00"
C008399,suburbana,0,36.75675675675676,Contrato,,"4804,00","60,00"
C008400,urbana_premium,0,35,Premium,"38020,00","13868,89","1200,00"
C008401,urbana_premium,1,39.411764705882355,Premium,"67600,00","23815,11","620,00"
C008402,urbana_premium,0,36.5625,Prepago,"33380,00","3661,54","160,00"
C008403,urbana_premium,0,38.26086956521739,Premium,"29110,00","13943,36","1200,00"
C008404,suburbana,1,33.63636363636363,Premium,"25510,00","7329,37","390,00"
C008405,urbana_premium,0,36.666666666666664,Prepago,"35850,00","3959,94","490,00"
C008406,urbana_premium,0,36.42857142857143,Premium,"50120,00","19611,08","150,00"
C008407,rural,0,33.333333333333336,Prepago,"24260,00","1864,80","370,00"
C008408,suburbana,0,36.666666666666664,Premium,"37630,00","17062,54","870,00"
C008409,urbana_premium,0,36.875,Premium,"55440,00","19398,00","300,00"
C008410,suburbana,0,34.883720930232556,Premium,"27010,00","26726,22","280,00"
C008411,suburbana,0,35.833333333333336,Premium,"29090,00","29075,03","290,00"
C008412,urbana_premium,0,40,Premium,"45450,00","13354,50","790,00"
C008413,suburbana,0,35.84905660377358,Premium,"24030,00","14101,89","580,00"
C008414,urbana_premium,0,36.15384615384615,Prepago,"38870,00","5424,66","120,00"
C008415,suburbana,0,30.58823529411765,Premium,"43180,00","12168,69","480,00"
C008416,urbana_premium,0,37.05882352941177,Premium,"39950,00","14780,97","330,00"
C008417,urbana_premium,0,33.75,Prepago,,"5206,06","150,00"
C008418,suburbana,0,34.074074074074076,Contrato,"21670,00","7042,58","130,00"
C008419,suburbana,0,33.63636363636363,Contrato,"33550,00","3018,62","150,00"
C008420,suburbana,1,34.666666666666664,Premium,"36490,00","18694,71","360,00"
C008421,urbana_premium,0,34.81481481481482,Premium,"42760,00","15878,56","250,00"
C008422,suburbana,1,35.116279069767444,Premium,"26950,00","8003,41","130,00"
C008423,rural,0,33,Prepago,"13930,00","2755,49","900,00"
C008424,urbana_premium,0,34.09090909090909,Premium,"56610,00","19864,03","240,00"
C008425,suburbana,0,35.15151515151515,Prepago,"18190,00","2361,89","760,00"
C008426,suburbana,0,34.4,Premium,"18680,00","6181,66","180,00"
C008427,urbana_premium,0,35.65217391304348,Premium,"46910,00","18467,09","200,00"
C008428,urbana_premium,0,36.875,Contrato,,"17930,24","90,00"
C008429,urbana_premium,1,34,Contrato,,"9030,25","200,00"
C008430,urbana_premium,0,34.375,Prepago,"24430,00","4946,63","190,00"
C008431,rural,1,33.75,Prepago,"25710,00","4029,11","120,00"
C008432,suburbana,0,32.27272727272727,Premium,"39940,00","15944,68","630,00"
C008433,urbana_premium,0,37.142857142857146,Prepago,"22160,00","5078,59","90,00"
C008434,suburbana,0,37.42857142857143,Contrato,"32560,00","11681,44","230,00"
C008435,urbana_premium,1,33.333333333333336,Contrato,"52490,00","9661,67","270,00"
C008436,urbana_premium,0,33.63636363636363,Premium,"24000,00","16503,92","790,00"
C008437,suburbana,0,34.78260869565217,Prepago,"31360,00","5903,23","-60,00"
C008438,urbana_premium,1,40,Contrato,"38970,00","20236,29","490,00"
C008439,urbana_premium,0,37.17948717948718,Premium,"43370,00","9922,95","460,00"
C008440,urbana_premium,1,32.857142857142854,Premium,"34790,00","26685,96","320,00"
C008441,urbana_premium,0,33.75,Contrato,"22990,00","8106,66","330,00"
C008442,suburbana,0,33.513513513513516,Contrato,"25940,00","5099,74","770,00"
C008443,suburbana,0,34,Contrato,"24540,00","8260,89","230,00"
C008444,suburbana,0,36.666666666666664,Contrato,"29110,00","9619,36","230,00"
C008445,suburbana,0,33.333333333333336,Prepago,"45450,00","5628,57","260,00"
C008446,suburbana,0,34.57142857142857,Prepago,"17720,00","4710,54","690,00"
C008447,suburbana,1,39,Prepago,"41720,00","5075,77",
C008448,suburbana,0,34.35897435897436,Premium,"55350,00","7845,31","200,00"
C008449,urbana_premium,0,35.26315789473684,Premium,"69570,00","11308,17","470,00"
C008450,urbana_premium,0,33.6,Premium,"71630,00","14227,46","350,00"
C008451,urbana_premium,1,35.625,Premium,"40950,00","13139,14","430,00"
C008452,suburbana,0,35.833333333333336,Prepago,"30570,00","4233,44","320,00"
C008453,urbana_premium,0,35,Premium,"20330,00","19820,03","200,00"
C008454,suburbana,0,32.325581395348834,Prepago,"27630,00","2158,00","100,00"
C008455,rural,0,34.31818181818182,Prepago,"34510,00","5385,18","210,00"
C008456,suburbana,1,34,Contrato,"18130,00","10625,67","280,00"
C008457,urbana_premium,1,37.74193548387097,Prepago,"28330,00","5214,43","350,00"
C008458,urbana_premium,0,35.333333333333336,Premium,"39770,00","22992,48","410,00"
C008459,rural,1,32.4,Contrato,"13010,00","12871,85","130,00"
C008460,suburbana,0,31.62162162162162,Premium,"56430,00","17085,22",
C008461,urbana_premium,0,32,Contrato,"46950,00","10131,22","210,00"
C008462,rural,0,29.03846153846154,Premium,"26180,00","10806,31","250,00"
C008463,rural,1,30.833333333333332,Prepago,"30820,00","3393,33","350,00"
C008464,suburbana,0,33.5,Prepago,"26480,00","3629,73","230,00"
C008465,suburbana,0,33.333333333333336,Premium,"32880,00","28012,94","380,00"
C008466,urbana_premium,1,33.333333333333336,Premium,"27190,00","23641,97","220,00"
C008467,suburbana,0,33.8,Contrato,"13250,00","4615,77","470,00"
C008468,urbana_premium,0,32.69230769230769,Premium,"37840,00","21199,56","630,00"
C008469,suburbana,0,33.513513513513516,Contrato,"51860,00","6653,74","180,00"
C008470,rural,0,32.72727272727273,Contrato,"41720,00","3614,17","190,00"
C008471,suburbana,0,34.54545454545455,Prepago,"27900,00","3073,91","310,00"
C008472,urbana_premium,0,35.714285714285715,Prepago,"34740,00","3757,86","850,00"
C008473,suburbana,0,36.74418604651163,Premium,"17290,00","8014,16","590,00"
C008474,suburbana,0,32,Contrato,"43230,00","4583,23","170,00"
C008475,urbana_premium,1,35,Contrato,"44390,00","7653,50","160,00"
C008476,urbana_premium,0,35.714285714285715,Premium,"35820,00","38994,44","300,00"
C008477,urbana_premium,0,35.45454545454545,Premium,"19190,00","12922,52","790,00"
C008478,suburbana,0,34.72222222222222,Contrato,"15860,00","18394,03","260,00"
C008479,urbana_premium,0,37.096774193548384,Premium,"40050,00","12502,89","650,00"
C008480,urbana_premium,0,34,Prepago,"22310,00","11162,89","610,00"
C008481,suburbana,0,38,Premium,,"13099,44","380,00"
C008482,urbana_premium,0,36.07142857142857,Premium,"47000,00","10792,72","160,00"
C008483,urbana_premium,1,36.53846153846154,Prepago,"24160,00","9041,38","70,00"
C008484,suburbana,0,34.333333333333336,Premium,"30320,00","6875,03","200,00"
C008485,urbana_premium,0,36.666666666666664,Premium,"27560,00","13041,97","610,00"
C008486,suburbana,0,34.375,Premium,"41440,00","8226,06","440,00"
C008487,urbana_premium,0,36.36363636363637,Premium,"120000,00","31318,06","70,00"
C008488,suburbana,0,35,Prepago,"28590,00","2043,51","370,00"
C008489,urbana_premium,0,35,Premium,"64200,00","28664,14","80,00"
C008490,suburbana,0,33.10344827586207,Contrato,"42720,00","9001,38","30,00"
C008491,rural,0,32.53968253968254,Prepago,"22590,00","2088,22","390,00"
C008492,urbana_premium,0,37.41935483870968,Prepago,"46110,00","5526,22","300,00"
C008493,rural,0,34.509803921568626,Premium,"14910,00","7448,77","770,00"
C008494,urbana_premium,0,36.55172413793103,Premium,"40170,00","16548,46","310,00"
C008495,urbana_premium,0,36.96969696969697,Prepago,"34460,00","3929,35","320,00"
C008496,suburbana,0,34.0625,Contrato,"47970,00","11829,40","230,00"
C008497,urbana_premium,1,35.625,Premium,"30740,00","15509,11","210,00"
C008498,urbana_premium,0,33.68421052631579,Premium,"26470,00","22001,11","540,00"
C008499,suburbana,0,32.608695652173914,Contrato,"20890,00","5066,79","130,00"
C008500,rural,0,32.82608695652174,Prepago,"31320,00","3439,39","240,00"
C008501,suburbana,0,31.59090909090909,Premium,"27950,00","4614,92","530,00"
C008502,urbana_premium,1,34,Prepago,"21230,00","4524,00","660,00"
C008503,urbana_premium,0,31,Premium,"54590,00","11179,35","520,00"
C008504,urbana_premium,0,37.22222222222222,Premium,"22560,00","19271,31","340,00"
C008505,suburbana,0,33.48837209302326,Prepago,"24600,00","2814,06","80,00"
C008506,urbana_premium,1,32.77777777777778,Premium,"35560,00","26016,25","260,00"
C008507,urbana_premium,0,31.818181818181817,Premium,"26080,00","9656,57",
C008508,urbana_premium,0,33.333333333333336,Premium,"21140,00","22824,47","210,00"
C008509,urbana_premium,0,34.21052631578947,Premium,"50880,00","17351,05","510,00"
C008510,suburbana,0,33.225806451612904,Premium,"37450,00","25992,69","120,00"
C008511,urbana_premium,0,32.8,Contrato,"39000,00","19360,08","430,00"
C008512,suburbana,0,33.8235294117647,Contrato,"33880,00","8896,65","450,00"
C008513,urbana_premium,0,35.333333333333336,Premium,"21100,00","13153,46","310,00"
C008514,urbana_premium,0,36,Premium,"45950,00","21833,12","620,00"
C008515,suburbana,0,33.55555555555556,Contrato,"34450,00","10254,03","210,00"
C008516,suburbana,0,33.333333333333336,Contrato,"34800,00","8644,64","310,00"
C008517,urbana_premium,0,31.05263157894737,Premium,"44630,00","13117,15","380,00"
C008518,urbana_premium,1,35,Premium,"54210,00","14487,14",
C008519,suburbana,0,34.04255319148936,Prepago,"28620,00","7555,75","210,00"
C008520,suburbana,1,30.714285714285715,Prepago,"30470,00","5467,22","270,00"
C008521,rural,0,32.391304347826086,Prepago,"14550,00","4049,18","-1100,00"
C008522,rural,0,32.41379310344828,Premium,"29510,00","27941,66","280,00"
C008523,urbana_premium,1,39.166666666666664,Contrato,"30290,00","8313,88","200,00"
C008524,suburbana,1,31.25,Premium,"24190,00","14104,26","250,00"
C008525,urbana_premium,0,33.666666666666664,Prepago,"33170,00","3769,29","190,00"
C008526,urbana_premium,0,33.1578947368421,Prepago,"26300,00","7624,19","510,00"
C008527,urbana_premium,0,32.77777777777778,Premium,"36880,00","11675,91","360,00"
C008528,suburbana,0,35.42857142857143,Premium,"39780,00","5318,83","1190,00"
C008529,urbana_premium,0,36.333333333333336,Premium,"25940,00","15395,24","160,00"
C008530,urbana_premium,0,37.916666666666664,Premium,"38050,00","21510,83","470,00"
C008531,suburbana,0,32.8125,Premium,"37640,00","8376,14","390,00"
C008532,suburbana,0,36,Prepago,"12510,00","1764,51","600,00"
C008533,rural,1,34.166666666666664,Premium,"44430,00","17374,00","250,00"
C008534,urbana_premium,0,37.41935483870968,Premium,"32560,00","13477,89","180,00"
C008535,rural,0,31.568627450980394,Prepago,"16740,00","2832,76","380,00"
C008536,urbana_premium,0,35.483870967741936,Premium,"39380,00","9979,53","130,00"
C008537,urbana_premium,0,36.06060606060606,Prepago,"30220,00","7721,09","360,00"
C008538,urbana_premium,0,34.11764705882353,Premium,"37340,00","36358,60","230,00"
C008539,urbana_premium,0,39.333333333333336,Prepago,"29450,00","5519,81","190,00"
C008540,urbana_premium,0,37.27272727272727,Premium,"56780,00","12645,44","770,00"
C008541,urbana_premium,0,36,Premium,"97920,00","11620,12","510,00"
C008542,rural,0,34.776119402985074,Prepago,"29900,00","3167,35","540,00"
C008543,suburbana,0,33.333333333333336,Premium,"31970,00","14751,76","430,00"
C008544,suburbana,0,34.86486486486486,Contrato,"24570,00","14228,31","140,00"
C008545,suburbana,0,36.41025641025641,Prepago,"43220,00","2140,09","160,00"
C008546,urbana_premium,1,34.166666666666664,Prepago,"29250,00","5555,45","720,00"
C008547,rural,0,32.16216216216216,Contrato,"25950,00","3702,83","210,00"
C008548,suburbana,1,34.583333333333336,Prepago,"24850,00","2814,53","190,00"
C008549,rural,0,34.888888888888886,Contrato,"14960,00","3626,47",
C008550,rural,0,32.608695652173914,Premium,"21550,00","5011,31","290,00"
C008551,rural,1,40,Prepago,"16440,00","3066,00","280,00"
C008552,suburbana,0,33.84615384615385,Premium,"49960,00","6731,17","210,00"
C008553,urbana_premium,1,38.57142857142857,Prepago,"29400,00","6413,80","100,00"
C008554,suburbana,0,32.63157894736842,Contrato,"28480,00","7642,09","420,00"
C008555,urbana_premium,0,35.925925925925924,Premium,"30490,00","17760,25","390,00"
C008556,urbana_premium,0,35,Premium,"24840,00","13627,84","230,00"
C008557,suburbana,0,34.81481481481482,Premium,"37880,00","16102,26","310,00"
C008558,rural,0,33.69565217391305,Contrato,"22460,00","3976,23","250,00"
C008559,urbana_premium,0,32,Contrato,"86920,00","11387,89","600,00"
C008560,urbana_premium,0,37.03703703703704,Premium,"55230,00","14760,94","220,00"
C008561,urbana_premium,0,32,Contrato,"39230,00","7913,17","230,00"
C008562,urbana_premium,0,33.2,Premium,"43520,00","18838,14","640,00"
C008563,suburbana,0,33.92156862745098,Prepago,"28880,00","2176,50","200,00"
C008564,urbana_premium,0,35.18518518518518,Premium,"26720,00","23452,69","130,00"
C008565,suburbana,0,36.22222222222222,Contrato,"18030,00","8527,44",
C008566,rural,0,31.372549019607842,Contrato,"16050,00","14150,21","130,00"
C008567,urbana_premium,0,33.10344827586207,Premium,"61120,00","15747,17","250,00"
C008568,suburbana,1,37.142857142857146,Prepago,"32620,00","1581,75","750,00"
C008569,suburbana,0,33.94736842105263,Contrato,"35980,00","10093,47","100,00"
C008570,urbana_premium,0,36,Premium,"50420,00","23544,97","270,00"
C008571,suburbana,0,35.45454545454545,Contrato,"27790,00","7150,19","890,00"
C008572,urbana_premium,0,37.30769230769231,Contrato,"30970,00","9906,31","310,00"
C008573,urbana_premium,0,38.75,Prepago,"77610,00","3169,06","230,00"
C008574,rural,1,34,Contrato,"27960,00","12237,08","1200,00"
C008575,urbana_premium,0,34.21052631578947,Contrato,"21380,00","12982,85","80,00"
C008576,suburbana,0,34.44444444444444,Prepago,"16130,00","3342,61","270,00"
C008577,suburbana,0,35.925925925925924,Contrato,"38760,00","9066,00","240,00"
C008578,urbana_premium,0,33.333333333333336,Premium,"28100,00","13119,69","450,00"
C008579,suburbana,0,34.411764705882355,Contrato,"28480,00","4363,47","210,00"
C008580,urbana_premium,0,33.87096774193548,Prepago,"17800,00","6432,11","330,00"
C008581,urbana_premium,0,35.142857142857146,Prepago,"32550,00","5257,74","340,00"
C008582,rural,0,35.16129032258065,Contrato,"31950,00","14510,74","380,00"
C008583,suburbana,0,36.19047619047619,Premium,"24720,00","5914,67","130,00"
C008584,rural,0,32.22222222222222,Prepago,"15410,00","4965,03","200,00"
C008585,suburbana,0,32.903225806451616,Contrato,"27370,00","3679,59","100,00"
C008586,rural,1,34,Premium,"23500,00","25140,59","120,00"
C008587,urbana_premium,0,30,Premium,"33840,00","22294,69","310,00"
C008588,suburbana,0,34.72222222222222,Prepago,,"4639,63","340,00"
C008589,urbana_premium,0,36.666666666666664,Premium,"43930,00","18629,44","180,00"
C008590,suburbana,0,33.78378378378378,Premium,"24390,00","17309,19","190,00"
C008591,suburbana,0,31.2,Contrato,"31690,00","9102,89","550,00"
C008592,suburbana,0,34.6875,Contrato,"21180,00","7870,35","100,00"
C008593,urbana_premium,0,34.78260869565217,Premium,"59200,00","12112,81","210,00"
C008594,suburbana,0,39,Contrato,"38250,00","7430,86","110,00"
C008595,suburbana,1,34.44444444444444,Contrato,"26280,00","7875,32","590,00"
C008596,urbana_premium,0,34.34782608695652,Premium,"42580,00","15528,58","320,00"
C008597,rural,0,35,Premium,"41150,00","6303,09","350,00"
C008598,suburbana,0,36.53061224489796,Premium,"44970,00","5982,75","450,00"
C008599,suburbana,0,33.25,Premium,"50560,00","32561,94","-270,00"
C008600,suburbana,0,35,Prepago,"36840,00","5324,32","430,00"
C008601,suburbana,1,25,Prepago,"24660,00","5657,00","250,00"
C008602,rural,0,34.61538461538461,Contrato,"28520,00","4731,72","130,00"
C008603,urbana_premium,0,36.666666666666664,Premium,"69380,00","10224,03","210,00"
C008604,suburbana,0,35.58139534883721,Prepago,"36850,00","2991,76","60,00"
C008605,rural,0,34.583333333333336,Premium,"17380,00","15255,68","140,00"
C008606,suburbana,0,32.72727272727273,Contrato,"30510,00","4933,00","480,00"
C008607,rural,0,30.727272727272727,Prepago,"30290,00","3974,29",
C008608,rural,1,34.09090909090909,Contrato,"24660,00","6391,25","300,00"
C008609,urbana_premium,0,32.8,Premium,"50000,00","14413,03","170,00"
C008610,urbana_premium,1,34.285714285714285,Prepago,"30820,00","3132,47","370,00"
C008611,urbana_premium,0,35.88235294117647,Premium,"35500,00","23435,06","350,00"
C008612,rural,0,33.191489361702125,Prepago,"26160,00","6048,97","740,00"
C008613,suburbana,0,33.142857142857146,Premium,"34150,00","16575,39","370,00"
C008614,suburbana,1,36.1764705882353,Premium,"23890,00","14639,00","150,00"
C008615,urbana_premium,1,39.61538461538461,Prepago,"16240,00","7702,03","490,00"
C008616,suburbana,0,34.54545454545455,Prepago,"10870,00","4891,03","240,00"
C008617,urbana_premium,0,35,Premium,"37650,00","25769,15","430,00"
C008618,suburbana,0,36.857142857142854,Premium,"31780,00","7026,85","90,00"
C008619,urbana_premium,0,35,Premium,"35600,00","10301,81","630,00"
C008620,rural,1,33.84615384615385,Prepago,"23500,00","4616,78","90,00"
C008621,urbana_premium,0,36.12903225806452,Premium,"67030,00","36226,94","550,00"
C008622,urbana_premium,1,35.714285714285715,Contrato,"32170,00","10022,08","110,00"
C008623,rural,1,37.61904761904762,Prepago,"26380,00","4934,86","530,00"
C008624,suburbana,0,34.651162790697676,Premium,"53740,00","8359,20","330,00"
C008625,suburbana,1,31.666666666666668,Premium,"20740,00","4711,75","540,00"
C008626,suburbana,0,36.5625,Premium,"55390,00","16981,89","230,00"
C008627,urbana_premium,0,34.78260869565217,Prepago,"53770,00","7660,21","140,00"
C008628,urbana_premium,0,33.333333333333336,Premium,"34340,00","29012,08","340,00"
C008629,suburbana,1,38.888888888888886,Premium,"12280,00","34404,40","210,00"
C008630,suburbana,0,35.9375,Contrato,,"4250,74","160,00"
C008631,urbana_premium,0,34.5,Premium,"71120,00","16054,11","220,00"
C008632,urbana_premium,0,35.76923076923077,Contrato,"30020,00","7629,61","280,00"
C008633,rural,0,34.04255319148936,Premium,"44100,00","5982,91","240,00"
C008634,suburbana,0,32.22222222222222,Prepago,"16500,00","4384,00","300,00"
C008635,urbana_premium,0,33.6,Premium,"42390,00","26285,17","240,00"
C008636,urbana_premium,1,36.666666666666664,Contrato,"35970,00","19061,80","120,00"
C008637,urbana_premium,1,33,Contrato,"23970,00","11769,21","420,00"
C008638,suburbana,1,33.4375,Contrato,,"4151,41","800,00"
C008639,suburbana,0,35.38461538461539,Contrato,"29490,00","10502,69","150,00"
C008640,suburbana,0,34.54545454545455,Prepago,"19660,00","4900,89","330,00"
C008641,urbana_premium,0,34.32432432432432,Premium,"48480,00","14895,91","310,00"
C008642,suburbana,0,32.75,Prepago,"23480,00","3623,43","610,00"
C008643,rural,1,31.29032258064516,Contrato,"20470,00","5510,18","130,00"
C008644,suburbana,0,35.609756097560975,Prepago,"49460,00","2669,50","460,00"
C008645,suburbana,1,27.5,Prepago,"23710,00","5166,50","290,00"
C008646,suburbana,0,33.8,Contrato,"13510,00","4006,65","310,00"
C008647,suburbana,0,34.827586206896555,Premium,"27300,00","10141,92","450,00"
C008648,urbana_premium,0,34.8780487804878,Premium,"39760,00","25593,32","470,00"
C008649,urbana_premium,0,36.12903225806452,Contrato,"35170,00","6385,63","80,00"
C008650,suburbana,0,35,Premium,"40280,00","11814,92","310,00"
C008651,suburbana,0,36.36363636363637,Premium,"34290,00","14400,83","80,00"
C008652,urbana_premium,0,36.25,Contrato,"31030,00","6662,94","110,00"
C008653,suburbana,0,34.516129032258064,Premium,"38040,00","11645,03","460,00"
C008654,urbana_premium,0,32.96296296296296,Contrato,"45020,00","7937,86","280,00"
C008655,suburbana,0,32.89473684210526,Premium,"34690,00","11003,21","360,00"
C008656,rural,0,32.69230769230769,Contrato,"21950,00","4105,66","110,00"
C008657,rural,0,34.905660377358494,Contrato,"25650,00","2959,00","250,00"
C008658,urbana_premium,0,32.916666666666664,Premium,"39770,00","13035,71","280,00"
C008659,urbana_premium,0,34.34782608695652,Premium,"34460,00","15229,22",
C008660,suburbana,0,32.1875,Contrato,"35250,00","14508,97","320,00"
C008661,urbana_premium,0,35,Premium,"46510,00","12712,97","210,00"
C008662,urbana_premium,0,36.12903225806452,Premium,"46520,00","25911,56","370,00"
C008663,suburbana,0,34.35897435897436,Premium,"37000,00","16945,11","170,00"
C008664,urbana_premium,0,40.625,Premium,"17420,00","14185,41","250,00"
C008665,suburbana,0,33.41463414634146,Prepago,"40910,00","2273,00","150,00"
C008666,rural,0,32.622950819672134,Prepago,"16570,00","4033,97","240,00"
C008667,suburbana,0,31.08108108108108,Premium,"44120,00","8489,38","240,00"
C008668,suburbana,0,35.75,Contrato,"18520,00","4576,00","150,00"
C008669,urbana_premium,0,35,Premium,"66590,00","16854,53","240,00"
C008670,urbana_premium,1,36.92307692307692,Premium,"17820,00","35248,76","350,00"
C008671,suburbana,0,37.05882352941177,Prepago,"33380,00","2824,08","440,00"
C008672,suburbana,0,34.32432432432432,Contrato,"26230,00","7304,51","390,00"
C008673,suburbana,1,32,Contrato,"35060,00","4228,22",
C008674,urbana_premium,0,36.470588235294116,Premium,"70020,00","20424,69","100,00"
C008675,urbana_premium,1,33.75,Premium,"41580,00","19542,08","10,00"
C008676,rural,1,31.11111111111111,Premium,"32260,00","11534,36",
C008677,urbana_premium,0,36.07142857142857,Premium,"65490,00","30785,03","640,00"
C008678,suburbana,1,32,Contrato,"24000,00","8425,67","910,00"
C008679,urbana_premium,1,37.142857142857146,Prepago,"43450,00","5746,07","330,00"
C008680,suburbana,0,34.86486486486486,Premium,"48120,00","18302,19","580,00"
C008681,urbana_premium,0,38.23529411764706,Premium,"43310,00","25488,56","230,00"
C008682,rural,0,32.857142857142854,Contrato,"18910,00","15470,56","320,00"
C008683,urbana_premium,1,37.77777777777778,Premium,"45840,00","16286,00","110,00"
C008684,suburbana,0,34.54545454545455,Prepago,"31030,00","4366,94","480,00"
C008685,urbana_premium,0,38.75,Premium,"45740,00","11770,31","410,00"
C008686,urbana_premium,0,33.2,Premium,"31810,00","15932,97","780,00"
C008687,urbana_premium,1,40.5,Prepago,"41660,00","8980,20","60,00"
C008688,urbana_premium,0,38.4,Premium,"36450,00","16805,42","470,00"
C008689,suburbana,0,29.6875,Premium,"25070,00","13230,73","330,00"
C008690,urbana_premium,0,37.142857142857146,Prepago,"60540,00","5014,22","-90,00"
C008691,urbana_premium,0,37.5,Contrato,"31980,00","8430,35","190,00"
C008692,suburbana,0,31.29032258064516,Premium,"22880,00","6477,86","250,00"
C008693,rural,1,32.972972972972975,Prepago,"15330,00","6576,31","170,00"
C008694,suburbana,0,36.15384615384615,Contrato,"29140,00","6141,42","170,00"
C008695,urbana_premium,0,36,Premium,"36290,00","12691,23","130,00"
C008696,urbana_premium,0,36.25,Premium,"49280,00","25136,20","230,00"
C008697,urbana_premium,0,34.11764705882353,Prepago,"24870,00","8038,28","40,00"
C008698,suburbana,1,40.833333333333336,Prepago,"16530,00","2007,10","490,00"
C008699,urbana_premium,0,32.96296296296296,Contrato,"20000,00","12413,34","460,00"
C008700,urbana_premium,0,39.61538461538461,Premium,"44900,00","18305,88","770,00"
C008701,urbana_premium,0,36.285714285714285,Premium,"54980,00","18159,63","220,00"
C008702,suburbana,0,36,Premium,"41610,00","12630,20","110,00"
C008703,rural,1,31.25,Contrato,"19480,00","6943,50","780,00"
C008704,suburbana,1,37.333333333333336,Contrato,"31200,00","4521,19","210,00"
C008705,urbana_premium,0,36.53846153846154,Premium,"17430,00","22641,36","200,00"
C008706,suburbana,0,33.03030303030303,Contrato,"52510,00","7099,53","130,00"
C008707,urbana_premium,0,35,Prepago,"57380,00","4449,06","1200,00"
C008708,suburbana,1,36.36363636363637,Premium,,"14201,50","200,00"
C008709,suburbana,1,32.30769230769231,Prepago,"21770,00","3912,88","650,00"
C008710,suburbana,1,35.925925925925924,Premium,"26250,00","6693,00","180,00"
C008711,rural,0,35.09090909090909,Premium,"21720,00","15629,06","210,00"
C008712,urbana_premium,1,34.5,Premium,"69400,00","23093,91","500,00"
C008713,urbana_premium,0,37.333333333333336,Contrato,"54320,00","12303,81","300,00"
C008714,rural,0,34.905660377358494,Prepago,"21750,00","4299,89","370,00"
C008715,rural,0,33.142857142857146,Premium,"28490,00","14212,32","310,00"
C008716,suburbana,1,34.54545454545455,Prepago,"21670,00","4431,90","320,00"
C008717,rural,1,33.95348837209303,Prepago,"14300,00","5168,93","350,00"
C008718,rural,0,32.5531914893617,Premium,"22660,00","7791,47","380,00"
C008719,suburbana,0,31.914893617021278,Prepago,"20020,00","3416,44","120,00"
C008720,suburbana,0,35.625,Prepago,"16490,00","3838,29","290,00"
C008721,urbana_premium,0,36.07142857142857,Premium,"38720,00","13963,88","470,00"
C008722,urbana_premium,0,35,Premium,"34890,00","9830,20","180,00"
C008723,rural,0,32.459016393442624,Prepago,"16310,00","2065,36","250,00"
C008724,urbana_premium,1,36.92307692307692,Contrato,"33270,00","8555,27","320,00"
C008725,urbana_premium,0,35,Prepago,"43700,00","4878,11","470,00"
C008726,urbana_premium,1,33.333333333333336,Premium,"35370,00","13029,71","230,00"
C008727,suburbana,0,35.58139534883721,Prepago,"31310,00","2792,85","340,00"
C008728,suburbana,0,35.23809523809524,Premium,"28090,00","5389,83","390,00"
C008729,urbana_premium,0,34.8,Contrato,"70130,00","8395,03","380,00"
C008730,rural,0,33.035714285714285,Prepago,"36970,00","6888,86","570,00"
C008731,rural,1,33.0188679245283,Contrato,"24180,00","8798,60","420,00"
C008732,suburbana,0,35,Prepago,"22380,00","2754,86","160,00"
C008733,suburbana,0,33.48837209302326,Contrato,"24500,00","6638,51","190,00"
C008734,urbana_premium,1,39,Prepago,"24360,00","5707,33","220,00"
C008735,urbana_premium,0,35.64102564102564,Premium,"28950,00","13720,86","460,00"
C008736,urbana_premium,0,33.18181818181818,Prepago,"48360,00","4106,61","250,00"
C008737,suburbana,1,38.26086956521739,Prepago,"24220,00","4740,05","240,00"
C008738,suburbana,0,34,Premium,,"15323,71",
C008739,urbana_premium,0,36.53846153846154,Premium,"57880,00","18097,36","780,00"
C008740,suburbana,0,35.5,Prepago,,"8656,03","120,00"
C008741,rural,1,33.26086956521739,Prepago,"23780,00","3920,19","170,00"
C008742,rural,0,31.57894736842105,Contrato,"22310,00","17966,83","350,00"
C008743,urbana_premium,0,36.333333333333336,Premium,"35710,00","12682,70","70,00"
C008744,rural,1,34.22222222222222,Prepago,"32160,00","2226,09","210,00"
C008745,urbana_premium,0,36.857142857142854,Contrato,"42480,00","12687,20","440,00"
C008746,rural,0,30.847457627118644,Premium,"21220,00","10727,86","340,00"
C008747,suburbana,1,34.84848484848485,Prepago,"19090,00","2336,20","310,00"
C008748,suburbana,0,34.86486486486486,Premium,"35300,00","7571,24","390,00"
C008749,urbana_premium,0,35.714285714285715,Premium,"43150,00","25725,32",
C008750,suburbana,0,34.61538461538461,Prepago,"17130,00","1930,46","300,00"
C008751,rural,0,31.636363636363637,Premium,"21990,00","7288,06","760,00"
C008752,suburbana,0,31.85185185185185,Premium,"33520,00","31311,86","380,00"
C008753,urbana_premium,0,35.23809523809524,Premium,"34930,00","13932,56",
C008754,urbana_premium,0,33.8235294117647,Prepago,"72220,00","11573,32","530,00"
C008755,urbana_premium,0,37.77777777777778,Premium,"65320,00","13204,79","350,00"
C008756,urbana_premium,0,36.8,Premium,"24610,00","17275,53","350,00"
C008757,urbana_premium,1,35.78947368421053,Premium,"35090,00","23967,89","370,00"
C008758,urbana_premium,0,34.166666666666664,Premium,"53730,00","14726,14","380,00"
C008759,suburbana,0,33,Premium,"28950,00","12106,24","180,00"
C008760,rural,0,33.41463414634146,Premium,"30050,00","12612,20","330,00"
C008761,urbana_premium,0,31.666666666666668,Premium,"30510,00","31061,64","120,00"
C008762,suburbana,1,34.375,Prepago,"17210,00","3793,31","440,00"
C008763,urbana_premium,0,34.285714285714285,Premium,"48790,00","26887,60","160,00"
C008764,rural,0,35,Prepago,"20670,00","2270,26","200,00"
C008765,suburbana,0,35.36585365853659,Contrato,"73490,00","15432,92","280,00"
C008766,suburbana,0,36.89655172413793,Prepago,"41430,00","5233,69","120,00"
C008767,urbana_premium,0,36.666666666666664,Contrato,"26410,00","14365,20","280,00"
C008768,suburbana,0,33,Prepago,"37730,00","5223,66","400,00"
C008769,urbana_premium,0,33.7037037037037,Premium,"37340,00","8956,64","360,00"
C008770,suburbana,0,34,Premium,"35830,00","16334,91","830,00"
C008771,suburbana,0,33.68421052631579,Premium,"23140,00","8053,91",
C008772,urbana_premium,0,32.857142857142854,Premium,"42690,00","11605,78","220,00"
C008773,suburbana,1,37.5,Prepago,"43190,00","4222,75","180,00"
C008774,urbana_premium,0,35.714285714285715,Premium,"51040,00","13883,75","250,00"
C008775,suburbana,0,33.75,Prepago,"43720,00","4292,22","620,00"
C008776,urbana_premium,0,36.666666666666664,Contrato,"113900,00","16631,17","600,00"
C008777,suburbana,1,34.73684210526316,Premium,"25320,00","8250,61","490,00"
C008778,urbana_premium,0,37.878787878787875,Contrato,"72000,00","9582,27","70,00"
C008779,suburbana,0,33.87755102040816,Contrato,"33060,00","4558,17","160,00"
C008780,urbana_premium,1,31.428571428571427,Premium,"33430,00","31027,26","250,00"
C008781,urbana_premium,0,36.8421052631579,Premium,"38180,00","30377,80","280,00"
C008782,urbana_premium,0,36.19047619047619,Premium,"52500,00","17923,44",
C008783,urbana_premium,0,36.42857142857143,Premium,"33650,00","12585,39","410,00"
C008784,urbana_premium,0,34.285714285714285,Prepago,"19280,00","5084,69","360,00"
C008785,rural,1,33.529411764705884,Premium,"31150,00","5603,55","140,00"
C008786,urbana_premium,0,35,Premium,"41450,00","16578,49","70,00"
C008787,rural,1,32.22222222222222,Premium,"19360,00","14547,92","300,00"
C008788,rural,0,32.5,Contrato,"14930,00","3868,72","320,00"
C008789,suburbana,0,34.516129032258064,Contrato,"34370,00","9621,57","120,00"
C008790,urbana_premium,0,34.32432432432432,Contrato,"60140,00","13161,47","390,00"
C008791,urbana_premium,0,35.76923076923077,Premium,"27970,00","11361,23","230,00"
C008792,suburbana,1,31.153846153846153,Prepago,"32900,00","5762,00","240,00"
C008793,suburbana,1,30,Premium,"64690,00","7142,14","120,00"
C008794,rural,0,32.75,Premium,"32360,00","6758,33","200,00"
C008795,suburbana,0,33.24324324324324,Premium,"29860,00","15853,08","140,00"
C008796,urbana_premium,0,37.03703703703704,Premium,"37010,00","24268,28","470,00"
C008797,urbana_premium,0,35.42857142857143,Contrato,"32500,00","8827,78","560,00"
C008798,urbana_premium,0,35.86206896551724,Contrato,"39400,00","8027,17","850,00"
C008799,urbana_premium,0,33.333333333333336,Premium,"33220,00","16115,35",
C008800,rural,0,35.12820512820513,Premium,"21220,00","15539,42","570,00"
C008801,urbana_premium,0,34.76190476190476,Contrato,"36890,00","11644,73","60,00"
C008802,urbana_premium,0,36.53846153846154,Premium,"21910,00","14072,25","510,00"
C008803,urbana_premium,0,36,Contrato,"36600,00","7547,20","190,00"
C008804,rural,0,30.727272727272727,Premium,"60430,00","7639,40","490,00"
C008805,urbana_premium,0,34.09090909090909,Premium,"23860,00","10601,33","270,00"
C008806,suburbana,0,31.89189189189189,Premium,"51750,00","31207,60","320,00"
C008807,suburbana,1,34,Contrato,"43770,00","8456,20","230,00"
C008808,urbana_premium,0,37.083333333333336,Premium,"48860,00","31307,09","350,00"
C008809,urbana_premium,1,33.333333333333336,Prepago,"32410,00","4116,00","320,00"
C008810,urbana_premium,1,35,Premium,"53980,00","13318,75","250,00"
C008811,urbana_premium,0,39,Premium,"74560,00","14902,78","140,00"
C008812,suburbana,0,33.75,Premium,"44770,00","7002,57","520,00"
C008813,urbana_premium,0,39,Premium,"43050,00","12096,94","290,00"
C008814,urbana_premium,0,36.19047619047619,Premium,"39750,00","33813,97","200,00"
C008815,urbana_premium,0,36,Premium,"31590,00","21023,61","230,00"
C008816,suburbana,0,32.5,Contrato,"31960,00","9288,51","320,00"
C008817,suburbana,0,32.916666666666664,Premium,"37300,00","7683,91","340,00"
C008818,urbana_premium,0,32.30769230769231,Premium,"40200,00","14242,25","410,00"
C008819,urbana_premium,0,35,Premium,"38590,00","18188,32","470,00"
C008820,urbana_premium,0,33.78378378378378,Contrato,"38770,00","10213,64","420,00"
C008821,suburbana,0,37.142857142857146,Contrato,"58710,00","8246,51","250,00"
C008822,rural,1,33.68421052631579,Contrato,"25600,00","9527,89","270,00"
C008823,suburbana,0,31.428571428571427,Premium,"33300,00","6111,94","240,00"
C008824,rural,0,33.095238095238095,Contrato,"10400,00","4824,03","120,00"
C008825,urbana_premium,0,32.142857142857146,Premium,"55660,00","25842,28","340,00"
C008826,urbana_premium,0,34.8,Premium,"48740,00","23679,73","180,00"
C008827,rural,1,33.75,Prepago,"29080,00","4490,33","150,00"
C008828,urbana_premium,0,34.73684210526316,Premium,,"29829,97","-490,00"
C008829,urbana_premium,0,32.5,Contrato,"28470,00","11512,57","310,00"
C008830,urbana_premium,0,34.642857142857146,Premium,"35850,00","12658,47","250,00"
C008831,suburbana,1,30.833333333333332,Premium,"57270,00","8321,82","620,00"
C008832,suburbana,0,33.57142857142857,Contrato,"18930,00","9254,11",
C008833,suburbana,0,34.25,Prepago,"19330,00","6956,27","510,00"
C008834,urbana_premium,0,37.77777777777778,Contrato,"23730,00","9637,56","380,00"
C008835,suburbana,0,35.625,Premium,"28970,00","7661,53","380,00"
C008836,suburbana,0,34.83870967741935,Premium,"54010,00","9641,31","160,00"
C008837,suburbana,0,33.03030303030303,Premium,"34060,00","13934,59","530,00"
C008838,rural,1,33.04347826086956,Prepago,"35210,00","3503,07","210,00"
C008839,urbana_premium,0,35.625,Prepago,"19710,00","4114,91","510,00"
C008840,suburbana,0,33.541666666666664,Contrato,"23020,00","9761,27","950,00"
C008841,urbana_premium,0,34.73684210526316,Contrato,"31250,00","9252,33","380,00"
C008842,urbana_premium,0,36.470588235294116,Premium,"69500,00","12774,97","240,00"
C008843,urbana_premium,0,35,Premium,"41720,00","14321,25","120,00"
C008844,urbana_premium,1,33.75,Contrato,"39000,00","7060,69","60,00"
C008845,urbana_premium,0,37,Prepago,"42490,00","4805,97","190,00"
C008846,urbana_premium,0,36.206896551724135,Premium,"36520,00","10421,79","350,00"
C008847,urbana_premium,0,35.333333333333336,Prepago,"79620,00","3501,74","70,00"
C008848,urbana_premium,0,33.8235294117647,Premium,"78510,00","32326,75","380,00"
C008849,urbana_premium,0,37.391304347826086,Premium,"58740,00","20007,81","310,00"
C008850,suburbana,1,28.75,Prepago,"43980,00","2443,21","550,00"
C008851,suburbana,0,32.592592592592595,Premium,"25850,00","16687,83","140,00"
C008852,urbana_premium,0,37.5,Premium,"46770,00","25258,17","500,00"
C008853,urbana_premium,0,37.35294117647059,Prepago,"19690,00","5904,86","780,00"
C008854,urbana_premium,0,33.142857142857146,Premium,"34150,00","39465,91","400,00"
C008855,suburbana,0,35.625,Prepago,"17950,00","3986,83","330,00"
C008856,rural,1,32.69230769230769,Prepago,"28690,00","3575,44","210,00"
C008857,urbana_premium,0,32.77777777777778,Premium,"38310,00","9845,00","380,00"
C008858,urbana_premium,0,36.12903225806452,Premium,"51920,00","17106,14","160,00"
C008859,urbana_premium,0,31.818181818181817,Premium,"49920,00","14335,78","720,00"
C008860,rural,1,34.25925925925926,Premium,"35690,00","4659,03","380,00"
C008861,rural,1,31,Prepago,"18420,00","3227,90","-180,00"
C008862,suburbana,0,36.36363636363637,Premium,"16480,00","6427,55","610,00"
C008863,suburbana,1,38.333333333333336,Premium,"61010,00","13739,36","170,00"
C008864,urbana_premium,0,37.142857142857146,Premium,"32820,00","19430,92","280,00"
C008865,suburbana,0,35.294117647058826,Contrato,"30430,00","4388,22","160,00"
C008866,urbana_premium,0,36.2962962962963,Prepago,"57770,00","4659,18","100,00"
C008867,suburbana,0,36.27450980392157,Prepago,"27910,00","4833,56","140,00"
C008868,rural,1,32.7906976744186,Prepago,"16140,00","4311,46","230,00"
C008869,rural,0,35,Contrato,"50510,00","15018,72","120,00"
C008870,suburbana,0,35.869565217391305,Premium,"25520,00","7193,89","250,00"
C008871,suburbana,1,37.5,Premium,"59060,00","13349,00","390,00"
C008872,urbana_premium,0,30,Premium,"45220,00","14222,19","160,00"
C008873,suburbana,0,32.325581395348834,Premium,"44060,00","12110,76","490,00"
C008874,urbana_premium,0,35.88235294117647,Premium,"56190,00","14133,08","180,00"
C008875,suburbana,0,38.10344827586207,Prepago,"26830,00","3755,95","160,00"
C008876,urbana_premium,0,33.91304347826087,Premium,"49120,00","15668,19","250,00"
C008877,urbana_premium,0,37.77777777777778,Premium,"79450,00","38341,69","420,00"
C008878,suburbana,0,34.6875,Prepago,"49240,00","4065,03","750,00"
C008879,urbana_premium,0,33.333333333333336,Prepago,"59720,00","5092,83","250,00"
C008880,urbana_premium,0,35.6,Contrato,"50700,00","22857,78","130,00"
C008881,rural,0,31.639344262295083,Contrato,"23340,00","11576,14","1120,00"
C008882,urbana_premium,1,36.25,Premium,"29550,00","21135,88","300,00"
C008883,suburbana,0,34.21052631578947,Premium,"54270,00","15052,65","660,00"
C008884,suburbana,1,33.87096774193548,Prepago,"25450,00","2779,60","450,00"
C008885,urbana_premium,0,35.714285714285715,Contrato,"33630,00","8059,94","130,00"
C008886,urbana_premium,0,34.4,Contrato,"40140,00","8324,81","280,00"
C008887,suburbana,0,34.5,Contrato,"18610,00","4223,06","630,00"
C008888,urbana_premium,0,37.083333333333336,Premium,"35020,00","12551,97","490,00"
C008889,urbana_premium,1,36.4,Premium,"30630,00","18632,69","280,00"
C008890,suburbana,0,32.8125,Contrato,"18790,00","9877,22","910,00"
C008891,urbana_premium,0,37.142857142857146,Premium,"25710,00","14596,06","330,00"
C008892,suburbana,1,30.714285714285715,Contrato,"30690,00","4180,27","160,00"
C008893,urbana_premium,0,33.10344827586207,Premium,"56910,00","23208,23","1110,00"
C008894,urbana_premium,0,34,Premium,"38520,00","24807,31","960,00"
C008895,suburbana,0,35,Contrato,"21110,00","3459,47","360,00"
C008896,urbana_premium,1,30,Prepago,"31570,00","5375,10","490,00"
C008897,urbana_premium,0,35.416666666666664,Premium,"44820,00","37034,59","520,00"
C008898,urbana_premium,0,35.78947368421053,Premium,"59390,00","26702,51","260,00"
C008899,suburbana,0,32.64705882352941,Premium,"43310,00","14507,17","520,00"
C008900,urbana_premium,1,28.571428571428573,Premium,"43250,00","16161,12","130,00"
C008901,rural,1,30,Prepago,"40990,00","4292,40","220,00"
C008902,urbana_premium,0,32.27272727272727,Premium,"33040,00","26266,46","490,00"
C008903,urbana_premium,0,36.8,Prepago,"26350,00","6793,17","250,00"
C008904,suburbana,0,36.388888888888886,Premium,"28020,00","15333,50","90,00"
C008905,urbana_premium,0,31.764705882352942,Premium,"61840,00","21505,69","150,00"
C008906,urbana_premium,0,38.07692307692308,Premium,"50810,00","26570,06","460,00"
C008907,rural,0,31.09090909090909,Prepago,"35340,00","4499,78","430,00"
C008908,urbana_premium,0,36.666666666666664,Premium,"38560,00","25625,97","620,00"
C008909,suburbana,0,34.523809523809526,Prepago,"32610,00","2581,92","400,00"
C008910,urbana_premium,0,37.407407407407405,Prepago,"36970,00","4618,94","930,00"
C008911,rural,1,37.142857142857146,Prepago,"17880,00","2205,50","440,00"
C008912,urbana_premium,0,33.07692307692308,Contrato,"40360,00","6988,24","300,00"
C008913,suburbana,0,32.41379310344828,Premium,"28720,00","15244,54","180,00"
C008914,rural,1,31.818181818181817,Prepago,"20430,00","1902,13","450,00"
C008915,suburbana,1,35.23809523809524,Contrato,"38400,00","6312,20","110,00"
C008916,urbana_premium,0,34.73684210526316,Premium,"41730,00","14345,94","550,00"
C008917,suburbana,0,38.1578947368421,Premium,"49860,00","12017,67","310,00"
C008918,rural,0,33.61702127659574,Prepago,"17870,00","2013,83",
C008919,suburbana,1,30,Contrato,"26950,00","4901,25","60,00"
C008920,rural,1,30.857142857142858,Premium,"13020,00","8966,58","210,00"
C008921,suburbana,0,33.333333333333336,Contrato,"21960,00","4733,56","660,00"
C008922,rural,1,32.5,Prepago,"30160,00","4999,44","-100,00"
C008923,rural,0,32.142857142857146,Prepago,"32170,00","2692,94","120,00"
C008924,suburbana,0,32.82608695652174,Contrato,"39600,00","7255,62","120,00"
C008925,suburbana,0,36.76470588235294,Premium,"48950,00","6309,64","230,00"
C008926,urbana_premium,0,37.22222222222222,Contrato,"48280,00","8231,59",
C008927,rural,0,33.45454545454545,Prepago,"24760,00","3663,71","260,00"
C008928,urbana_premium,0,34.54545454545455,Premium,"50490,00","19896,17","510,00"
C008929,suburbana,0,33.25,Premium,"23870,00","12021,51","250,00"
C008930,suburbana,0,37.04545454545455,Prepago,"17530,00","4223,55","180,00"
C008931,rural,0,33.111111111111114,Premium,"21150,00","14238,25","1200,00"
C008932,urbana_premium,0,35.88235294117647,Premium,"36350,00","26843,14","360,00"
C008933,urbana_premium,0,32.72727272727273,Premium,"41620,00","16937,78","760,00"
C008934,urbana_premium,0,40.625,Contrato,"30280,00","12897,25","50,00"
C008935,urbana_premium,0,32.592592592592595,Premium,,"25331,85","280,00"
C008936,urbana_premium,0,36.89655172413793,Premium,"52780,00","16568,73","300,00"
C008937,rural,0,32.264150943396224,Contrato,"15860,00","8417,86","110,00"
C008938,suburbana,0,31.818181818181817,Premium,,"6445,80","530,00"
C008939,suburbana,1,28.75,Premium,"25140,00","13761,57","230,00"
C008940,urbana_premium,0,37.916666666666664,Contrato,"22210,00","12695,42","550,00"
C008941,urbana_premium,1,32.22222222222222,Premium,"34780,00","26593,09","230,00"
C008942,urbana_premium,1,32.142857142857146,Contrato,"29310,00","17218,66","330,00"
C008943,suburbana,0,33.90243902439025,Contrato,"26980,00","7703,89","210,00"
C008944,urbana_premium,0,39.39393939393939,Contrato,"41280,00","10419,69","320,00"
C008945,urbana_premium,0,32.27272727272727,Premium,"18750,00","23304,80","520,00"
C008946,suburbana,0,33.714285714285715,Premium,"44860,00","12234,46","870,00"
C008947,rural,0,33.26086956521739,Premium,"69720,00","12923,14","460,00"
C008948,rural,1,32,Contrato,"17500,00","11389,67","140,00"
C008949,suburbana,0,32.17391304347826,Prepago,"25440,00","6647,50","360,00"
C008950,urbana_premium,0,39.473684210526315,Premium,"30110,00","12776,48","360,00"
C008951,urbana_premium,0,34.84848484848485,Contrato,"27480,00","15277,36","210,00"
C008952,urbana_premium,1,32.5,Premium,"80600,00","25502,83","160,00"
C008953,suburbana,0,35.588235294117645,Prepago,"28030,00","4023,50","820,00"
C008954,urbana_premium,0,37.5,Prepago,"51180,00","11354,44","400,00"
C008955,urbana_premium,0,37.666666666666664,Contrato,"60580,00","15681,46","80,00"
C008956,suburbana,0,34.24242424242424,Premium,"45070,00","7522,21","130,00"
C008957,suburbana,1,33.714285714285715,Prepago,"46270,00","3450,26","650,00"
C008958,suburbana,0,32.758620689655174,Contrato,"19720,00","8328,25","450,00"
C008959,rural,1,31.93548387096774,Prepago,"33500,00","4139,31","180,00"
C008960,suburbana,0,32.77777777777778,Premium,"27300,00","6622,31","320,00"
C008961,urbana_premium,0,37.083333333333336,Premium,"71330,00","10828,19","380,00"
C008962,suburbana,1,37.5,Prepago,"22950,00","2102,88","390,00"
C008963,suburbana,0,35.116279069767444,Contrato,"20570,00","9417,57","540,00"
C008964,suburbana,1,35,Contrato,"30670,00","7536,54","60,00"
C008965,rural,0,34.2,Prepago,"29910,00","1777,97","220,00"
C008966,urbana_premium,0,38.63636363636363,Contrato,"21010,00","12880,17","350,00"
C008967,urbana_premium,1,29.545454545454547,Premium,"34100,00","9540,23","490,00"
C008968,suburbana,0,32.05882352941177,Premium,"20850,00","28063,61","330,00"
C008969,urbana_premium,0,34.583333333333336,Premium,"54300,00","25025,15","180,00"
C008970,suburbana,0,33.529411764705884,Premium,"25110,00","7828,03","230,00"
C008971,suburbana,1,35.416666666666664,Premium,"45390,00","17387,71","240,00"
C008972,suburbana,0,35.319148936170215,Contrato,"23820,00","9198,08","470,00"
C008973,urbana_premium,0,34.8,Premium,"43700,00","21829,53","310,00"
C008974,rural,0,31.73076923076923,Premium,"14700,00","10109,85","410,00"
C008975,urbana_premium,1,37.05882352941177,Premium,"37820,00","18534,53","560,00"
C008976,suburbana,0,35.58139534883721,Premium,"20850,00","7307,91","410,00"
C008977,suburbana,0,34.91525423728814,Prepago,"52240,00","2540,89","130,00"
C008978,urbana_premium,0,35.5,Prepago,,"4669,21","420,00"
C008979,rural,1,32.5531914893617,Premium,"25700,00","14852,79","960,00"
C008980,suburbana,0,33.75,Premium,"43790,00","7099,39","150,00"
C008981,suburbana,0,31.35135135135135,Contrato,"25690,00","8621,97","640,00"
C008982,urbana_premium,0,32.96296296296296,Premium,"48670,00","11450,56","310,00"
C008983,suburbana,0,33.86363636363637,Prepago,"29760,00","4574,78","230,00"
C008984,urbana_premium,0,36.45161290322581,Premium,"47060,00","11949,06","220,00"
C008985,urbana_premium,0,32.758620689655174,Premium,"41020,00","16955,91","530,00"
C008986,rural,0,34.44444444444444,Prepago,,"4638,43","290,00"
C008987,urbana_premium,0,36.4,Premium,"20850,00","20502,31","140,00"
C008988,suburbana,0,37.857142857142854,Contrato,"24410,00","3874,92",
C008989,suburbana,0,35.18518518518518,Premium,"57750,00","12465,03",
C008990,suburbana,0,33.68421052631579,Premium,"29390,00","12617,92","340,00"
C008991,urbana_premium,0,35.38461538461539,Premium,"30620,00","14706,40","440,00"
C008992,urbana_premium,0,38.333333333333336,Premium,"39990,00","15514,86","90,00"
C008993,urbana_premium,0,36.470588235294116,Prepago,"23070,00","6337,89","340,00"
C008994,rural,0,32.72727272727273,Premium,"20210,00","6921,39","250,00"
C008995,suburbana,0,36,Contrato,"32710,00","4130,42","100,00"
C008996,urbana_premium,0,35,Premium,"46760,00","17063,40","150,00"
C008997,suburbana,0,35.13513513513514,Premium,"34590,00","12233,32","290,00"
C008998,urbana_premium,0,33.793103448275865,Premium,"66830,00","16703,67","360,00"
C008999,suburbana,0,33.095238095238095,Premium,"24210,00","17060,64","-480,00"
C009000,suburbana,0,32.608695652173914,Prepago,"18110,00","4936,08","60,00"
C009001,urbana_premium,0,33.793103448275865,Prepago,,"5998,08","240,00"
C009002,urbana_premium,0,39,Premium,"32280,00","20981,97","320,00"
C009003,urbana_premium,1,34,Premium,"41980,00","15093,33","280,00"
C009004,suburbana,1,31.73913043478261,Premium,"27690,00","27539,74","250,00"
C009005,rural,0,35.208333333333336,Premium,"25080,00","7001,69","620,00"
C009006,suburbana,0,35.853658536585364,Contrato,"31750,00","4832,06","110,00"
C009007,urbana_premium,0,33.44827586206897,Premium,"53600,00","14578,17","190,00"
C009008,suburbana,0,34.69387755102041,Contrato,"30480,00","9322,74","640,00"
C009009,suburbana,0,32.8125,Prepago,"32890,00","3299,30","140,00"
C009010,suburbana,0,30.526315789473685,Premium,"57110,00","15496,78","300,00"
C009011,suburbana,0,34.84848484848485,Contrato,"17260,00","3939,68","370,00"
C009012,suburbana,1,37.5,Contrato,"32630,00","9879,25","410,00"
C009013,urbana_premium,0,37.27272727272727,Premium,"37740,00","18654,03","190,00"
C009014,urbana_premium,0,36.58536585365854,Prepago,"39960,00","4582,35","140,00"
C009015,suburbana,1,35.714285714285715,Prepago,"37490,00","4990,00","100,00"
C009016,suburbana,0,32.96296296296296,Premium,"22860,00","11003,82","590,00"
C009017,suburbana,1,33.42857142857143,Prepago,"25060,00","3579,00","-230,00"
C009018,suburbana,1,28.571428571428573,Prepago,"39570,00","2094,33","470,00"
C009019,suburbana,0,34.333333333333336,Premium,"28980,00","14062,78","1030,00"
C009020,urbana_premium,0,34.81481481481482,Premium,"28080,00","17483,81","180,00"
C009021,urbana_premium,0,34.705882352941174,Premium,"51740,00","19444,11","670,00"
C009022,suburbana,0,38.96551724137931,Prepago,"38180,00","4401,92","220,00"
C009023,urbana_premium,0,33.793103448275865,Premium,"41500,00","20925,88","260,00"
C009024,urbana_premium,0,32,Premium,"45310,00","12656,11","180,00"
C009025,rural,0,33.05084745762712,Prepago,"28990,00","2529,11",
C009026,suburbana,0,37.05882352941177,Premium,"29580,00","6705,94","680,00"
C009027,urbana_premium,0,37.03703703703704,Prepago,"43680,00","4054,89","310,00"
C009028,urbana_premium,0,35.714285714285715,Contrato,"25820,00","10249,34","370,00"
C009029,suburbana,0,33.90243902439025,Prepago,"28380,00","2330,73","230,00"
C009030,suburbana,0,33.333333333333336,Premium,"42770,00","8582,26","810,00"
C009031,suburbana,0,35.91836734693877,Contrato,"65850,00","6913,28","240,00"
C009032,urbana_premium,0,35.294117647058826,Contrato,"40910,00","8652,51","450,00"
C009033,suburbana,1,32.5,Prepago,"22240,00","2146,29","170,00"
C009034,urbana_premium,0,35.45454545454545,Prepago,"34610,00","6336,79","280,00"
C009035,urbana_premium,0,31.875,Prepago,"23570,00","4501,76","30,00"
C009036,urbana_premium,0,32.10526315789474,Premium,"49550,00","13547,58","260,00"
C009037,urbana_premium,1,24,Contrato,"39810,00","10971,47","350,00"
C009038,suburbana,0,33.80952380952381,Premium,"21840,00","11548,11","460,00"
C009039,suburbana,0,35.588235294117645,Premium,"28540,00","17667,71","520,00"
C009040,suburbana,1,34.54545454545455,Premium,,"7439,33","380,00"
C009041,urbana_premium,0,35.86206896551724,Premium,"39880,00","35717,43","390,00"
C009042,urbana_premium,0,36.89655172413793,Premium,"30790,00","29504,66","410,00"
C009043,rural,0,33.529411764705884,Prepago,"34000,00","4780,28","520,00"
C009044,urbana_premium,1,31.176470588235293,Premium,"44190,00","17676,10","320,00"
C009045,suburbana,1,36,Premium,"23350,00","9445,11","560,00"
C009046,suburbana,1,29.444444444444443,Premium,,"7321,24","120,00"
C009047,urbana_premium,0,31,Premium,"18690,00","15226,31","440,00"
C009048,rural,0,35.416666666666664,Contrato,"26030,00","15552,83","240,00"
C009049,suburbana,0,31.071428571428573,Contrato,"81170,00","3873,08","50,00"
C009050,suburbana,0,36.333333333333336,Premium,"44710,00","13692,19","220,00"
C009051,suburbana,0,36.53846153846154,Premium,"28740,00","15263,31","100,00"
C009052,urbana_premium,0,37.22222222222222,Premium,"42700,00","10304,43","340,00"
C009053,urbana_premium,0,32.72727272727273,Premium,"47340,00","12709,11","230,00"
C009054,urbana_premium,0,37.03703703703704,Premium,"48430,00","9875,97","450,00"
C009055,suburbana,0,35.67567567567568,Premium,"29250,00","24982,26","630,00"
C009056,urbana_premium,0,35.90909090909091,Premium,"18240,00","23780,81","360,00"
C009057,suburbana,1,33.07692307692308,Contrato,"26950,00","9139,69","600,00"
C009058,suburbana,0,34.6875,Contrato,"24700,00","3188,64","190,00"
C009059,suburbana,0,33.333333333333336,Contrato,"29400,00","4896,21",
C009060,suburbana,0,34.09090909090909,Contrato,"23410,00","8446,17","170,00"
C009061,suburbana,1,35.76923076923077,Premium,"37640,00","8503,70","470,00"
C009062,urbana_premium,1,37.27272727272727,Contrato,"79470,00","14639,47","450,00"
C009063,urbana_premium,0,37.2,Premium,"54980,00","15573,69","520,00"
C009064,urbana_premium,0,35,Premium,"38140,00","15551,97","310,00"
C009065,rural,0,33.0188679245283,Premium,"40270,00","20336,89","200,00"
C009066,urbana_premium,0,36.92307692307692,Prepago,"54360,00","7647,44","260,00"
C009067,suburbana,0,32.903225806451616,Premium,"39270,00","8240,89","380,00"
C009068,urbana_premium,0,39,Premium,"31970,00","30639,15","290,00"
C009069,suburbana,0,33.57142857142857,Prepago,"28910,00","2961,59","480,00"
C009070,suburbana,0,33.92857142857143,Premium,"37330,00","12762,39","120,00"
C009071,rural,1,31.875,Prepago,"50390,00","2911,26","480,00"
C009072,suburbana,1,33,Prepago,"50310,00","3660,67","200,00"
C009073,rural,0,33.220338983050844,Premium,"29140,00","12982,59","230,00"
C009074,suburbana,0,33.541666666666664,Premium,"32180,00","20655,80","150,00"
C009075,rural,1,31.50943396226415,Premium,"30940,00","13900,03","510,00"
C009076,urbana_premium,0,37.714285714285715,Prepago,"47090,00","3653,94","140,00"
C009077,urbana_premium,0,36.5625,Prepago,"66770,00","9527,71",
C009078,suburbana,0,32.857142857142854,Premium,"20740,00","5301,54","250,00"
C009079,suburbana,0,34.41860465116279,Contrato,,"6223,72","230,00"
C009080,suburbana,0,31.57894736842105,Prepago,"39680,00","4689,83","110,00"
C009081,urbana_premium,0,35.76923076923077,Premium,"64340,00","16489,11","820,00"
C009082,rural,1,31.694915254237287,Prepago,"46940,00","2068,65","340,00"
C009083,urbana_premium,0,37.36842105263158,Premium,"23460,00","25398,17","210,00"
C009084,rural,0,32.3728813559322,Premium,"18440,00","6790,84","230,00"
C009085,suburbana,0,34,Premium,"29720,00","6224,80","450,00"
C009086,suburbana,0,33.513513513513516,Contrato,"19730,00","5170,39","450,00"
C009087,urbana_premium,0,31.11111111111111,Premium,"70050,00","16390,64","160,00"
C009088,urbana_premium,0,39.23076923076923,Contrato,"40840,00","8246,50","130,00"
C009089,suburbana,0,31.470588235294116,Premium,"45930,00","19827,32","860,00"
C009090,suburbana,0,35.12820512820513,Contrato,"28630,00","8552,59","170,00"
C009091,rural,0,33.80952380952381,Premium,"27370,00","8420,22","260,00"
C009092,suburbana,0,34.81481481481482,Premium,,"7305,70","260,00"
C009093,urbana_premium,0,38.75,Premium,"27000,00","13872,50","290,00"
C009094,rural,1,34.074074074074076,Prepago,"16480,00","2666,75","100,00"
C009095,rural,0,29.555555555555557,Premium,"13030,00","6021,17","620,00"
C009096,urbana_premium,0,38.275862068965516,Premium,"56020,00","34822,64","300,00"
C009097,urbana_premium,1,34.73684210526316,Premium,"38910,00","19772,83","120,00"
C009098,suburbana,0,34,Contrato,"44100,00","5239,42","250,00"
C009099,suburbana,0,32.4390243902439,Premium,"29250,00","6297,25","500,00"
C009100,urbana_premium,0,37,Premium,"58010,00","11889,44","200,00"
C009101,suburbana,1,32.30769230769231,Premium,"42520,00","18868,53","400,00"
C009102,suburbana,0,35.26315789473684,Prepago,"29180,00","4714,69","540,00"
C009103,urbana_premium,0,36.470588235294116,Premium,"41920,00","16849,84","200,00"
C009104,rural,0,36,Prepago,"26830,00","3517,54","160,00"
C009105,rural,0,35.42857142857143,Prepago,"35050,00","4433,18","190,00"
C009106,rural,0,33.095238095238095,Contrato,"23450,00","7746,65","750,00"
C009107,rural,0,34.166666666666664,Prepago,"26870,00","4159,32","390,00"
C009108,suburbana,1,36.666666666666664,Premium,"18170,00","14287,20","280,00"
C009109,urbana_premium,0,34.705882352941174,Premium,"28720,00","19139,74","380,00"
C009110,suburbana,1,32,Contrato,"23550,00","7093,20","320,00"
C009111,suburbana,0,35.348837209302324,Contrato,"36480,00","5487,71","110,00"
C009112,rural,0,35.714285714285715,Contrato,"18530,00","9161,17","560,00"
C009113,urbana_premium,0,37.2,Contrato,"40680,00","12915,97","480,00"
C009114,urbana_premium,0,30.76923076923077,Premium,"36910,00","13395,51","370,00"
C009115,suburbana,0,33.93939393939394,Contrato,"30480,00","3345,00","160,00"
C009116,suburbana,0,33.42857142857143,Prepago,"41250,00","2386,06","650,00"
C009117,urbana_premium,0,37.5,Premium,"41400,00","11893,97","480,00"
C009118,urbana_premium,0,37.61904761904762,Premium,"35810,00","15678,69","720,00"
C009119,suburbana,0,32.75,Premium,"35050,00","20595,58","250,00"
C009120,suburbana,0,33.91304347826087,Premium,"53580,00","16254,03","1200,00"
C009121,rural,0,32.67857142857143,Prepago,"24140,00","3872,57","270,00"
C009122,urbana_premium,0,37.77777777777778,Premium,"24940,00","18986,32","310,00"
C009123,urbana_premium,0,34.23076923076923,Premium,"24150,00","21606,76","1060,00"
C009124,suburbana,0,32.4390243902439,Prepago,"27020,00","9297,20","970,00"
C009125,suburbana,0,35,Contrato,"20000,00","15349,30","490,00"
C009126,urbana_premium,1,32,Premium,"16570,00","17631,18","260,00"
C009127,urbana_premium,0,33.888888888888886,Premium,"34550,00","17587,00","530,00"
C009128,rural,1,28.666666666666668,Premium,"26520,00","30780,28","270,00"
C009129,urbana_premium,0,37.61904761904762,Premium,"62130,00","16575,81","230,00"
C009130,suburbana,0,33.421052631578945,Prepago,"29630,00","2172,49","280,00"
C009131,suburbana,0,33.03030303030303,Premium,"33220,00","13542,44","-580,00"
C009132,rural,0,31.4,Premium,"27810,00","7988,08","380,00"
C009133,suburbana,0,35.22727272727273,Prepago,"30690,00","6773,23","80,00"
C009134,urbana_premium,0,34.5,Premium,"30300,00","10948,34","370,00"
C009135,suburbana,0,33.44827586206897,Premium,"63730,00","7535,19","120,00"
C009136,suburbana,0,35.357142857142854,Contrato,"21090,00","4366,67","430,00"
C009137,urbana_premium,0,35,Premium,"44280,00","15201,08","180,00"
C009138,suburbana,1,30.666666666666668,Prepago,"22690,00","1972,75","530,00"
C009139,suburbana,0,35.38461538461539,Premium,"31010,00","13241,70","530,00"
C009140,urbana_premium,0,37.6,Premium,"44170,00","10813,08","650,00"
C009141,suburbana,0,30.37037037037037,Contrato,"27770,00","19369,64","170,00"
C009142,urbana_premium,0,35.88235294117647,Premium,"25030,00","26155,34","350,00"
C009143,urbana_premium,0,36.206896551724135,Premium,"33890,00","13545,32","170,00"
C009144,suburbana,1,32.142857142857146,Premium,"44180,00","10887,59","440,00"
C009145,suburbana,1,35.27777777777778,Prepago,"17620,00","4407,18","290,00"
C009146,rural,1,31.944444444444443,Premium,"41080,00","7894,90","80,00"
C009147,urbana_premium,1,36.666666666666664,Premium,"39570,00","22270,53","350,00"
C009148,suburbana,0,35.333333333333336,Prepago,"38280,00","3707,16","110,00"
C009149,rural,1,20,Premium,"16050,00","5959,40","330,00"
C009150,urbana_premium,0,35,Premium,"36330,00","12500,21","900,00"
C009151,suburbana,0,33.63636363636363,Prepago,"23610,00","2144,39","360,00"
C009152,suburbana,0,33.78378378378378,Contrato,"33060,00","3710,51","260,00"
C009153,suburbana,0,33.7037037037037,Contrato,"20340,00","10814,21","110,00"
C009154,urbana_premium,0,36.52173913043478,Premium,"30800,00","15346,70","260,00"
C009155,urbana_premium,0,33.333333333333336,Contrato,"78920,00","9357,86","290,00"
C009156,urbana_premium,1,35,Contrato,"48000,00","9761,50","220,00"
C009157,urbana_premium,0,33.5,Premium,"43720,00","15324,79","320,00"
C009158,urbana_premium,0,34.285714285714285,Premium,"43470,00","16332,97","620,00"
C009159,urbana_premium,0,35.18518518518518,Premium,"63770,00","34906,42","360,00"
C009160,rural,1,30,Prepago,"22210,00","4023,29","270,00"
C009161,suburbana,0,32.94117647058823,Premium,"41370,00","19558,00","700,00"
C009162,suburbana,0,33.90243902439025,Prepago,"13050,00","4138,08","180,00"
C009163,suburbana,1,35.55555555555556,Contrato,"28580,00","6287,73","340,00"
C009164,urbana_premium,1,34,Premium,"34350,00","17481,00","380,00"
C009165,urbana_premium,0,35,Prepago,"31860,00","5303,66","350,00"
C009166,suburbana,0,32.89473684210526,Contrato,"38610,00","8683,03","340,00"
C009167,rural,0,34,Premium,"22150,00","13659,17","470,00"
C009168,urbana_premium,0,36.07142857142857,Premium,"36180,00","13906,03","1080,00"
C009169,urbana_premium,1,31.764705882352942,Premium,"29090,00","12605,70","500,00"
C009170,urbana_premium,1,33.91304347826087,Premium,"33350,00","25207,97","170,00"
C009171,urbana_premium,0,37.77777777777778,Premium,"18960,00","8772,47","270,00"
C009172,suburbana,0,33.86363636363637,Prepago,"26690,00","3062,22","160,00"
C009173,suburbana,0,36.53846153846154,Premium,"18170,00","12487,82","350,00"
C009174,urbana_premium,0,35.333333333333336,Premium,"65720,00","16309,20","590,00"
C009175,urbana_premium,0,37.27272727272727,Premium,"49480,00","15073,34","390,00"
C009176,suburbana,0,30.58823529411765,Premium,"41030,00","13212,03","140,00"
C009177,urbana_premium,0,37.27272727272727,Prepago,"24110,00","6092,92","500,00"
C009178,urbana_premium,0,37.1875,Premium,"51320,00","31536,33","190,00"
C009179,urbana_premium,1,35.714285714285715,Contrato,"30300,00","11444,96","430,00"
C009180,suburbana,0,31.470588235294116,Premium,"32840,00","22785,11","140,00"
C009181,suburbana,0,35.609756097560975,Contrato,"27920,00","4548,28","810,00"
C009182,suburbana,0,31.08108108108108,Prepago,"18400,00","3760,06","270,00"
C009183,rural,0,30.8,Prepago,"16150,00","3609,11","190,00"
C009184,suburbana,0,34.73684210526316,Premium,"37550,00","8623,14","160,00"
C009185,urbana_premium,0,35.833333333333336,Premium,"47680,00","14484,97","460,00"
C009186,suburbana,0,33.91304347826087,Contrato,"18440,00","7583,23","330,00"
C009187,rural,0,32.592592592592595,Prepago,"34560,00","3045,49","30,00"
C009188,rural,0,32.64705882352941,Premium,"20310,00","5536,53","340,00"
C009189,urbana_premium,0,33.714285714285715,Premium,"24440,00","16483,49","280,00"
C009190,rural,0,32.295081967213115,Prepago,"19160,00","3388,68","350,00"
C009191,urbana_premium,0,38.62068965517241,Premium,"23820,00","20011,31","800,00"
C009192,urbana_premium,0,35.925925925925924,Premium,"29690,00","22665,51","740,00"
C009193,suburbana,0,31.304347826086957,Premium,"25210,00","8050,06","350,00"
C009194,urbana_premium,0,32.857142857142854,Premium,"45850,00","24479,32","150,00"
C009195,urbana_premium,0,35.78947368421053,Premium,"50870,00","30355,67","220,00"
C009196,urbana_premium,0,35.925925925925924,Prepago,"55530,00","6318,18","380,00"
C009197,urbana_premium,0,36.05263157894737,Premium,"50400,00","14337,67","140,00"
C009198,urbana_premium,0,33.04347826086956,Premium,"19660,00","25809,35","270,00"
C009199,urbana_premium,1,35,Prepago,"23080,00","5125,76","210,00"
C009200,urbana_premium,1,37.5,Contrato,"56210,00","17998,65","160,00"
C009201,urbana_premium,0,37.36842105263158,Premium,"32510,00","12078,03","210,00"
C009202,urbana_premium,0,37.05882352941177,Premium,"36460,00","16972,37","200,00"
C009203,suburbana,0,35,Prepago,"37200,00","5079,97","450,00"
C009204,suburbana,0,33.72093023255814,Prepago,,"1673,08","450,00"
C009205,suburbana,0,33.77777777777778,Contrato,"35140,00","7320,61","820,00"
C009206,suburbana,0,34.61538461538461,Premium,,"6325,65","480,00"
C009207,suburbana,1,34.285714285714285,Prepago,"19450,00","10243,80","80,00"
C009208,suburbana,0,33.529411764705884,Prepago,"20490,00","2416,64","480,00"
C009209,urbana_premium,0,35.5,Premium,"58760,00","29464,64","560,00"
C009210,rural,0,33.170731707317074,Contrato,"31370,00","12723,38","-710,00"
C009211,urbana_premium,0,35.2,Premium,"38900,00","12293,94","290,00"
C009212,suburbana,1,38.666666666666664,Prepago,"18100,00","3281,19","310,00"
C009213,urbana_premium,0,32.27272727272727,Premium,,"15874,08","460,00"
C009214,urbana_premium,0,33.6,Premium,"40900,00","14874,09",
C009215,rural,0,35.77777777777778,Prepago,"17750,00","4132,26","550,00"
C009216,rural,1,30,Prepago,"22780,00","2539,29","-230,00"
C009217,suburbana,0,32.142857142857146,Prepago,"35600,00","5189,89","300,00"
C009218,suburbana,0,34.25,Prepago,"25510,00","2687,49","160,00"
C009219,urbana_premium,0,33.84615384615385,Prepago,"26630,00","3456,82","120,00"
C009220,urbana_premium,0,33.7037037037037,Premium,"40890,00","11668,97","360,00"
C009221,suburbana,0,35.4,Prepago,"32560,00","2072,41","80,00"
C009222,suburbana,1,34.13793103448276,Premium,"15360,00","17547,52","390,00"
C009223,suburbana,0,33.142857142857146,Premium,"29070,00","7258,03","100,00"
C009224,suburbana,0,33.125,Contrato,"22200,00","6461,91","450,00"
C009225,suburbana,0,33.77777777777778,Prepago,"35220,00","7696,72","270,00"
C009226,urbana_premium,0,34.13793103448276,Premium,"21090,00","20731,89","300,00"
C009227,suburbana,1,32.5,Premium,"19090,00","10251,00","240,00"
C009228,urbana_premium,0,34.11764705882353,Prepago,"16860,00","3763,86","490,00"
C009229,urbana_premium,0,36.2962962962963,Contrato,"44260,00","8558,09","380,00"
C009230,suburbana,1,30,Premium,"17640,00","14004,67","220,00"
C009231,suburbana,1,34.21052631578947,Premium,"18740,00","8733,78","890,00"
C009232,urbana_premium,0,37.241379310344826,Premium,"37070,00","15974,85","1110,00"
C009233,urbana_premium,0,36,Prepago,"36200,00","4708,25","580,00"
C009234,urbana_premium,0,34.78260869565217,Premium,"47830,00","24472,18","440,00"
C009235,urbana_premium,0,38.421052631578945,Premium,"49550,00","11165,82","340,00"
C009236,urbana_premium,0,35.925925925925924,Premium,"56850,00","15975,75",
C009237,rural,0,31.48148148148148,Prepago,"40850,00","4942,68","190,00"
C009238,suburbana,0,34.90196078431372,Prepago,"42940,00","3406,82","90,00"
C009239,urbana_premium,0,34.78260869565217,Premium,"43000,00","26864,43","320,00"
C009240,urbana_premium,0,34.666666666666664,Contrato,"41300,00","14054,58","330,00"
C009241,urbana_premium,1,35,Prepago,"47500,00","7517,05","200,00"
C009242,urbana_premium,0,33.63636363636363,Contrato,"18870,00","8007,72","490,00"
C009243,suburbana,0,35.172413793103445,Contrato,"28240,00","8608,56","150,00"
C009244,urbana_premium,1,38.63636363636363,Premium,"20190,00","23487,24","220,00"
C009245,suburbana,0,34.75,Premium,"23050,00","5311,29","260,00"
C009246,urbana_premium,1,33.333333333333336,Prepago,"22830,00","4614,46","80,00"
C009247,urbana_premium,0,37.69230769230769,Premium,"43860,00","34615,09","380,00"
C009248,rural,0,32.03389830508475,Contrato,"28650,00","4149,50","50,00"
C009249,suburbana,0,36.41025641025641,Premium,"45630,00","8541,35","610,00"
C009250,urbana_premium,0,36.2962962962963,Prepago,"27280,00","6914,89","100,00"
C009251,urbana_premium,1,40,Prepago,"30410,00","4267,11","180,00"
C009252,suburbana,0,33.57142857142857,Contrato,"43550,00","4501,86","720,00"
C009253,suburbana,1,31.25,Prepago,"24920,00","5914,20","40,00"
C009254,urbana_premium,1,32.5,Prepago,"29760,00","5264,75","140,00"
C009255,urbana_premium,0,34.34782608695652,Premium,"49120,00","11275,79","450,00"
C009256,rural,0,33.829787234042556,Premium,"27840,00","5215,67","340,00"
C009257,suburbana,1,35.625,Premium,"41670,00","7102,54","250,00"
C009258,urbana_premium,0,36.19047619047619,Prepago,"45320,00","5397,86","460,00"
C009259,suburbana,0,33.611111111111114,Premium,"25970,00","9119,17","400,00"
C009260,suburbana,0,37.36842105263158,Contrato,"48220,00","8628,83",
C009261,suburbana,0,33.1578947368421,Premium,"40610,00","5943,19","660,00"
C009262,urbana_premium,0,34.34782608695652,Premium,"38050,00","22283,24","140,00"
C009263,suburbana,0,32.666666666666664,Contrato,"40650,00","4403,47","330,00"
C009264,suburbana,0,35.38461538461539,Contrato,"29670,00","6242,28","140,00"
C009265,urbana_premium,0,34.61538461538461,Prepago,"27670,00","6219,64","240,00"
C009266,rural,1,30.754716981132077,Prepago,"24130,00","2110,12","260,00"
C009267,urbana_premium,0,37.30769230769231,Premium,,"33944,59","90,00"
C009268,suburbana,1,,Contrato,"42920,00","3804,00",
C009269,urbana_premium,0,39.2,Premium,"44270,00","16550,53","590,00"
C009270,urbana_premium,0,34.73684210526316,Premium,"27970,00","20068,14","380,00"
C009271,suburbana,1,37.5,Prepago,"19700,00","3220,25","330,00"
C009272,urbana_premium,0,37.142857142857146,Premium,"35140,00","11717,27","510,00"
C009273,urbana_premium,0,36.829268292682926,Premium,"30950,00","12139,75","160,00"
C009274,suburbana,0,29.677419354838708,Premium,"30000,00","7263,76","480,00"
C009275,urbana_premium,1,40,Premium,"40350,00","21866,17","420,00"
C009276,suburbana,0,34.21052631578947,Prepago,"18120,00","1897,87","140,00"
C009277,suburbana,0,32.42424242424242,Premium,"22230,00","6493,21","1150,00"
C009278,suburbana,1,34.827586206896555,Contrato,"26330,00","8140,94","30,00"
C009279,suburbana,0,36.42857142857143,Contrato,"34730,00","4464,73","200,00"
C009280,urbana_premium,0,35.38461538461539,Prepago,"45180,00","7813,47","150,00"
C009281,urbana_premium,0,38.095238095238095,Premium,"26660,00","19566,47","170,00"
C009282,suburbana,1,33.714285714285715,Contrato,"19420,00","3852,03","530,00"
C009283,urbana_premium,0,36.2962962962963,Premium,"27480,00","17514,50","560,00"
C009284,urbana_premium,0,33.04347826086956,Premium,"50580,00","32286,58","270,00"
C009285,urbana_premium,0,34.24242424242424,Prepago,"32430,00","6568,47","280,00"
C009286,suburbana,0,30.454545454545453,Premium,"30940,00","6955,62","370,00"
C009287,urbana_premium,0,38.125,Premium,"44290,00","13852,64","430,00"
C009288,suburbana,0,34.285714285714285,Premium,"45810,00","11418,17","80,00"
C009289,rural,1,23.333333333333332,Contrato,"15140,00","8796,00","440,00"
C009290,suburbana,0,31.333333333333332,Contrato,"45570,00","3812,54","640,00"
C009291,rural,0,34.48979591836735,Premium,"28420,00","9845,54","200,00"
C009292,suburbana,0,32.285714285714285,Premium,"53440,00","15493,88","670,00"
C009293,suburbana,0,32.56410256410256,Premium,"48750,00","15443,66","130,00"
C009294,suburbana,0,38.275862068965516,Contrato,"30980,00","13593,57","550,00"
C009295,urbana_premium,0,35.13513513513514,Prepago,"29460,00","5374,09","200,00"
C009296,suburbana,0,37.35294117647059,Premium,"37570,00","12315,12","410,00"
C009297,suburbana,0,35.714285714285715,Contrato,"20150,00","5154,39","70,00"
C009298,urbana_premium,0,36.388888888888886,Prepago,"41290,00","9143,03","130,00"
C009299,suburbana,1,33.829787234042556,Prepago,"22980,00","1872,03","480,00"
C009300,suburbana,0,33.46153846153846,Premium,"27400,00","16608,76","200,00"
C009301,urbana_premium,0,36.666666666666664,Contrato,"17840,00","10544,82","130,00"
C009302,rural,0,35.833333333333336,Contrato,"22540,00","4295,81","370,00"
C009303,urbana_premium,0,31.818181818181817,Premium,"39920,00","9657,08","540,00"
C009304,urbana_premium,0,33.93939393939394,Prepago,"31770,00","5168,86","40,00"
C009305,suburbana,0,30.714285714285715,Contrato,"28940,00","13479,81","50,00"
C009306,urbana_premium,0,38.75,Contrato,"26190,00","7324,00","150,00"
C009307,suburbana,0,34.41860465116279,Premium,"39160,00","27811,77","680,00"
C009308,urbana_premium,0,37.2,Premium,"38610,00","14235,91","200,00"
C009309,suburbana,0,33.7037037037037,Premium,"65250,00","6572,20","160,00"
C009310,suburbana,0,31.842105263157894,Premium,"33020,00","19006,78","540,00"
C009311,urbana_premium,0,34.11764705882353,Premium,"43760,00","13903,53","560,00"
C009312,suburbana,1,30,Premium,"25290,00","15200,82","220,00"
C009313,urbana_premium,0,33.333333333333336,Contrato,"58100,00","6792,80","330,00"
C009314,urbana_premium,0,33.91304347826087,Prepago,"32950,00","8676,66","520,00"
C009315,urbana_premium,0,32.972972972972975,Contrato,"70100,00","8750,53","130,00"
C009316,urbana_premium,0,34.285714285714285,Premium,"69390,00","17448,44","700,00"
C009317,urbana_premium,0,34.166666666666664,Contrato,"31990,00","6214,81","160,00"
C009318,suburbana,0,33.333333333333336,Premium,"27060,00","15124,86","60,00"
C009319,urbana_premium,0,33.75,Contrato,"29690,00","14310,74","340,00"
C009320,suburbana,0,34.34782608695652,Contrato,"18670,00","8671,30","840,00"
C009321,rural,0,29.72972972972973,Contrato,"25730,00","8318,46","480,00"
C009322,urbana_premium,0,37.1875,Premium,"38340,00","14948,49","220,00"
C009323,urbana_premium,0,33.142857142857146,Prepago,"48240,00","6564,45","250,00"
C009324,suburbana,1,35.714285714285715,Prepago,"29290,00","1429,50","120,00"
C009325,urbana_premium,1,40,Premium,"51940,00","19401,67","260,00"
C009326,suburbana,0,30.930232558139537,Contrato,"29310,00","8807,15","280,00"
C009327,suburbana,0,32.55813953488372,Prepago,"27840,00","4880,20","320,00"
C009328,rural,0,35.21739130434783,Premium,"23940,00","7349,46","400,00"
C009329,rural,0,35.892857142857146,Premium,"30290,00","12377,33","360,00"
C009330,urbana_premium,0,34.5,Contrato,"33630,00","9523,75","420,00"
C009331,suburbana,0,32.36842105263158,Contrato,"40970,00","7639,00","390,00"
C009332,suburbana,0,33.333333333333336,Premium,"23030,00","7401,63","1090,00"
C009333,suburbana,0,34.5,Prepago,"26710,00","3550,95","170,00"
C009334,rural,0,34.92537313432836,Contrato,"12090,00","2840,40","190,00"
C009335,rural,1,38.18181818181818,Contrato,"20600,00","8935,00","90,00"
C009336,urbana_premium,1,36.5,Premium,"25850,00","26692,80","430,00"
C009337,suburbana,0,32.04545454545455,Prepago,"36190,00","2370,66","350,00"
C009338,suburbana,0,36.92307692307692,Prepago,"35620,00","1455,61","210,00"
C009339,urbana_premium,0,36.25,Premium,"58600,00","21693,37","590,00"
C009340,suburbana,0,32.38095238095238,Premium,"53320,00","13284,69","350,00"
C009341,rural,1,35.588235294117645,Prepago,"21930,00","6227,21","420,00"
C009342,rural,1,32.05128205128205,Contrato,"17930,00","8223,00","380,00"
C009343,suburbana,0,34.24242424242424,Contrato,"35130,00","9433,06","150,00"
C009344,rural,0,33.333333333333336,Contrato,"20270,00","15603,57","100,00"
C009345,suburbana,0,35.26315789473684,Prepago,"24120,00","2267,25","230,00"
C009346,urbana_premium,1,39.411764705882355,Premium,"38050,00","19927,97","230,00"
C009347,rural,0,32.5,Prepago,"18890,00","4857,17","130,00"
C009348,urbana_premium,0,34.583333333333336,Premium,"78700,00","28422,14","660,00"
C009349,suburbana,1,35,Premium,"27180,00","8241,20","180,00"
C009350,suburbana,1,36.666666666666664,Contrato,"29490,00","5181,38","300,00"
C009351,urbana_premium,0,36.774193548387096,Premium,"50810,00","11999,50","450,00"
C009352,urbana_premium,0,37,Premium,"82380,00","13039,54","170,00"
C009353,suburbana,1,20,Contrato,"27550,00","8592,80","360,00"
C009354,rural,0,33.492063492063494,Prepago,"12060,00","2264,42","110,00"
C009355,suburbana,0,35.75,Prepago,"29020,00","3943,78","380,00"
C009356,suburbana,0,32.72727272727273,Premium,"16410,00","11458,77","270,00"
C009357,suburbana,1,29.5,Contrato,"24880,00","9008,90","40,00"
C009358,suburbana,0,35.25,Premium,"50350,00","14666,17","-250,00"
C009359,urbana_premium,0,36.206896551724135,Prepago,"28910,00","7917,12","130,00"
C009360,suburbana,0,31.724137931034484,Premium,"20670,00","4792,85","430,00"
C009361,urbana_premium,0,31,Premium,"51690,00","15570,08","320,00"
C009362,suburbana,1,35.625,Prepago,"27620,00","6198,92","230,00"
C009363,suburbana,0,30,Premium,"45530,00","13918,97","590,00"
C009364,urbana_premium,0,35.714285714285715,Prepago,"34710,00","4951,40","140,00"
C009365,urbana_premium,0,36.333333333333336,Prepago,"47970,00","5978,53","660,00"
C009366,urbana_premium,0,38.148148148148145,Premium,"22310,00","9166,00","360,00"
C009367,suburbana,0,34.285714285714285,Contrato,"21490,00","8476,54","130,00"
C009368,urbana_premium,0,39.23076923076923,Premium,,"12146,17","370,00"
C009369,urbana_premium,0,31.05263157894737,Premium,"33230,00","23822,11","490,00"
C009370,urbana_premium,0,31.73913043478261,Premium,"91760,00","16657,68","280,00"
C009371,urbana_premium,0,35.833333333333336,Premium,"54620,00","14986,43","730,00"
C009372,suburbana,0,33.142857142857146,Premium,"42140,00","5585,42","500,00"
C009373,suburbana,1,31.333333333333332,Contrato,"28080,00","8754,63","210,00"
C009374,urbana_premium,0,36.19047619047619,Prepago,"23510,00","6241,11",
C009375,urbana_premium,0,33.44827586206897,Premium,"68750,00","25145,25","290,00"
C009376,rural,1,33,Premium,"13160,00","33176,71","270,00"
C009377,suburbana,0,34.21052631578947,Premium,"24590,00","6317,71","50,00"
C009378,urbana_premium,0,33.87096774193548,Contrato,"46780,00","11177,77","690,00"
C009379,suburbana,0,31.142857142857142,Premium,"74280,00","13215,50","320,00"
C009380,urbana_premium,0,32.8,Contrato,"70390,00","11137,11","130,00"
C009381,urbana_premium,0,30.434782608695652,Contrato,"47600,00","6899,76","350,00"
C009382,suburbana,0,36.06060606060606,Prepago,"63240,00","4379,61","540,00"
C009383,urbana_premium,1,32.30769230769231,Premium,"32200,00","12797,11","190,00"
C009384,urbana_premium,0,33.54838709677419,Premium,"44820,00","15029,73","110,00"
C009385,urbana_premium,0,32.916666666666664,Premium,"63780,00","21373,89","180,00"
C009386,urbana_premium,1,35,Premium,"23430,00","10924,00","270,00"
C009387,urbana_premium,0,40,Contrato,"43660,00","7727,19","550,00"
C009388,urbana_premium,0,38.529411764705884,Premium,,"18090,71","190,00"
C009389,urbana_premium,0,35.666666666666664,Prepago,"44190,00","6116,08","120,00"
C009390,rural,0,33.888888888888886,Prepago,"16110,00","5792,50","420,00"
C009391,suburbana,0,32.38095238095238,Prepago,"34730,00","3268,63","340,00"
C009392,suburbana,0,33.2,Premium,"33050,00","7404,92","270,00"
C009393,suburbana,0,33.333333333333336,Prepago,"24590,00","9871,26","320,00"
C009394,rural,1,33.333333333333336,Prepago,"30500,00","4239,53",
C009395,rural,0,34.146341463414636,Prepago,"37250,00","6732,56","40,00"
C009396,rural,0,33.13725490196079,Contrato,"18150,00","4204,47","530,00"
C009397,urbana_premium,0,36.25,Prepago,"45520,00","6478,06","510,00"
C009398,suburbana,1,34,Premium,"48330,00","8639,40","410,00"
C009399,urbana_premium,0,35,Premium,"62460,00","25012,28","530,00"
C009400,rural,1,32.5,Premium,"21990,00","13677,20","70,00"
C009401,rural,0,33.125,Prepago,"33790,00","2456,14",
C009402,rural,1,32.622950819672134,Prepago,"21320,00","3519,23","260,00"
C009403,suburbana,1,35.833333333333336,Premium,"39690,00","11411,88","350,00"
C009404,urbana_premium,0,35.666666666666664,Contrato,"29550,00","9170,06","80,00"
C009405,suburbana,1,34.285714285714285,Prepago,"17500,00","2870,00","280,00"
C009406,rural,0,34.57627118644068,Prepago,"27970,00","2827,37","820,00"
C009407,urbana_premium,0,35,Premium,"52080,00","21076,47","640,00"
C009408,urbana_premium,0,35.6,Premium,"49010,00","14066,81","300,00"
C009409,suburbana,0,34.87179487179487,Contrato,"22390,00","7639,14","160,00"
C009410,suburbana,0,32.58064516129032,Premium,"12540,00","8901,29","290,00"
C009411,suburbana,0,33.333333333333336,Premium,"40470,00","24875,41","410,00"
C009412,suburbana,0,35.09803921568628,Prepago,,"5431,74","120,00"
C009413,urbana_premium,0,32.903225806451616,Premium,"19720,00","32591,86","670,00"
C009414,urbana_premium,0,35.76923076923077,Premium,"34400,00","27405,51","130,00"
C009415,suburbana,1,35.6,Contrato,"21480,00","7047,09","370,00"
C009416,suburbana,0,32.121212121212125,Prepago,"32490,00","1829,76","140,00"
C009417,rural,0,33.829787234042556,Premium,"37070,00","10026,28","140,00"
C009418,rural,0,33.111111111111114,Contrato,"21400,00","3756,97","360,00"
C009419,suburbana,0,36.07142857142857,Contrato,"24970,00","4195,05","540,00"
C009420,suburbana,0,31.21212121212121,Premium,"34180,00","16480,60","130,00"
C009421,rural,1,34.5,Premium,"11040,00","8103,97","430,00"
C009422,suburbana,0,34.193548387096776,Premium,"39970,00","18340,58","450,00"
C009423,urbana_premium,0,38.75,Premium,"55430,00","12803,19","190,00"
C009424,rural,0,31.607142857142858,Premium,"23250,00","25931,26","380,00"
C009425,urbana_premium,0,36.55172413793103,Premium,"32820,00","18881,35","1150,00"
C009426,urbana_premium,0,37.407407407407405,Premium,"34680,00","12935,66","400,00"
C009427,urbana_premium,1,,Prepago,"34730,00","5439,50","420,00"
C009428,suburbana,0,37.04545454545455,Prepago,"29220,00","2552,29","200,00"
C009429,suburbana,0,34.523809523809526,Prepago,"17260,00","3504,34","370,00"
C009430,urbana_premium,1,32.5,Contrato,"44240,00","18695,60","110,00"
C009431,urbana_premium,0,33.333333333333336,Prepago,"33660,00","4328,57","420,00"
C009432,rural,0,32.833333333333336,Prepago,"23380,00","2037,80","1130,00"
C009433,urbana_premium,0,34.666666666666664,Premium,"31270,00","24663,83","280,00"
C009434,suburbana,0,33.47826086956522,Premium,"34060,00","13112,78","130,00"
C009435,urbana_premium,0,35,Contrato,"60950,00","8574,47","480,00"
C009436,suburbana,0,35.45454545454545,Premium,"32070,00","31045,19","160,00"
C009437,urbana_premium,0,35.76923076923077,Contrato,"21580,00","15449,00","150,00"
C009438,urbana_premium,0,35.38461538461539,Premium,"38330,00","13182,68","310,00"
C009439,urbana_premium,0,32.5,Prepago,"41190,00","3708,57","440,00"
C009440,urbana_premium,1,37.5,Premium,"37550,00","16803,14","240,00"
C009441,urbana_premium,0,34.13793103448276,Contrato,"29280,00","8681,86","200,00"
C009442,urbana_premium,0,37.27272727272727,Premium,"37670,00","14358,60","200,00"
C009443,suburbana,0,33.54838709677419,Contrato,"40020,00","4141,44","310,00"
C009444,urbana_premium,0,40,Premium,"34510,00","22873,23","210,00"
C009445,suburbana,0,34.8780487804878,Premium,"48320,00","14296,89","450,00"
C009446,urbana_premium,0,38.26086956521739,Premium,"30480,00","13641,81","500,00"
C009447,suburbana,0,35.853658536585364,Contrato,"20780,00","7267,71","220,00"
C009448,suburbana,1,28.666666666666668,Prepago,"27490,00","8500,27","120,00"
C009449,urbana_premium,0,38.064516129032256,Contrato,"18790,00","10671,03","440,00"
C009450,suburbana,0,33.5,Prepago,"29720,00","1938,68","270,00"
C009451,urbana_premium,0,39.04761904761905,Prepago,"34080,00","4919,75","150,00"
C009452,urbana_premium,0,35.925925925925924,Premium,"48680,00","15626,86","280,00"
C009453,urbana_premium,0,35.15151515151515,Premium,"21040,00","25873,11","260,00"
C009454,rural,0,35.75,Prepago,"30350,00","3329,57","110,00"
C009455,suburbana,0,35.55555555555556,Prepago,"31460,00","2276,69","90,00"
C009456,urbana_premium,0,36.8,Premium,"66660,00","15284,86","480,00"
C009457,rural,0,31.296296296296298,Premium,"21880,00","5533,94","470,00"
C009458,urbana_premium,0,37.82608695652174,Contrato,"43130,00","7856,06","210,00"
C009459,urbana_premium,0,35,Premium,"47790,00","18928,09","450,00"
C009460,suburbana,0,35.609756097560975,Contrato,"14630,00","6147,83","170,00"
C009461,urbana_premium,0,35.78947368421053,Premium,"56470,00","14293,06","300,00"
C009462,suburbana,0,34.86486486486486,Premium,"28490,00","13052,60","400,00"
C009463,urbana_premium,1,36.470588235294116,Prepago,"24530,00","7154,89","100,00"
C009464,urbana_premium,0,36.42857142857143,Premium,"37280,00","25557,88",
C009465,suburbana,0,35,Contrato,"44910,00","12550,61","220,00"
C009466,urbana_premium,0,37.5,Contrato,"33950,00","12298,40","310,00"
C009467,rural,1,,Contrato,"24080,00","18051,00","90,00"
C009468,suburbana,0,35.4054054054054,Premium,"14800,00","7749,00","290,00"
C009469,suburbana,0,35.8,Prepago,"22100,00","2610,60","570,00"
C009470,urbana_premium,0,35.833333333333336,Premium,"49040,00","13929,43","620,00"
C009471,rural,0,32.142857142857146,Premium,"33630,00","27483,24","440,00"
C009472,suburbana,0,33.87096774193548,Premium,"32090,00","14134,92","720,00"
C009473,suburbana,0,35.75757575757576,Premium,"36570,00","16470,38","390,00"
C009474,suburbana,0,32.75,Prepago,"25910,00","1835,68","100,00"
C009475,rural,0,34.339622641509436,Premium,"23380,00","16730,92","-400,00"
C009476,suburbana,0,36.8421052631579,Premium,"20570,00","31074,15","60,00"
C009477,suburbana,0,36.666666666666664,Premium,"25110,00","6905,03","100,00"
C009478,urbana_premium,0,36.42857142857143,Contrato,"37900,00","8968,89","780,00"
C009479,suburbana,0,34.56521739130435,Prepago,"17250,00","4829,24",
C009480,rural,0,31.31578947368421,Premium,"53670,00","13442,00","420,00"
C009481,urbana_premium,0,35.666666666666664,Premium,"29910,00","13970,26","320,00"
C009482,suburbana,0,35,Prepago,"32090,00","4203,81","90,00"
C009483,suburbana,0,36.829268292682926,Prepago,"19240,00","8690,14","140,00"
C009484,suburbana,0,32,Prepago,"10350,00","1995,94","360,00"
C009485,rural,0,31.764705882352942,Premium,"42270,00","5751,31","150,00"
C009486,urbana_premium,0,33.84615384615385,Premium,"39040,00","13939,14","150,00"
C009487,suburbana,1,35,Prepago,"13930,00","2624,21","460,00"
C009488,urbana_premium,1,39.333333333333336,Premium,"26730,00","12739,22","250,00"
C009489,urbana_premium,0,33.75,Premium,"78950,00","22214,14","80,00"
C009490,urbana_premium,0,36.5,Contrato,"45310,00","13624,06","80,00"
C009491,suburbana,1,36.52173913043478,Prepago,"12080,00","4037,43","60,00"
C009492,urbana_premium,0,39.04761904761905,Premium,"32000,00","10889,31","210,00"
C009493,urbana_premium,1,38.333333333333336,Prepago,"35900,00","4937,29","170,00"
C009494,urbana_premium,0,33.18181818181818,Premium,"46000,00","25102,00","190,00"
C009495,suburbana,1,33.46153846153846,Prepago,"29720,00","2255,14","80,00"
C009496,urbana_premium,0,32.916666666666664,Contrato,"20860,00","7732,03","1040,00"
C009497,suburbana,0,34.883720930232556,Prepago,"23880,00","2632,89","90,00"
C009498,urbana_premium,0,36.666666666666664,Premium,"27860,00","20099,94","410,00"
C009499,suburbana,0,34.473684210526315,Prepago,"38740,00","2123,43","440,00"
C009500,rural,0,31.92982456140351,Contrato,"19200,00","4118,50","140,00"
C009501,suburbana,1,26.25,Premium,"24550,00","9674,40","280,00"
C009502,suburbana,0,34.44444444444444,Premium,"27210,00","10646,58","620,00"
C009503,suburbana,1,33.333333333333336,Contrato,"22050,00","5561,00","120,00"
C009504,rural,0,33.07692307692308,Prepago,"39360,00","4048,31","130,00"
C009505,urbana_premium,0,35.333333333333336,Premium,"56700,00","33482,72","270,00"
C009506,suburbana,0,35.13513513513514,Contrato,"44880,00","19882,78",
C009507,urbana_premium,0,35.55555555555556,Contrato,"24860,00","8843,86","420,00"
C009508,rural,1,20,Premium,"26260,00","26912,33","420,00"
C009509,rural,0,32.25352112676056,Prepago,"30590,00","2480,11","230,00"
C009510,suburbana,0,36.666666666666664,Contrato,"20810,00","14614,92","480,00"
C009511,urbana_premium,0,34.375,Contrato,"25380,00","13274,54","70,00"
C009512,suburbana,0,35.13513513513514,Prepago,"21070,00","5422,12","180,00"
C009513,urbana_premium,0,32.758620689655174,Premium,"22950,00","21524,77","270,00"
C009514,urbana_premium,0,37.27272727272727,Premium,"55230,00","17259,59","340,00"
C009515,urbana_premium,0,37.857142857142854,Premium,"53450,00","22556,54","950,00"
C009516,urbana_premium,1,20,Premium,"34180,00","10603,67","350,00"
C009517,urbana_premium,0,36,Premium,"37430,00","15007,32","650,00"
C009518,rural,0,33.75,Contrato,"18290,00","11598,74","260,00"
C009519,urbana_premium,0,34.11764705882353,Premium,"86040,00","32183,53","120,00"
C009520,urbana_premium,0,36.486486486486484,Prepago,"32860,00","11720,00","480,00"
C009521,urbana_premium,0,37.6,Prepago,"31810,00","3464,50","400,00"
C009522,suburbana,1,31.428571428571427,Premium,"28500,00","9637,54","420,00"
C009523,suburbana,1,37.142857142857146,Contrato,"18810,00","3719,13","410,00"
C009524,urbana_premium,0,34.23076923076923,Premium,"42030,00","17662,32","280,00"
C009525,suburbana,0,34.6875,Premium,"49100,00","15065,43","480,00"
C009526,urbana_premium,0,38.62068965517241,Premium,"36010,00","21516,12","270,00"
C009527,urbana_premium,0,33.91304347826087,Premium,"50660,00","33916,60","250,00"
C009528,suburbana,0,35.68181818181818,Prepago,"15010,00","2050,30","60,00"
C009529,urbana_premium,0,37.64705882352941,Prepago,"27420,00","5469,92","380,00"
C009530,urbana_premium,0,35,Premium,"39600,00","20984,68","460,00"
C009531,suburbana,1,34.5,Prepago,"15610,00","5282,43","470,00"
C009532,suburbana,0,32.95454545454545,Prepago,"33440,00","2448,72","120,00"
C009533,urbana_premium,0,31.923076923076923,Premium,"34360,00","16415,55","330,00"
C009534,urbana_premium,0,37.5,Premium,"42460,00","21614,31","850,00"
C009535,urbana_premium,0,35,Premium,"35280,00","16875,94","590,00"
C009536,suburbana,0,35.45454545454545,Premium,"28140,00","16971,26","330,00"
C009537,suburbana,0,36.111111111111114,Prepago,"11980,00","2410,44","50,00"
C009538,urbana_premium,0,34.61538461538461,Premium,"26120,00","21203,22","560,00"
C009539,suburbana,0,33.84615384615385,Prepago,"35600,00","2378,19","320,00"
C009540,suburbana,0,34.35897435897436,Premium,"18160,00","8581,36","530,00"
C009541,suburbana,0,33.92857142857143,Prepago,"21140,00","3958,97","160,00"
C009542,urbana_premium,0,35.18518518518518,Premium,"32850,00","18369,20","190,00"
C009543,suburbana,1,33.1578947368421,Prepago,"26420,00","2988,38","680,00"
C009544,suburbana,0,33.92857142857143,Premium,"38300,00","6895,56","510,00"
C009545,urbana_premium,0,37.083333333333336,Premium,"41480,00","25311,63","340,00"
C009546,urbana_premium,0,36.25,Contrato,"30370,00","13953,60","280,00"
C009547,suburbana,0,33.513513513513516,Premium,"16360,00","5070,06","570,00"
C009548,suburbana,0,36.111111111111114,Contrato,"86900,00","4011,72",
C009549,suburbana,1,38.37837837837838,Prepago,"30210,00","7619,79","280,00"
C009550,urbana_premium,0,35.23809523809524,Premium,"52700,00","12014,58","290,00"
C009551,urbana_premium,0,32.58064516129032,Contrato,"16620,00","12319,61","130,00"
C009552,urbana_premium,1,36,Premium,"33610,00","8793,85","160,00"
C009553,suburbana,0,35.55555555555556,Contrato,"25830,00","7154,78","90,00"
C009554,suburbana,0,35.38461538461539,Premium,"25340,00","12612,26","710,00"
C009555,urbana_premium,0,40,Premium,"50260,00","35373,97","280,00"
C009556,suburbana,1,36.25,Prepago,"27170,00","2480,00","60,00"
C009557,rural,0,31.52542372881356,Prepago,"19980,00","2432,82","250,00"
C009558,suburbana,0,38.333333333333336,Prepago,"29670,00","4244,65","320,00"
C009559,suburbana,0,35,Premium,"30070,00","9151,47","190,00"
C009560,suburbana,0,35.526315789473685,Premium,"19510,00","7041,81","730,00"
C009561,suburbana,0,34.642857142857146,Premium,"42150,00","13520,71","150,00"
C009562,urbana_premium,0,36.52173913043478,Premium,"31260,00","29839,82","150,00"
C009563,rural,1,30.555555555555557,Prepago,"22390,00","2602,70",
C009564,suburbana,0,33.57142857142857,Premium,"50340,00","18288,15","750,00"
C009565,suburbana,1,35,Premium,"82430,00","11907,10","470,00"
C009566,suburbana,0,36.1764705882353,Contrato,"35120,00","17550,26","90,00"
C009567,urbana_premium,1,34.44444444444444,Prepago,"20810,00","8741,83","190,00"
C009568,urbana_premium,0,31.904761904761905,Contrato,"34620,00","10586,79","480,00"
C009569,suburbana,0,35.51724137931034,Contrato,"54340,00","11424,54","400,00"
C009570,suburbana,0,34.56521739130435,Prepago,"27500,00","2281,86","210,00"
C009571,urbana_premium,0,35.21739130434783,Premium,"51230,00","18309,46","470,00"
C009572,suburbana,1,35.416666666666664,Prepago,"39700,00","2365,18","60,00"
C009573,suburbana,0,32.6,Prepago,"23300,00","4694,68","230,00"
C009574,rural,0,32.19512195121951,Prepago,"45030,00","2724,30","660,00"
C009575,rural,0,35.25423728813559,Contrato,"26980,00","3335,95","210,00"
C009576,suburbana,0,34,Prepago,"29530,00","3736,86","240,00"
C009577,urbana_premium,0,35.45454545454545,Premium,"36150,00","16228,89","580,00"
C009578,suburbana,0,32.58064516129032,Premium,"19780,00","12297,49","330,00"
C009579,urbana_premium,1,40,Contrato,"29040,00","12970,50","130,00"
C009580,suburbana,0,34.63414634146341,Contrato,"20840,00","5032,89","40,00"
C009581,rural,0,33.62068965517241,Premium,,"12046,27","1200,00"
C009582,suburbana,0,32.093023255813954,Contrato,"42850,00","6967,65","710,00"
C009583,urbana_premium,0,34,Premium,"26880,00","15196,95","650,00"
C009584,urbana_premium,1,32.857142857142854,Premium,"72970,00","13953,40","160,00"
C009585,urbana_premium,0,35.294117647058826,Prepago,,"9983,23","790,00"
C009586,suburbana,0,36.8421052631579,Prepago,"23800,00","2242,03","660,00"
C009587,suburbana,1,35.806451612903224,Prepago,"35900,00","3624,43","100,00"
C009588,suburbana,0,32.58064516129032,Premium,"23480,00","19614,54","760,00"
C009589,urbana_premium,0,35.51724137931034,Premium,"54800,00","14822,00","140,00"
C009590,urbana_premium,0,30.952380952380953,Contrato,"45470,00","8002,54","150,00"
C009591,rural,0,30,Contrato,"20020,00","8306,94","980,00"
C009592,suburbana,0,32.8,Contrato,"19330,00","3004,80","190,00"
C009593,urbana_premium,0,35.26315789473684,Premium,"37420,00","32515,30","500,00"
C009594,suburbana,1,33.333333333333336,Contrato,"35410,00","14887,27","130,00"
C009595,urbana_premium,0,38.63636363636363,Premium,"60340,00","19461,36","300,00"
C009596,urbana_premium,0,35.333333333333336,Premium,"47700,00","31419,40","70,00"
C009597,urbana_premium,0,36.19047619047619,Premium,"52930,00","17098,59","500,00"
C009598,suburbana,0,35.68181818181818,Prepago,"22910,00","2948,63","320,00"
C009599,rural,0,33.134328358208954,Prepago,"11620,00","5615,97","170,00"
C009600,suburbana,0,37.027027027027025,Prepago,"16490,00","5120,12","410,00"
C009601,suburbana,0,30.344827586206897,Premium,"26920,00","5761,41","220,00"
C009602,rural,0,33.27272727272727,Prepago,"17710,00","5248,71","270,00"
C009603,suburbana,0,34.285714285714285,Premium,"28550,00","5870,64","230,00"
C009604,suburbana,0,35,Contrato,"38540,00","8255,83","300,00"
C009605,rural,0,32.549019607843135,Premium,"28920,00","7490,69","300,00"
C009606,urbana_premium,0,37.64705882352941,Premium,"16840,00","19484,72","310,00"
C009607,urbana_premium,0,39.375,Premium,"94420,00","40692,00","110,00"
C009608,suburbana,0,32.58064516129032,Prepago,"34190,00","2044,22","250,00"
C009609,suburbana,0,35,Premium,"32990,00","6989,78","330,00"
C009610,rural,0,31.50943396226415,Contrato,"22040,00","7872,39","790,00"
C009611,urbana_premium,1,32.35294117647059,Premium,"34710,00","23070,06","150,00"
C009612,suburbana,0,33.1578947368421,Contrato,"43810,00","8439,78","360,00"
C009613,suburbana,1,35,Prepago,"21200,00","2909,07","720,00"
C009614,urbana_premium,0,34.285714285714285,Premium,"42610,00","12751,51","260,00"
C009615,rural,0,34.509803921568626,Premium,"39470,00","7182,37","1130,00"
C009616,suburbana,0,35.65217391304348,Premium,"31860,00","7522,63","140,00"
C009617,rural,1,28,Prepago,"27780,00","1535,33","190,00"
C009618,suburbana,1,33.63636363636363,Contrato,,"4973,00","240,00"
C009619,urbana_premium,0,35.6,Premium,"51120,00","11416,06","360,00"
C009620,rural,0,34.54545454545455,Prepago,"26420,00","2010,97","190,00"
C009621,urbana_premium,0,31.666666666666668,Prepago,"36960,00","4944,79","300,00"
C009622,rural,0,32.36363636363637,Prepago,"29890,00","1911,22","200,00"
C009623,urbana_premium,0,34.827586206896555,Contrato,"25650,00","13042,28","120,00"
C009624,rural,0,33.48837209302326,Premium,"43610,00","12148,97","830,00"
C009625,urbana_premium,0,35,Prepago,"105330,00","3744,86","290,00"
C009626,suburbana,0,35.4054054054054,Contrato,"24150,00","9451,64","100,00"
C009627,urbana_premium,0,37.333333333333336,Premium,"57760,00","16690,43","160,00"
C009628,rural,1,30,Contrato,"22080,00","3032,46","180,00"
C009629,urbana_premium,0,36.81818181818182,Premium,"24880,00","14948,57","290,00"
C009630,rural,0,33.225806451612904,Prepago,"36560,00","4821,97","530,00"
C009631,urbana_premium,1,35.38461538461539,Premium,"34660,00","14105,71","130,00"
C009632,urbana_premium,0,35.925925925925924,Premium,"47420,00","15974,20","340,00"
C009633,urbana_premium,0,36.4,Premium,"74700,00","24424,37","390,00"
C009634,suburbana,1,37.142857142857146,Premium,"35860,00","9070,46","130,00"
C009635,suburbana,1,33.714285714285715,Premium,"32070,00","21363,95","120,00"
C009636,suburbana,0,35.58139534883721,Premium,"21300,00","8412,72","440,00"
C009637,urbana_premium,0,32.22222222222222,Premium,"27390,00","11847,89","230,00"
C009638,urbana_premium,0,37.05882352941177,Premium,"36490,00","27721,33","400,00"
C009639,rural,1,34,Prepago,"20330,00","2458,35","160,00"
C009640,urbana_premium,0,34.81481481481482,Premium,"48560,00","18115,92","180,00"
C009641,rural,0,33.75,Premium,"15860,00","7476,53","670,00"
C009642,urbana_premium,1,35.333333333333336,Prepago,"29180,00","5158,17","560,00"
C009643,urbana_premium,1,33.333333333333336,Contrato,"36300,00","14278,21","420,00"
C009644,suburbana,0,35.13513513513514,Contrato,"30830,00","4701,83","140,00"
C009645,suburbana,0,35.42857142857143,Premium,"30430,00","8101,86","340,00"
C009646,urbana_premium,0,35.2,Premium,"35750,00","17721,80","260,00"
C009647,suburbana,0,34.642857142857146,Contrato,"22650,00","11191,36","570,00"
C009648,urbana_premium,0,35.90909090909091,Prepago,"46880,00","5311,76","1200,00"
C009649,rural,0,36.857142857142854,Premium,"35120,00","12198,47","540,00"
C009650,suburbana,0,34.4,Contrato,"33230,00","8522,92","370,00"
C009651,suburbana,0,35.22727272727273,Prepago,"24330,00","2176,97","600,00"
C009652,urbana_premium,0,33.57142857142857,Premium,"19580,00","21716,23","290,00"
C009653,urbana_premium,0,35,Contrato,"68430,00","10425,18","710,00"
C009654,suburbana,1,34.34782608695652,Contrato,"28040,00","3828,23","270,00"
C009655,suburbana,0,36.904761904761905,Premium,"47350,00","6238,03",
C009656,urbana_premium,0,36.81818181818182,Premium,"68000,00","42059,53",
C009657,suburbana,0,37.02127659574468,Prepago,"39490,00","2123,38","370,00"
C009658,suburbana,0,35.25,Premium,"41640,00","5736,91","890,00"
C009659,urbana_premium,0,35.26315789473684,Prepago,"51990,00","4794,89","260,00"
C009660,suburbana,1,35,Premium,"27590,00","16588,20","190,00"
C009661,rural,1,32.5,Prepago,"15530,00","2812,33","190,00"
C009662,urbana_premium,0,35.4054054054054,Prepago,"50610,00","4340,94","90,00"
C009663,urbana_premium,0,34.0625,Contrato,"22410,00","10677,34","570,00"
C009664,suburbana,0,34.651162790697676,Prepago,"25980,00","6497,08","230,00"
C009665,suburbana,0,35.609756097560975,Prepago,"23830,00","1985,47","490,00"
C009666,rural,0,34.40677966101695,Premium,"28370,00","8584,62","480,00"
C009667,urbana_premium,1,42.5,Contrato,,"7644,25","180,00"
C009668,suburbana,0,35.609756097560975,Contrato,"23810,00","4125,43","290,00"
C009669,urbana_premium,0,35.142857142857146,Prepago,"33030,00","4723,76","120,00"
C009670,urbana_premium,0,37.5,Premium,"75960,00","22262,03","380,00"
C009671,urbana_premium,0,34.285714285714285,Premium,"29090,00","14909,51","550,00"
C009672,urbana_premium,0,35.714285714285715,Premium,"35900,00","22176,00","140,00"
C009673,urbana_premium,0,34.78260869565217,Premium,"46870,00","12729,50","570,00"
C009674,suburbana,1,35.5,Contrato,"30550,00","9095,11","210,00"
C009675,rural,0,30.925925925925927,Prepago,"28730,00","4433,58","580,00"
C009676,urbana_premium,0,38.69565217391305,Contrato,"56220,00","7289,86","160,00"
C009677,urbana_premium,0,33.333333333333336,Premium,"63340,00","24603,74","210,00"
C009678,suburbana,0,35.4054054054054,Contrato,"30280,00","5413,42","160,00"
C009679,rural,0,32.67857142857143,Premium,,"30497,23","170,00"
C009680,rural,0,34.791666666666664,Premium,"24990,00","12482,06","180,00"
C009681,urbana_premium,0,34,Premium,"27980,00","29431,69","240,00"
C009682,suburbana,1,35.26315789473684,Prepago,"31920,00","2600,69",
C009683,urbana_premium,0,31.176470588235293,Premium,"21500,00","18610,06",
C009684,urbana_premium,0,36.31578947368421,Premium,"43640,00","13751,78","130,00"
C009685,urbana_premium,0,38.648648648648646,Premium,"18150,00","16002,68","270,00"
C009686,rural,1,35,Prepago,"16420,00","3157,00","140,00"
C009687,suburbana,0,36.09756097560975,Prepago,"40210,00","4075,43",
C009688,suburbana,0,36.58536585365854,Prepago,"35080,00","5893,97","650,00"
C009689,suburbana,1,34.83870967741935,Contrato,"29630,00","4864,66","80,00"
C009690,urbana_premium,0,33.095238095238095,Prepago,"32690,00","6162,54","250,00"
C009691,suburbana,0,31.28205128205128,Prepago,"22030,00","2258,75","670,00"
C009692,rural,0,30.21276595744681,Contrato,"19010,00","15848,84","280,00"
C009693,rural,0,34.285714285714285,Contrato,"29510,00","8548,82","260,00"
C009694,rural,0,32.89473684210526,Premium,"21240,00","6311,44","600,00"
C009695,suburbana,1,36.666666666666664,Prepago,"14370,00","3062,71","120,00"
C009696,suburbana,0,36.36363636363637,Premium,"19370,00","16325,15","690,00"
C009697,urbana_premium,0,35.51724137931034,Prepago,"28810,00","6044,09",
C009698,suburbana,0,30.555555555555557,Contrato,"27180,00","13623,28","180,00"
C009699,urbana_premium,1,33.333333333333336,Premium,"34540,00","18338,60","240,00"
C009700,rural,0,32.98245614035088,Premium,"16040,00","14251,44","240,00"
C009701,suburbana,0,35.81395348837209,Premium,"36970,00","7947,94",
C009702,urbana_premium,0,38.63636363636363,Premium,"19140,00","17050,57","90,00"
C009703,suburbana,0,34.705882352941174,Premium,"22960,00","6890,53","170,00"
C009704,urbana_premium,0,35.76923076923077,Premium,"50370,00","23931,43","460,00"
C009705,suburbana,0,36,Premium,"36010,00","23185,55","590,00"
C009706,urbana_premium,0,35.6,Premium,"34820,00","12913,38","480,00"
C009707,urbana_premium,0,35.90909090909091,Premium,"53160,00","19431,94","270,00"
C009708,urbana_premium,0,33.63636363636363,Premium,"41930,00","13769,22","480,00"
C009709,urbana_premium,0,34.13793103448276,Premium,"39230,00","20195,89","140,00"
C009710,rural,0,33.72549019607843,Prepago,"28650,00","5254,36","540,00"
C009711,urbana_premium,0,36.07142857142857,Premium,"44130,00","29435,64","570,00"
C009712,rural,0,32.325581395348834,Contrato,"37000,00","8565,60","180,00"
C009713,suburbana,0,37.5609756097561,Prepago,"27070,00","2802,91","340,00"
C009714,urbana_premium,0,37.083333333333336,Premium,"35160,00","27745,06","110,00"
C009715,rural,1,27.5,Premium,"24870,00","12592,20","610,00"
C009716,urbana_premium,0,36.36363636363637,Premium,"38560,00","10155,58","180,00"
C009717,urbana_premium,1,40.76923076923077,Contrato,,"13324,00","250,00"
C009718,suburbana,0,35.38461538461539,Prepago,"35820,00","5080,00","240,00"
C009719,suburbana,0,31.428571428571427,Premium,"23140,00","7336,72","690,00"
C009720,rural,1,28.333333333333332,Prepago,"13780,00","4213,22","170,00"
C009721,rural,0,31.06382978723404,Premium,"40230,00","13630,57","190,00"
C009722,suburbana,0,34.516129032258064,Premium,"26140,00","11206,06","600,00"
C009723,urbana_premium,0,38.214285714285715,Premium,"42970,00","24689,65","290,00"
C009724,suburbana,0,35,Contrato,"29620,00","8328,63","630,00"
C009725,urbana_premium,0,34.166666666666664,Prepago,"50760,00","5201,81","280,00"
C009726,urbana_premium,0,37.36842105263158,Contrato,,"8944,85","220,00"
C009727,urbana_premium,0,37.22222222222222,Premium,"39900,00","13420,00","460,00"
C009728,urbana_premium,0,33.04347826086956,Premium,"31620,00","13536,00","630,00"
C009729,urbana_premium,0,36.4,Premium,"101330,00","11985,00","440,00"
C009730,urbana_premium,0,36.8,Prepago,"29410,00","5101,22","430,00"
C009731,urbana_premium,1,27.5,Premium,"46570,00","16090,29","320,00"
C009732,suburbana,0,31.86046511627907,Contrato,"80700,00","9168,03","240,00"
C009733,suburbana,1,35,Premium,"43790,00","6646,27","150,00"
C009734,urbana_premium,0,33.47826086956522,Premium,,"12019,26","150,00"
C009735,suburbana,0,34.41860465116279,Prepago,"31600,00","9409,09","310,00"
C009736,urbana_premium,0,37.142857142857146,Premium,"28800,00","14832,47","790,00"
C009737,suburbana,1,33.333333333333336,Prepago,"53670,00","3277,40","300,00"
C009738,urbana_premium,0,36.666666666666664,Premium,"35370,00","24344,89","210,00"
C009739,suburbana,0,34.72222222222222,Prepago,"29050,00","2141,28","290,00"
C009740,rural,1,31.85185185185185,Prepago,"17070,00","4690,91","350,00"
C009741,urbana_premium,0,40.32258064516129,Prepago,"34310,00","3293,91","280,00"
C009742,suburbana,0,32.285714285714285,Premium,"30500,00","6315,08","240,00"
C009743,urbana_premium,0,38.4375,Premium,"56040,00","31757,11","250,00"
C009744,suburbana,0,32.972972972972975,Premium,"32720,00","8197,86","510,00"
C009745,urbana_premium,0,35.625,Premium,"56150,00","12510,23","120,00"
C009746,urbana_premium,0,37.5,Prepago,"17200,00","5418,89","70,00"
C009747,rural,0,36.734693877551024,Contrato,"37900,00","11088,64","70,00"
C009748,urbana_premium,0,42.22222222222222,Premium,"23930,00","17193,56","540,00"
C009749,suburbana,0,34.22222222222222,Contrato,"39020,00","15429,89",
C009750,urbana_premium,1,39.09090909090909,Prepago,"12900,00","7980,61","130,00"
C009751,urbana_premium,1,34,Premium,"39170,00","29533,00","320,00"
C009752,urbana_premium,0,37.42857142857143,Contrato,"53330,00","8625,44","70,00"
C009753,suburbana,0,36.04651162790697,Prepago,,"5450,97","300,00"
C009754,suburbana,0,33.541666666666664,Prepago,"30190,00","2837,89","1090,00"
C009755,urbana_premium,0,35.55555555555556,Contrato,"52930,00","18658,06","120,00"
C009756,suburbana,0,33.958333333333336,Premium,"38550,00","13483,44","430,00"
C009757,urbana_premium,0,34.193548387096776,Premium,"22170,00","25587,15","840,00"
C009758,suburbana,0,34,Contrato,"42290,00","7154,88","500,00"
C009759,suburbana,0,35.925925925925924,Premium,,"7019,12","300,00"
C009760,urbana_premium,0,32.857142857142854,Premium,"58560,00","14681,09","150,00"
C009761,urbana_premium,0,32.666666666666664,Contrato,"24880,00","8698,68","830,00"
C009762,suburbana,0,34.074074074074076,Prepago,"20390,00","7653,78","360,00"
C009763,rural,0,32.41379310344828,Prepago,"23840,00","2601,92","60,00"
C009764,urbana_premium,0,34.583333333333336,Premium,"46980,00","29404,14","500,00"
C009765,suburbana,0,34.0625,Prepago,"40430,00","4111,20","110,00"
C009766,suburbana,0,36.76470588235294,Prepago,"22590,00","6828,18","510,00"
C009767,urbana_premium,0,36.89655172413793,Premium,"37290,00","27606,40","180,00"
C009768,suburbana,0,32.5531914893617,Premium,"22390,00","19352,33","460,00"
C009769,suburbana,0,38.23529411764706,Contrato,"20960,00","15935,68","320,00"
C009770,suburbana,0,31.428571428571427,Premium,"34370,00","16005,43","160,00"
C009771,suburbana,0,31.944444444444443,Prepago,,"3479,03",
C009772,rural,1,35.55555555555556,Premium,"27230,00","6954,40","880,00"
C009773,rural,1,31.428571428571427,Premium,"19010,00","7236,75","430,00"
C009774,suburbana,0,35.714285714285715,Premium,"37680,00","6460,36","250,00"
C009775,urbana_premium,1,34.44444444444444,Premium,"25800,00","17258,80","60,00"
C009776,urbana_premium,0,38,Premium,"32640,00","12845,05","270,00"
C009777,urbana_premium,1,35.416666666666664,Prepago,"25980,00","9597,85","390,00"
C009778,rural,1,38,Contrato,"25650,00","2796,00","100,00"
C009779,suburbana,0,36.19047619047619,Premium,"56220,00","13953,97","160,00"
C009780,urbana_premium,1,35.45454545454545,Premium,"43550,00","13612,00","440,00"
C009781,urbana_premium,0,34.705882352941174,Contrato,"36940,00","14376,16","790,00"
C009782,urbana_premium,0,39.04761904761905,Premium,"35720,00","15788,65","150,00"
C009783,rural,1,27,Contrato,"18950,00","8314,00","190,00"
C009784,rural,1,34.09090909090909,Contrato,"34180,00","8091,34","450,00"
C009785,urbana_premium,0,37.142857142857146,Premium,"44210,00","9735,91","530,00"
C009786,suburbana,0,33.78378378378378,Prepago,"16590,00","4167,45","-230,00"
C009787,rural,1,31.19047619047619,Premium,"33980,00","7235,11","630,00"
C009788,suburbana,0,34.8780487804878,Prepago,"21980,00","5322,79","380,00"
C009789,rural,1,31.19047619047619,Contrato,"18450,00","8644,95","130,00"
C009790,urbana_premium,0,34.73684210526316,Premium,"44060,00","25893,97","370,00"
C009791,urbana_premium,1,45,Contrato,"31050,00","8476,75",
C009792,urbana_premium,0,35.416666666666664,Premium,"83920,00","28643,03","540,00"
C009793,suburbana,1,31.5,Premium,,"13759,35","200,00"
C009794,suburbana,1,35,Prepago,"37200,00","6142,46","100,00"
C009795,rural,0,32,Prepago,"13520,00","2340,45","360,00"
C009796,rural,1,36.75,Contrato,"18710,00","6224,53","360,00"
C009797,suburbana,0,33.23529411764706,Contrato,"28470,00","4983,47",
C009798,urbana_premium,1,31,Premium,"54260,00","37498,11","310,00"
C009799,rural,0,31.333333333333332,Prepago,"15930,00","3259,81","220,00"
C009800,rural,0,32.407407407407405,Contrato,"35330,00","18469,97","180,00"
C009801,suburbana,0,37.567567567567565,Prepago,"31170,00","2362,54","510,00"
C009802,urbana_premium,0,37.30769230769231,Premium,"42920,00","14318,25","270,00"
C009803,suburbana,1,34.642857142857146,Prepago,"22960,00","6573,00","190,00"
C009804,rural,1,30,Prepago,"16560,00","2854,33","210,00"
C009805,urbana_premium,0,32.592592592592595,Premium,"17860,00","12407,84","400,00"
C009806,urbana_premium,0,37.82608695652174,Contrato,"42510,00","10870,47","460,00"
C009807,suburbana,0,34.54545454545455,Premium,"37130,00","8403,09","780,00"
C009808,rural,1,33.26923076923077,Prepago,"20450,00","6489,14","540,00"
C009809,suburbana,1,28.88888888888889,Prepago,"17130,00","2649,30","80,00"
C009810,urbana_premium,1,37.857142857142854,Premium,"31510,00","20514,37","440,00"
C009811,suburbana,0,33.75,Contrato,"33970,00","4549,57","180,00"
C009812,suburbana,0,34.41860465116279,Prepago,"31790,00","3611,58","270,00"
C009813,suburbana,0,35.36585365853659,Contrato,"37710,00","8569,65","60,00"
C009814,rural,1,36,Prepago,"13180,00","5314,13","140,00"
C009815,urbana_premium,0,36.785714285714285,Contrato,,"12673,31","340,00"
C009816,urbana_premium,0,37.8125,Premium,,"24646,66","610,00"
C009817,suburbana,0,33.44827586206897,Premium,"37200,00","11466,49",
C009818,rural,1,33.46938775510204,Prepago,"18800,00","4951,69","120,00"
C009819,suburbana,0,33.333333333333336,Premium,"35950,00","6212,39","380,00"
C009820,urbana_premium,1,35,Premium,"27450,00","16906,50","420,00"
C009821,urbana_premium,0,37.36842105263158,Premium,"41300,00","13089,79","730,00"
C009822,urbana_premium,0,36,Premium,"34540,00","15874,56","260,00"
C009823,suburbana,0,35.833333333333336,Contrato,"26360,00","8687,61","410,00"
C009824,suburbana,0,36.89655172413793,Premium,"69370,00","12435,28","810,00"
C009825,suburbana,1,34,Premium,"26530,00","24224,38","80,00"
C009826,suburbana,0,35.1219512195122,Contrato,"25710,00","12224,06","290,00"
C009827,urbana_premium,0,35,Contrato,"23250,00","8623,19","240,00"
C009828,urbana_premium,0,35,Prepago,"54130,00","3928,94","330,00"
C009829,suburbana,1,30,Contrato,"24640,00","6642,40","120,00"
C009830,urbana_premium,0,38.125,Prepago,"37850,00","4658,42","580,00"
C009831,urbana_premium,0,33.333333333333336,Contrato,"28480,00","11242,17","210,00"
C009832,urbana_premium,0,37.142857142857146,Premium,"44270,00","14316,35","450,00"
C009833,suburbana,0,32.22222222222222,Contrato,"41310,00","13349,32","440,00"
C009834,suburbana,0,33.673469387755105,Contrato,"47130,00","17037,46","530,00"
C009835,suburbana,0,33.095238095238095,Contrato,"28620,00","7478,67","150,00"
C009836,rural,0,31.3953488372093,Prepago,"18860,00","3428,06",
C009837,urbana_premium,0,32.8125,Premium,"30400,00","31516,05","350,00"
C009838,urbana_premium,1,35.45454545454545,Premium,"38510,00","12042,16","390,00"
C009839,suburbana,0,33.45454545454545,Premium,"32580,00","20710,69","120,00"
C009840,urbana_premium,0,36.774193548387096,Prepago,"46310,00","8862,03","-280,00"
C009841,urbana_premium,0,36.76470588235294,Prepago,"28460,00","5863,62","220,00"
C009842,rural,0,36.0655737704918,Prepago,"24330,00","5003,00","60,00"
C009843,rural,0,33.125,Premium,,"6232,65","1200,00"
C009844,suburbana,0,35.67567567567568,Premium,"28490,00","10364,14","390,00"
C009845,rural,0,33.72549019607843,Prepago,"37840,00","2061,41","670,00"
C009846,suburbana,1,36,Prepago,"27520,00","5449,41","40,00"
C009847,suburbana,0,36.666666666666664,Prepago,"21870,00","4313,32","270,00"
C009848,suburbana,0,32.38095238095238,Contrato,"33700,00","4255,65","260,00"
C009849,suburbana,0,34.80769230769231,Prepago,"40770,00","4540,18","450,00"
C009850,suburbana,0,35.666666666666664,Prepago,"22780,00","5405,35","310,00"
C009851,urbana_premium,0,32.72727272727273,Premium,"23820,00","15475,83","1030,00"
C009852,suburbana,0,32.63157894736842,Contrato,"22440,00","14774,03","510,00"
C009853,suburbana,0,34.6875,Contrato,"25560,00","7269,50","290,00"
C009854,urbana_premium,0,33.793103448275865,Premium,"65120,00","15521,83","470,00"
C009855,suburbana,0,35.172413793103445,Contrato,"18240,00","4324,95","250,00"
C009856,suburbana,1,32.5,Contrato,"16480,00","10674,71","310,00"
C009857,rural,1,33.75,Prepago,"25530,00","5049,20","410,00"
C009858,rural,0,31.612903225806452,Prepago,"18100,00","2216,83","170,00"
C009859,suburbana,0,35.12820512820513,Premium,"21070,00","5389,73","240,00"
C009860,urbana_premium,0,38.69565217391305,Prepago,"48050,00","4712,35","100,00"
C009861,urbana_premium,0,34.074074074074076,Premium,"39520,00","25484,06","590,00"
C009862,urbana_premium,0,33.80952380952381,Premium,"54420,00","17810,00","320,00"
C009863,rural,0,30.217391304347824,Contrato,"30020,00","4078,29","350,00"
C009864,urbana_premium,0,39.09090909090909,Contrato,"25080,00","8931,43","380,00"
C009865,rural,0,33.9622641509434,Contrato,,"2793,29","100,00"
C009866,suburbana,0,33.1578947368421,Premium,"44100,00","17405,94","240,00"
C009867,rural,0,30.535714285714285,Prepago,"22230,00","9535,58","160,00"
C009868,urbana_premium,0,33.07692307692308,Premium,"109950,00","35199,61","390,00"
C009869,urbana_premium,0,35.38461538461539,Premium,"53690,00","22600,66","500,00"
C009870,urbana_premium,0,36.31578947368421,Premium,"61850,00","37968,74","520,00"
C009871,suburbana,0,35.75,Prepago,"21420,00","1545,81","430,00"
C009872,urbana_premium,0,31.904761904761905,Contrato,"37170,00","10007,56","500,00"
C009873,rural,0,32.264150943396224,Prepago,"30810,00","7220,72","700,00"
C009874,urbana_premium,0,40.476190476190474,Contrato,"37170,00","8907,24","70,00"
C009875,rural,1,34.54545454545455,Premium,"23680,00","22549,86","170,00"
C009876,suburbana,0,33.46153846153846,Contrato,"32460,00","4995,91","260,00"
C009877,urbana_premium,0,35,Prepago,"29710,00","3546,22","210,00"
C009878,suburbana,0,33.40909090909091,Contrato,"21880,00","5381,42","300,00"
C009879,urbana_premium,0,34.583333333333336,Premium,"35900,00","15045,76","550,00"
C009880,suburbana,1,32.5,Contrato,"25780,00","4930,00","80,00"
C009881,urbana_premium,0,34.583333333333336,Premium,"28150,00","16897,64","810,00"
C009882,urbana_premium,0,35.23809523809524,Premium,"36620,00","15421,97","320,00"
C009883,suburbana,1,40,Prepago,"18870,00","8715,33","280,00"
C009884,suburbana,0,35,Premium,"38930,00","6754,86","320,00"
C009885,urbana_premium,0,30.8,Premium,"47050,00","14280,00","390,00"
C009886,suburbana,0,32.77777777777778,Contrato,"37870,00","11571,57","370,00"
C009887,rural,0,32.916666666666664,Premium,"17310,00","18378,06","330,00"
C009888,urbana_premium,0,36,Premium,"27300,00","21941,57","1130,00"
C009889,suburbana,0,33.63636363636363,Premium,"47340,00","5966,00","120,00"
C009890,urbana_premium,0,33.1578947368421,Premium,"35740,00","14984,43","130,00"
C009891,urbana_premium,0,32.608695652173914,Premium,"46730,00","18069,25","360,00"
C009892,urbana_premium,0,37,Premium,"25570,00","14247,49","890,00"
C009893,rural,1,35.172413793103445,Premium,,"5277,54","570,00"
C009894,urbana_premium,0,37.142857142857146,Premium,"58090,00","14915,35","330,00"
C009895,suburbana,1,37.2,Contrato,"31240,00","8031,44","90,00"
C009896,urbana_premium,0,36.36363636363637,Premium,"35070,00","19915,18","720,00"
C009897,rural,0,36.486486486486484,Contrato,"28310,00","9477,57","170,00"
C009898,urbana_premium,1,34.44444444444444,Premium,"42750,00","19243,00","70,00"
C009899,suburbana,0,34,Contrato,"61830,00","4593,77","670,00"
C009900,urbana_premium,0,36.666666666666664,Premium,,"23243,91","190,00"
C009901,urbana_premium,0,37.94117647058823,Premium,"48010,00","18383,32","650,00"
C009902,rural,0,33.93939393939394,Contrato,"22150,00","7824,27","-170,00"
C009903,suburbana,0,34.48979591836735,Prepago,"21090,00","10286,31","300,00"
C009904,urbana_premium,1,33.333333333333336,Contrato,"44370,00","12133,80","110,00"
C009905,urbana_premium,1,34,Prepago,"22910,00","6339,13","150,00"
C009906,suburbana,0,32.666666666666664,Premium,"42100,00","13172,29","-270,00"
C009907,suburbana,1,33,Prepago,"18800,00","2367,23","300,00"
C009908,urbana_premium,0,37.333333333333336,Contrato,"28080,00","10007,23","410,00"
C009909,suburbana,0,29.5,Contrato,"21240,00","4032,94","40,00"
C009910,suburbana,0,36.857142857142854,Premium,"37050,00","6368,84","-440,00"
C009911,urbana_premium,0,33.5,Contrato,"25870,00","8120,49","290,00"
C009912,suburbana,0,36.875,Prepago,"35630,00","7445,64","820,00"
C009913,urbana_premium,0,32.083333333333336,Prepago,"30240,00","6502,50","330,00"
C009914,urbana_premium,0,31.2,Prepago,"36740,00","6969,70","40,00"
C009915,suburbana,0,33.75,Prepago,"24700,00","2502,72","130,00"
C009916,urbana_premium,0,35.625,Premium,"86430,00","20134,11","-400,00"
C009917,urbana_premium,0,30,Prepago,"21380,00","6549,20","230,00"
C009918,suburbana,0,34.827586206896555,Premium,"35380,00","6075,35","140,00"
C009919,urbana_premium,0,36.8,Premium,"38150,00","8665,57","300,00"
C009920,urbana_premium,0,34.4,Premium,"29130,00","19007,74","180,00"
C009921,rural,0,36.875,Premium,"26660,00","6909,44","350,00"
C009922,suburbana,0,36.5,Contrato,"21300,00","5458,53","190,00"
C009923,urbana_premium,0,35.625,Contrato,"26290,00","9428,24","280,00"
C009924,suburbana,0,34.61538461538461,Prepago,"19960,00","2661,14","230,00"
C009925,suburbana,0,37.31707317073171,Contrato,"30680,00","6570,44","190,00"
C009926,urbana_premium,0,38.333333333333336,Premium,"31030,00","18051,33","550,00"
C009927,rural,0,30.5,Prepago,"17140,00","3849,00","500,00"
C009928,suburbana,0,32.1875,Contrato,"33610,00","4309,69","350,00"
C009929,urbana_premium,0,35.16129032258065,Premium,"55830,00","21348,76","280,00"
C009930,urbana_premium,0,36.42857142857143,Premium,"23300,00","15418,72","290,00"
C009931,suburbana,0,33.84615384615385,Prepago,"33470,00","3577,81","330,00"
C009932,suburbana,0,33.68421052631579,Premium,"35810,00","19907,03","160,00"
C009933,urbana_premium,0,37.5,Premium,"59780,00","19866,92","780,00"
C009934,rural,0,33.87755102040816,Contrato,"20980,00","5900,77","90,00"
C009935,urbana_premium,0,33.2,Contrato,"65730,00","12969,66","100,00"
C009936,urbana_premium,0,36.333333333333336,Premium,"46950,00","13059,25","320,00"
C009937,urbana_premium,0,34.54545454545455,Contrato,"19830,00","13405,00","340,00"
C009938,urbana_premium,0,37.083333333333336,Contrato,"42520,00","8918,58","140,00"
C009939,urbana_premium,0,36.45161290322581,Contrato,"38040,00","8617,94","100,00"
C009940,suburbana,1,33.57142857142857,Premium,"42070,00","11823,58","260,00"
C009941,urbana_premium,0,33.611111111111114,Premium,"57840,00","23877,46","400,00"
C009942,urbana_premium,1,35,Premium,"27240,00","14769,57","170,00"
C009943,urbana_premium,0,36.111111111111114,Premium,"52560,00","11736,56","650,00"
C009944,urbana_premium,0,29.473684210526315,Premium,"36580,00","18288,11","360,00"
C009945,suburbana,0,33.666666666666664,Premium,"23260,00","5903,51","570,00"
C009946,suburbana,0,32.97872340425532,Premium,"49500,00","21209,31","270,00"
C009947,urbana_premium,0,31.363636363636363,Premium,"32400,00","20202,29","260,00"
C009948,urbana_premium,0,35.42857142857143,Premium,"38710,00","16205,31","380,00"
C009949,suburbana,1,32.72727272727273,Premium,"29040,00","14844,06","220,00"
C009950,suburbana,0,32.972972972972975,Premium,"35690,00","6000,00","650,00"
C009951,rural,1,32.857142857142854,Prepago,"36840,00","5956,90","430,00"
C009952,suburbana,0,34.473684210526315,Prepago,"52360,00","5225,06","480,00"
C009953,urbana_premium,0,34.54545454545455,Premium,"52540,00","16796,59","310,00"
C009954,urbana_premium,0,36.666666666666664,Premium,"21190,00","16938,32","420,00"
C009955,suburbana,0,35.535714285714285,Prepago,"49650,00","2487,61","330,00"
C009956,urbana_premium,0,33.75,Premium,"47230,00","11827,24","770,00"
C009957,rural,0,32.142857142857146,Contrato,"34090,00","17922,94","470,00"
C009958,urbana_premium,0,31.724137931034484,Premium,"34450,00","12242,91","430,00"
C009959,suburbana,0,34.0625,Contrato,"29680,00","8806,25","10,00"
C009960,suburbana,0,34.83870967741935,Premium,"41570,00","6564,37","590,00"
C009961,suburbana,1,32.63157894736842,Premium,"60270,00","8632,14","490,00"
C009962,suburbana,0,33.84615384615385,Premium,"31900,00","8964,00","400,00"
C009963,urbana_premium,0,35.76923076923077,Premium,"24730,00","12037,97","260,00"
C009964,suburbana,0,35,Premium,"36730,00","18114,77","360,00"
C009965,suburbana,0,36.27906976744186,Contrato,"27930,00","4089,89","220,00"
C009966,rural,0,32.5,Prepago,"16040,00","4698,50","200,00"
C009967,suburbana,0,33.87096774193548,Contrato,"28460,00","4496,11","220,00"
C009968,suburbana,0,33.611111111111114,Contrato,"35230,00","9181,63","60,00"
C009969,urbana_premium,0,37.5,Premium,"55330,00","15494,76","260,00"
C009970,suburbana,0,35,Prepago,"25170,00","8890,49","480,00"
C009971,rural,0,32.241379310344826,Prepago,"19900,00","1764,80","790,00"
C009972,suburbana,0,34.583333333333336,Premium,"28770,00","6776,62","70,00"
C009973,suburbana,0,34.89795918367347,Prepago,"55120,00","1893,20","500,00"
C009974,suburbana,0,35.348837209302324,Premium,"47680,00","5700,44","170,00"
C009975,suburbana,0,33.47826086956522,Prepago,"36320,00","3219,24","160,00"
C009976,urbana_premium,1,31.875,Contrato,"46030,00","8005,63","190,00"
C009977,suburbana,1,33.5,Premium,"26700,00","8337,04","250,00"
C009978,suburbana,0,33.86363636363637,Premium,"39060,00","13388,68","430,00"
C009979,suburbana,1,36.25,Prepago,"21050,00","4564,75","50,00"
C009980,urbana_premium,0,33.92857142857143,Premium,"45270,00","22128,66","480,00"
C009981,urbana_premium,0,35.55555555555556,Premium,"18800,00","12814,08","260,00"
C009982,rural,1,32.857142857142854,Prepago,"13070,00","1929,86","50,00"
C009983,suburbana,0,33.24324324324324,Premium,"15150,00","13212,94","940,00"
C009984,urbana_premium,0,36.96969696969697,Premium,"73960,00","13690,53","410,00"
C009985,urbana_premium,0,33.23529411764706,Prepago,"36210,00","3775,94","250,00"
C009986,urbana_premium,0,36.774193548387096,Prepago,"23840,00","7603,26","70,00"
C009987,urbana_premium,0,37.857142857142854,Contrato,"89830,00","6844,89","790,00"
C009988,urbana_premium,0,35.18518518518518,Contrato,"29180,00","12574,79","300,00"
C009989,suburbana,1,32,Premium,"35830,00","14589,69","300,00"
C009990,suburbana,0,33.04347826086956,Prepago,"22660,00","1938,94","580,00"
C009991,urbana_premium,0,35.51724137931034,Premium,"50530,00","17344,23","160,00"
C009992,suburbana,0,36.857142857142854,Contrato,"29650,00","8383,34","250,00"
C009993,rural,0,32.916666666666664,Prepago,"17880,00","4232,24","510,00"
C009994,urbana_premium,0,38.51851851851852,Premium,"23980,00","13959,49","630,00"
C009995,suburbana,0,35,Premium,"23260,00","8874,81","650,00"
C009996,suburbana,0,32.06896551724138,Prepago,"20970,00","4738,30","280,00"
C009997,suburbana,1,31.764705882352942,Contrato,"16090,00","7017,23","120,00"
C009998,urbana_premium,0,35.45454545454545,Prepago,"49490,00","6131,20","290,00"
C009999,suburbana,0,32.592592592592595,Premium,"44060,00","21366,35","470,00"
C010000,urbana_premium,0,35.833333333333336,Premium,"30160,00","31256,14","640,00"
